sample_index,num_false_negatives,num_false_positives,error_count,true_labels,predicted_labels,false_negative_labels,false_positive_labels,false_negative_probs,false_positive_probs
734004,8,4,12,Alcohol | Alkane | Alkene | Amide | Amine | Carboxylic acid | Enamine | Sulfide | Thioamide,Alkane | Arene | Ester | Ether | Haloalkane,Alcohol | Alkene | Amide | Amine | Carboxylic acid | Enamine | Sulfide | Thioamide,Arene | Ester | Ether | Haloalkane,Alcohol=0.3417 | Alkene=0.1242 | Amide=0.1602 | Amine=0.3798 | Carboxylic acid=0.0390 | Enamine=0.0026 | Sulfide=0.0684 | Thioamide=0.0015,Arene=0.9507 | Ester=0.8273 | Ether=0.9124 | Haloalkane=0.6648
702695,8,3,11,Alcohol | Alkane | Alkene | Amide | Amine | Arene | Enamine | Enol | Sulfide | Sulfonamide,Alkane | Arene | Ester | Ether | Haloalkane,Alcohol | Alkene | Amide | Amine | Enamine | Enol | Sulfide | Sulfonamide,Ester | Ether | Haloalkane,Alcohol=0.0994 | Alkene=0.0887 | Amide=0.1375 | Amine=0.2140 | Enamine=0.0096 | Enol=0.0015 | Sulfide=0.2946 | Sulfonamide=0.0878,Ester=0.9074 | Ether=0.9316 | Haloalkane=0.5977
675182,10,1,11,Alkane | Alkene | Amide | Amine | Arene | Carbamate | Ether | Haloalkane | Hydrazine | Imide | Sulfide,Alkane | Ketone,Alkene | Amide | Amine | Arene | Carbamate | Ether | Haloalkane | Hydrazine | Imide | Sulfide,Ketone,Alkene=0.0757 | Amide=0.0305 | Amine=0.1544 | Arene=0.3529 | Carbamate=0.0096 | Ether=0.1061 | Haloalkane=0.4387 | Hydrazine=0.0073 | Imide=0.0055 | Sulfide=0.2628,Ketone=0.6754
779473,7,4,11,Alcohol | Alkane | Alkene | Amide | Carboxylic acid | Enamine | Ketone | Sulfide,Alkane | Amine | Arene | Ether | Haloalkane,Alcohol | Alkene | Amide | Carboxylic acid | Enamine | Ketone | Sulfide,Amine | Arene | Ether | Haloalkane,Alcohol=0.4615 | Alkene=0.0776 | Amide=0.0438 | Carboxylic acid=0.0131 | Enamine=0.0213 | Ketone=0.0102 | Sulfide=0.0528,Amine=0.5683 | Arene=0.9790 | Ether=0.5056 | Haloalkane=0.7709
261972,9,1,10,Alcohol | Alkane | Alkene | Amide | Amine | Arene | Enamine | Haloalkane | Imide | Phenol,Alkane | Ether,Alcohol | Alkene | Amide | Amine | Arene | Enamine | Haloalkane | Imide | Phenol,Ether,Alcohol=0.3115 | Alkene=0.0729 | Amide=0.0302 | Amine=0.3457 | Arene=0.2050 | Enamine=0.0083 | Haloalkane=0.3085 | Imide=0.0024 | Phenol=0.0234,Ether=0.7141
549007,4,6,10,Alkane | Alkene | Amine | Enamine | Ketone,Alcohol | Alkane | Amide | Arene | Carboxylic acid | Haloalkane | Sulfide,Alkene | Amine | Enamine | Ketone,Alcohol | Amide | Arene | Carboxylic acid | Haloalkane | Sulfide,Alkene=0.0874 | Amine=0.2864 | Enamine=0.0070 | Ketone=0.0152,Alcohol=0.5727 | Amide=0.7291 | Arene=0.9650 | Carboxylic acid=0.5224 | Haloalkane=0.5214 | Sulfide=0.5555
208779,5,5,10,Alcohol | Amide | Arene | Carboxylic acid | Haloalkane,Alkane | Alkene | Enamine | Ester | Ether,Alcohol | Amide | Arene | Carboxylic acid | Haloalkane,Alkane | Alkene | Enamine | Ester | Ether,Alcohol=0.0830 | Amide=0.0578 | Arene=0.4088 | Carboxylic acid=0.0163 | Haloalkane=0.3753,Alkane=0.9978 | Alkene=0.7190 | Enamine=0.9048 | Ester=0.9087 | Ether=0.9791
245363,5,4,9,Alkane | Alkene | Amine | Arene | Enamine | Haloalkane | Imine,Alkane | Amide | Arene | Carbamate | Ester | Ether,Alkene | Amine | Enamine | Haloalkane | Imine,Amide | Carbamate | Ester | Ether,Alkene=0.0520 | Amine=0.2350 | Enamine=0.0339 | Haloalkane=0.1200 | Imine=0.0094,Amide=0.7019 | Carbamate=0.8730 | Ester=0.9141 | Ether=0.9761
316398,8,1,9,Alcohol | Alkane | Alkene | Amide | Amine | Arene | Enamine | Enol | Sulfide | Sulfonamide,Alkane | Arene | Haloalkane,Alcohol | Alkene | Amide | Amine | Enamine | Enol | Sulfide | Sulfonamide,Haloalkane,Alcohol=0.1726 | Alkene=0.0979 | Amide=0.3593 | Amine=0.3209 | Enamine=0.0214 | Enol=0.0215 | Sulfide=0.4613 | Sulfonamide=0.0559,Haloalkane=0.6105
495500,7,2,9,Alcohol | Alkane | Alkene | Amine | Enol | Haloalkane | Ketone | Sulfide | Sulfonamide,Alkane | Amide | Arene | Ketone,Alcohol | Alkene | Amine | Enol | Haloalkane | Sulfide | Sulfonamide,Amide | Arene,Alcohol=0.1315 | Alkene=0.0892 | Amine=0.4585 | Enol=0.0042 | Haloalkane=0.4014 | Sulfide=0.1540 | Sulfonamide=0.0312,Amide=0.6501 | Arene=0.7633
407963,5,4,9,Alcohol | Alkane | Amine | Carbamate | Ether | Sulfonamide,Alcohol | Amide | Arene | Carboxylic acid | Haloalkane,Alkane | Amine | Carbamate | Ether | Sulfonamide,Amide | Arene | Carboxylic acid | Haloalkane,Alkane=0.1336 | Amine=0.3114 | Carbamate=0.0207 | Ether=0.2565 | Sulfonamide=0.0385,Amide=0.5086 | Arene=0.9795 | Carboxylic acid=0.6692 | Haloalkane=0.9337
547561,8,1,9,Alkane | Alkene | Amine | Arene | Enamine | Ester | Ether | Nitrile,Haloalkane,Alkane | Alkene | Amine | Arene | Enamine | Ester | Ether | Nitrile,Haloalkane,Alkane=0.2599 | Alkene=0.1073 | Amine=0.2750 | Arene=0.0915 | Enamine=0.0220 | Ester=0.0190 | Ether=0.1242 | Nitrile=0.1103,Haloalkane=0.8338
595236,5,4,9,Acyl halide | Alkane | Carbamate | Ether | Haloalkane | Hydrazine,Alcohol | Alkane | Arene | Carboxylic acid | Ketone,Acyl halide | Carbamate | Ether | Haloalkane | Hydrazine,Alcohol | Arene | Carboxylic acid | Ketone,Acyl halide=0.0120 | Carbamate=0.0727 | Ether=0.3554 | Haloalkane=0.2723 | Hydrazine=0.0743,Alcohol=0.5615 | Arene=0.8399 | Carboxylic acid=0.5405 | Ketone=0.7447
351735,8,1,9,Alcohol | Alkane | Alkene | Amide | Amine | Arene | Enamine | Haloalkane | Imide,Alkane | Ether,Alcohol | Alkene | Amide | Amine | Arene | Enamine | Haloalkane | Imide,Ether,Alcohol=0.2854 | Alkene=0.0482 | Amide=0.4681 | Amine=0.2150 | Arene=0.1022 | Enamine=0.0124 | Haloalkane=0.1907 | Imide=0.0390,Ether=0.5958
514093,5,4,9,Alcohol | Alkane | Arene | Carboxylic acid | Phenol | Sulfide,Alkane | Amide | Carbamate | Ether | Haloalkane,Alcohol | Arene | Carboxylic acid | Phenol | Sulfide,Amide | Carbamate | Ether | Haloalkane,Alcohol=0.4309 | Arene=0.4813 | Carboxylic acid=0.1801 | Phenol=0.0107 | Sulfide=0.0567,Amide=0.6262 | Carbamate=0.9047 | Ether=0.9337 | Haloalkane=0.5521
349050,6,3,9,Alkane | Alkene | Amide | Amine | Ether | Hydrazone | Sulfide,Alkane | Arene | Haloalkane | Ketone,Alkene | Amide | Amine | Ether | Hydrazone | Sulfide,Arene | Haloalkane | Ketone,Alkene=0.1119 | Amide=0.2971 | Amine=0.2981 | Ether=0.3196 | Hydrazone=0.0298 | Sulfide=0.1055,Arene=0.9765 | Haloalkane=0.6134 | Ketone=0.8874
89611,5,4,9,Alcohol | Alkane | Alkene | Carboxylic acid | Ester | Ether,Alkane | Amide | Arene | Haloalkane | Sulfone,Alcohol | Alkene | Carboxylic acid | Ester | Ether,Amide | Arene | Haloalkane | Sulfone,Alcohol=0.4164 | Alkene=0.1389 | Carboxylic acid=0.3442 | Ester=0.0237 | Ether=0.1036,Amide=0.5397 | Arene=0.9802 | Haloalkane=0.6365 | Sulfone=0.8637
61675,4,5,9,Alcohol | Alkene | Arene | Carboxylic acid | Ketone,Alkane | Amide | Amine | Arene | Ester | Ether,Alcohol | Alkene | Carboxylic acid | Ketone,Alkane | Amide | Amine | Ester | Ether,Alcohol=0.0949 | Alkene=0.0639 | Carboxylic acid=0.0640 | Ketone=0.0122,Alkane=0.9964 | Amide=0.6723 | Amine=0.8608 | Ester=0.6760 | Ether=0.6410
363856,6,3,9,Alkane | Amide | Amine | Ester | Ether | Hydrazine,Aldehyde | Arene | Haloalkane,Alkane | Amide | Amine | Ester | Ether | Hydrazine,Aldehyde | Arene | Haloalkane,Alkane=0.3607 | Amide=0.0505 | Amine=0.1684 | Ester=0.0204 | Ether=0.3536 | Hydrazine=0.0083,Aldehyde=0.9213 | Arene=0.9165 | Haloalkane=0.5893
701000,7,2,9,Alkane | Amide | Amine | Ester | Ether | Hydrazine | Sulfonate,Arene | Haloalkane,Alkane | Amide | Amine | Ester | Ether | Hydrazine | Sulfonate,Arene | Haloalkane,Alkane=0.1465 | Amide=0.2665 | Amine=0.2733 | Ester=0.0934 | Ether=0.0975 | Hydrazine=0.0422 | Sulfonate=0.0017,Arene=0.8347 | Haloalkane=0.5698
646783,6,3,9,Alcohol | Alkane | Amide | Amine | Carboxylic acid | Ketone | Nitrile,Alkane | Arene | Ester | Ether,Alcohol | Amide | Amine | Carboxylic acid | Ketone | Nitrile,Arene | Ester | Ether,Alcohol=0.2418 | Amide=0.2190 | Amine=0.3270 | Carboxylic acid=0.0480 | Ketone=0.0128 | Nitrile=0.0518,Arene=0.7527 | Ester=0.7141 | Ether=0.8369
126580,5,4,9,Alcohol | Alkane | Alkene | Amide | Arene | Carboxylic acid | Sulfide,Alkane | Amine | Arene | Carbamate | Ether | Haloalkane,Alcohol | Alkene | Amide | Carboxylic acid | Sulfide,Amine | Carbamate | Ether | Haloalkane,Alcohol=0.2507 | Alkene=0.1648 | Amide=0.0650 | Carboxylic acid=0.0076 | Sulfide=0.0553,Amine=0.7639 | Carbamate=0.8131 | Ether=0.9225 | Haloalkane=0.5146
434931,5,4,9,Alkane | Amide | Arene | Haloalkane | Ketone | Sulfide,Alkane | Alkene | Carbamate | Ester | Ether,Amide | Arene | Haloalkane | Ketone | Sulfide,Alkene | Carbamate | Ester | Ether,Amide=0.2539 | Arene=0.1921 | Haloalkane=0.3951 | Ketone=0.0115 | Sulfide=0.0782,Alkene=0.5897 | Carbamate=0.5311 | Ester=0.7797 | Ether=0.9608
671569,5,4,9,Alcohol | Alkane | Amide | Arene | Carboxylic acid | Phenol | Sulfide,Alkane | Amine | Arene | Ester | Ether | Haloalkane,Alcohol | Amide | Carboxylic acid | Phenol | Sulfide,Amine | Ester | Ether | Haloalkane,Alcohol=0.1044 | Amide=0.4427 | Carboxylic acid=0.0159 | Phenol=0.0690 | Sulfide=0.0949,Amine=0.5444 | Ester=0.8103 | Ether=0.8015 | Haloalkane=0.5180
534039,7,2,9,Alkane | Amide | Amine | Arene | Ether | Haloalkane | Sulfonamide,Alcohol | Carboxylic acid,Alkane | Amide | Amine | Arene | Ether | Haloalkane | Sulfonamide,Alcohol | Carboxylic acid,Alkane=0.2312 | Amide=0.1612 | Amine=0.2568 | Arene=0.0656 | Ether=0.1116 | Haloalkane=0.3876 | Sulfonamide=0.0154,Alcohol=0.5267 | Carboxylic acid=0.5554
114806,7,2,9,Alcohol | Alkane | Alkene | Amide | Amine | Arene | Enamine | Haloalkane | Imide | Phenol,Alkane | Arene | Ester | Ether | Haloalkane,Alcohol | Alkene | Amide | Amine | Enamine | Imide | Phenol,Ester | Ether,Alcohol=0.1624 | Alkene=0.3672 | Amide=0.2936 | Amine=0.4353 | Enamine=0.4480 | Imide=0.4832 | Phenol=0.1904,Ester=0.5229 | Ether=0.6462
678369,4,5,9,Alcohol | Alkane | Alkene | Carboxylic acid | Ether | Ketone,Alkane | Amide | Amine | Arene | Ester | Ether | Haloalkane,Alcohol | Alkene | Carboxylic acid | Ketone,Amide | Amine | Arene | Ester | Haloalkane,Alcohol=0.1444 | Alkene=0.1547 | Carboxylic acid=0.0595 | Ketone=0.0192,Amide=0.5140 | Amine=0.5425 | Arene=0.9816 | Ester=0.5057 | Haloalkane=0.8954
763062,6,3,9,Alkane | Alkene | Arene | Ester | Ether | Sulfide,Alcohol | Carboxylic acid | Haloalkane,Alkane | Alkene | Arene | Ester | Ether | Sulfide,Alcohol | Carboxylic acid | Haloalkane,Alkane=0.2137 | Alkene=0.1052 | Arene=0.1141 | Ester=0.0774 | Ether=0.1476 | Sulfide=0.2398,Alcohol=0.5887 | Carboxylic acid=0.5583 | Haloalkane=0.5044
332039,6,3,9,Alcohol | Alkane | Alkene | Arene | Carboxylic acid | Ether | Sulfoxide,Alkane | Amide | Amine | Haloalkane,Alcohol | Alkene | Arene | Carboxylic acid | Ether | Sulfoxide,Amide | Amine | Haloalkane,Alcohol=0.1259 | Alkene=0.0677 | Arene=0.3879 | Carboxylic acid=0.0482 | Ether=0.3645 | Sulfoxide=0.0056,Amide=0.6508 | Amine=0.8350 | Haloalkane=0.7759
790669,4,5,9,Alkane | Amide | Amine | Arene | Haloalkane,Aldehyde | Alkane | Carbamate | Ester | Ether | Imide,Amide | Amine | Arene | Haloalkane,Aldehyde | Carbamate | Ester | Ether | Imide,Amide=0.1594 | Amine=0.1165 | Arene=0.0695 | Haloalkane=0.1993,Aldehyde=0.5615 | Carbamate=0.7750 | Ester=0.7266 | Ether=0.9630 | Imide=0.7752
601603,6,3,9,Alcohol | Aldehyde | Alkane | Alkene | Amide | Carboxylic acid | Enamine | Sulfide,Alkane | Amine | Arene | Enamine | Haloalkane,Alcohol | Aldehyde | Alkene | Amide | Carboxylic acid | Sulfide,Amine | Arene | Haloalkane,Alcohol=0.4796 | Aldehyde=0.0481 | Alkene=0.2586 | Amide=0.4720 | Carboxylic acid=0.1889 | Sulfide=0.2720,Amine=0.5478 | Arene=0.8706 | Haloalkane=0.5595
305144,8,1,9,Alcohol | Alkane | Alkene | Amide | Amine | Arene | Enamine | Enol | Ether | Ketone | Sulfide | Sulfonamide,Alkane | Arene | Ether | Haloalkane | Ketone,Alcohol | Alkene | Amide | Amine | Enamine | Enol | Sulfide | Sulfonamide,Haloalkane,Alcohol=0.3248 | Alkene=0.2678 | Amide=0.4485 | Amine=0.4154 | Enamine=0.1864 | Enol=0.3030 | Sulfide=0.3850 | Sulfonamide=0.1169,Haloalkane=0.5828
186525,7,2,9,Alkane | Alkene | Arene | Enamine | Haloalkane | Ketone | Nitrile | Sulfone,Alkane | Ester | Ether,Alkene | Arene | Enamine | Haloalkane | Ketone | Nitrile | Sulfone,Ester | Ether,Alkene=0.0289 | Arene=0.0754 | Enamine=0.0189 | Haloalkane=0.1765 | Ketone=0.0106 | Nitrile=0.0079 | Sulfone=0.0061,Ester=0.8894 | Ether=0.9427
673295,6,3,9,Alcohol | Alkane | Carbamate | Carboxylic acid | Ether | Sulfide,Amine | Arene | Haloalkane,Alcohol | Alkane | Carbamate | Carboxylic acid | Ether | Sulfide,Amine | Arene | Haloalkane,Alcohol=0.1482 | Alkane=0.1682 | Carbamate=0.0180 | Carboxylic acid=0.0130 | Ether=0.4403 | Sulfide=0.1084,Amine=0.5384 | Arene=0.9767 | Haloalkane=0.5829
706082,7,2,9,Alcohol | Alkane | Alkene | Amide | Amine | Carboxylic acid | Enamine | Haloalkane | Sulfide,Alkane | Amide | Ester | Ether,Alcohol | Alkene | Amine | Carboxylic acid | Enamine | Haloalkane | Sulfide,Ester | Ether,Alcohol=0.2902 | Alkene=0.1613 | Amine=0.3419 | Carboxylic acid=0.2055 | Enamine=0.0363 | Haloalkane=0.4511 | Sulfide=0.3571,Ester=0.5168 | Ether=0.5442
730749,7,2,9,Alcohol | Alkane | Alkene | Amine | Arene | Enamine | Ether | Imine | Phenol | Sulfide,Alkane | Arene | Ether | Haloalkane | Sulfone,Alcohol | Alkene | Amine | Enamine | Imine | Phenol | Sulfide,Haloalkane | Sulfone,Alcohol=0.2975 | Alkene=0.1522 | Amine=0.4138 | Enamine=0.0026 | Imine=0.0056 | Phenol=0.0313 | Sulfide=0.0808,Haloalkane=0.7016 | Sulfone=0.8485
233606,5,4,9,Alcohol | Amine | Arene | Carboxylic acid | Haloalkane | Phenol,Alkane | Amide | Arene | Ester | Ether,Alcohol | Amine | Carboxylic acid | Haloalkane | Phenol,Alkane | Amide | Ester | Ether,Alcohol=0.1667 | Amine=0.3139 | Carboxylic acid=0.1223 | Haloalkane=0.3068 | Phenol=0.0571,Alkane=0.9938 | Amide=0.7704 | Ester=0.6932 | Ether=0.7286
90637,6,3,9,Alcohol | Alkane | Arene | Ester | Ether | Haloalkane | Phenol,Alkane | Amide | Carboxylic acid | Sulfide,Alcohol | Arene | Ester | Ether | Haloalkane | Phenol,Amide | Carboxylic acid | Sulfide,Alcohol=0.4051 | Arene=0.1319 | Ester=0.0383 | Ether=0.1661 | Haloalkane=0.2722 | Phenol=0.0150,Amide=0.6905 | Carboxylic acid=0.5135 | Sulfide=0.5272
122599,5,4,9,Alcohol | Alkane | Alkene | Amine | Carboxylic acid | Enamine,Alkane | Amide | Arene | Carbamate | Ether,Alcohol | Alkene | Amine | Carboxylic acid | Enamine,Amide | Arene | Carbamate | Ether,Alcohol=0.3093 | Alkene=0.0924 | Amine=0.3122 | Carboxylic acid=0.0426 | Enamine=0.0037,Amide=0.5041 | Arene=0.9687 | Carbamate=0.7854 | Ether=0.9377
176401,7,2,9,Alcohol | Alkane | Amine | Arene | Carboxylic acid | Ether | Ketone,Haloalkane | Nitrile,Alcohol | Alkane | Amine | Arene | Carboxylic acid | Ether | Ketone,Haloalkane | Nitrile,Alcohol=0.2001 | Alkane=0.2737 | Amine=0.3131 | Arene=0.2368 | Carboxylic acid=0.0367 | Ether=0.0691 | Ketone=0.0087,Haloalkane=0.5610 | Nitrile=0.5123
294485,6,3,9,Alkene | Amide | Amine | Arene | Haloalkane | Hydrazine | Imide,Alkane | Arene | Carbamate | Ether,Alkene | Amide | Amine | Haloalkane | Hydrazine | Imide,Alkane | Carbamate | Ether,Alkene=0.0803 | Amide=0.3026 | Amine=0.2671 | Haloalkane=0.3760 | Hydrazine=0.0121 | Imide=0.0078,Alkane=0.9898 | Carbamate=0.7908 | Ether=0.9673
367667,7,2,9,Alkane | Amine | Arene | Carbamate | Ether | Haloalkane | Hydrazine | Imine | Sulfide,Arene | Carboxylic acid | Haloalkane | Ketone,Alkane | Amine | Carbamate | Ether | Hydrazine | Imine | Sulfide,Carboxylic acid | Ketone,Alkane=0.1725 | Amine=0.1062 | Carbamate=0.0074 | Ether=0.1043 | Hydrazine=0.0118 | Imine=0.0049 | Sulfide=0.1618,Carboxylic acid=0.5698 | Ketone=0.7612
147314,3,6,9,Alcohol | Alkane | Arene | Carboxylic acid | Phenol,Alkane | Amide | Amine | Arene | Ester | Ether | Haloalkane | Nitrile,Alcohol | Carboxylic acid | Phenol,Amide | Amine | Ester | Ether | Haloalkane | Nitrile,Alcohol=0.2233 | Carboxylic acid=0.0563 | Phenol=0.0942,Amide=0.7693 | Amine=0.7427 | Ester=0.9077 | Ether=0.9163 | Haloalkane=0.6645 | Nitrile=0.5171
320215,9,0,9,Alkane | Alkene | Amide | Amine | Arene | Enamine | Ester | Ether | Hydrazine | Hydrazone,Alkane,Alkene | Amide | Amine | Arene | Enamine | Ester | Ether | Hydrazine | Hydrazone,,Alkene=0.0586 | Amide=0.0308 | Amine=0.3672 | Arene=0.0604 | Enamine=0.0087 | Ester=0.0436 | Ether=0.2355 | Hydrazine=0.0106 | Hydrazone=0.0103,
108960,7,2,9,Alcohol | Amide | Arene | Carboxylic acid | Haloalkane | Imide | Sulfide,Alkane | Ketone,Alcohol | Amide | Arene | Carboxylic acid | Haloalkane | Imide | Sulfide,Alkane | Ketone,Alcohol=0.3094 | Amide=0.0420 | Arene=0.2770 | Carboxylic acid=0.0105 | Haloalkane=0.1935 | Imide=0.0028 | Sulfide=0.1393,Alkane=0.9951 | Ketone=0.8900
231020,6,3,9,Alkane | Alkene | Amide | Arene | Ester | Ether | Haloalkane | Imide | Sulfide,Alcohol | Alkyne | Amide | Arene | Carboxylic acid | Haloalkane,Alkane | Alkene | Ester | Ether | Imide | Sulfide,Alcohol | Alkyne | Carboxylic acid,Alkane=0.1087 | Alkene=0.1784 | Ester=0.0897 | Ether=0.3199 | Imide=0.0415 | Sulfide=0.1326,Alcohol=0.7794 | Alkyne=0.8886 | Carboxylic acid=0.7675
456231,7,2,9,Alcohol | Alkane | Alkene | Amine | Arene | Hydrazine | Hydrazone | Phenol | Sulfide,Alkane | Arene | Ester | Ether,Alcohol | Alkene | Amine | Hydrazine | Hydrazone | Phenol | Sulfide,Ester | Ether,Alcohol=0.2093 | Alkene=0.1430 | Amine=0.2113 | Hydrazine=0.0153 | Hydrazone=0.0091 | Phenol=0.0261 | Sulfide=0.1459,Ester=0.9242 | Ether=0.9664
57700,8,1,9,Alkane | Alkene | Amide | Amine | Arene | Carbamate | Enamine | Ether | Haloalkane | Ketone,Alkane | Ester | Ether,Alkene | Amide | Amine | Arene | Carbamate | Enamine | Haloalkane | Ketone,Ester,Alkene=0.0961 | Amide=0.0576 | Amine=0.1759 | Arene=0.0640 | Carbamate=0.0173 | Enamine=0.0083 | Haloalkane=0.3391 | Ketone=0.0071,Ester=0.9492
776096,5,4,9,Alcohol | Alkane | Amine | Arene | Carboxylic acid | Haloalkane | Sulfide,Alkane | Arene | Carbamate | Ester | Ether | Ketone,Alcohol | Amine | Carboxylic acid | Haloalkane | Sulfide,Carbamate | Ester | Ether | Ketone,Alcohol=0.1466 | Amine=0.0732 | Carboxylic acid=0.1185 | Haloalkane=0.1557 | Sulfide=0.0401,Carbamate=0.6341 | Ester=0.6490 | Ether=0.8585 | Ketone=0.6152
57901,5,3,8,Alcohol | Alkane | Alkene | Amide | Amine | Carboxylic acid | Enamine | Sulfide,Alcohol | Alkane | Amide | Arene | Ether | Haloalkane,Alkene | Amine | Carboxylic acid | Enamine | Sulfide,Arene | Ether | Haloalkane,Alkene=0.1284 | Amine=0.3730 | Carboxylic acid=0.2859 | Enamine=0.0233 | Sulfide=0.3091,Arene=0.7949 | Ether=0.5708 | Haloalkane=0.6793
197071,6,2,8,Alkane | Amide | Amine | Arene | Ester | Ether | Haloalkane,Alcohol | Alkane | Carboxylic acid,Amide | Amine | Arene | Ester | Ether | Haloalkane,Alcohol | Carboxylic acid,Amide=0.3759 | Amine=0.3406 | Arene=0.0560 | Ester=0.0914 | Ether=0.0993 | Haloalkane=0.2754,Alcohol=0.7411 | Carboxylic acid=0.5085
555831,4,4,8,Alkene | Amide | Arene | Haloalkane | Imide | Thiol,Alcohol | Alkane | Arene | Carboxylic acid | Ether | Haloalkane,Alkene | Amide | Imide | Thiol,Alcohol | Alkane | Carboxylic acid | Ether,Alkene=0.1149 | Amide=0.4251 | Imide=0.1031 | Thiol=0.0309,Alcohol=0.5788 | Alkane=0.9030 | Carboxylic acid=0.5598 | Ether=0.8583
456642,6,2,8,Alcohol | Alkane | Alkene | Alkyne | Amine | Arene | Ketone,Alkane | Carbamate | Ether,Alcohol | Alkene | Alkyne | Amine | Arene | Ketone,Carbamate | Ether,Alcohol=0.1990 | Alkene=0.0456 | Alkyne=0.0040 | Amine=0.1322 | Arene=0.0577 | Ketone=0.0092,Carbamate=0.9449 | Ether=0.9415
110096,6,2,8,Alcohol | Amide | Amine | Arene | Carboxylic acid | Hydrazine | Phenol | Sulfide,Alkane | Amide | Arene | Ether,Alcohol | Amine | Carboxylic acid | Hydrazine | Phenol | Sulfide,Alkane | Ether,Alcohol=0.4823 | Amine=0.3873 | Carboxylic acid=0.1835 | Hydrazine=0.0565 | Phenol=0.4996 | Sulfide=0.1262,Alkane=0.7141 | Ether=0.6211
538614,5,3,8,Alcohol | Alkane | Alkene | Amine | Enamine | Ketone,Alkane | Arene | Ether | Haloalkane,Alcohol | Alkene | Amine | Enamine | Ketone,Arene | Ether | Haloalkane,Alcohol=0.3136 | Alkene=0.2875 | Amine=0.3132 | Enamine=0.0071 | Ketone=0.0150,Arene=0.9876 | Ether=0.8898 | Haloalkane=0.5700
710481,6,2,8,Alkane | Amide | Amine | Ether | Nitrile | Sulfide,Arene | Haloalkane,Alkane | Amide | Amine | Ether | Nitrile | Sulfide,Arene | Haloalkane,Alkane=0.1676 | Amide=0.3535 | Amine=0.2908 | Ether=0.0966 | Nitrile=0.0844 | Sulfide=0.1494,Arene=0.8669 | Haloalkane=0.5259
81408,5,3,8,Alcohol | Alkane | Amine | Carboxylic acid | Phenol | Sulfonamide,Alkane | Amide | Arene | Haloalkane,Alcohol | Amine | Carboxylic acid | Phenol | Sulfonamide,Amide | Arene | Haloalkane,Alcohol=0.1513 | Amine=0.4012 | Carboxylic acid=0.1967 | Phenol=0.0554 | Sulfonamide=0.1703,Amide=0.5390 | Arene=0.8044 | Haloalkane=0.5514
164984,5,3,8,Alkane | Amine | Arene | Ester | Ether | Sulfonamide,Alkane | Alkene | Amide | Ketone,Amine | Arene | Ester | Ether | Sulfonamide,Alkene | Amide | Ketone,Amine=0.2396 | Arene=0.2329 | Ester=0.0448 | Ether=0.1555 | Sulfonamide=0.0332,Alkene=0.5908 | Amide=0.5492 | Ketone=0.9421
582937,6,2,8,Alkane | Amide | Amine | Arene | Haloalkane | Hydrazine | Sulfide | Thioamide,Alcohol | Alkane | Arene | Ketone,Amide | Amine | Haloalkane | Hydrazine | Sulfide | Thioamide,Alcohol | Ketone,Amide=0.3535 | Amine=0.1658 | Haloalkane=0.3947 | Hydrazine=0.0065 | Sulfide=0.1875 | Thioamide=0.0522,Alcohol=0.5792 | Ketone=0.9368
145906,6,2,8,Alcohol | Alkane | Alkene | Amine | Arene | Azo compound | Haloalkane | Ketone | Sulfide,Aldehyde | Alkane | Amine | Arene | Ether,Alcohol | Alkene | Azo compound | Haloalkane | Ketone | Sulfide,Aldehyde | Ether,Alcohol=0.2052 | Alkene=0.1884 | Azo compound=0.0015 | Haloalkane=0.4968 | Ketone=0.1441 | Sulfide=0.1774,Aldehyde=0.7768 | Ether=0.5653
296327,7,1,8,Alcohol | Alkane | Alkyne | Arene | Carboxylic acid | Ester | Ether,Haloalkane,Alcohol | Alkane | Alkyne | Arene | Carboxylic acid | Ester | Ether,Haloalkane,Alcohol=0.2166 | Alkane=0.3297 | Alkyne=0.0020 | Arene=0.0701 | Carboxylic acid=0.0324 | Ester=0.0168 | Ether=0.0796,Haloalkane=0.5303
699639,5,3,8,Alcohol | Alkane | Amine | Arene | Carboxylic acid | Ketone | Sulfide,Alkane | Arene | Ester | Ether | Haloalkane,Alcohol | Amine | Carboxylic acid | Ketone | Sulfide,Ester | Ether | Haloalkane,Alcohol=0.2434 | Amine=0.1689 | Carboxylic acid=0.1379 | Ketone=0.0123 | Sulfide=0.1012,Ester=0.9435 | Ether=0.9458 | Haloalkane=0.7636
708199,4,4,8,Alkane | Amine | Arene | Ester | Ether | Sulfide,Alcohol | Alkane | Amide | Arene | Carboxylic acid | Haloalkane,Amine | Ester | Ether | Sulfide,Alcohol | Amide | Carboxylic acid | Haloalkane,Amine=0.2700 | Ester=0.0353 | Ether=0.4289 | Sulfide=0.2468,Alcohol=0.7259 | Amide=0.5960 | Carboxylic acid=0.6631 | Haloalkane=0.8602
250080,5,3,8,Alkane | Amine | Arene | Carbamate | Ester | Ether | Hydrazine,Alkane | Arene | Haloalkane | Ketone | Sulfonate,Amine | Carbamate | Ester | Ether | Hydrazine,Haloalkane | Ketone | Sulfonate,Amine=0.2148 | Carbamate=0.0540 | Ester=0.0132 | Ether=0.1346 | Hydrazine=0.0180,Haloalkane=0.6483 | Ketone=0.7710 | Sulfonate=0.5109
566416,7,1,8,Alkane | Alkene | Arene | Ester | Ether | Ketone | Nitrile,Haloalkane,Alkane | Alkene | Arene | Ester | Ether | Ketone | Nitrile,Haloalkane,Alkane=0.3155 | Alkene=0.2434 | Arene=0.2276 | Ester=0.0209 | Ether=0.0701 | Ketone=0.4170 | Nitrile=0.0041,Haloalkane=0.5462
55462,6,2,8,Alcohol | Alkane | Amine | Arene | Carboxylic acid | Ether | Haloalkane,Alkane | Alkyne | Isocyanate,Alcohol | Amine | Arene | Carboxylic acid | Ether | Haloalkane,Alkyne | Isocyanate,Alcohol=0.1925 | Amine=0.2830 | Arene=0.0721 | Carboxylic acid=0.0131 | Ether=0.2828 | Haloalkane=0.2407,Alkyne=0.9078 | Isocyanate=0.6661
109631,6,2,8,Alcohol | Alkane | Alkene | Arene | Ester | Ether | Ketone | Phenol,Alkane | Amine | Arene | Haloalkane,Alcohol | Alkene | Ester | Ether | Ketone | Phenol,Amine | Haloalkane,Alcohol=0.1680 | Alkene=0.0847 | Ester=0.0116 | Ether=0.2789 | Ketone=0.0115 | Phenol=0.1109,Amine=0.5612 | Haloalkane=0.5117
594489,7,1,8,Alkane | Alkene | Amide | Amine | Arene | Enamine | Ester | Ether | Sulfide | Sulfonamide,Alkane | Amide | Arene | Haloalkane,Alkene | Amine | Enamine | Ester | Ether | Sulfide | Sulfonamide,Haloalkane,Alkene=0.1395 | Amine=0.2626 | Enamine=0.0142 | Ester=0.0297 | Ether=0.1087 | Sulfide=0.2078 | Sulfonamide=0.0423,Haloalkane=0.6143
438396,7,1,8,Alkane | Alkene | Amide | Amine | Arene | Enamine | Ether | Haloalkane | Sulfonamide,Aldehyde | Arene | Haloalkane,Alkane | Alkene | Amide | Amine | Enamine | Ether | Sulfonamide,Aldehyde,Alkane=0.2386 | Alkene=0.2000 | Amide=0.0302 | Amine=0.1474 | Enamine=0.0111 | Ether=0.1644 | Sulfonamide=0.0427,Aldehyde=0.7542
87537,6,2,8,Alkane | Amine | Arene | Ester | Ether | Haloalkane | Hydrazine | Ketone | Sulfonate,Alkane | Amide | Amine | Arene | Sulfonamide,Ester | Ether | Haloalkane | Hydrazine | Ketone | Sulfonate,Amide | Sulfonamide,Ester=0.3774 | Ether=0.3935 | Haloalkane=0.4385 | Hydrazine=0.0253 | Ketone=0.4285 | Sulfonate=0.0937,Amide=0.5652 | Sulfonamide=0.5204
418376,4,4,8,Alkane | Amide | Amine | Arene | Hydrazine | Sulfoxide,Alcohol | Alkane | Alkyne | Arene | Ether | Haloalkane,Amide | Amine | Hydrazine | Sulfoxide,Alcohol | Alkyne | Ether | Haloalkane,Amide=0.2554 | Amine=0.2841 | Hydrazine=0.0206 | Sulfoxide=0.0044,Alcohol=0.5526 | Alkyne=0.5904 | Ether=0.9171 | Haloalkane=0.5846
317753,6,2,8,Alcohol | Alkane | Alkene | Enol | Ester | Ether | Haloalkane,Alkane | Amine | Arene,Alcohol | Alkene | Enol | Ester | Ether | Haloalkane,Amine | Arene,Alcohol=0.1377 | Alkene=0.0626 | Enol=0.0004 | Ester=0.0158 | Ether=0.0762 | Haloalkane=0.3608,Amine=0.7597 | Arene=0.9759
570415,6,2,8,Alcohol | Alkane | Carbamate | Carboxylic acid | Ether | Thiol,Arene | Haloalkane,Alcohol | Alkane | Carbamate | Carboxylic acid | Ether | Thiol,Arene | Haloalkane,Alcohol=0.2060 | Alkane=0.2051 | Carbamate=0.0089 | Carboxylic acid=0.0315 | Ether=0.1010 | Thiol=0.0106,Arene=0.9702 | Haloalkane=0.5826
188631,6,2,8,Alcohol | Alkane | Amine | Arene | Carboxylic acid | Haloalkane | Sulfonamide,Alkane | Ether | Ketone,Alcohol | Amine | Arene | Carboxylic acid | Haloalkane | Sulfonamide,Ether | Ketone,Alcohol=0.4058 | Amine=0.1538 | Arene=0.1071 | Carboxylic acid=0.0146 | Haloalkane=0.2747 | Sulfonamide=0.0111,Ether=0.8604 | Ketone=0.6002
131801,5,3,8,Acyl halide | Alkane | Amine | Arene | Haloalkane | Sulfide | Sulfonamide,Alcohol | Alkane | Arene | Carboxylic acid | Ether,Acyl halide | Amine | Haloalkane | Sulfide | Sulfonamide,Alcohol | Carboxylic acid | Ether,Acyl halide=0.0428 | Amine=0.1084 | Haloalkane=0.3560 | Sulfide=0.2805 | Sulfonamide=0.0277,Alcohol=0.5849 | Carboxylic acid=0.5136 | Ether=0.6549
573041,6,2,8,Alcohol | Alkane | Amide | Amine | Arene | Carboxylic acid | Hydrazine | Ketone,Alkane | Arene | Enamine | Ether,Alcohol | Amide | Amine | Carboxylic acid | Hydrazine | Ketone,Enamine | Ether,Alcohol=0.3187 | Amide=0.3773 | Amine=0.2772 | Carboxylic acid=0.2144 | Hydrazine=0.0503 | Ketone=0.0136,Enamine=0.7286 | Ether=0.8143
138065,5,3,8,Alcohol | Alkane | Alkene | Carboxylic acid | Ether | Ketone,Alkane | Amine | Arene | Haloalkane,Alcohol | Alkene | Carboxylic acid | Ether | Ketone,Amine | Arene | Haloalkane,Alcohol=0.0997 | Alkene=0.0477 | Carboxylic acid=0.0309 | Ether=0.2483 | Ketone=0.0112,Amine=0.9133 | Arene=0.9863 | Haloalkane=0.8061
15928,7,1,8,Alcohol | Alkane | Alkene | Amide | Arene | Carbamate | Ether | Haloalkane | Imide | Sulfoxide,Alkane | Amine | Arene | Haloalkane,Alcohol | Alkene | Amide | Carbamate | Ether | Imide | Sulfoxide,Amine,Alcohol=0.2921 | Alkene=0.1090 | Amide=0.1046 | Carbamate=0.0158 | Ether=0.4011 | Imide=0.0009 | Sulfoxide=0.0064,Amine=0.8990
588201,7,1,8,Alcohol | Alkane | Alkene | Amide | Carboxylic acid | Enamine | Haloalkane | Sulfide,Alkane | Ketone,Alcohol | Alkene | Amide | Carboxylic acid | Enamine | Haloalkane | Sulfide,Ketone,Alcohol=0.4711 | Alkene=0.1407 | Amide=0.2917 | Carboxylic acid=0.4216 | Enamine=0.1498 | Haloalkane=0.3806 | Sulfide=0.2982,Ketone=0.5492
230726,3,5,8,Alkane | Amide | Ester | Ether,Alkane | Amine | Arene | Enamine | Haloalkane | Ketone,Amide | Ester | Ether,Amine | Arene | Enamine | Haloalkane | Ketone,Amide=0.1673 | Ester=0.0133 | Ether=0.1034,Amine=0.5426 | Arene=0.9690 | Enamine=0.6441 | Haloalkane=0.6362 | Ketone=0.5369
711419,5,3,8,Alkane | Alkene | Amine | Enamine | Haloalkane | Imine | Sulfonamide,Alkane | Arene | Ether | Haloalkane | Ketone,Alkene | Amine | Enamine | Imine | Sulfonamide,Arene | Ether | Ketone,Alkene=0.2457 | Amine=0.1917 | Enamine=0.3481 | Imine=0.0102 | Sulfonamide=0.0375,Arene=0.9901 | Ether=0.9364 | Ketone=0.6319
72738,8,0,8,Alkane | Alkene | Amine | Arene | Enamine | Ester | Ether | Haloalkane | Ketone,Haloalkane,Alkane | Alkene | Amine | Arene | Enamine | Ester | Ether | Ketone,,Alkane=0.2439 | Alkene=0.0703 | Amine=0.3405 | Arene=0.0897 | Enamine=0.0079 | Ester=0.0189 | Ether=0.0707 | Ketone=0.0083,
453766,3,5,8,Alcohol | Alkane | Alkene | Carboxylic acid,Alkane | Amide | Arene | Ester | Ether | Haloalkane,Alcohol | Alkene | Carboxylic acid,Amide | Arene | Ester | Ether | Haloalkane,Alcohol=0.3940 | Alkene=0.0895 | Carboxylic acid=0.2644,Amide=0.7726 | Arene=0.9865 | Ester=0.5815 | Ether=0.8899 | Haloalkane=0.5592
767010,7,1,8,Alcohol | Alkene | Amide | Amine | Arene | Carboxylic acid | Haloalkane | Hydrazine | Sulfide | Thioamide,Alcohol | Arene | Haloalkane | Ketone,Alkene | Amide | Amine | Carboxylic acid | Hydrazine | Sulfide | Thioamide,Ketone,Alkene=0.2198 | Amide=0.4869 | Amine=0.2262 | Carboxylic acid=0.4593 | Hydrazine=0.0170 | Sulfide=0.1856 | Thioamide=0.0419,Ketone=0.6414
641599,2,6,8,Aldehyde | Alkane | Alkene,Alkane | Amide | Amine | Arene | Ester | Ether | Ketone,Aldehyde | Alkene,Amide | Amine | Arene | Ester | Ether | Ketone,Aldehyde=0.0047 | Alkene=0.1618,Amide=0.5884 | Amine=0.7651 | Arene=0.9800 | Ester=0.8394 | Ether=0.8707 | Ketone=0.8912
774983,5,3,8,Alkene | Amide | Amine | Arene | Imide | Sulfide | Sulfonamide,Alkane | Amine | Arene | Ether | Haloalkane,Alkene | Amide | Imide | Sulfide | Sulfonamide,Alkane | Ether | Haloalkane,Alkene=0.0703 | Amide=0.0261 | Imide=0.0022 | Sulfide=0.0489 | Sulfonamide=0.0416,Alkane=0.9959 | Ether=0.6190 | Haloalkane=0.5533
485035,5,3,8,Alcohol | Alkane | Carboxylic acid | Ester | Ether | Sulfide,Alkane | Amide | Arene | Haloalkane,Alcohol | Carboxylic acid | Ester | Ether | Sulfide,Amide | Arene | Haloalkane,Alcohol=0.2114 | Carboxylic acid=0.1832 | Ester=0.0333 | Ether=0.1199 | Sulfide=0.2971,Amide=0.6573 | Arene=0.9530 | Haloalkane=0.7148
296686,4,4,8,Alcohol | Amine | Arene | Carboxylic acid | Haloalkane,Alkane | Amide | Arene | Ester | Ether,Alcohol | Amine | Carboxylic acid | Haloalkane,Alkane | Amide | Ester | Ether,Alcohol=0.1431 | Amine=0.4752 | Carboxylic acid=0.1142 | Haloalkane=0.3175,Alkane=0.9840 | Amide=0.6858 | Ester=0.8142 | Ether=0.6784
642477,4,4,8,Alkane | Alkene | Amine | Enamine | Sulfide,Alkane | Amide | Arene | Carbamate | Ether,Alkene | Amine | Enamine | Sulfide,Amide | Arene | Carbamate | Ether,Alkene=0.0322 | Amine=0.4396 | Enamine=0.0050 | Sulfide=0.0639,Amide=0.6856 | Arene=0.9727 | Carbamate=0.9265 | Ether=0.9265
410915,6,2,8,Alkane | Amide | Amine | Arene | Haloalkane | Imine | Sulfide,Alcohol | Alkane | Carboxylic acid,Amide | Amine | Arene | Haloalkane | Imine | Sulfide,Alcohol | Carboxylic acid,Amide=0.2935 | Amine=0.1868 | Arene=0.0720 | Haloalkane=0.1818 | Imine=0.0046 | Sulfide=0.1006,Alcohol=0.7381 | Carboxylic acid=0.5281
199799,5,3,8,Amide | Arene | Haloalkane | Imide | Sulfonate,Alkane | Carbamate | Ether,Amide | Arene | Haloalkane | Imide | Sulfonate,Alkane | Carbamate | Ether,Amide=0.0533 | Arene=0.0630 | Haloalkane=0.1323 | Imide=0.0045 | Sulfonate=0.0041,Alkane=0.9962 | Carbamate=0.5338 | Ether=0.6681
726965,5,3,8,Alcohol | Alkane | Arene | Carbamate | Carboxylic acid | Ether | Ketone,Alkane | Amide | Amine | Arene | Haloalkane,Alcohol | Carbamate | Carboxylic acid | Ether | Ketone,Amide | Amine | Haloalkane,Alcohol=0.1475 | Carbamate=0.0092 | Carboxylic acid=0.2052 | Ether=0.1074 | Ketone=0.0128,Amide=0.7255 | Amine=0.8378 | Haloalkane=0.6480
444482,6,2,8,Alcohol | Alkane | Amide | Arene | Carbamate | Carboxylic acid | Ether | Haloalkane,Alkane | Amine | Ester | Ether,Alcohol | Amide | Arene | Carbamate | Carboxylic acid | Haloalkane,Amine | Ester,Alcohol=0.2979 | Amide=0.1757 | Arene=0.1587 | Carbamate=0.0085 | Carboxylic acid=0.0371 | Haloalkane=0.2900,Amine=0.5323 | Ester=0.8134
249931,7,1,8,Alcohol | Alkane | Amide | Amine | Arene | Carbamate | Ether | Hydrazine | Imide | Phenol,Alkane | Arene | Ether | Haloalkane,Alcohol | Amide | Amine | Carbamate | Hydrazine | Imide | Phenol,Haloalkane,Alcohol=0.4056 | Amide=0.1592 | Amine=0.1795 | Carbamate=0.2286 | Hydrazine=0.0238 | Imide=0.0224 | Phenol=0.2084,Haloalkane=0.5496
772504,6,2,8,Alcohol | Alkane | Amine | Arene | Carboxylic acid | Haloalkane | Sulfide,Alkane | Ester | Ether,Alcohol | Amine | Arene | Carboxylic acid | Haloalkane | Sulfide,Ester | Ether,Alcohol=0.2299 | Amine=0.4923 | Arene=0.2471 | Carboxylic acid=0.1999 | Haloalkane=0.4071 | Sulfide=0.2003,Ester=0.6696 | Ether=0.7654
199258,6,2,8,Alkane | Alkene | Amide | Amine | Arene | Haloalkane | Imide,Alkane | Carbamate | Ether,Alkene | Amide | Amine | Arene | Haloalkane | Imide,Carbamate | Ether,Alkene=0.0408 | Amide=0.1031 | Amine=0.3236 | Arene=0.3029 | Haloalkane=0.3477 | Imide=0.0021,Carbamate=0.8979 | Ether=0.9433
157899,5,3,8,Alcohol | Alkane | Amide | Arene | Haloalkane | Phenol,Alkane | Carbamate | Ether | Ketone,Alcohol | Amide | Arene | Haloalkane | Phenol,Carbamate | Ether | Ketone,Alcohol=0.2055 | Amide=0.0459 | Arene=0.2492 | Haloalkane=0.4037 | Phenol=0.0374,Carbamate=0.8917 | Ether=0.9665 | Ketone=0.7732
622279,5,3,8,Alkane | Amine | Arene | Ester | Ether | Haloalkane | Sulfide,Alcohol | Alkane | Amide | Arene | Carboxylic acid,Amine | Ester | Ether | Haloalkane | Sulfide,Alcohol | Amide | Carboxylic acid,Amine=0.2832 | Ester=0.0608 | Ether=0.0969 | Haloalkane=0.2852 | Sulfide=0.1381,Alcohol=0.6088 | Amide=0.8210 | Carboxylic acid=0.5291
256696,6,2,8,Alcohol | Alkane | Alkene | Arene | Enol | Ester | Ether | Haloalkane | Phenol,Alkane | Amine | Arene | Haloalkane | Ketone,Alcohol | Alkene | Enol | Ester | Ether | Phenol,Amine | Ketone,Alcohol=0.1051 | Alkene=0.1316 | Enol=0.0028 | Ester=0.0163 | Ether=0.0946 | Phenol=0.0247,Amine=0.9165 | Ketone=0.9169
121287,3,5,8,Aldehyde | Alkane | Haloalkane | Sulfide,Alcohol | Alkane | Amide | Amine | Arene | Ether,Aldehyde | Haloalkane | Sulfide,Alcohol | Amide | Amine | Arene | Ether,Aldehyde=0.0258 | Haloalkane=0.2244 | Sulfide=0.2203,Alcohol=0.6046 | Amide=0.5082 | Amine=0.5948 | Arene=0.9375 | Ether=0.8942
148140,7,1,8,Alcohol | Alkane | Alkene | Amide | Carbamate | Ether | Haloalkane | Imide | Sulfide,Alkane | Amine | Ether,Alcohol | Alkene | Amide | Carbamate | Haloalkane | Imide | Sulfide,Amine,Alcohol=0.4038 | Alkene=0.4691 | Amide=0.1921 | Carbamate=0.4298 | Haloalkane=0.2063 | Imide=0.0884 | Sulfide=0.1235,Amine=0.6215
794085,5,3,8,Alcohol | Alkane | Amine | Arene | Carboxylic acid | Haloalkane,Alkane | Amide | Carbamate | Ether,Alcohol | Amine | Arene | Carboxylic acid | Haloalkane,Amide | Carbamate | Ether,Alcohol=0.3769 | Amine=0.2208 | Arene=0.0712 | Carboxylic acid=0.1069 | Haloalkane=0.1954,Amide=0.5143 | Carbamate=0.9428 | Ether=0.9568
182351,8,0,8,Alcohol | Alkane | Alkene | Amide | Amine | Arene | Enamine | Enol | Haloalkane | Sulfide | Sulfonamide,Alkane | Arene | Haloalkane,Alcohol | Alkene | Amide | Amine | Enamine | Enol | Sulfide | Sulfonamide,,Alcohol=0.1838 | Alkene=0.1149 | Amide=0.3095 | Amine=0.2499 | Enamine=0.0532 | Enol=0.0916 | Sulfide=0.3462 | Sulfonamide=0.0527,
728700,6,2,8,Alcohol | Alkane | Amine | Arene | Carboxylic acid | Haloalkane | Sulfonamide,Aldehyde | Alkyne | Arene,Alcohol | Alkane | Amine | Carboxylic acid | Haloalkane | Sulfonamide,Aldehyde | Alkyne,Alcohol=0.0892 | Alkane=0.2162 | Amine=0.0740 | Carboxylic acid=0.0230 | Haloalkane=0.4356 | Sulfonamide=0.0189,Aldehyde=0.8705 | Alkyne=0.8385
504346,2,6,8,Alcohol | Arene | Carboxylic acid,Alkane | Amide | Amine | Arene | Carbamate | Ether | Haloalkane,Alcohol | Carboxylic acid,Alkane | Amide | Amine | Carbamate | Ether | Haloalkane,Alcohol=0.1748 | Carboxylic acid=0.0682,Alkane=0.8617 | Amide=0.6432 | Amine=0.6491 | Carbamate=0.7624 | Ether=0.9482 | Haloalkane=0.5316
520945,4,4,8,Alkane | Alkene | Amide | Imide | Sulfone,Alkane | Arene | Ester | Ether | Haloalkane,Alkene | Amide | Imide | Sulfone,Arene | Ester | Ether | Haloalkane,Alkene=0.1240 | Amide=0.3610 | Imide=0.0591 | Sulfone=0.0193,Arene=0.6652 | Ester=0.6131 | Ether=0.7640 | Haloalkane=0.5220
423360,8,0,8,Alcohol | Alkane | Alkene | Arene | Carboxylic acid | Enol | Ester | Ether | Sulfide,Alkane,Alcohol | Alkene | Arene | Carboxylic acid | Enol | Ester | Ether | Sulfide,,Alcohol=0.4139 | Alkene=0.1197 | Arene=0.1172 | Carboxylic acid=0.0228 | Enol=0.0037 | Ester=0.0196 | Ether=0.3300 | Sulfide=0.1214,
737249,5,3,8,Alcohol | Alkane | Amine | Arene | Carbamate | Ether | Nitrile,Alkane | Amide | Arene | Carboxylic acid | Haloalkane,Alcohol | Amine | Carbamate | Ether | Nitrile,Amide | Carboxylic acid | Haloalkane,Alcohol=0.4662 | Amine=0.2256 | Carbamate=0.0087 | Ether=0.1076 | Nitrile=0.0108,Amide=0.5345 | Carboxylic acid=0.5597 | Haloalkane=0.5747
330877,7,1,8,Alcohol | Alkane | Alkene | Amide | Arene | Enol | Ester | Ether | Haloalkane | Ketone,Alkane | Amine | Arene | Ether,Alcohol | Alkene | Amide | Enol | Ester | Haloalkane | Ketone,Amine,Alcohol=0.2732 | Alkene=0.1038 | Amide=0.4230 | Enol=0.0001 | Ester=0.0424 | Haloalkane=0.2963 | Ketone=0.0105,Amine=0.6326
459149,4,4,8,Amide | Haloalkane | Imide | Sulfide,Alcohol | Alkane | Arene | Carboxylic acid,Amide | Haloalkane | Imide | Sulfide,Alcohol | Alkane | Arene | Carboxylic acid,Amide=0.3419 | Haloalkane=0.4401 | Imide=0.3151 | Sulfide=0.1688,Alcohol=0.5339 | Alkane=0.6930 | Arene=0.8386 | Carboxylic acid=0.5284
311752,7,1,8,Alcohol | Alkane | Alkene | Amine | Carboxylic acid | Enamine | Sulfide | Sulfonamide,Alkane | Amide,Alcohol | Alkene | Amine | Carboxylic acid | Enamine | Sulfide | Sulfonamide,Amide,Alcohol=0.3745 | Alkene=0.1961 | Amine=0.3235 | Carboxylic acid=0.2194 | Enamine=0.0881 | Sulfide=0.0840 | Sulfonamide=0.0184,Amide=0.5140
443320,8,0,8,Alcohol | Alkane | Alkene | Amide | Amine | Arene | Enamine | Enol | Sulfide | Sulfonamide,Alkane | Arene,Alcohol | Alkene | Amide | Amine | Enamine | Enol | Sulfide | Sulfonamide,,Alcohol=0.1870 | Alkene=0.0843 | Amide=0.4106 | Amine=0.3144 | Enamine=0.2636 | Enol=0.0743 | Sulfide=0.2644 | Sulfonamide=0.0556,
351559,4,4,8,Alcohol | Alkane | Amide | Arene | Carboxylic acid | Ether | Haloalkane | Phenol,Alkane | Alkene | Amide | Arene | Enamine | Ester | Ether | Imide,Alcohol | Carboxylic acid | Haloalkane | Phenol,Alkene | Enamine | Ester | Imide,Alcohol=0.0997 | Carboxylic acid=0.0186 | Haloalkane=0.4456 | Phenol=0.1081,Alkene=0.6084 | Enamine=0.7877 | Ester=0.8716 | Imide=0.7462
661792,5,3,8,Alkane | Alkene | Amide | Arene | Haloalkane | Sulfide,Alcohol | Alkane | Carboxylic acid | Ether,Alkene | Amide | Arene | Haloalkane | Sulfide,Alcohol | Carboxylic acid | Ether,Alkene=0.1047 | Amide=0.1980 | Arene=0.0610 | Haloalkane=0.1858 | Sulfide=0.0601,Alcohol=0.6711 | Carboxylic acid=0.5934 | Ether=0.8359
9150,7,1,8,Alcohol | Alkane | Alkene | Amide | Amine | Arene | Carboxylic acid | Enamine | Sulfonamide,Alkane | Arene | Haloalkane,Alcohol | Alkene | Amide | Amine | Carboxylic acid | Enamine | Sulfonamide,Haloalkane,Alcohol=0.1822 | Alkene=0.1230 | Amide=0.2829 | Amine=0.2179 | Carboxylic acid=0.1282 | Enamine=0.0276 | Sulfonamide=0.0873,Haloalkane=0.5757
470840,6,2,8,Alcohol | Alkane | Alkene | Arene | Enol | Ether | Ketone | Phenol,Alkane | Amine | Arene | Haloalkane,Alcohol | Alkene | Enol | Ether | Ketone | Phenol,Amine | Haloalkane,Alcohol=0.1134 | Alkene=0.1890 | Enol=0.0069 | Ether=0.1419 | Ketone=0.0144 | Phenol=0.0395,Amine=0.7541 | Haloalkane=0.5057
671190,6,2,8,Alcohol | Alkane | Amide | Amine | Arene | Haloalkane | Sulfide,Alkane | Ester | Ether,Alcohol | Amide | Amine | Arene | Haloalkane | Sulfide,Ester | Ether,Alcohol=0.2115 | Amide=0.0875 | Amine=0.4840 | Arene=0.0439 | Haloalkane=0.1971 | Sulfide=0.1487,Ester=0.9435 | Ether=0.8877
11423,5,3,8,Alcohol | Alkene | Arene | Carboxylic acid | Haloalkane,Alkane | Ester | Ether,Alcohol | Alkene | Arene | Carboxylic acid | Haloalkane,Alkane | Ester | Ether,Alcohol=0.3007 | Alkene=0.0669 | Arene=0.0713 | Carboxylic acid=0.0613 | Haloalkane=0.1714,Alkane=0.9951 | Ester=0.9438 | Ether=0.9668
131443,5,3,8,Alcohol | Amide | Arene | Haloalkane | Phenol,Alkane | Carbamate | Ether,Alcohol | Amide | Arene | Haloalkane | Phenol,Alkane | Carbamate | Ether,Alcohol=0.1030 | Amide=0.0417 | Arene=0.1720 | Haloalkane=0.4851 | Phenol=0.0140,Alkane=0.9961 | Carbamate=0.9469 | Ether=0.9517
597713,5,3,8,Alkane | Amide | Arene | Haloalkane | Sulfide | Sulfone,Alkane | Amine | Ester | Ether,Amide | Arene | Haloalkane | Sulfide | Sulfone,Amine | Ester | Ether,Amide=0.0415 | Arene=0.0808 | Haloalkane=0.4014 | Sulfide=0.1033 | Sulfone=0.0118,Amine=0.7425 | Ester=0.8932 | Ether=0.8599
379232,6,2,8,Alcohol | Alkane | Alkene | Amine | Arene | Carboxylic acid | Ether | Hydrazine | Hydrazone,Alkane | Amide | Arene | Ether | Haloalkane,Alcohol | Alkene | Amine | Carboxylic acid | Hydrazine | Hydrazone,Amide | Haloalkane,Alcohol=0.3909 | Alkene=0.1331 | Amine=0.3054 | Carboxylic acid=0.1879 | Hydrazine=0.0153 | Hydrazone=0.0123,Amide=0.5913 | Haloalkane=0.5614
773891,5,3,8,Alcohol | Alkane | Amide | Arene | Haloalkane | Ketone,Alkane | Amine | Ether | Nitrile,Alcohol | Amide | Arene | Haloalkane | Ketone,Amine | Ether | Nitrile,Alcohol=0.2799 | Amide=0.0332 | Arene=0.1145 | Haloalkane=0.1844 | Ketone=0.0085,Amine=0.8455 | Ether=0.5175 | Nitrile=0.8187
26194,6,2,8,Alcohol | Alkane | Alkene | Amide | Carboxylic acid | Ester | Ether | Sulfide,Alkane | Amide | Arene | Haloalkane,Alcohol | Alkene | Carboxylic acid | Ester | Ether | Sulfide,Arene | Haloalkane,Alcohol=0.3043 | Alkene=0.1142 | Carboxylic acid=0.2520 | Ester=0.0556 | Ether=0.1151 | Sulfide=0.2726,Arene=0.9665 | Haloalkane=0.6209
611192,7,1,8,Alcohol | Alkane | Alkene | Amine | Arene | Carboxylic acid | Enamine | Ether | Haloalkane,Alkane | Amide | Arene,Alcohol | Alkene | Amine | Carboxylic acid | Enamine | Ether | Haloalkane,Amide,Alcohol=0.2932 | Alkene=0.2723 | Amine=0.4796 | Carboxylic acid=0.2057 | Enamine=0.2493 | Ether=0.3684 | Haloalkane=0.4735,Amide=0.6101
162882,6,2,8,Alkane | Amine | Arene | Ester | Ether | Haloalkane | Sulfide,Aldehyde | Alkane | Ketone,Amine | Arene | Ester | Ether | Haloalkane | Sulfide,Aldehyde | Ketone,Amine=0.1071 | Arene=0.1080 | Ester=0.0275 | Ether=0.1863 | Haloalkane=0.3004 | Sulfide=0.0561,Aldehyde=0.5594 | Ketone=0.5530
231689,3,5,8,Alkane | Amine | Arene | Haloalkane | Sulfide,Alcohol | Alkane | Amide | Arene | Carbamate | Carboxylic acid | Ether,Amine | Haloalkane | Sulfide,Alcohol | Amide | Carbamate | Carboxylic acid | Ether,Amine=0.3206 | Haloalkane=0.2101 | Sulfide=0.1164,Alcohol=0.6357 | Amide=0.7227 | Carbamate=0.7806 | Carboxylic acid=0.5104 | Ether=0.9152
748585,6,2,8,Alcohol | Alkane | Amine | Arene | Carboxylic acid | Ether | Phenol,Arene | Haloalkane | Ketone,Alcohol | Alkane | Amine | Carboxylic acid | Ether | Phenol,Haloalkane | Ketone,Alcohol=0.4759 | Alkane=0.2856 | Amine=0.1723 | Carboxylic acid=0.4188 | Ether=0.2546 | Phenol=0.2187,Haloalkane=0.6160 | Ketone=0.6931
271089,4,4,8,Alcohol | Alkane | Ester | Ether | Sulfide,Alkane | Amide | Amine | Arene | Haloalkane,Alcohol | Ester | Ether | Sulfide,Amide | Amine | Arene | Haloalkane,Alcohol=0.1604 | Ester=0.0304 | Ether=0.1781 | Sulfide=0.1198,Amide=0.9002 | Amine=0.7010 | Arene=0.9807 | Haloalkane=0.5748
332842,3,5,8,Alkane | Alkene | Ester | Ether | Sulfide,Alkane | Amine | Arene | Carbamate | Carboxylic acid | Ether | Haloalkane,Alkene | Ester | Sulfide,Amine | Arene | Carbamate | Carboxylic acid | Haloalkane,Alkene=0.0453 | Ester=0.3479 | Sulfide=0.0393,Amine=0.7425 | Arene=0.7035 | Carbamate=0.8702 | Carboxylic acid=0.5925 | Haloalkane=0.7028
145475,5,3,8,Alcohol | Alkane | Amide | Arene | Hydrazone | Phenol | Sulfide,Alkane | Alkyne | Arene | Ether | Haloalkane,Alcohol | Amide | Hydrazone | Phenol | Sulfide,Alkyne | Ether | Haloalkane,Alcohol=0.3302 | Amide=0.3710 | Hydrazone=0.0020 | Phenol=0.0336 | Sulfide=0.1797,Alkyne=0.8788 | Ether=0.8704 | Haloalkane=0.9083
713372,7,1,8,Alcohol | Alkane | Alkene | Amide | Amine | Arene | Enamine | Ether | Imide | Phenol,Alkane | Arene | Ether | Haloalkane,Alcohol | Alkene | Amide | Amine | Enamine | Imide | Phenol,Haloalkane,Alcohol=0.2823 | Alkene=0.1569 | Amide=0.2169 | Amine=0.3872 | Enamine=0.3415 | Imide=0.3263 | Phenol=0.1004,Haloalkane=0.5163
410017,5,3,8,Alcohol | Alkane | Amine | Carbamate | Ether | Phenol,Alkane | Arene | Haloalkane | Ketone,Alcohol | Amine | Carbamate | Ether | Phenol,Arene | Haloalkane | Ketone,Alcohol=0.1603 | Amine=0.2017 | Carbamate=0.0194 | Ether=0.0909 | Phenol=0.0765,Arene=0.9921 | Haloalkane=0.5072 | Ketone=0.5396
315683,7,1,8,Alcohol | Alkane | Amide | Arene | Carboxylic acid | Ester | Ether | Hydrazone,Arene | Haloalkane,Alcohol | Alkane | Amide | Carboxylic acid | Ester | Ether | Hydrazone,Haloalkane,Alcohol=0.1953 | Alkane=0.2268 | Amide=0.0563 | Carboxylic acid=0.0296 | Ester=0.0150 | Ether=0.1830 | Hydrazone=0.0049,Haloalkane=0.6435
243960,5,3,8,Alcohol | Alkane | Amide | Arene | Haloalkane | Sulfone,Alkane | Amine | Ester | Ether,Alcohol | Amide | Arene | Haloalkane | Sulfone,Amine | Ester | Ether,Alcohol=0.1943 | Amide=0.0963 | Arene=0.4138 | Haloalkane=0.4593 | Sulfone=0.0123,Amine=0.7401 | Ester=0.7142 | Ether=0.5885
377688,6,2,8,Alcohol | Alkane | Amide | Arene | Carboxylic acid | Sulfide | Sulfone,Alkane | Ether | Ketone,Alcohol | Amide | Arene | Carboxylic acid | Sulfide | Sulfone,Ether | Ketone,Alcohol=0.1706 | Amide=0.4024 | Arene=0.1489 | Carboxylic acid=0.0682 | Sulfide=0.1190 | Sulfone=0.0283,Ether=0.6915 | Ketone=0.7868
290760,8,0,8,Alcohol | Alkane | Alkene | Amide | Amine | Arene | Enol | Ether | Ketone | Phenol | Sulfide,Alkane | Amine | Ether,Alcohol | Alkene | Amide | Arene | Enol | Ketone | Phenol | Sulfide,,Alcohol=0.2246 | Alkene=0.2342 | Amide=0.4359 | Arene=0.4092 | Enol=0.0057 | Ketone=0.0120 | Phenol=0.0550 | Sulfide=0.1158,
697436,5,3,8,Alkane | Arene | Carbamate | Ether | Haloalkane | Ketone | Sulfide,Alcohol | Amide | Arene | Enamine | Haloalkane,Alkane | Carbamate | Ether | Ketone | Sulfide,Alcohol | Amide | Enamine,Alkane=0.1305 | Carbamate=0.0057 | Ether=0.1719 | Ketone=0.0132 | Sulfide=0.1547,Alcohol=0.5591 | Amide=0.6820 | Enamine=0.5495
364391,7,1,8,Alkane | Alkene | Amine | Carbamate | Ether | Hydrazone | Ketone | Nitrile,Alkane | Haloalkane,Alkene | Amine | Carbamate | Ether | Hydrazone | Ketone | Nitrile,Haloalkane,Alkene=0.0746 | Amine=0.4198 | Carbamate=0.0289 | Ether=0.1915 | Hydrazone=0.0144 | Ketone=0.0123 | Nitrile=0.1406,Haloalkane=0.5109
36782,5,3,8,Alkane | Alkene | Amide | Amine | Enamine | Haloalkane | Imide,Alkane | Amide | Carbamate | Ester | Ether,Alkene | Amine | Enamine | Haloalkane | Imide,Carbamate | Ester | Ether,Alkene=0.0289 | Amine=0.3714 | Enamine=0.0031 | Haloalkane=0.0942 | Imide=0.0507,Carbamate=0.8308 | Ester=0.7378 | Ether=0.9447
563247,8,0,8,Alcohol | Alkane | Alkene | Amide | Amine | Arene | Enamine | Ether | Imide | Phenol,Alkane | Arene,Alcohol | Alkene | Amide | Amine | Enamine | Ether | Imide | Phenol,,Alcohol=0.1463 | Alkene=0.0798 | Amide=0.0454 | Amine=0.4665 | Enamine=0.0108 | Ether=0.0918 | Imide=0.0022 | Phenol=0.0194,
197156,7,1,8,Alkane | Alkene | Amide | Amine | Arene | Enamine | Hydrazine | Ketone | Nitrile | Sulfide,Alkane | Arene | Ether | Ketone,Alkene | Amide | Amine | Enamine | Hydrazine | Nitrile | Sulfide,Ether,Alkene=0.1670 | Amide=0.0786 | Amine=0.3523 | Enamine=0.0582 | Hydrazine=0.0239 | Nitrile=0.2265 | Sulfide=0.0808,Ether=0.5722
263393,7,1,8,Alcohol | Alkane | Alkene | Amine | Arene | Carboxylic acid | Enamine | Haloalkane | Ketone | Nitrile,Alkane | Amide | Arene | Ketone,Alcohol | Alkene | Amine | Carboxylic acid | Enamine | Haloalkane | Nitrile,Amide,Alcohol=0.3303 | Alkene=0.2025 | Amine=0.1250 | Carboxylic acid=0.1573 | Enamine=0.0290 | Haloalkane=0.4781 | Nitrile=0.1229,Amide=0.5917
92969,6,2,8,Alkane | Alkene | Amide | Amine | Arene | Enamine | Ester | Ether,Alkane | Arene | Haloalkane | Sulfonate,Alkene | Amide | Amine | Enamine | Ester | Ether,Haloalkane | Sulfonate,Alkene=0.1133 | Amide=0.0304 | Amine=0.1209 | Enamine=0.0065 | Ester=0.0296 | Ether=0.2479,Haloalkane=0.7358 | Sulfonate=0.9068
721889,6,2,8,Alcohol | Alkane | Amine | Arene | Carboxylic acid | Haloalkane | Sulfide | Sulfonamide,Alkane | Arene | Ester | Ether,Alcohol | Amine | Carboxylic acid | Haloalkane | Sulfide | Sulfonamide,Ester | Ether,Alcohol=0.1150 | Amine=0.2600 | Carboxylic acid=0.0300 | Haloalkane=0.4029 | Sulfide=0.1432 | Sulfonamide=0.0335,Ester=0.9219 | Ether=0.9807
411612,4,4,8,Alcohol | Carboxylic acid | Haloalkane | Sulfide,Alkane | Carbamate | Ester | Ether,Alcohol | Carboxylic acid | Haloalkane | Sulfide,Alkane | Carbamate | Ester | Ether,Alcohol=0.1057 | Carboxylic acid=0.0283 | Haloalkane=0.4207 | Sulfide=0.1683,Alkane=0.9982 | Carbamate=0.8639 | Ester=0.9177 | Ether=0.9873
43866,7,1,8,Alcohol | Alkane | Alkene | Amide | Amine | Arene | Enamine | Enol | Sulfonamide,Alkane | Arene | Haloalkane,Alcohol | Alkene | Amide | Amine | Enamine | Enol | Sulfonamide,Haloalkane,Alcohol=0.2063 | Alkene=0.1105 | Amide=0.4867 | Amine=0.2271 | Enamine=0.0113 | Enol=0.0041 | Sulfonamide=0.0548,Haloalkane=0.6394
284911,7,1,8,Alcohol | Alkane | Amine | Arene | Carbamate | Carboxylic acid | Ether | Nitrile,Alkane | Haloalkane,Alcohol | Amine | Arene | Carbamate | Carboxylic acid | Ether | Nitrile,Haloalkane,Alcohol=0.1766 | Amine=0.2899 | Arene=0.0888 | Carbamate=0.0098 | Carboxylic acid=0.0255 | Ether=0.1730 | Nitrile=0.0179,Haloalkane=0.5093
554124,3,5,8,Alcohol | Alkane | Alkyne | Arene | Haloalkane,Alkane | Alkyne | Amide | Amine | Ester | Ether | Sulfide,Alcohol | Arene | Haloalkane,Amide | Amine | Ester | Ether | Sulfide,Alcohol=0.2908 | Arene=0.1979 | Haloalkane=0.4089,Amide=0.5002 | Amine=0.6036 | Ester=0.5258 | Ether=0.9665 | Sulfide=0.6199
648701,5,3,8,Alkane | Amide | Amine | Hydrazine | Sulfide | Thioamide,Alkane | Arene | Haloalkane | Ketone,Amide | Amine | Hydrazine | Sulfide | Thioamide,Arene | Haloalkane | Ketone,Amide=0.0667 | Amine=0.3307 | Hydrazine=0.0189 | Sulfide=0.2253 | Thioamide=0.0272,Arene=0.8688 | Haloalkane=0.6452 | Ketone=0.6078
397950,6,2,8,Alkane | Amine | Arene | Ester | Ether | Haloalkane | Ketone | Sulfide,Alcohol | Alkane | Alkene | Ketone,Amine | Arene | Ester | Ether | Haloalkane | Sulfide,Alcohol | Alkene,Amine=0.0989 | Arene=0.1523 | Ester=0.2507 | Ether=0.3375 | Haloalkane=0.1040 | Sulfide=0.0976,Alcohol=0.7969 | Alkene=0.7532
43584,7,1,8,Alcohol | Alkane | Alkene | Amide | Amine | Arene | Enamine | Ether | Haloalkane | Imide | Sulfide,Alkane | Arene | Ester | Ether | Haloalkane,Alcohol | Alkene | Amide | Amine | Enamine | Imide | Sulfide,Ester,Alcohol=0.2550 | Alkene=0.0891 | Amide=0.2038 | Amine=0.4239 | Enamine=0.0115 | Imide=0.0267 | Sulfide=0.2787,Ester=0.7990
471940,2,6,8,Alcohol | Alkane | Arene | Carboxylic acid,Alkane | Amide | Amine | Arene | Enamine | Ether | Haloalkane | Ketone,Alcohol | Carboxylic acid,Amide | Amine | Enamine | Ether | Haloalkane | Ketone,Alcohol=0.2602 | Carboxylic acid=0.0955,Amide=0.6545 | Amine=0.7037 | Enamine=0.6542 | Ether=0.7289 | Haloalkane=0.6608 | Ketone=0.7396
432974,5,3,8,Alcohol | Alkane | Ester | Ether | Phenol | Sulfide,Alkane | Amine | Arene | Haloalkane,Alcohol | Ester | Ether | Phenol | Sulfide,Amine | Arene | Haloalkane,Alcohol=0.1039 | Ester=0.0550 | Ether=0.1778 | Phenol=0.0090 | Sulfide=0.0898,Amine=0.6506 | Arene=0.9433 | Haloalkane=0.7458
616261,4,4,8,Alcohol | Alkane | Alkene | Carboxylic acid | Ketone,Alkane | Alkyne | Arene | Ether | Haloalkane,Alcohol | Alkene | Carboxylic acid | Ketone,Alkyne | Arene | Ether | Haloalkane,Alcohol=0.4665 | Alkene=0.0868 | Carboxylic acid=0.4860 | Ketone=0.0253,Alkyne=0.5189 | Arene=0.9691 | Ether=0.8359 | Haloalkane=0.6123
2051,6,2,8,Alcohol | Alkane | Alkene | Amine | Arene | Carboxylic acid | Ether | Sulfide | Sulfonamide,Alcohol | Alkane | Amide | Arene | Haloalkane,Alkene | Amine | Carboxylic acid | Ether | Sulfide | Sulfonamide,Amide | Haloalkane,Alkene=0.1495 | Amine=0.1596 | Carboxylic acid=0.4142 | Ether=0.3247 | Sulfide=0.1347 | Sulfonamide=0.0530,Amide=0.5623 | Haloalkane=0.6778
551416,4,4,8,Alcohol | Amine | Carboxylic acid | Nitrile,Alkane | Amide | Arene | Haloalkane,Alcohol | Amine | Carboxylic acid | Nitrile,Alkane | Amide | Arene | Haloalkane,Alcohol=0.1723 | Amine=0.3453 | Carboxylic acid=0.0553 | Nitrile=0.0460,Alkane=0.9787 | Amide=0.6815 | Arene=0.9828 | Haloalkane=0.7394
29470,3,5,8,Alkane | Arene | Haloalkane | Ketone | Sulfone,Alkane | Alkene | Carbamate | Enamine | Ester | Ether | Ketone,Arene | Haloalkane | Sulfone,Alkene | Carbamate | Enamine | Ester | Ether,Arene=0.0917 | Haloalkane=0.1116 | Sulfone=0.0330,Alkene=0.7881 | Carbamate=0.5187 | Enamine=0.5613 | Ester=0.8069 | Ether=0.9460
522745,6,2,8,Alcohol | Alkane | Alkene | Amide | Amine | Arene | Enamine | Imine | Nitrile,Alkane | Arene | Ether | Haloalkane | Nitrile,Alcohol | Alkene | Amide | Amine | Enamine | Imine,Ether | Haloalkane,Alcohol=0.3180 | Alkene=0.2021 | Amide=0.4808 | Amine=0.3983 | Enamine=0.0357 | Imine=0.0065,Ether=0.9007 | Haloalkane=0.5086
305675,7,1,8,Alcohol | Alkane | Alkene | Amide | Amine | Arene | Ester | Ether | Phenol | Sulfide | Thioamide,Alkane | Amide | Arene | Ether | Ketone,Alcohol | Alkene | Amine | Ester | Phenol | Sulfide | Thioamide,Ketone,Alcohol=0.3641 | Alkene=0.1288 | Amine=0.4266 | Ester=0.0601 | Phenol=0.1647 | Sulfide=0.0825 | Thioamide=0.0264,Ketone=0.8173
640885,3,5,8,Alcohol | Alkane | Alkene | Ketone,Alkane | Amine | Arene | Ester | Ether | Haloalkane,Alcohol | Alkene | Ketone,Amine | Arene | Ester | Ether | Haloalkane,Alcohol=0.1374 | Alkene=0.1181 | Ketone=0.0117,Amine=0.5010 | Arene=0.9667 | Ester=0.8886 | Ether=0.9420 | Haloalkane=0.6937
31039,5,3,8,Alcohol | Alkane | Amide | Amine | Hydrazine | Imide | Phenol,Alkane | Amide | Ester | Ether | Haloalkane,Alcohol | Amine | Hydrazine | Imide | Phenol,Ester | Ether | Haloalkane,Alcohol=0.3354 | Amine=0.4057 | Hydrazine=0.0134 | Imide=0.0656 | Phenol=0.0618,Ester=0.6004 | Ether=0.7954 | Haloalkane=0.5120
443403,6,2,8,Alcohol | Alkane | Amide | Amine | Arene | Imide | Imine | Phenol,Alkane | Arene | Ether | Haloalkane,Alcohol | Amide | Amine | Imide | Imine | Phenol,Ether | Haloalkane,Alcohol=0.2452 | Amide=0.0349 | Amine=0.2911 | Imide=0.0018 | Imine=0.0023 | Phenol=0.0211,Ether=0.8939 | Haloalkane=0.7747
334590,7,1,8,Alcohol | Alkane | Alkene | Arene | Ester | Ether | Haloalkane | Phenol | Sulfide,Alkane | Carbamate | Ether,Alcohol | Alkene | Arene | Ester | Haloalkane | Phenol | Sulfide,Carbamate,Alcohol=0.4492 | Alkene=0.0410 | Arene=0.0570 | Ester=0.0231 | Haloalkane=0.1585 | Phenol=0.0067 | Sulfide=0.0514,Carbamate=0.9516
444257,5,3,8,Alkane | Arene | Ester | Ether | Haloalkane | Sulfonate,Alcohol | Alkane | Amide | Amine,Arene | Ester | Ether | Haloalkane | Sulfonate,Alcohol | Amide | Amine,Arene=0.0683 | Ester=0.1276 | Ether=0.4194 | Haloalkane=0.4082 | Sulfonate=0.0024,Alcohol=0.5621 | Amide=0.5024 | Amine=0.7448
309255,3,5,8,Alcohol | Amine | Carboxylic acid,Alkane | Arene | Enamine | Ester | Ether,Alcohol | Amine | Carboxylic acid,Alkane | Arene | Enamine | Ester | Ether,Alcohol=0.2452 | Amine=0.3693 | Carboxylic acid=0.1015,Alkane=0.9891 | Arene=0.9352 | Enamine=0.6260 | Ester=0.6304 | Ether=0.8821
472761,6,2,8,Alkane | Alkene | Amine | Arene | Enamine | Ester | Ether | Haloalkane | Sulfone,Alkane | Amide | Arene | Haloalkane | Ketone,Alkene | Amine | Enamine | Ester | Ether | Sulfone,Amide | Ketone,Alkene=0.1169 | Amine=0.3260 | Enamine=0.0190 | Ester=0.0288 | Ether=0.3644 | Sulfone=0.0098,Amide=0.5523 | Ketone=0.8115
484320,3,5,8,Alcohol | Haloalkane | Phenol,Alkane | Amide | Amine | Arene | Ether,Alcohol | Haloalkane | Phenol,Alkane | Amide | Amine | Arene | Ether,Alcohol=0.3129 | Haloalkane=0.2418 | Phenol=0.0238,Alkane=0.5036 | Amide=0.6997 | Amine=0.6791 | Arene=0.9601 | Ether=0.9039
120880,6,2,8,Alcohol | Amine | Carboxylic acid | Hydrazine | Sulfide | Thioamide,Arene | Haloalkane,Alcohol | Amine | Carboxylic acid | Hydrazine | Sulfide | Thioamide,Arene | Haloalkane,Alcohol=0.4097 | Amine=0.3995 | Carboxylic acid=0.3692 | Hydrazine=0.0929 | Sulfide=0.2624 | Thioamide=0.0764,Arene=0.5701 | Haloalkane=0.5315
462017,7,1,8,Alcohol | Alkane | Alkene | Amide | Amine | Arene | Enamine | Ester | Ether | Phenol | Sulfonamide,Alkane | Amide | Arene | Ether | Haloalkane,Alcohol | Alkene | Amine | Enamine | Ester | Phenol | Sulfonamide,Haloalkane,Alcohol=0.4282 | Alkene=0.1815 | Amine=0.3538 | Enamine=0.3262 | Ester=0.0954 | Phenol=0.1308 | Sulfonamide=0.0796,Haloalkane=0.5074
439882,5,3,8,Alkane | Amide | Ester | Ether | Sulfide,Alcohol | Arene | Haloalkane,Alkane | Amide | Ester | Ether | Sulfide,Alcohol | Arene | Haloalkane,Alkane=0.2638 | Amide=0.1845 | Ester=0.0596 | Ether=0.1917 | Sulfide=0.0935,Alcohol=0.5988 | Arene=0.7158 | Haloalkane=0.6086
247824,6,2,8,Alcohol | Alkane | Amide | Amine | Arene | Hydrazine | Phenol | Sulfide,Alkane | Arene | Ether | Haloalkane,Alcohol | Amide | Amine | Hydrazine | Phenol | Sulfide,Ether | Haloalkane,Alcohol=0.3434 | Amide=0.4201 | Amine=0.3762 | Hydrazine=0.0722 | Phenol=0.1237 | Sulfide=0.0966,Ether=0.6720 | Haloalkane=0.5832
272260,5,3,8,Alcohol | Alkane | Amide | Amine | Carboxylic acid | Haloalkane,Alkane | Arene | Ether | Ketone,Alcohol | Amide | Amine | Carboxylic acid | Haloalkane,Arene | Ether | Ketone,Alcohol=0.1437 | Amide=0.1030 | Amine=0.1805 | Carboxylic acid=0.0589 | Haloalkane=0.4888,Arene=0.9775 | Ether=0.9668 | Ketone=0.8483
614052,7,1,8,Alkane | Amine | Arene | Ester | Ether | Haloalkane | Sulfide,Ketone,Alkane | Amine | Arene | Ester | Ether | Haloalkane | Sulfide,Ketone,Alkane=0.1770 | Amine=0.1839 | Arene=0.4224 | Ester=0.0629 | Ether=0.1008 | Haloalkane=0.4802 | Sulfide=0.2501,Ketone=0.7556
242734,4,3,7,Alkane | Arene | Carbamate | Ester | Ether | Haloalkane,Alkane | Amine | Arene | Ketone | Sulfonamide,Carbamate | Ester | Ether | Haloalkane,Amine | Ketone | Sulfonamide,Carbamate=0.0067 | Ester=0.0153 | Ether=0.1497 | Haloalkane=0.4762,Amine=0.5473 | Ketone=0.7026 | Sulfonamide=0.5374
771286,5,2,7,Alkane | Amide | Amine | Arene | Haloalkane | Sulfide,Alkane | Ester | Ether,Amide | Amine | Arene | Haloalkane | Sulfide,Ester | Ether,Amide=0.4723 | Amine=0.3318 | Arene=0.0583 | Haloalkane=0.2916 | Sulfide=0.0833,Ester=0.6123 | Ether=0.7065
240293,4,3,7,Alcohol | Alkane | Alkene | Amide | Carboxylic acid | Enamine | Sulfide,Alcohol | Alkane | Amine | Arene | Enamine | Ether,Alkene | Amide | Carboxylic acid | Sulfide,Amine | Arene | Ether,Alkene=0.2168 | Amide=0.4131 | Carboxylic acid=0.2126 | Sulfide=0.3401,Amine=0.5717 | Arene=0.5875 | Ether=0.6167
305215,2,5,7,Alkane | Amine | Ether | Nitrile,Alcohol | Alkane | Arene | Carbamate | Carboxylic acid | Ether | Haloalkane,Amine | Nitrile,Alcohol | Arene | Carbamate | Carboxylic acid | Haloalkane,Amine=0.1170 | Nitrile=0.0105,Alcohol=0.6377 | Arene=0.9678 | Carbamate=0.9232 | Carboxylic acid=0.6973 | Haloalkane=0.7198
370671,6,1,7,Alkane | Alkene | Amide | Amine | Arene | Enamine | Haloalkane | Imine | Sulfone,Alcohol | Alkane | Amide | Arene,Alkene | Amine | Enamine | Haloalkane | Imine | Sulfone,Alcohol,Alkene=0.2412 | Amine=0.2652 | Enamine=0.0155 | Haloalkane=0.3314 | Imine=0.0072 | Sulfone=0.2250,Alcohol=0.5561
111804,5,2,7,Alcohol | Alkane | Alkene | Arene | Carboxylic acid | Ether | Haloalkane | Sulfone,Alkane | Amide | Amine | Arene | Ether,Alcohol | Alkene | Carboxylic acid | Haloalkane | Sulfone,Amide | Amine,Alcohol=0.4074 | Alkene=0.1936 | Carboxylic acid=0.1800 | Haloalkane=0.3466 | Sulfone=0.0261,Amide=0.5931 | Amine=0.8448
621455,5,2,7,Alkane | Alkene | Amide | Amine | Arene | Haloalkane,Alkane | Ester | Ether,Alkene | Amide | Amine | Arene | Haloalkane,Ester | Ether,Alkene=0.0800 | Amide=0.0845 | Amine=0.4071 | Arene=0.1731 | Haloalkane=0.3889,Ester=0.8287 | Ether=0.9479
17282,4,3,7,Alkane | Alkene | Arene | Imine | Ketone | Nitrile,Alkane | Amide | Amine | Arene | Ether,Alkene | Imine | Ketone | Nitrile,Amide | Amine | Ether,Alkene=0.0804 | Imine=0.0476 | Ketone=0.0128 | Nitrile=0.0573,Amide=0.7288 | Amine=0.8911 | Ether=0.7904
721134,4,3,7,Alcohol | Alkane | Alkene | Arene | Carboxylic acid,Alkane | Amide | Amine | Ether,Alcohol | Alkene | Arene | Carboxylic acid,Amide | Amine | Ether,Alcohol=0.3440 | Alkene=0.0773 | Arene=0.2210 | Carboxylic acid=0.0313,Amide=0.7110 | Amine=0.7031 | Ether=0.7768
145893,5,2,7,Alkane | Alkene | Amide | Arene | Enamine | Haloalkane | Nitrile,Alkane | Arene | Carbamate | Ether,Alkene | Amide | Enamine | Haloalkane | Nitrile,Carbamate | Ether,Alkene=0.0468 | Amide=0.0422 | Enamine=0.0074 | Haloalkane=0.3736 | Nitrile=0.0558,Carbamate=0.8166 | Ether=0.9700
125353,6,1,7,Alkane | Arene | Carbamate | Ester | Ether | Haloalkane | Ketone,Alkane | Amine,Arene | Carbamate | Ester | Ether | Haloalkane | Ketone,Amine,Arene=0.1850 | Carbamate=0.0449 | Ester=0.0238 | Ether=0.2265 | Haloalkane=0.4533 | Ketone=0.2989,Amine=0.9141
239206,5,2,7,Alcohol | Alkane | Alkene | Arene | Carboxylic acid | Haloalkane | Ketone,Alkane | Arene | Ester | Ether,Alcohol | Alkene | Carboxylic acid | Haloalkane | Ketone,Ester | Ether,Alcohol=0.1378 | Alkene=0.0684 | Carboxylic acid=0.0396 | Haloalkane=0.4170 | Ketone=0.0099,Ester=0.8670 | Ether=0.7994
440580,6,1,7,Alcohol | Alkane | Arene | Ester | Ether | Haloalkane | Sulfide,Alkane | Ketone,Alcohol | Arene | Ester | Ether | Haloalkane | Sulfide,Ketone,Alcohol=0.1837 | Arene=0.0829 | Ester=0.0157 | Ether=0.1346 | Haloalkane=0.1995 | Sulfide=0.0920,Ketone=0.8441
111234,5,2,7,Alcohol | Alkane | Alkyne | Amine | Arene | Carboxylic acid | Phenol,Alkane | Amide | Arene | Ether,Alcohol | Alkyne | Amine | Carboxylic acid | Phenol,Amide | Ether,Alcohol=0.3232 | Alkyne=0.2809 | Amine=0.4321 | Carboxylic acid=0.1222 | Phenol=0.0772,Amide=0.6767 | Ether=0.7298
157169,5,2,7,Alkane | Arene | Ester | Ether | Haloalkane | Nitrile,Alkane | Amide | Imide,Arene | Ester | Ether | Haloalkane | Nitrile,Amide | Imide,Arene=0.0775 | Ester=0.1226 | Ether=0.3017 | Haloalkane=0.1130 | Nitrile=0.0111,Amide=0.7811 | Imide=0.6947
676090,7,0,7,Alcohol | Alkane | Alkene | Amine | Arene | Enamine | Enol | Ester | Ether | Sulfonamide,Alkane | Arene | Ether,Alcohol | Alkene | Amine | Enamine | Enol | Ester | Sulfonamide,,Alcohol=0.1612 | Alkene=0.0952 | Amine=0.3054 | Enamine=0.0120 | Enol=0.1266 | Ester=0.4675 | Sulfonamide=0.0650,
757270,5,2,7,Acyl halide | Alkane | Alkene | Amine | Arene | Enamine | Haloalkane | Sulfonamide,Alkane | Arene | Ester | Ether | Haloalkane,Acyl halide | Alkene | Amine | Enamine | Sulfonamide,Ester | Ether,Acyl halide=0.0068 | Alkene=0.1098 | Amine=0.4900 | Enamine=0.1094 | Sulfonamide=0.0426,Ester=0.6071 | Ether=0.6150
550678,3,4,7,Alcohol | Alkane | Carboxylic acid | Haloalkane,Alkane | Amide | Amine | Arene | Ether,Alcohol | Carboxylic acid | Haloalkane,Amide | Amine | Arene | Ether,Alcohol=0.1671 | Carboxylic acid=0.0380 | Haloalkane=0.3757,Amide=0.8636 | Amine=0.8536 | Arene=0.9679 | Ether=0.9054
566670,4,3,7,Alcohol | Alkane | Alkene | Amide | Ether | Phenol,Alkane | Amide | Amine | Arene | Haloalkane,Alcohol | Alkene | Ether | Phenol,Amine | Arene | Haloalkane,Alcohol=0.2233 | Alkene=0.0713 | Ether=0.2417 | Phenol=0.4205,Amine=0.5669 | Arene=0.9229 | Haloalkane=0.5558
220394,3,4,7,Acyl halide | Alkane | Alkene | Haloalkane,Alcohol | Alkane | Amine | Ester | Ether,Acyl halide | Alkene | Haloalkane,Alcohol | Amine | Ester | Ether,Acyl halide=0.0182 | Alkene=0.0956 | Haloalkane=0.3234,Alcohol=0.5388 | Amine=0.5035 | Ester=0.6253 | Ether=0.5248
490760,3,4,7,Alcohol | Alkane | Alkene | Arene | Phenol,Alkane | Amide | Arene | Carbamate | Ether | Haloalkane,Alcohol | Alkene | Phenol,Amide | Carbamate | Ether | Haloalkane,Alcohol=0.3875 | Alkene=0.1311 | Phenol=0.0545,Amide=0.8899 | Carbamate=0.8509 | Ether=0.7694 | Haloalkane=0.7125
278658,4,3,7,Alcohol | Alkane | Amine | Arene | Carboxylic acid | Phenol,Alkane | Amide | Arene | Ester | Ether,Alcohol | Amine | Carboxylic acid | Phenol,Amide | Ester | Ether,Alcohol=0.1964 | Amine=0.2777 | Carboxylic acid=0.0267 | Phenol=0.0552,Amide=0.7027 | Ester=0.9145 | Ether=0.9685
194283,5,2,7,Alcohol | Alkane | Amine | Arene | Carboxylic acid | Ether | Sulfide,Alkane | Amide | Arene | Haloalkane,Alcohol | Amine | Carboxylic acid | Ether | Sulfide,Amide | Haloalkane,Alcohol=0.4582 | Amine=0.4297 | Carboxylic acid=0.1788 | Ether=0.3608 | Sulfide=0.1666,Amide=0.5154 | Haloalkane=0.5206
462470,7,0,7,Acid anhydride | Alcohol | Alkane | Alkene | Amine | Arene | Enamine | Enol | Ester | Ether | Haloalkane | Ketone,Acid anhydride | Alkane | Arene | Enol | Ketone,Alcohol | Alkene | Amine | Enamine | Ester | Ether | Haloalkane,,Alcohol=0.4415 | Alkene=0.2010 | Amine=0.4234 | Enamine=0.2939 | Ester=0.0803 | Ether=0.2723 | Haloalkane=0.3230,
515999,4,3,7,Alkane | Ester | Ether | Haloalkane | Sulfone,Alcohol | Alkane | Amine | Arene,Ester | Ether | Haloalkane | Sulfone,Alcohol | Amine | Arene,Ester=0.1841 | Ether=0.3225 | Haloalkane=0.3782 | Sulfone=0.4418,Alcohol=0.5097 | Amine=0.6780 | Arene=0.7981
677656,3,4,7,Alkane | Amine | Sulfide | Thioamide,Alkane | Arene | Ester | Ether | Haloalkane,Amine | Sulfide | Thioamide,Arene | Ester | Ether | Haloalkane,Amine=0.2025 | Sulfide=0.1933 | Thioamide=0.0016,Arene=0.9624 | Ester=0.9386 | Ether=0.9664 | Haloalkane=0.7407
293868,6,1,7,Alkane | Amide | Amine | Arene | Carbamate | Ether | Haloalkane | Imide | Sulfide,Alkane | Arene | Haloalkane | Ketone,Amide | Amine | Carbamate | Ether | Imide | Sulfide,Ketone,Amide=0.0420 | Amine=0.4327 | Carbamate=0.0479 | Ether=0.0814 | Imide=0.0074 | Sulfide=0.1416,Ketone=0.6914
310662,5,2,7,Alcohol | Alkane | Arene | Carboxylic acid | Ether | Haloalkane | Nitrile | Sulfone,Alkane | Amine | Arene | Ester | Ether,Alcohol | Carboxylic acid | Haloalkane | Nitrile | Sulfone,Amine | Ester,Alcohol=0.2008 | Carboxylic acid=0.2026 | Haloalkane=0.4841 | Nitrile=0.3339 | Sulfone=0.0206,Amine=0.5250 | Ester=0.7121
347500,4,3,7,Alkane | Alkyne | Arene | Carbamate | Ether | Sulfonate,Alkane | Amide | Amine | Arene | Haloalkane,Alkyne | Carbamate | Ether | Sulfonate,Amide | Amine | Haloalkane,Alkyne=0.0008 | Carbamate=0.0092 | Ether=0.2465 | Sulfonate=0.0057,Amide=0.7713 | Amine=0.6521 | Haloalkane=0.6772
250490,6,1,7,Alcohol | Alkane | Amide | Amine | Arene | Ether | Haloalkane | Phenol,Alkyne | Arene | Haloalkane,Alcohol | Alkane | Amide | Amine | Ether | Phenol,Alkyne,Alcohol=0.1541 | Alkane=0.2355 | Amide=0.0473 | Amine=0.4332 | Ether=0.3531 | Phenol=0.0774,Alkyne=0.5091
501849,6,1,7,Alcohol | Alkane | Amine | Arene | Azo compound | Carboxylic acid | Phenol | Sulfonamide,Alkane | Arene | Haloalkane,Alcohol | Amine | Azo compound | Carboxylic acid | Phenol | Sulfonamide,Haloalkane,Alcohol=0.3425 | Amine=0.4381 | Azo compound=0.1533 | Carboxylic acid=0.2265 | Phenol=0.1959 | Sulfonamide=0.0412,Haloalkane=0.6798
306133,6,1,7,Alkane | Alkene | Amine | Arene | Carbamate | Ether | Haloalkane | Sulfonamide,Alcohol | Alkane | Ether,Alkene | Amine | Arene | Carbamate | Haloalkane | Sulfonamide,Alcohol,Alkene=0.0548 | Amine=0.3145 | Arene=0.0754 | Carbamate=0.0827 | Haloalkane=0.2554 | Sulfonamide=0.0138,Alcohol=0.8597
99786,5,2,7,Alcohol | Alkane | Amide | Arene | Haloalkane | Phenol,Alkane | Carbamate | Ether,Alcohol | Amide | Arene | Haloalkane | Phenol,Carbamate | Ether,Alcohol=0.2417 | Amide=0.2474 | Arene=0.2995 | Haloalkane=0.4441 | Phenol=0.0346,Carbamate=0.9055 | Ether=0.9492
136909,5,2,7,Alcohol | Alkane | Arene | Carboxylic acid | Haloalkane | Nitrile | Sulfide,Alkane | Arene | Carbamate | Ether,Alcohol | Carboxylic acid | Haloalkane | Nitrile | Sulfide,Carbamate | Ether,Alcohol=0.1796 | Carboxylic acid=0.0074 | Haloalkane=0.1479 | Nitrile=0.0146 | Sulfide=0.0450,Carbamate=0.9414 | Ether=0.9589
128639,7,0,7,Alcohol | Alkane | Alkene | Amide | Amine | Arene | Enamine | Ether | Ketone | Nitrile,Alkane | Arene | Ether,Alcohol | Alkene | Amide | Amine | Enamine | Ketone | Nitrile,,Alcohol=0.4520 | Alkene=0.2438 | Amide=0.4755 | Amine=0.3807 | Enamine=0.0351 | Ketone=0.4210 | Nitrile=0.1084,
233643,6,1,7,Alkane | Amine | Arene | Ester | Ether | Haloalkane | Sulfide | Sulfonamide,Alkane | Amide | Arene,Amine | Ester | Ether | Haloalkane | Sulfide | Sulfonamide,Amide,Amine=0.4690 | Ester=0.3872 | Ether=0.2876 | Haloalkane=0.4668 | Sulfide=0.1641 | Sulfonamide=0.3076,Amide=0.5645
679948,5,2,7,Alcohol | Alkane | Amide | Arene | Carboxylic acid | Ether | Nitrile,Alkane | Amine | Arene | Sulfonamide,Alcohol | Amide | Carboxylic acid | Ether | Nitrile,Amine | Sulfonamide,Alcohol=0.2146 | Amide=0.2828 | Carboxylic acid=0.1321 | Ether=0.1571 | Nitrile=0.0840,Amine=0.6472 | Sulfonamide=0.7835
32150,7,0,7,Alcohol | Alkane | Alkene | Arene | Ester | Ether | Haloalkane | Phenol,Alkane,Alcohol | Alkene | Arene | Ester | Ether | Haloalkane | Phenol,,Alcohol=0.4643 | Alkene=0.2146 | Arene=0.0765 | Ester=0.1527 | Ether=0.1252 | Haloalkane=0.3274 | Phenol=0.0380,
513096,3,4,7,Alcohol | Alkane | Arene | Carboxylic acid | Phenol,Alkane | Amide | Amine | Arene | Ether | Imide,Alcohol | Carboxylic acid | Phenol,Amide | Amine | Ether | Imide,Alcohol=0.1812 | Carboxylic acid=0.0327 | Phenol=0.0129,Amide=0.6835 | Amine=0.7392 | Ether=0.6705 | Imide=0.6668
762748,5,2,7,Alkane | Alkene | Amine | Arene | Haloalkane | Sulfide,Alkane | Ester | Ether,Alkene | Amine | Arene | Haloalkane | Sulfide,Ester | Ether,Alkene=0.0943 | Amine=0.3192 | Arene=0.0981 | Haloalkane=0.1043 | Sulfide=0.0529,Ester=0.8838 | Ether=0.8806
332116,4,3,7,Alkane | Amine | Ether | Haloalkane | Nitrile,Alcohol | Arene | Carboxylic acid | Haloalkane,Alkane | Amine | Ether | Nitrile,Alcohol | Arene | Carboxylic acid,Alkane=0.1479 | Amine=0.3121 | Ether=0.1451 | Nitrile=0.0196,Alcohol=0.5724 | Arene=0.9471 | Carboxylic acid=0.5701
596248,4,3,7,Alcohol | Arene | Carboxylic acid | Nitrile,Aldehyde | Alkane | Haloalkane,Alcohol | Arene | Carboxylic acid | Nitrile,Aldehyde | Alkane | Haloalkane,Alcohol=0.0990 | Arene=0.3447 | Carboxylic acid=0.0159 | Nitrile=0.0314,Aldehyde=0.6047 | Alkane=0.9896 | Haloalkane=0.5639
153202,5,2,7,Alkane | Amide | Amine | Arene | Haloalkane | Sulfide | Sulfonamide,Alkane | Arene | Carbamate | Ether,Amide | Amine | Haloalkane | Sulfide | Sulfonamide,Carbamate | Ether,Amide=0.0417 | Amine=0.2441 | Haloalkane=0.3322 | Sulfide=0.1428 | Sulfonamide=0.0382,Carbamate=0.9104 | Ether=0.9417
365172,4,3,7,Alkane | Arene | Ester | Ether | Sulfide,Alcohol | Alkane | Amide | Carboxylic acid,Arene | Ester | Ether | Sulfide,Alcohol | Amide | Carboxylic acid,Arene=0.0595 | Ester=0.1744 | Ether=0.0926 | Sulfide=0.0975,Alcohol=0.5524 | Amide=0.5493 | Carboxylic acid=0.6810
164863,4,3,7,Alcohol | Arene | Carboxylic acid | Ether | Haloalkane,Alkane | Amide | Amine | Arene,Alcohol | Carboxylic acid | Ether | Haloalkane,Alkane | Amide | Amine,Alcohol=0.3089 | Carboxylic acid=0.2193 | Ether=0.2388 | Haloalkane=0.4155,Alkane=0.9632 | Amide=0.7348 | Amine=0.5732
354311,5,2,7,Alkane | Arene | Carbamate | Ether | Haloalkane | Imide,Alcohol | Alkane | Carboxylic acid,Arene | Carbamate | Ether | Haloalkane | Imide,Alcohol | Carboxylic acid,Arene=0.0580 | Carbamate=0.0146 | Ether=0.4510 | Haloalkane=0.2511 | Imide=0.1394,Alcohol=0.8703 | Carboxylic acid=0.6521
4109,6,1,7,Alcohol | Alkane | Amine | Carboxylic acid | Haloalkane | Sulfonamide,Arene,Alcohol | Alkane | Amine | Carboxylic acid | Haloalkane | Sulfonamide,Arene,Alcohol=0.3801 | Alkane=0.4460 | Amine=0.4909 | Carboxylic acid=0.0137 | Haloalkane=0.4436 | Sulfonamide=0.0507,Arene=0.9823
742473,3,4,7,Alcohol | Alkane | Amide | Phenol,Alkane | Arene | Ester | Ether | Sulfone,Alcohol | Amide | Phenol,Arene | Ester | Ether | Sulfone,Alcohol=0.2703 | Amide=0.1526 | Phenol=0.0384,Arene=0.9752 | Ester=0.8629 | Ether=0.9072 | Sulfone=0.5488
690203,6,1,7,Alkane | Alkene | Amide | Arene | Carbamate | Ether | Imide | Sulfide,Alkane | Arene | Haloalkane,Alkene | Amide | Carbamate | Ether | Imide | Sulfide,Haloalkane,Alkene=0.0940 | Amide=0.3572 | Carbamate=0.0132 | Ether=0.1177 | Imide=0.0122 | Sulfide=0.4190,Haloalkane=0.5525
112284,5,2,7,Alcohol | Alkane | Amine | Arene | Carboxylic acid | Haloalkane | Sulfonamide,Alkane | Arene | Ester | Ether,Alcohol | Amine | Carboxylic acid | Haloalkane | Sulfonamide,Ester | Ether,Alcohol=0.3199 | Amine=0.1013 | Carboxylic acid=0.0514 | Haloalkane=0.2919 | Sulfonamide=0.0161,Ester=0.8002 | Ether=0.9350
294304,5,2,7,Alkane | Alkene | Amide | Arene | Enamine | Ether | Haloalkane,Alcohol | Alkane | Ether | Nitrile,Alkene | Amide | Arene | Enamine | Haloalkane,Alcohol | Nitrile,Alkene=0.1270 | Amide=0.0257 | Arene=0.1018 | Enamine=0.0124 | Haloalkane=0.4047,Alcohol=0.6194 | Nitrile=0.5316
476431,2,5,7,Alkane | Amide | Haloalkane,Alkane | Arene | Carbamate | Ester | Ether | Ketone,Amide | Haloalkane,Arene | Carbamate | Ester | Ether | Ketone,Amide=0.0694 | Haloalkane=0.0822,Arene=0.9826 | Carbamate=0.9269 | Ester=0.8976 | Ether=0.9699 | Ketone=0.6983
462552,6,1,7,Alkane | Alkyne | Amine | Arene | Ether | Haloalkane | Nitrile | Sulfide,Alkane | Amide | Arene,Alkyne | Amine | Ether | Haloalkane | Nitrile | Sulfide,Amide,Alkyne=0.0024 | Amine=0.2706 | Ether=0.0588 | Haloalkane=0.3854 | Nitrile=0.0162 | Sulfide=0.3326,Amide=0.7624
218768,4,3,7,Alkane | Alkene | Amide | Amine | Arene | Enamine | Hydrazone,Alkane | Alkene | Arene | Ester | Ether | Haloalkane,Amide | Amine | Enamine | Hydrazone,Ester | Ether | Haloalkane,Amide=0.1242 | Amine=0.1264 | Enamine=0.0299 | Hydrazone=0.0155,Ester=0.9171 | Ether=0.9568 | Haloalkane=0.6694
44186,4,3,7,Alkane | Amine | Carbamate | Ether | Haloalkane,Alcohol | Arene | Carboxylic acid | Haloalkane,Alkane | Amine | Carbamate | Ether,Alcohol | Arene | Carboxylic acid,Alkane=0.1584 | Amine=0.3516 | Carbamate=0.0078 | Ether=0.1244,Alcohol=0.5394 | Arene=0.8471 | Carboxylic acid=0.5726
536077,6,1,7,Alcohol | Alkene | Arene | Carbamate | Enol | Ether | Sulfone,Arene | Haloalkane,Alcohol | Alkene | Carbamate | Enol | Ether | Sulfone,Haloalkane,Alcohol=0.1504 | Alkene=0.1212 | Carbamate=0.0364 | Enol=0.0022 | Ether=0.1345 | Sulfone=0.0235,Haloalkane=0.6754
749451,4,3,7,Alkane | Carbamate | Ether | Hydrazine | Ketone,Alkane | Arene | Haloalkane | Sulfone,Carbamate | Ether | Hydrazine | Ketone,Arene | Haloalkane | Sulfone,Carbamate=0.0143 | Ether=0.0723 | Hydrazine=0.0173 | Ketone=0.0118,Arene=0.9834 | Haloalkane=0.7001 | Sulfone=0.9234
566700,5,2,7,Alkane | Alkene | Amide | Amine | Arene | Ether | Haloalkane,Alkane | Ester | Ether | Ketone,Alkene | Amide | Amine | Arene | Haloalkane,Ester | Ketone,Alkene=0.2794 | Amide=0.2021 | Amine=0.2150 | Arene=0.0638 | Haloalkane=0.0840,Ester=0.8500 | Ketone=0.7761
542330,3,4,7,Alcohol | Alkane | Ester | Ether,Alkane | Arene | Haloalkane | Ketone | Phenol,Alcohol | Ester | Ether,Arene | Haloalkane | Ketone | Phenol,Alcohol=0.3507 | Ester=0.0181 | Ether=0.1832,Arene=0.8803 | Haloalkane=0.5085 | Ketone=0.7860 | Phenol=0.8303
671316,6,1,7,Alcohol | Alkane | Alkene | Amide | Amine | Arene | Enamine | Enol | Sulfide | Sulfonamide,Alkane | Arene | Enamine | Enol | Haloalkane,Alcohol | Alkene | Amide | Amine | Sulfide | Sulfonamide,Haloalkane,Alcohol=0.1712 | Alkene=0.2331 | Amide=0.4052 | Amine=0.2105 | Sulfide=0.3363 | Sulfonamide=0.0923,Haloalkane=0.5095
441990,6,1,7,Alcohol | Alkane | Amide | Amine | Arene | Carboxylic acid | Hydrazone | Phenol,Alkane | Arene | Haloalkane,Alcohol | Amide | Amine | Carboxylic acid | Hydrazone | Phenol,Haloalkane,Alcohol=0.2168 | Amide=0.1508 | Amine=0.3499 | Carboxylic acid=0.0366 | Hydrazone=0.3019 | Phenol=0.2223,Haloalkane=0.6061
334759,4,3,7,Alkane | Carbamate | Ester | Ether | Imide,Alkane | Arene | Ketone | Phenol,Carbamate | Ester | Ether | Imide,Arene | Ketone | Phenol,Carbamate=0.0381 | Ester=0.0402 | Ether=0.2306 | Imide=0.0053,Arene=0.9926 | Ketone=0.6484 | Phenol=0.6974
509092,4,3,7,Alcohol | Alkane | Carbamate | Ester | Ether,Alkane | Amide | Amine | Arene,Alcohol | Carbamate | Ester | Ether,Amide | Amine | Arene,Alcohol=0.0811 | Carbamate=0.0137 | Ester=0.1473 | Ether=0.1729,Amide=0.8547 | Amine=0.8795 | Arene=0.9873
496332,5,2,7,Alkane | Amide | Amine | Arene | Haloalkane | Sulfide | Sulfonamide,Alkane | Arene | Ester | Ether,Amide | Amine | Haloalkane | Sulfide | Sulfonamide,Ester | Ether,Amide=0.4602 | Amine=0.3634 | Haloalkane=0.4311 | Sulfide=0.1478 | Sulfonamide=0.1288,Ester=0.9328 | Ether=0.9521
724862,5,2,7,Alcohol | Alkane | Amine | Carbamate | Ether | Nitrile,Alkane | Arene | Haloalkane,Alcohol | Amine | Carbamate | Ether | Nitrile,Arene | Haloalkane,Alcohol=0.3197 | Amine=0.2143 | Carbamate=0.0062 | Ether=0.2837 | Nitrile=0.4550,Arene=0.9852 | Haloalkane=0.5198
465506,6,1,7,Alkane | Amide | Amine | Arene | Ester | Ether | Hydrazine,Alkane | Ketone,Amide | Amine | Arene | Ester | Ether | Hydrazine,Ketone,Amide=0.0234 | Amine=0.2304 | Arene=0.0597 | Ester=0.0277 | Ether=0.1995 | Hydrazine=0.0067,Ketone=0.5824
165876,6,1,7,Alcohol | Alkane | Alkene | Amide | Amine | Arene | Ether | Ketone | Phenol,Alkane | Amide | Arene | Haloalkane,Alcohol | Alkene | Amine | Ether | Ketone | Phenol,Haloalkane,Alcohol=0.1572 | Alkene=0.0902 | Amine=0.3918 | Ether=0.1041 | Ketone=0.0105 | Phenol=0.0426,Haloalkane=0.7265
466019,3,4,7,Alkane | Alkene | Amine | Nitrile,Alkane | Amide | Arene | Ether | Imide,Alkene | Amine | Nitrile,Amide | Arene | Ether | Imide,Alkene=0.2634 | Amine=0.2913 | Nitrile=0.0706,Amide=0.8366 | Arene=0.9855 | Ether=0.7567 | Imide=0.6953
579402,6,1,7,Alcohol | Alkane | Amine | Arene | Carboxylic acid | Ester | Ether,Arene | Haloalkane,Alcohol | Alkane | Amine | Carboxylic acid | Ester | Ether,Haloalkane,Alcohol=0.2788 | Alkane=0.3359 | Amine=0.2180 | Carboxylic acid=0.0224 | Ester=0.0138 | Ether=0.3130,Haloalkane=0.5503
446906,7,0,7,Alcohol | Alkane | Alkene | Amide | Amine | Carbamate | Carboxylic acid | Enamine | Ether | Sulfide,Alkane | Enamine | Ether,Alcohol | Alkene | Amide | Amine | Carbamate | Carboxylic acid | Sulfide,,Alcohol=0.4624 | Alkene=0.1761 | Amide=0.4757 | Amine=0.4312 | Carbamate=0.1012 | Carboxylic acid=0.2911 | Sulfide=0.3043,
672925,5,2,7,Alkane | Amide | Amine | Arene | Haloalkane | Sulfonamide,Alkane | Ester | Ether,Amide | Amine | Arene | Haloalkane | Sulfonamide,Ester | Ether,Amide=0.0480 | Amine=0.2507 | Arene=0.0428 | Haloalkane=0.2137 | Sulfonamide=0.0115,Ester=0.6326 | Ether=0.7088
561661,3,4,7,Alkane | Amide | Arene | Sulfonate,Alkane | Ester | Ether | Haloalkane | Ketone,Amide | Arene | Sulfonate,Ester | Ether | Haloalkane | Ketone,Amide=0.4668 | Arene=0.3294 | Sulfonate=0.0283,Ester=0.9131 | Ether=0.9633 | Haloalkane=0.5185 | Ketone=0.7607
610323,5,2,7,Alkane | Amine | Arene | Ester | Ether | Haloalkane | Sulfide,Alcohol | Alkane | Arene | Ketone,Amine | Ester | Ether | Haloalkane | Sulfide,Alcohol | Ketone,Amine=0.2458 | Ester=0.0405 | Ether=0.1224 | Haloalkane=0.3031 | Sulfide=0.1149,Alcohol=0.5301 | Ketone=0.7756
224363,4,3,7,Alcohol | Alkane | Alkene | Amide | Arene | Haloalkane | Phenol,Alkane | Amine | Arene | Ester | Ether | Haloalkane,Alcohol | Alkene | Amide | Phenol,Amine | Ester | Ether,Alcohol=0.2843 | Alkene=0.3472 | Amide=0.3974 | Phenol=0.0541,Amine=0.5540 | Ester=0.5550 | Ether=0.7756
613177,5,2,7,Alcohol | Alkane | Alkene | Arene | Carboxylic acid | Ether | Sulfone,Alkane | Amide | Arene | Haloalkane,Alcohol | Alkene | Carboxylic acid | Ether | Sulfone,Amide | Haloalkane,Alcohol=0.2436 | Alkene=0.1158 | Carboxylic acid=0.1889 | Ether=0.0909 | Sulfone=0.1589,Amide=0.6235 | Haloalkane=0.8184
754509,4,3,7,Alcohol | Alkane | Amide | Amine | Arene | Sulfide,Alkane | Arene | Carbamate | Ester | Ether,Alcohol | Amide | Amine | Sulfide,Carbamate | Ester | Ether,Alcohol=0.1037 | Amide=0.0832 | Amine=0.2408 | Sulfide=0.0851,Carbamate=0.8012 | Ester=0.8909 | Ether=0.9827
267540,4,3,7,Alkane | Amide | Arene | Haloalkane | Nitrile | Sulfide,Alcohol | Alkane | Arene | Carbamate | Ether,Amide | Haloalkane | Nitrile | Sulfide,Alcohol | Carbamate | Ether,Amide=0.4845 | Haloalkane=0.1791 | Nitrile=0.0096 | Sulfide=0.1047,Alcohol=0.5561 | Carbamate=0.5963 | Ether=0.5994
770031,5,2,7,Alcohol | Alkane | Alkene | Carbamate | Carboxylic acid | Ether,Alkane | Amide | Amine,Alcohol | Alkene | Carbamate | Carboxylic acid | Ether,Amide | Amine,Alcohol=0.3218 | Alkene=0.3471 | Carbamate=0.3997 | Carboxylic acid=0.1810 | Ether=0.4039,Amide=0.6343 | Amine=0.5204
672596,6,1,7,Alcohol | Alkane | Amide | Arene | Carboxylic acid | Haloalkane | Phenol,Aldehyde | Arene,Alcohol | Alkane | Amide | Carboxylic acid | Haloalkane | Phenol,Aldehyde,Alcohol=0.1263 | Alkane=0.3583 | Amide=0.0512 | Carboxylic acid=0.0160 | Haloalkane=0.4607 | Phenol=0.0562,Aldehyde=0.7963
447349,5,2,7,Alkene | Amide | Amine | Arene | Haloalkane | Hydrazine | Imide,Alcohol | Arene | Carboxylic acid | Haloalkane,Alkene | Amide | Amine | Hydrazine | Imide,Alcohol | Carboxylic acid,Alkene=0.1191 | Amide=0.2748 | Amine=0.3157 | Hydrazine=0.0128 | Imide=0.0123,Alcohol=0.6356 | Carboxylic acid=0.6363
93582,4,3,7,Alcohol | Alkane | Carbamate | Carboxylic acid | Ether,Alkane | Amide | Arene | Haloalkane,Alcohol | Carbamate | Carboxylic acid | Ether,Amide | Arene | Haloalkane,Alcohol=0.2133 | Carbamate=0.0137 | Carboxylic acid=0.1009 | Ether=0.0726,Amide=0.6414 | Arene=0.8702 | Haloalkane=0.6130
585706,5,2,7,Alcohol | Alkane | Arene | Carbamate | Carboxylic acid | Ester | Ether,Alkane | Amide | Arene | Haloalkane,Alcohol | Carbamate | Carboxylic acid | Ester | Ether,Amide | Haloalkane,Alcohol=0.4544 | Carbamate=0.0271 | Carboxylic acid=0.4470 | Ester=0.3952 | Ether=0.1855,Amide=0.5290 | Haloalkane=0.7418
302135,6,1,7,Alcohol | Alkene | Amide | Arene | Ether | Phenol | Thioamide,Arene | Haloalkane,Alcohol | Alkene | Amide | Ether | Phenol | Thioamide,Haloalkane,Alcohol=0.2793 | Alkene=0.1005 | Amide=0.1114 | Ether=0.2067 | Phenol=0.2833 | Thioamide=0.0946,Haloalkane=0.5939
452854,5,2,7,Alcohol | Alkane | Amide | Carbamate | Ether | Haloalkane | Imide,Alkane | Amine | Arene | Ether,Alcohol | Amide | Carbamate | Haloalkane | Imide,Amine | Arene,Alcohol=0.1324 | Amide=0.0641 | Carbamate=0.0080 | Haloalkane=0.2847 | Imide=0.0014,Amine=0.6512 | Arene=0.9782
392810,3,4,7,Alcohol | Alkane | Arene | Carboxylic acid | Sulfide,Alkane | Amide | Amine | Arene | Ether | Haloalkane,Alcohol | Carboxylic acid | Sulfide,Amide | Amine | Ether | Haloalkane,Alcohol=0.2138 | Carboxylic acid=0.0497 | Sulfide=0.1588,Amide=0.8562 | Amine=0.5512 | Ether=0.8701 | Haloalkane=0.5764
480988,4,3,7,Alcohol | Alkane | Arene | Carboxylic acid | Sulfide,Alkane | Amine | Ether | Haloalkane,Alcohol | Arene | Carboxylic acid | Sulfide,Amine | Ether | Haloalkane,Alcohol=0.1297 | Arene=0.0609 | Carboxylic acid=0.0344 | Sulfide=0.1205,Amine=0.6102 | Ether=0.5034 | Haloalkane=0.5527
345262,6,1,7,Alcohol | Alkane | Amine | Arene | Carboxylic acid | Haloalkane | Hydrazone | Sulfonamide,Aldehyde | Alkane | Arene,Alcohol | Amine | Carboxylic acid | Haloalkane | Hydrazone | Sulfonamide,Aldehyde,Alcohol=0.1607 | Amine=0.1275 | Carboxylic acid=0.1114 | Haloalkane=0.3893 | Hydrazone=0.0146 | Sulfonamide=0.0299,Aldehyde=0.7797
537555,2,5,7,Alkane | Alkene | Sulfonate,Alcohol | Alkane | Arene | Carbamate | Ether | Haloalkane,Alkene | Sulfonate,Alcohol | Arene | Carbamate | Ether | Haloalkane,Alkene=0.0959 | Sulfonate=0.0050,Alcohol=0.7365 | Arene=0.9796 | Carbamate=0.9721 | Ether=0.7727 | Haloalkane=0.6103
77963,5,2,7,Alkane | Amide | Arene | Haloalkane | Ketone,Alcohol | Carboxylic acid,Alkane | Amide | Arene | Haloalkane | Ketone,Alcohol | Carboxylic acid,Alkane=0.1958 | Amide=0.4285 | Arene=0.1150 | Haloalkane=0.4333 | Ketone=0.0099,Alcohol=0.8104 | Carboxylic acid=0.7688
296338,4,3,7,Alcohol | Alkane | Amine | Arene | Carboxylic acid | Ether | Sulfonamide,Alkane | Arene | Ester | Ether | Haloalkane | Ketone,Alcohol | Amine | Carboxylic acid | Sulfonamide,Ester | Haloalkane | Ketone,Alcohol=0.0950 | Amine=0.4577 | Carboxylic acid=0.0285 | Sulfonamide=0.0609,Ester=0.6142 | Haloalkane=0.5340 | Ketone=0.7735
391504,5,2,7,Alcohol | Alkane | Amine | Arene | Ether | Haloalkane | Sulfide,Alkane | Amide | Carbamate | Ether,Alcohol | Amine | Arene | Haloalkane | Sulfide,Amide | Carbamate,Alcohol=0.4225 | Amine=0.3794 | Arene=0.0685 | Haloalkane=0.1749 | Sulfide=0.0484,Amide=0.7055 | Carbamate=0.9327
445840,6,1,7,Alcohol | Alkane | Alkene | Amide | Phenol | Sulfide | Thioamide,Alkane | Ketone,Alcohol | Alkene | Amide | Phenol | Sulfide | Thioamide,Ketone,Alcohol=0.2196 | Alkene=0.1661 | Amide=0.4117 | Phenol=0.3028 | Sulfide=0.4306 | Thioamide=0.0074,Ketone=0.7289
483038,5,2,7,Alkane | Alkyne | Arene | Carbamate | Ether | Haloalkane | Ketone,Alkane | Amide | Amine | Arene,Alkyne | Carbamate | Ether | Haloalkane | Ketone,Amide | Amine,Alkyne=0.0021 | Carbamate=0.0232 | Ether=0.3212 | Haloalkane=0.3421 | Ketone=0.0154,Amide=0.8111 | Amine=0.7720
653006,6,1,7,Alkene | Amide | Amine | Arene | Enamine | Haloalkane | Ketone | Nitrile,Alkane | Arene | Haloalkane,Alkene | Amide | Amine | Enamine | Ketone | Nitrile,Alkane,Alkene=0.2138 | Amide=0.1788 | Amine=0.1877 | Enamine=0.0225 | Ketone=0.4953 | Nitrile=0.0491,Alkane=0.5510
499721,5,2,7,Alkane | Alkene | Amide | Amine | Arene | Imide | Sulfide,Alkane | Arene | Ester | Ether,Alkene | Amide | Amine | Imide | Sulfide,Ester | Ether,Alkene=0.1594 | Amide=0.2630 | Amine=0.3053 | Imide=0.0376 | Sulfide=0.3470,Ester=0.6908 | Ether=0.7995
333,5,2,7,Alkane | Arene | Ether | Haloalkane | Ketone | Sulfide,Alcohol | Alkane | Carboxylic acid,Arene | Ether | Haloalkane | Ketone | Sulfide,Alcohol | Carboxylic acid,Arene=0.1911 | Ether=0.1203 | Haloalkane=0.4194 | Ketone=0.0121 | Sulfide=0.0931,Alcohol=0.5976 | Carboxylic acid=0.5435
483001,5,2,7,Alcohol | Alkane | Amide | Carboxylic acid | Phenol,Arene | Haloalkane,Alcohol | Alkane | Amide | Carboxylic acid | Phenol,Arene | Haloalkane,Alcohol=0.3810 | Alkane=0.2648 | Amide=0.0342 | Carboxylic acid=0.0272 | Phenol=0.0647,Arene=0.8802 | Haloalkane=0.6118
412437,5,2,7,Alcohol | Alkane | Amide | Arene | Carboxylic acid | Phenol,Arene | Haloalkane | Ketone,Alcohol | Alkane | Amide | Carboxylic acid | Phenol,Haloalkane | Ketone,Alcohol=0.1472 | Alkane=0.1711 | Amide=0.0272 | Carboxylic acid=0.0233 | Phenol=0.0209,Haloalkane=0.9067 | Ketone=0.6519
41047,7,0,7,Alkane | Alkene | Amine | Arene | Enamine | Ether | Haloalkane | Ketone | Sulfide,Arene | Haloalkane,Alkane | Alkene | Amine | Enamine | Ether | Ketone | Sulfide,,Alkane=0.4157 | Alkene=0.1085 | Amine=0.3527 | Enamine=0.0211 | Ether=0.4398 | Ketone=0.0118 | Sulfide=0.1429,
556865,2,5,7,Alkane | Arene | Haloalkane | Sulfoxide,Alkane | Amide | Amine | Arene | Carbamate | Ether | Sulfone,Haloalkane | Sulfoxide,Amide | Amine | Carbamate | Ether | Sulfone,Haloalkane=0.2231 | Sulfoxide=0.0019,Amide=0.8080 | Amine=0.6617 | Carbamate=0.7773 | Ether=0.8712 | Sulfone=0.5754
468156,6,1,7,Alkane | Alkene | Amine | Arene | Enamine | Ester | Ether | Haloalkane | Ketone,Alkane | Arene | Haloalkane | Phenol,Alkene | Amine | Enamine | Ester | Ether | Ketone,Phenol,Alkene=0.0728 | Amine=0.4376 | Enamine=0.0046 | Ester=0.0122 | Ether=0.1018 | Ketone=0.0114,Phenol=0.7982
652171,6,1,7,Alcohol | Alkane | Amide | Arene | Haloalkane | Phenol | Sulfide,Alkane | Nitrile,Alcohol | Amide | Arene | Haloalkane | Phenol | Sulfide,Nitrile,Alcohol=0.3116 | Amide=0.0558 | Arene=0.1100 | Haloalkane=0.1894 | Phenol=0.0077 | Sulfide=0.0571,Nitrile=0.7929
765872,4,3,7,Alcohol | Alkane | Amide | Arene | Carboxylic acid | Sulfide,Alkane | Arene | Ester | Ether | Haloalkane,Alcohol | Amide | Carboxylic acid | Sulfide,Ester | Ether | Haloalkane,Alcohol=0.1048 | Amide=0.0840 | Carboxylic acid=0.0200 | Sulfide=0.2093,Ester=0.9229 | Ether=0.9580 | Haloalkane=0.7018
593860,7,0,7,Alcohol | Alkene | Amide | Amine | Arene | Enamine | Enol | Sulfonamide,Arene,Alcohol | Alkene | Amide | Amine | Enamine | Enol | Sulfonamide,,Alcohol=0.3389 | Alkene=0.1392 | Amide=0.3632 | Amine=0.2330 | Enamine=0.0178 | Enol=0.0215 | Sulfonamide=0.0293,
493636,6,1,7,Alcohol | Alkane | Amide | Amine | Arene | Carboxylic acid | Ether | Sulfonamide,Alkane | Amide | Haloalkane,Alcohol | Amine | Arene | Carboxylic acid | Ether | Sulfonamide,Haloalkane,Alcohol=0.3755 | Amine=0.4102 | Arene=0.0792 | Carboxylic acid=0.4393 | Ether=0.0800 | Sulfonamide=0.0318,Haloalkane=0.8281
524705,6,1,7,Alcohol | Alkane | Alkyne | Amide | Arene | Carboxylic acid | Ether | Imide | Sulfide | Sulfone,Alkane | Amide | Arene | Ester | Ether,Alcohol | Alkyne | Carboxylic acid | Imide | Sulfide | Sulfone,Ester,Alcohol=0.4145 | Alkyne=0.3876 | Carboxylic acid=0.2229 | Imide=0.0627 | Sulfide=0.0672 | Sulfone=0.2512,Ester=0.5837
344529,5,2,7,Alcohol | Alkane | Alkene | Arene | Ester | Ether | Phenol,Alkane | Amide | Amine | Arene,Alcohol | Alkene | Ester | Ether | Phenol,Amide | Amine,Alcohol=0.2255 | Alkene=0.2021 | Ester=0.0561 | Ether=0.1346 | Phenol=0.1987,Amide=0.5838 | Amine=0.6435
253927,4,3,7,Alcohol | Alkane | Amine | Arene | Carboxylic acid | Ether | Haloalkane,Alkane | Amide | Arene | Carbamate | Ether | Nitrile,Alcohol | Amine | Carboxylic acid | Haloalkane,Amide | Carbamate | Nitrile,Alcohol=0.1116 | Amine=0.1875 | Carboxylic acid=0.0749 | Haloalkane=0.2605,Amide=0.7130 | Carbamate=0.9071 | Nitrile=0.8325
385232,5,2,7,Alcohol | Alkane | Alkene | Amide | Amine | Carboxylic acid | Imide,Alkane | Amide | Arene | Ketone,Alcohol | Alkene | Amine | Carboxylic acid | Imide,Arene | Ketone,Alcohol=0.2044 | Alkene=0.1190 | Amine=0.1326 | Carboxylic acid=0.0893 | Imide=0.0152,Arene=0.9530 | Ketone=0.9046
526179,5,2,7,Aldehyde | Alkane | Alkene | Amine | Arene | Enamine | Ester | Ether,Alkane | Amide | Arene | Ether | Imide,Aldehyde | Alkene | Amine | Enamine | Ester,Amide | Imide,Aldehyde=0.0034 | Alkene=0.2827 | Amine=0.1150 | Enamine=0.0287 | Ester=0.4250,Amide=0.6259 | Imide=0.9011
142885,6,1,7,Alcohol | Alkane | Alkene | Arene | Enol | Ester | Ether | Sulfide,Alkane | Amide | Arene,Alcohol | Alkene | Enol | Ester | Ether | Sulfide,Amide,Alcohol=0.3884 | Alkene=0.2177 | Enol=0.4801 | Ester=0.2593 | Ether=0.3184 | Sulfide=0.1833,Amide=0.7578
237848,5,2,7,Alcohol | Alkane | Amide | Amine | Arene | Carboxylic acid | Hydrazone,Alkane | Arene | Ether | Haloalkane,Alcohol | Amide | Amine | Carboxylic acid | Hydrazone,Ether | Haloalkane,Alcohol=0.4313 | Amide=0.3175 | Amine=0.3247 | Carboxylic acid=0.1362 | Hydrazone=0.0441,Ether=0.9479 | Haloalkane=0.7085
321990,5,2,7,Alcohol | Alkane | Amide | Amine | Sulfide | Sulfonamide,Alkane | Arene | Haloalkane,Alcohol | Amide | Amine | Sulfide | Sulfonamide,Arene | Haloalkane,Alcohol=0.1785 | Amide=0.0418 | Amine=0.2800 | Sulfide=0.2456 | Sulfonamide=0.0222,Arene=0.9298 | Haloalkane=0.5298
317765,6,1,7,Alcohol | Alkane | Alkene | Amine | Arene | Carboxylic acid | Enamine | Haloalkane | Sulfide,Alkane | Arene | Ether | Haloalkane,Alcohol | Alkene | Amine | Carboxylic acid | Enamine | Sulfide,Ether,Alcohol=0.3836 | Alkene=0.1545 | Amine=0.1381 | Carboxylic acid=0.2105 | Enamine=0.0444 | Sulfide=0.1495,Ether=0.8161
423768,4,3,7,Alcohol | Alkane | Amine | Arene | Carboxylic acid | Sulfonamide,Alkane | Arene | Ester | Ether | Haloalkane,Alcohol | Amine | Carboxylic acid | Sulfonamide,Ester | Ether | Haloalkane,Alcohol=0.1274 | Amine=0.4538 | Carboxylic acid=0.0488 | Sulfonamide=0.0504,Ester=0.7496 | Ether=0.5877 | Haloalkane=0.6459
506263,6,1,7,Alcohol | Alkane | Alkene | Arene | Carboxylic acid | Ether | Ketone | Sulfide,Alkane | Ester | Ether,Alcohol | Alkene | Arene | Carboxylic acid | Ketone | Sulfide,Ester,Alcohol=0.3044 | Alkene=0.0444 | Arene=0.0618 | Carboxylic acid=0.1172 | Ketone=0.0113 | Sulfide=0.0558,Ester=0.6545
531343,1,6,7,Arene | Haloalkane,Alcohol | Alkane | Alkyne | Amide | Arene | Carboxylic acid | Ether,Haloalkane,Alcohol | Alkane | Alkyne | Amide | Carboxylic acid | Ether,Haloalkane=0.3807,Alcohol=0.6392 | Alkane=0.8337 | Alkyne=0.5548 | Amide=0.7657 | Carboxylic acid=0.5159 | Ether=0.8849
180999,5,2,7,Alcohol | Alkane | Amide | Amine | Sulfide | Sulfonamide,Alkane | Ether | Haloalkane,Alcohol | Amide | Amine | Sulfide | Sulfonamide,Ether | Haloalkane,Alcohol=0.3548 | Amide=0.3271 | Amine=0.3359 | Sulfide=0.0950 | Sulfonamide=0.0204,Ether=0.7812 | Haloalkane=0.5525
255951,4,3,7,Alcohol | Aldehyde | Alkane | Amine | Arene | Phenol,Alkane | Amide | Arene | Carbamate | Ether,Alcohol | Aldehyde | Amine | Phenol,Amide | Carbamate | Ether,Alcohol=0.4328 | Aldehyde=0.0053 | Amine=0.3026 | Phenol=0.3388,Amide=0.6360 | Carbamate=0.7495 | Ether=0.9445
771337,5,2,7,Alcohol | Alkane | Alkene | Amine | Arene | Enamine | Haloalkane | Ketone,Aldehyde | Alkane | Arene | Ether | Haloalkane,Alcohol | Alkene | Amine | Enamine | Ketone,Aldehyde | Ether,Alcohol=0.2180 | Alkene=0.2325 | Amine=0.2578 | Enamine=0.0074 | Ketone=0.1482,Aldehyde=0.7883 | Ether=0.7095
337634,5,2,7,Alkane | Alkene | Amine | Enamine | Ester | Ether | Ketone,Alkane | Arene | Ether | Phenol,Alkene | Amine | Enamine | Ester | Ketone,Arene | Phenol,Alkene=0.1266 | Amine=0.1357 | Enamine=0.0197 | Ester=0.3388 | Ketone=0.0724,Arene=0.5512 | Phenol=0.6273
699933,5,2,7,Alkane | Amide | Amine | Arene | Ether | Nitrile,Alcohol | Alkane | Haloalkane,Amide | Amine | Arene | Ether | Nitrile,Alcohol | Haloalkane,Amide=0.0348 | Amine=0.2184 | Arene=0.0587 | Ether=0.1833 | Nitrile=0.0389,Alcohol=0.5028 | Haloalkane=0.8038
493434,5,2,7,Alcohol | Alkane | Alkene | Amide | Arene | Phenol | Sulfide,Alkane | Arene | Enol | Ether,Alcohol | Alkene | Amide | Phenol | Sulfide,Enol | Ether,Alcohol=0.1971 | Alkene=0.1748 | Amide=0.4366 | Phenol=0.0405 | Sulfide=0.1087,Enol=0.8347 | Ether=0.7388
609218,2,5,7,Aldehyde | Alkane | Amide | Haloalkane,Alkane | Amide | Amine | Arene | Ether | Imide | Sulfide,Aldehyde | Haloalkane,Amine | Arene | Ether | Imide | Sulfide,Aldehyde=0.0090 | Haloalkane=0.3255,Amine=0.6110 | Arene=0.9702 | Ether=0.8001 | Imide=0.8689 | Sulfide=0.6293
269925,6,1,7,Alcohol | Alkane | Amide | Amine | Arene | Haloalkane | Ketone | Sulfide,Alkane | Arene | Ether,Alcohol | Amide | Amine | Haloalkane | Ketone | Sulfide,Ether,Alcohol=0.3125 | Amide=0.3460 | Amine=0.2414 | Haloalkane=0.4812 | Ketone=0.4860 | Sulfide=0.2213,Ether=0.9536
649911,2,5,7,Alkane | Amine | Ether | Sulfide,Alkane | Alkene | Arene | Enamine | Ester | Ether | Ketone,Amine | Sulfide,Alkene | Arene | Enamine | Ester | Ketone,Amine=0.2402 | Sulfide=0.1242,Alkene=0.7243 | Arene=0.9747 | Enamine=0.9115 | Ester=0.9417 | Ketone=0.8210
312043,4,3,7,Amine | Arene | Ether | Nitrile | Sulfide | Thiol,Alcohol | Alkane | Amide | Arene | Ether,Amine | Nitrile | Sulfide | Thiol,Alcohol | Alkane | Amide,Amine=0.1962 | Nitrile=0.0182 | Sulfide=0.2187 | Thiol=0.0199,Alcohol=0.6766 | Alkane=0.8708 | Amide=0.7876
583876,4,3,7,Alkane | Alkene | Amide | Amine | Enamine | Sulfide,Alkane | Amine | Arene | Ether | Haloalkane,Alkene | Amide | Enamine | Sulfide,Arene | Ether | Haloalkane,Alkene=0.0899 | Amide=0.2148 | Enamine=0.0061 | Sulfide=0.1489,Arene=0.9791 | Ether=0.6972 | Haloalkane=0.5312
137120,5,2,7,Alcohol | Alkane | Arene | Ether | Nitrile | Phenol | Sulfide,Alkane | Amide | Amine | Arene,Alcohol | Ether | Nitrile | Phenol | Sulfide,Amide | Amine,Alcohol=0.1301 | Ether=0.1194 | Nitrile=0.1576 | Phenol=0.0440 | Sulfide=0.0922,Amide=0.7481 | Amine=0.7614
486017,3,4,7,Alkane | Amide | Amine,Alcohol | Carboxylic acid | Ether | Haloalkane,Alkane | Amide | Amine,Alcohol | Carboxylic acid | Ether | Haloalkane,Alkane=0.2269 | Amide=0.2558 | Amine=0.2357,Alcohol=0.5315 | Carboxylic acid=0.5327 | Ether=0.6317 | Haloalkane=0.5282
278425,5,2,7,Alcohol | Alkane | Amide | Arene | Carboxylic acid | Ether | Haloalkane | Sulfide,Alkane | Alkyne | Arene | Ester | Ether,Alcohol | Amide | Carboxylic acid | Haloalkane | Sulfide,Alkyne | Ester,Alcohol=0.1732 | Amide=0.1501 | Carboxylic acid=0.0315 | Haloalkane=0.4780 | Sulfide=0.0903,Alkyne=0.8979 | Ester=0.8433
100199,6,1,7,Alcohol | Alkane | Amine | Arene | Carbamate | Ether | Nitrile | Phenol,Alkane | Amide | Arene,Alcohol | Amine | Carbamate | Ether | Nitrile | Phenol,Amide,Alcohol=0.3127 | Amine=0.3408 | Carbamate=0.0053 | Ether=0.1657 | Nitrile=0.0455 | Phenol=0.3367,Amide=0.5029
791242,5,2,7,Alkene | Amide | Arene | Haloalkane | Sulfide | Thioamide,Alkane | Amide | Amine,Alkene | Arene | Haloalkane | Sulfide | Thioamide,Alkane | Amine,Alkene=0.0941 | Arene=0.0683 | Haloalkane=0.1725 | Sulfide=0.1195 | Thioamide=0.0027,Alkane=0.9949 | Amine=0.7525
738328,3,4,7,Alcohol | Alkane | Alkyne | Amine,Alkane | Amide | Arene | Ether | Haloalkane,Alcohol | Alkyne | Amine,Amide | Arene | Ether | Haloalkane,Alcohol=0.2968 | Alkyne=0.4420 | Amine=0.3029,Amide=0.5725 | Arene=0.8118 | Ether=0.7464 | Haloalkane=0.5990
93483,4,3,7,Alcohol | Alkane | Amine | Arene | Haloalkane | Phenol,Alkane | Alkene | Arene | Ether | Ketone,Alcohol | Amine | Haloalkane | Phenol,Alkene | Ether | Ketone,Alcohol=0.2828 | Amine=0.1011 | Haloalkane=0.2676 | Phenol=0.0261,Alkene=0.5140 | Ether=0.9267 | Ketone=0.7508
306462,5,2,7,Alkane | Arene | Ester | Ether | Haloalkane | Nitrile,Alkane | Amine | Ketone,Arene | Ester | Ether | Haloalkane | Nitrile,Amine | Ketone,Arene=0.0709 | Ester=0.0186 | Ether=0.1077 | Haloalkane=0.4128 | Nitrile=0.0113,Amine=0.6575 | Ketone=0.6329
275133,6,1,7,Alcohol | Alkane | Alkyne | Amide | Amine | Arene | Ether | Phenol | Sulfonamide,Alkane | Arene | Ether | Haloalkane,Alcohol | Alkyne | Amide | Amine | Phenol | Sulfonamide,Haloalkane,Alcohol=0.3889 | Alkyne=0.4932 | Amide=0.3283 | Amine=0.4180 | Phenol=0.0488 | Sulfonamide=0.2592,Haloalkane=0.6497
510189,6,1,7,Alkane | Alkene | Amide | Amine | Arene | Enamine | Imide | Sulfonate,Alkane | Arene | Ether,Alkene | Amide | Amine | Enamine | Imide | Sulfonate,Ether,Alkene=0.1415 | Amide=0.3379 | Amine=0.2729 | Enamine=0.2177 | Imide=0.1076 | Sulfonate=0.4473,Ether=0.5344
465420,5,2,7,Alcohol | Alkane | Amine | Arene | Carboxylic acid | Sulfide | Sulfone,Alkane | Amide | Arene | Ether,Alcohol | Amine | Carboxylic acid | Sulfide | Sulfone,Amide | Ether,Alcohol=0.4206 | Amine=0.3507 | Carboxylic acid=0.2511 | Sulfide=0.2151 | Sulfone=0.0556,Amide=0.7468 | Ether=0.6843
162052,5,2,7,Alcohol | Alkane | Amide | Amine | Arene | Carboxylic acid | Ether | Hydrazone,Alkane | Arene | Carbamate | Ester | Ether,Alcohol | Amide | Amine | Carboxylic acid | Hydrazone,Carbamate | Ester,Alcohol=0.0746 | Amide=0.2286 | Amine=0.1380 | Carboxylic acid=0.0244 | Hydrazone=0.0016,Carbamate=0.9071 | Ester=0.8706
647615,6,1,7,Alcohol | Alkane | Alkene | Amide | Arene | Carboxylic acid | Enamine | Imide | Nitrile,Alkane | Amide | Arene | Haloalkane,Alcohol | Alkene | Carboxylic acid | Enamine | Imide | Nitrile,Haloalkane,Alcohol=0.2645 | Alkene=0.2013 | Carboxylic acid=0.2318 | Enamine=0.0086 | Imide=0.0685 | Nitrile=0.3771,Haloalkane=0.6098
114277,3,4,7,Amide | Amine | Arene | Hydrazine,Alcohol | Alkane | Arene | Carboxylic acid | Haloalkane,Amide | Amine | Hydrazine,Alcohol | Alkane | Carboxylic acid | Haloalkane,Amide=0.4969 | Amine=0.1399 | Hydrazine=0.1789,Alcohol=0.5909 | Alkane=0.5273 | Carboxylic acid=0.6193 | Haloalkane=0.5611
262522,2,5,7,Alkane | Alkene | Amine,Alcohol | Alkane | Amide | Arene | Ether | Haloalkane,Alkene | Amine,Alcohol | Amide | Arene | Ether | Haloalkane,Alkene=0.1916 | Amine=0.3797,Alcohol=0.5383 | Amide=0.5074 | Arene=0.9722 | Ether=0.9338 | Haloalkane=0.5101
545766,2,5,7,Alkane | Amine | Ketone,Alcohol | Alkane | Arene | Carbamate | Carboxylic acid | Ether,Amine | Ketone,Alcohol | Arene | Carbamate | Carboxylic acid | Ether,Amine=0.3059 | Ketone=0.0091,Alcohol=0.6021 | Arene=0.9556 | Carbamate=0.9403 | Carboxylic acid=0.5343 | Ether=0.9685
411441,4,3,7,Alcohol | Alkane | Alkene | Amine | Arene | Enol | Sulfonamide,Alkane | Amine | Arene | Ester | Ether | Haloalkane,Alcohol | Alkene | Enol | Sulfonamide,Ester | Ether | Haloalkane,Alcohol=0.1991 | Alkene=0.1143 | Enol=0.0033 | Sulfonamide=0.0434,Ester=0.8580 | Ether=0.9048 | Haloalkane=0.7220
154091,6,1,7,Alcohol | Alkane | Alkene | Amide | Arene | Carboxylic acid | Ester | Ether,Alkane | Amine | Arene,Alcohol | Alkene | Amide | Carboxylic acid | Ester | Ether,Amine,Alcohol=0.3726 | Alkene=0.0652 | Amide=0.0591 | Carboxylic acid=0.0062 | Ester=0.0188 | Ether=0.1928,Amine=0.9349
302411,4,3,7,Alkane | Alkene | Amide | Amine | Ether | Sulfide,Alkane | Arene | Ester | Ether | Haloalkane,Alkene | Amide | Amine | Sulfide,Arene | Ester | Haloalkane,Alkene=0.0869 | Amide=0.1658 | Amine=0.2301 | Sulfide=0.2039,Arene=0.8554 | Ester=0.9353 | Haloalkane=0.5009
190921,4,3,7,Alkane | Amide | Arene | Ether | Ketone,Aldehyde | Arene | Haloalkane | Sulfonate,Alkane | Amide | Ether | Ketone,Aldehyde | Haloalkane | Sulfonate,Alkane=0.2460 | Amide=0.0431 | Ether=0.1729 | Ketone=0.0868,Aldehyde=0.7934 | Haloalkane=0.7870 | Sulfonate=0.8043
635186,3,4,7,Alcohol | Alkane | Alkene | Haloalkane,Alkane | Amide | Arene | Carbamate | Ether,Alcohol | Alkene | Haloalkane,Amide | Arene | Carbamate | Ether,Alcohol=0.1619 | Alkene=0.0877 | Haloalkane=0.3135,Amide=0.7381 | Arene=0.9635 | Carbamate=0.5577 | Ether=0.8815
94234,5,2,7,Alcohol | Alkane | Arene | Ester | Ether | Phenol | Sulfide,Alkane | Amine | Arene | Haloalkane,Alcohol | Ester | Ether | Phenol | Sulfide,Amine | Haloalkane,Alcohol=0.1513 | Ester=0.0137 | Ether=0.2750 | Phenol=0.0290 | Sulfide=0.1118,Amine=0.5668 | Haloalkane=0.5258
451623,5,2,7,Alcohol | Alkane | Amine | Arene | Carbamate | Carboxylic acid | Ether | Sulfonamide,Alkane | Arene | Ester | Ether | Haloalkane,Alcohol | Amine | Carbamate | Carboxylic acid | Sulfonamide,Ester | Haloalkane,Alcohol=0.1368 | Amine=0.3588 | Carbamate=0.0306 | Carboxylic acid=0.0395 | Sulfonamide=0.0099,Ester=0.9355 | Haloalkane=0.5720
736691,5,2,7,Alkane | Alkene | Amine | Arene | Enamine | Haloalkane | Ketone,Alkane | Amide | Ether | Haloalkane,Alkene | Amine | Arene | Enamine | Ketone,Amide | Ether,Alkene=0.1980 | Amine=0.4635 | Arene=0.4917 | Enamine=0.0816 | Ketone=0.0921,Amide=0.5857 | Ether=0.7100
34628,2,5,7,Alkane | Haloalkane | Ketone,Alkane | Amide | Arene | Carbamate | Ether | Sulfone,Haloalkane | Ketone,Amide | Arene | Carbamate | Ether | Sulfone,Haloalkane=0.1616 | Ketone=0.0120,Amide=0.7507 | Arene=0.9760 | Carbamate=0.8957 | Ether=0.9633 | Sulfone=0.7486
429488,4,3,7,Alkane | Alkene | Amide | Ester | Ether | Imide,Alkane | Amine | Arene | Ether | Haloalkane,Alkene | Amide | Ester | Imide,Amine | Arene | Haloalkane,Alkene=0.0795 | Amide=0.1462 | Ester=0.0235 | Imide=0.0045,Amine=0.5297 | Arene=0.9858 | Haloalkane=0.7766
651172,4,3,7,Alcohol | Alkane | Alkene | Sulfide | Sulfone,Alkane | Amine | Ether | Haloalkane,Alcohol | Alkene | Sulfide | Sulfone,Amine | Ether | Haloalkane,Alcohol=0.2566 | Alkene=0.2155 | Sulfide=0.0776 | Sulfone=0.1439,Amine=0.6231 | Ether=0.7583 | Haloalkane=0.6914
696531,3,4,7,Alkane | Amide | Arene | Hydrazine,Alcohol | Alkane | Amine | Ether | Haloalkane,Amide | Arene | Hydrazine,Alcohol | Amine | Ether | Haloalkane,Amide=0.0663 | Arene=0.4545 | Hydrazine=0.0409,Alcohol=0.5057 | Amine=0.6511 | Ether=0.6541 | Haloalkane=0.6293
41561,4,3,7,Alkane | Carbamate | Ester | Ether | Sulfide,Alkane | Amide | Amine | Arene,Carbamate | Ester | Ether | Sulfide,Amide | Amine | Arene,Carbamate=0.0164 | Ester=0.0246 | Ether=0.1119 | Sulfide=0.0859,Amide=0.8496 | Amine=0.7412 | Arene=0.9005
213162,5,2,7,Alcohol | Alkane | Arene | Carbamate | Carboxylic acid | Ether | Nitrile | Sulfone,Alkane | Arene | Ester | Ether | Haloalkane,Alcohol | Carbamate | Carboxylic acid | Nitrile | Sulfone,Ester | Haloalkane,Alcohol=0.2267 | Carbamate=0.2312 | Carboxylic acid=0.0852 | Nitrile=0.3514 | Sulfone=0.0555,Ester=0.6155 | Haloalkane=0.5808
206215,6,1,7,Alcohol | Alkane | Amine | Arene | Carboxylic acid | Ether | Nitrile,Alkane | Sulfide,Alcohol | Amine | Arene | Carboxylic acid | Ether | Nitrile,Sulfide,Alcohol=0.2064 | Amine=0.2108 | Arene=0.0594 | Carboxylic acid=0.0246 | Ether=0.0629 | Nitrile=0.0297,Sulfide=0.6181
263342,4,3,7,Alkane | Arene | Ester | Ether | Ketone,Alcohol | Alkane | Amide | Carboxylic acid,Arene | Ester | Ether | Ketone,Alcohol | Amide | Carboxylic acid,Arene=0.0638 | Ester=0.0986 | Ether=0.1030 | Ketone=0.0097,Alcohol=0.7208 | Amide=0.7019 | Carboxylic acid=0.6899
373054,3,4,7,Alcohol | Alkane | Carboxylic acid | Haloalkane,Alkane | Amide | Arene | Ester | Ether,Alcohol | Carboxylic acid | Haloalkane,Amide | Arene | Ester | Ether,Alcohol=0.2084 | Carboxylic acid=0.0719 | Haloalkane=0.4982,Amide=0.6894 | Arene=0.9104 | Ester=0.8532 | Ether=0.7814
322662,3,4,7,Alkane | Alkyne | Ester | Ether,Alkane | Amine | Arene | Haloalkane | Ketone,Alkyne | Ester | Ether,Amine | Arene | Haloalkane | Ketone,Alkyne=0.0023 | Ester=0.0142 | Ether=0.2503,Amine=0.5671 | Arene=0.9429 | Haloalkane=0.6005 | Ketone=0.6149
514720,3,4,7,Alkane | Amide | Amine | Arene | Ketone,Alkane | Arene | Ester | Ether | Haloalkane | Sulfonate,Amide | Amine | Ketone,Ester | Ether | Haloalkane | Sulfonate,Amide=0.2261 | Amine=0.2809 | Ketone=0.0116,Ester=0.6832 | Ether=0.7374 | Haloalkane=0.8742 | Sulfonate=0.9733
234590,6,1,7,Alkane | Alkene | Amide | Amine | Arene | Enamine | Ether,Alkane | Nitrile,Alkene | Amide | Amine | Arene | Enamine | Ether,Nitrile,Alkene=0.0784 | Amide=0.0361 | Amine=0.4311 | Arene=0.0746 | Enamine=0.0048 | Ether=0.2916,Nitrile=0.5805
61940,4,3,7,Alcohol | Alkane | Amine | Carbamate | Carboxylic acid | Ether,Alkane | Arene | Ether | Haloalkane | Ketone,Alcohol | Amine | Carbamate | Carboxylic acid,Arene | Haloalkane | Ketone,Alcohol=0.4548 | Amine=0.1485 | Carbamate=0.0142 | Carboxylic acid=0.2474,Arene=0.9793 | Haloalkane=0.6988 | Ketone=0.7592
5812,5,2,7,Alcohol | Alkane | Amine | Arene | Haloalkane | Sulfide | Sulfonamide,Alkane | Arene | Ether | Ketone,Alcohol | Amine | Haloalkane | Sulfide | Sulfonamide,Ether | Ketone,Alcohol=0.2796 | Amine=0.1085 | Haloalkane=0.2242 | Sulfide=0.0637 | Sulfonamide=0.0609,Ether=0.9707 | Ketone=0.6323
240960,6,1,7,Alkane | Alkyne | Amine | Arene | Ether | Haloalkane | Sulfide,Alkane | Amide,Alkyne | Amine | Arene | Ether | Haloalkane | Sulfide,Amide,Alkyne=0.0007 | Amine=0.2560 | Arene=0.0636 | Ether=0.4370 | Haloalkane=0.1407 | Sulfide=0.1869,Amide=0.8262
116231,4,3,7,Alkene | Alkyne | Amide | Arene | Imide,Alcohol | Arene | Carboxylic acid | Haloalkane,Alkene | Alkyne | Amide | Imide,Alcohol | Carboxylic acid | Haloalkane,Alkene=0.1476 | Alkyne=0.1898 | Amide=0.2915 | Imide=0.1151,Alcohol=0.5311 | Carboxylic acid=0.5464 | Haloalkane=0.7304
483993,6,1,7,Alkane | Arene | Carbamate | Ester | Ether | Haloalkane | Sulfide,Alkane | Amine,Arene | Carbamate | Ester | Ether | Haloalkane | Sulfide,Amine,Arene=0.0688 | Carbamate=0.0117 | Ester=0.0125 | Ether=0.1061 | Haloalkane=0.2952 | Sulfide=0.0656,Amine=0.8070
295266,3,4,7,Amide | Isothiocyanate | Sulfide,Alkane | Alkene | Amine | Ether,Amide | Isothiocyanate | Sulfide,Alkane | Alkene | Amine | Ether,Amide=0.0972 | Isothiocyanate=0.0974 | Sulfide=0.0363,Alkane=0.5513 | Alkene=0.5049 | Amine=0.5332 | Ether=0.6183
610370,4,3,7,Acid anhydride | Alkene | Arene | Ester | Ether,Alkane | Amide | Arene | Haloalkane,Acid anhydride | Alkene | Ester | Ether,Alkane | Amide | Haloalkane,Acid anhydride=0.0011 | Alkene=0.1037 | Ester=0.0633 | Ether=0.0935,Alkane=0.9932 | Amide=0.6745 | Haloalkane=0.5273
520784,4,3,7,Alkane | Alkene | Amide | Arene | Enamine | Imide,Alkane | Amine | Arene | Ether | Haloalkane,Alkene | Amide | Enamine | Imide,Amine | Ether | Haloalkane,Alkene=0.1072 | Amide=0.3536 | Enamine=0.0114 | Imide=0.0081,Amine=0.8478 | Ether=0.9712 | Haloalkane=0.9059
781118,5,2,7,Alcohol | Alkane | Alkene | Arene | Carboxylic acid | Ester | Ether,Aldehyde | Alkane | Arene | Haloalkane,Alcohol | Alkene | Carboxylic acid | Ester | Ether,Aldehyde | Haloalkane,Alcohol=0.1493 | Alkene=0.0574 | Carboxylic acid=0.0176 | Ester=0.0167 | Ether=0.3547,Aldehyde=0.7070 | Haloalkane=0.7996
85384,6,1,7,Alcohol | Alkane | Amide | Arene | Carbamate | Ether | Haloalkane | Phenol,Alkane | Ester | Ether,Alcohol | Amide | Arene | Carbamate | Haloalkane | Phenol,Ester,Alcohol=0.1959 | Amide=0.2846 | Arene=0.3406 | Carbamate=0.0133 | Haloalkane=0.2448 | Phenol=0.0300,Ester=0.8229
669215,6,1,7,Alcohol | Alkane | Alkene | Alkyne | Amide | Amine | Arene | Ether | Haloalkane,Alkane | Amine | Ether | Sulfonate,Alcohol | Alkene | Alkyne | Amide | Arene | Haloalkane,Sulfonate,Alcohol=0.4110 | Alkene=0.0372 | Alkyne=0.0298 | Amide=0.0266 | Arene=0.0757 | Haloalkane=0.1882,Sulfonate=0.6564
299023,7,0,7,Alcohol | Alkane | Alkene | Amine | Arene | Carboxylic acid | Enamine | Ester | Ether | Sulfonamide,Alkane | Amine | Arene,Alcohol | Alkene | Carboxylic acid | Enamine | Ester | Ether | Sulfonamide,,Alcohol=0.1138 | Alkene=0.0522 | Carboxylic acid=0.0143 | Enamine=0.0040 | Ester=0.0139 | Ether=0.1659 | Sulfonamide=0.0546,
321303,5,2,7,Alcohol | Alkane | Amine | Arene | Carboxylic acid | Ether | Sulfonamide,Alkane | Amide | Arene | Haloalkane,Alcohol | Amine | Carboxylic acid | Ether | Sulfonamide,Amide | Haloalkane,Alcohol=0.2270 | Amine=0.1831 | Carboxylic acid=0.1550 | Ether=0.4608 | Sulfonamide=0.0657,Amide=0.5702 | Haloalkane=0.5751
80122,6,1,7,Alcohol | Alkane | Alkene | Amide | Amine | Arene | Enamine | Haloalkane,Alkane | Arene | Ether,Alcohol | Alkene | Amide | Amine | Enamine | Haloalkane,Ether,Alcohol=0.4121 | Alkene=0.1401 | Amide=0.4986 | Amine=0.3121 | Enamine=0.0213 | Haloalkane=0.4915,Ether=0.5019
701283,4,3,7,Alkane | Amide | Arene | Ether | Imide | Imine | Ketone,Alcohol | Alkane | Arene | Carbamate | Carboxylic acid | Ether,Amide | Imide | Imine | Ketone,Alcohol | Carbamate | Carboxylic acid,Amide=0.2435 | Imide=0.0090 | Imine=0.0482 | Ketone=0.0111,Alcohol=0.6642 | Carbamate=0.8181 | Carboxylic acid=0.5328
335954,4,3,7,Alcohol | Alkane | Amine | Arene | Carboxylic acid,Alkane | Ester | Ether | Ketone,Alcohol | Amine | Arene | Carboxylic acid,Ester | Ether | Ketone,Alcohol=0.1873 | Amine=0.2394 | Arene=0.1091 | Carboxylic acid=0.0724,Ester=0.8079 | Ether=0.7656 | Ketone=0.7616
340170,5,2,7,Alkene | Amide | Amine | Arene | Enamine | Sulfonamide,Alcohol | Arene | Carboxylic acid,Alkene | Amide | Amine | Enamine | Sulfonamide,Alcohol | Carboxylic acid,Alkene=0.1325 | Amide=0.2583 | Amine=0.4533 | Enamine=0.0520 | Sulfonamide=0.0546,Alcohol=0.5347 | Carboxylic acid=0.5315
72664,4,3,7,Alkane | Amide | Arene | Carbamate | Ether,Alcohol | Arene | Carboxylic acid | Haloalkane,Alkane | Amide | Carbamate | Ether,Alcohol | Carboxylic acid | Haloalkane,Alkane=0.1696 | Amide=0.4219 | Carbamate=0.0064 | Ether=0.1489,Alcohol=0.6733 | Carboxylic acid=0.6706 | Haloalkane=0.6090
15760,7,0,7,Alcohol | Alkane | Alkene | Amide | Amine | Enamine | Haloalkane | Hydrazine,Alkane,Alcohol | Alkene | Amide | Amine | Enamine | Haloalkane | Hydrazine,,Alcohol=0.2818 | Alkene=0.0519 | Amide=0.0922 | Amine=0.2696 | Enamine=0.0149 | Haloalkane=0.4060 | Hydrazine=0.0251,
444122,7,0,7,Alcohol | Alkane | Alkene | Amine | Arene | Azo compound | Carboxylic acid | Enamine | Haloalkane | Imine,Alkane | Arene | Haloalkane,Alcohol | Alkene | Amine | Azo compound | Carboxylic acid | Enamine | Imine,,Alcohol=0.4269 | Alkene=0.1018 | Amine=0.2925 | Azo compound=0.2412 | Carboxylic acid=0.4611 | Enamine=0.0405 | Imine=0.2366,
287787,6,1,7,Alkane | Amide | Arene | Ether | Haloalkane | Nitrile | Sulfonamide,Alkane | Amine,Amide | Arene | Ether | Haloalkane | Nitrile | Sulfonamide,Amine,Amide=0.0353 | Arene=0.0729 | Ether=0.4853 | Haloalkane=0.1793 | Nitrile=0.0140 | Sulfonamide=0.0179,Amine=0.8942
206188,3,4,7,Alkane | Alkyne | Carbamate | Ether,Alkane | Amide | Amine | Arene | Haloalkane,Alkyne | Carbamate | Ether,Amide | Amine | Arene | Haloalkane,Alkyne=0.0128 | Carbamate=0.0144 | Ether=0.1369,Amide=0.6263 | Amine=0.5560 | Arene=0.9539 | Haloalkane=0.5609
725494,3,4,7,Alcohol | Alkane | Amide | Amine,Alkane | Arene | Ether | Haloalkane | Thioamide,Alcohol | Amide | Amine,Arene | Ether | Haloalkane | Thioamide,Alcohol=0.2141 | Amide=0.1546 | Amine=0.3474,Arene=0.9596 | Ether=0.6407 | Haloalkane=0.6164 | Thioamide=0.7692
771728,6,1,7,Alcohol | Alkane | Alkene | Amide | Amine | Arene | Carboxylic acid | Enamine | Haloalkane | Ketone,Alkane | Amide | Arene | Ether | Ketone,Alcohol | Alkene | Amine | Carboxylic acid | Enamine | Haloalkane,Ether,Alcohol=0.2274 | Alkene=0.4364 | Amine=0.4615 | Carboxylic acid=0.0919 | Enamine=0.2740 | Haloalkane=0.3254,Ether=0.6428
572955,4,3,7,Alcohol | Alkane | Amide | Arene | Ether | Hydrazone | Phenol,Alkane | Alkyne | Amine | Arene | Ether | Haloalkane,Alcohol | Amide | Hydrazone | Phenol,Alkyne | Amine | Haloalkane,Alcohol=0.4482 | Amide=0.0429 | Hydrazone=0.0032 | Phenol=0.0134,Alkyne=0.8550 | Amine=0.8775 | Haloalkane=0.6689
439696,5,2,7,Alkane | Alkene | Amide | Amine | Arene | Enamine | Ester | Ether,Alcohol | Alkane | Arene | Carboxylic acid | Ether,Alkene | Amide | Amine | Enamine | Ester,Alcohol | Carboxylic acid,Alkene=0.1762 | Amide=0.2092 | Amine=0.1327 | Enamine=0.0039 | Ester=0.0567,Alcohol=0.7968 | Carboxylic acid=0.7137
85730,5,2,7,Alcohol | Alkane | Alkene | Amide | Ester | Ether | Sulfide,Alkane | Amine | Arene | Ester,Alcohol | Alkene | Amide | Ether | Sulfide,Amine | Arene,Alcohol=0.2725 | Alkene=0.0527 | Amide=0.4526 | Ether=0.4266 | Sulfide=0.2751,Amine=0.7347 | Arene=0.8934
175348,3,4,7,Alcohol | Alkane | Amine | Haloalkane | Sulfoxide,Alkane | Amide | Arene | Ester | Ether | Haloalkane,Alcohol | Amine | Sulfoxide,Amide | Arene | Ester | Ether,Alcohol=0.1263 | Amine=0.3116 | Sulfoxide=0.0330,Amide=0.6575 | Arene=0.8558 | Ester=0.6145 | Ether=0.6184
85064,7,0,7,Alkane | Alkene | Amine | Arene | Carbamate | Enamine | Ether | Haloalkane | Imine | Ketone | Thioamide,Alkane | Arene | Haloalkane | Ketone,Alkene | Amine | Carbamate | Enamine | Ether | Imine | Thioamide,,Alkene=0.1003 | Amine=0.2938 | Carbamate=0.2227 | Enamine=0.0424 | Ether=0.3009 | Imine=0.1343 | Thioamide=0.2835,
134909,5,2,7,Alkane | Amine | Arene | Haloalkane | Nitrile | Sulfonamide,Alkane | Carbamate | Ether,Amine | Arene | Haloalkane | Nitrile | Sulfonamide,Carbamate | Ether,Amine=0.1684 | Arene=0.4053 | Haloalkane=0.3297 | Nitrile=0.0074 | Sulfonamide=0.0317,Carbamate=0.8975 | Ether=0.9577
444197,6,1,7,Alkane | Amide | Amine | Arene | Ester | Ether | Haloalkane,Alkane | Ketone,Amide | Amine | Arene | Ester | Ether | Haloalkane,Ketone,Amide=0.0235 | Amine=0.1981 | Arene=0.1072 | Ester=0.0155 | Ether=0.1707 | Haloalkane=0.3296,Ketone=0.7783
713959,4,3,7,Alkane | Amide | Amine | Arene | Ester | Ether | Nitrile | Sulfonamide,Alcohol | Alkane | Amide | Arene | Carbamate | Carboxylic acid | Ether,Amine | Ester | Nitrile | Sulfonamide,Alcohol | Carbamate | Carboxylic acid,Amine=0.2296 | Ester=0.1150 | Nitrile=0.0121 | Sulfonamide=0.0194,Alcohol=0.7662 | Carbamate=0.9137 | Carboxylic acid=0.8128
46489,4,3,7,Alcohol | Alkane | Arene | Carboxylic acid | Haloalkane | Imine,Alkane | Amide | Amine | Arene | Ether,Alcohol | Carboxylic acid | Haloalkane | Imine,Amide | Amine | Ether,Alcohol=0.1026 | Carboxylic acid=0.0478 | Haloalkane=0.3481 | Imine=0.0083,Amide=0.9043 | Amine=0.5545 | Ether=0.7981
728029,5,2,7,Alcohol | Amide | Amine | Arene | Hydrazine | Phenol,Arene | Carboxylic acid | Haloalkane,Alcohol | Amide | Amine | Hydrazine | Phenol,Carboxylic acid | Haloalkane,Alcohol=0.4787 | Amide=0.3957 | Amine=0.1882 | Hydrazine=0.0148 | Phenol=0.0353,Carboxylic acid=0.5047 | Haloalkane=0.6205
196940,5,2,7,Alkane | Amine | Arene | Ester | Ether | Haloalkane | Sulfide,Alcohol | Alkane | Arene | Carboxylic acid,Amine | Ester | Ether | Haloalkane | Sulfide,Alcohol | Carboxylic acid,Amine=0.1888 | Ester=0.0241 | Ether=0.0807 | Haloalkane=0.3997 | Sulfide=0.1123,Alcohol=0.7634 | Carboxylic acid=0.8327
520038,5,2,7,Alcohol | Alkane | Alkene | Amine | Arene | Carboxylic acid | Sulfide | Sulfonamide,Alkane | Alkene | Amide | Arene | Haloalkane,Alcohol | Amine | Carboxylic acid | Sulfide | Sulfonamide,Amide | Haloalkane,Alcohol=0.2308 | Amine=0.2108 | Carboxylic acid=0.1106 | Sulfide=0.2926 | Sulfonamide=0.1074,Amide=0.6514 | Haloalkane=0.5306
154765,4,3,7,Alkane | Amide | Arene | Ether | Haloalkane | Sulfide,Alcohol | Alkane | Carbamate | Carboxylic acid | Ether,Amide | Arene | Haloalkane | Sulfide,Alcohol | Carbamate | Carboxylic acid,Amide=0.2058 | Arene=0.0527 | Haloalkane=0.1245 | Sulfide=0.0923,Alcohol=0.5452 | Carbamate=0.9445 | Carboxylic acid=0.6270
57957,5,2,7,Alkane | Alkene | Amine | Arene | Ester | Ether | Sulfonamide,Alkane | Amide | Arene | Haloalkane,Alkene | Amine | Ester | Ether | Sulfonamide,Amide | Haloalkane,Alkene=0.1541 | Amine=0.4109 | Ester=0.0383 | Ether=0.0921 | Sulfonamide=0.2849,Amide=0.5508 | Haloalkane=0.5330
13201,5,2,7,Alcohol | Alkane | Alkene | Amide | Amine | Haloalkane,Alkane | Arene | Ketone,Alcohol | Alkene | Amide | Amine | Haloalkane,Arene | Ketone,Alcohol=0.2900 | Alkene=0.1171 | Amide=0.0699 | Amine=0.1874 | Haloalkane=0.2343,Arene=0.7996 | Ketone=0.6943
160261,4,3,7,Alkane | Arene | Ester | Ether | Haloalkane | Nitrile,Alcohol | Alkane | Amine | Carbamate | Ether,Arene | Ester | Haloalkane | Nitrile,Alcohol | Amine | Carbamate,Arene=0.0612 | Ester=0.0478 | Haloalkane=0.1597 | Nitrile=0.0126,Alcohol=0.5588 | Amine=0.6031 | Carbamate=0.9689
717300,5,2,7,Alcohol | Amine | Arene | Phenol | Sulfide,Alkane | Ether,Alcohol | Amine | Arene | Phenol | Sulfide,Alkane | Ether,Alcohol=0.3878 | Amine=0.2351 | Arene=0.3784 | Phenol=0.1305 | Sulfide=0.1618,Alkane=0.8563 | Ether=0.7075
707826,5,2,7,Alkane | Alkene | Amide | Amine | Arene | Enamine | Ether,Alkane | Ester | Ether | Haloalkane,Alkene | Amide | Amine | Arene | Enamine,Ester | Haloalkane,Alkene=0.0962 | Amide=0.1429 | Amine=0.3741 | Arene=0.3782 | Enamine=0.0477,Ester=0.9259 | Haloalkane=0.5686
500120,3,4,7,Alcohol | Alkane | Alkene | Amide,Alkane | Arene | Ester | Ether | Haloalkane,Alcohol | Alkene | Amide,Arene | Ester | Ether | Haloalkane,Alcohol=0.1203 | Alkene=0.1039 | Amide=0.2222,Arene=0.9857 | Ester=0.9504 | Ether=0.9700 | Haloalkane=0.9320
578600,4,3,7,Alkane | Arene | Ester | Ether | Nitrile | Sulfide,Alkane | Amide | Amine | Arene | Haloalkane,Ester | Ether | Nitrile | Sulfide,Amide | Amine | Haloalkane,Ester=0.0183 | Ether=0.1029 | Nitrile=0.0568 | Sulfide=0.2048,Amide=0.8725 | Amine=0.7390 | Haloalkane=0.5548
576653,2,5,7,Alkane | Amide | Carbamate | Ether,Alcohol | Alkane | Arene | Ester | Ether | Haloalkane | Nitrile,Amide | Carbamate,Alcohol | Arene | Ester | Haloalkane | Nitrile,Amide=0.0735 | Carbamate=0.0129,Alcohol=0.7425 | Arene=0.9558 | Ester=0.6410 | Haloalkane=0.6420 | Nitrile=0.5436
12272,5,2,7,Alkane | Amine | Arene | Ether | Haloalkane | Ketone | Sulfonamide,Alkane | Amide | Ester | Ether,Amine | Arene | Haloalkane | Ketone | Sulfonamide,Amide | Ester,Amine=0.4965 | Arene=0.0957 | Haloalkane=0.1591 | Ketone=0.0182 | Sulfonamide=0.0288,Amide=0.6027 | Ester=0.5261
758839,5,2,7,Alkane | Arene | Carbamate | Ether | Haloalkane | Sulfide,Alkane | Amide | Ketone,Arene | Carbamate | Ether | Haloalkane | Sulfide,Amide | Ketone,Arene=0.2220 | Carbamate=0.0417 | Ether=0.1684 | Haloalkane=0.3805 | Sulfide=0.1066,Amide=0.5803 | Ketone=0.7637
743672,3,4,7,Alkane | Arene | Ether | Nitrile | Sulfide,Alcohol | Alkane | Amide | Amine | Arene | Haloalkane,Ether | Nitrile | Sulfide,Alcohol | Amide | Amine | Haloalkane,Ether=0.3923 | Nitrile=0.0898 | Sulfide=0.1538,Alcohol=0.6186 | Amide=0.6584 | Amine=0.6404 | Haloalkane=0.8008
266122,5,2,7,Alkane | Amine | Arene | Haloalkane | Sulfide | Sulfonamide,Alcohol | Alkane | Ether,Amine | Arene | Haloalkane | Sulfide | Sulfonamide,Alcohol | Ether,Amine=0.4444 | Arene=0.0831 | Haloalkane=0.3634 | Sulfide=0.0932 | Sulfonamide=0.0067,Alcohol=0.6558 | Ether=0.8637
353568,4,3,7,Alkane | Amide | Amine | Ether | Haloalkane,Alcohol | Alkane | Arene | Carboxylic acid,Amide | Amine | Ether | Haloalkane,Alcohol | Arene | Carboxylic acid,Amide=0.2433 | Amine=0.2040 | Ether=0.0593 | Haloalkane=0.1913,Alcohol=0.5391 | Arene=0.9822 | Carboxylic acid=0.6817
494341,6,1,7,Alkane | Alkene | Amide | Arene | Carbamate | Ether | Haloalkane | Imide,Aldehyde | Alkane | Haloalkane,Alkene | Amide | Arene | Carbamate | Ether | Imide,Aldehyde,Alkene=0.0317 | Amide=0.1106 | Arene=0.1303 | Carbamate=0.0078 | Ether=0.1148 | Imide=0.0024,Aldehyde=0.8859
551803,5,2,7,Alcohol | Alkane | Alkene | Amide | Arene | Carboxylic acid | Ether | Haloalkane,Alkane | Amine | Arene | Ester | Ether,Alcohol | Alkene | Amide | Carboxylic acid | Haloalkane,Amine | Ester,Alcohol=0.1688 | Alkene=0.1877 | Amide=0.2876 | Carboxylic acid=0.0197 | Haloalkane=0.4543,Amine=0.6982 | Ester=0.8496
608627,4,3,7,Alkane | Alkene | Amine | Arene | Ether | Ketone,Alkane | Amide | Arene | Haloalkane | Sulfide,Alkene | Amine | Ether | Ketone,Amide | Haloalkane | Sulfide,Alkene=0.0639 | Amine=0.3719 | Ether=0.1251 | Ketone=0.0120,Amide=0.5998 | Haloalkane=0.5484 | Sulfide=0.7329
174191,6,1,7,Alcohol | Alkane | Alkene | Amide | Amine | Arene | Enamine | Enol | Sulfonamide,Alkane | Arene | Enol | Haloalkane,Alcohol | Alkene | Amide | Amine | Enamine | Sulfonamide,Haloalkane,Alcohol=0.1940 | Alkene=0.1063 | Amide=0.4740 | Amine=0.3509 | Enamine=0.2020 | Sulfonamide=0.0766,Haloalkane=0.7038
48835,6,1,7,Alcohol | Alkane | Alkene | Amide | Arene | Carboxylic acid | Nitrile,Aldehyde | Alkane,Alcohol | Alkene | Amide | Arene | Carboxylic acid | Nitrile,Aldehyde,Alcohol=0.1245 | Alkene=0.0821 | Amide=0.0258 | Arene=0.0847 | Carboxylic acid=0.0227 | Nitrile=0.1842,Aldehyde=0.7137
610119,5,2,7,Alkane | Amide | Amine | Arene | Haloalkane | Hydrazine,Alkane | Ester | Ether,Amide | Amine | Arene | Haloalkane | Hydrazine,Ester | Ether,Amide=0.4285 | Amine=0.3437 | Arene=0.1064 | Haloalkane=0.3471 | Hydrazine=0.0125,Ester=0.8905 | Ether=0.9175
663877,6,1,7,Alcohol | Alkane | Amide | Amine | Arene | Ester | Ether | Nitrile,Alkane | Arene | Haloalkane,Alcohol | Amide | Amine | Ester | Ether | Nitrile,Haloalkane,Alcohol=0.2263 | Amide=0.1668 | Amine=0.2782 | Ester=0.0730 | Ether=0.3207 | Nitrile=0.0561,Haloalkane=0.5458
570591,7,0,7,Alcohol | Alkane | Alkene | Arene | Carbamate | Carboxylic acid | Enamine | Ether | Haloalkane | Imide,Alkane | Arene | Ether,Alcohol | Alkene | Carbamate | Carboxylic acid | Enamine | Haloalkane | Imide,,Alcohol=0.1898 | Alkene=0.3633 | Carbamate=0.3073 | Carboxylic acid=0.0617 | Enamine=0.3034 | Haloalkane=0.4028 | Imide=0.0267,
792735,3,4,7,Alcohol | Alkane | Alkene | Arene | Ketone,Alkane | Amide | Amine | Arene | Ether | Haloalkane,Alcohol | Alkene | Ketone,Amide | Amine | Ether | Haloalkane,Alcohol=0.0972 | Alkene=0.1550 | Ketone=0.0158,Amide=0.8169 | Amine=0.7896 | Ether=0.6103 | Haloalkane=0.7210
315579,4,3,7,Alcohol | Alkane | Amide | Arene | Carboxylic acid | Haloalkane,Alkane | Amine | Arene | Carbamate | Ether,Alcohol | Amide | Carboxylic acid | Haloalkane,Amine | Carbamate | Ether,Alcohol=0.0947 | Amide=0.2600 | Carboxylic acid=0.0538 | Haloalkane=0.3856,Amine=0.5043 | Carbamate=0.8207 | Ether=0.9276
168886,2,5,7,Arene | Haloalkane | Sulfide,Alkane | Amide | Amine | Arene | Carbamate | Ether,Haloalkane | Sulfide,Alkane | Amide | Amine | Carbamate | Ether,Haloalkane=0.2082 | Sulfide=0.0552,Alkane=0.9953 | Amide=0.6132 | Amine=0.5951 | Carbamate=0.8783 | Ether=0.9730
478695,4,3,7,Alkane | Alkene | Haloalkane | Ketone | Sulfide,Alcohol | Alkane | Arene | Carboxylic acid,Alkene | Haloalkane | Ketone | Sulfide,Alcohol | Arene | Carboxylic acid,Alkene=0.0645 | Haloalkane=0.4891 | Ketone=0.0123 | Sulfide=0.2730,Alcohol=0.6647 | Arene=0.6845 | Carboxylic acid=0.7333
52060,4,3,7,Alcohol | Alkane | Amine | Arene | Carbamate | Ether | Hydrazine,Alkane | Amide | Arene | Ester | Ether | Ketone,Alcohol | Amine | Carbamate | Hydrazine,Amide | Ester | Ketone,Alcohol=0.1659 | Amine=0.1656 | Carbamate=0.0100 | Hydrazine=0.0517,Amide=0.8275 | Ester=0.9001 | Ketone=0.6744
358621,3,4,7,Alkane | Ester | Ether | Haloalkane,Alcohol | Alkane | Arene | Carboxylic acid | Ketone,Ester | Ether | Haloalkane,Alcohol | Arene | Carboxylic acid | Ketone,Ester=0.1258 | Ether=0.4040 | Haloalkane=0.3315,Alcohol=0.5740 | Arene=0.9624 | Carboxylic acid=0.7058 | Ketone=0.7390
428029,5,2,7,Alcohol | Alkane | Amine | Arene | Haloalkane | Phenol | Sulfide | Sulfonamide,Alkane | Arene | Ether | Haloalkane | Ketone,Alcohol | Amine | Phenol | Sulfide | Sulfonamide,Ether | Ketone,Alcohol=0.1198 | Amine=0.4861 | Phenol=0.0414 | Sulfide=0.0789 | Sulfonamide=0.0696,Ether=0.5559 | Ketone=0.7437
759661,4,3,7,Alkane | Alkene | Amide | Arene | Ether | Imide,Alkane | Amine | Arene | Haloalkane | Sulfonate,Alkene | Amide | Ether | Imide,Amine | Haloalkane | Sulfonate,Alkene=0.1864 | Amide=0.0703 | Ether=0.0633 | Imide=0.0015,Amine=0.5042 | Haloalkane=0.6100 | Sulfonate=0.9429
340241,7,0,7,Alcohol | Alkane | Alkene | Amide | Amine | Arene | Enamine | Enol | Ether | Sulfonamide,Alkane | Arene | Ether,Alcohol | Alkene | Amide | Amine | Enamine | Enol | Sulfonamide,,Alcohol=0.2767 | Alkene=0.0757 | Amide=0.3863 | Amine=0.2928 | Enamine=0.0100 | Enol=0.0985 | Sulfonamide=0.0554,
122854,3,4,7,Alcohol | Alkene | Carboxylic acid,Alkane | Arene | Ester | Ether,Alcohol | Alkene | Carboxylic acid,Alkane | Arene | Ester | Ether,Alcohol=0.2035 | Alkene=0.0780 | Carboxylic acid=0.0855,Alkane=0.9657 | Arene=0.6659 | Ester=0.7557 | Ether=0.7716
573182,4,3,7,Alcohol | Alkane | Amide | Amine | Arene | Carboxylic acid | Ether,Acid anhydride | Alkane | Arene | Enol | Ether | Ketone,Alcohol | Amide | Amine | Carboxylic acid,Acid anhydride | Enol | Ketone,Alcohol=0.3712 | Amide=0.1514 | Amine=0.3238 | Carboxylic acid=0.2284,Acid anhydride=0.7587 | Enol=0.7166 | Ketone=0.9469
431189,3,4,7,Amide | Arene | Sulfone,Alkane | Amine | Ether | Haloalkane,Amide | Arene | Sulfone,Alkane | Amine | Ether | Haloalkane,Amide=0.0573 | Arene=0.3784 | Sulfone=0.0825,Alkane=0.9991 | Amine=0.8696 | Ether=0.8964 | Haloalkane=0.6758
556466,5,2,7,Alcohol | Alkane | Amide | Arene | Haloalkane | Sulfide,Alkane | Ester | Ether,Alcohol | Amide | Arene | Haloalkane | Sulfide,Ester | Ether,Alcohol=0.4244 | Amide=0.1689 | Arene=0.1159 | Haloalkane=0.2855 | Sulfide=0.0688,Ester=0.7170 | Ether=0.6344
476599,5,2,7,Alkane | Arene | Ester | Ether | Ketone,Alcohol | Carboxylic acid,Alkane | Arene | Ester | Ether | Ketone,Alcohol | Carboxylic acid,Alkane=0.2428 | Arene=0.0517 | Ester=0.1041 | Ether=0.1130 | Ketone=0.0091,Alcohol=0.5939 | Carboxylic acid=0.6015
527239,4,3,7,Alkane | Alkene | Amide | Arene | Ether | Haloalkane | Sulfide,Alcohol | Alkane | Amide | Arene | Carboxylic acid | Ketone,Alkene | Ether | Haloalkane | Sulfide,Alcohol | Carboxylic acid | Ketone,Alkene=0.1950 | Ether=0.3852 | Haloalkane=0.1283 | Sulfide=0.2808,Alcohol=0.7460 | Carboxylic acid=0.6559 | Ketone=0.7640
759822,1,6,7,Arene | Haloalkane,Alkane | Alkene | Amide | Amine | Arene | Ester | Ether,Haloalkane,Alkane | Alkene | Amide | Amine | Ester | Ether,Haloalkane=0.4172,Alkane=0.9952 | Alkene=0.5320 | Amide=0.5847 | Amine=0.7477 | Ester=0.6530 | Ether=0.9004
662736,4,3,7,Alkane | Amide | Amine | Arene | Haloalkane,Alkane | Ester | Ether | Ketone,Amide | Amine | Arene | Haloalkane,Ester | Ether | Ketone,Amide=0.0501 | Amine=0.4251 | Arene=0.1784 | Haloalkane=0.4065,Ester=0.9081 | Ether=0.8960 | Ketone=0.7417
307494,5,2,7,Alcohol | Alkane | Alkene | Arene | Carboxylic acid | Ether,Amide | Arene | Haloalkane,Alcohol | Alkane | Alkene | Carboxylic acid | Ether,Amide | Haloalkane,Alcohol=0.2587 | Alkane=0.1569 | Alkene=0.0727 | Carboxylic acid=0.1072 | Ether=0.2751,Amide=0.5821 | Haloalkane=0.7355
441474,6,1,7,Alcohol | Alkane | Alkene | Amide | Arene | Enol | Ether | Imide | Ketone,Alkane | Arene | Haloalkane | Ketone,Alcohol | Alkene | Amide | Enol | Ether | Imide,Haloalkane,Alcohol=0.2090 | Alkene=0.0852 | Amide=0.1923 | Enol=0.0019 | Ether=0.1849 | Imide=0.0106,Haloalkane=0.6023
554104,4,3,7,Alcohol | Alkane | Amine | Arene | Haloalkane | Phenol | Sulfide,Alkane | Alkene | Ester | Ether | Haloalkane | Sulfide,Alcohol | Amine | Arene | Phenol,Alkene | Ester | Ether,Alcohol=0.3321 | Amine=0.4718 | Arene=0.3050 | Phenol=0.0830,Alkene=0.6429 | Ester=0.5826 | Ether=0.9522
282817,4,3,7,Alkane | Alkene | Amine | Ether | Sulfide,Alkane | Arene | Haloalkane | Ketone,Alkene | Amine | Ether | Sulfide,Arene | Haloalkane | Ketone,Alkene=0.1672 | Amine=0.3796 | Ether=0.1829 | Sulfide=0.0850,Arene=0.9761 | Haloalkane=0.9221 | Ketone=0.7516
788538,6,1,7,Alcohol | Alkane | Alkene | Amine | Arene | Carboxylic acid | Enamine | Haloalkane | Sulfonamide,Alkane | Amide | Arene | Haloalkane,Alcohol | Alkene | Amine | Carboxylic acid | Enamine | Sulfonamide,Amide,Alcohol=0.3762 | Alkene=0.0680 | Amine=0.2864 | Carboxylic acid=0.4106 | Enamine=0.0079 | Sulfonamide=0.0339,Amide=0.5112
283873,6,1,7,Alkane | Alkene | Amine | Arene | Enamine | Ester | Ether | Ketone,Arene | Ether | Haloalkane,Alkane | Alkene | Amine | Enamine | Ester | Ketone,Haloalkane,Alkane=0.1769 | Alkene=0.0473 | Amine=0.3471 | Enamine=0.0082 | Ester=0.0226 | Ketone=0.0101,Haloalkane=0.6235
734185,6,1,7,Alkane | Arene | Ester | Ether | Haloalkane | Sulfone,Alcohol,Alkane | Arene | Ester | Ether | Haloalkane | Sulfone,Alcohol,Alkane=0.2391 | Arene=0.0669 | Ester=0.0360 | Ether=0.1740 | Haloalkane=0.4855 | Sulfone=0.0041,Alcohol=0.5608
214378,5,2,7,Alcohol | Alkane | Alkene | Arene | Ether | Ketone | Phenol,Alkane | Carbamate | Ester | Ether,Alcohol | Alkene | Arene | Ketone | Phenol,Carbamate | Ester,Alcohol=0.1865 | Alkene=0.0361 | Arene=0.0544 | Ketone=0.0082 | Phenol=0.0046,Carbamate=0.9383 | Ester=0.8899
87908,4,3,7,Alkane | Amine | Ether | Haloalkane | Sulfide | Sulfonamide,Alkane | Amide | Arene | Ester | Ether,Amine | Haloalkane | Sulfide | Sulfonamide,Amide | Arene | Ester,Amine=0.3277 | Haloalkane=0.2505 | Sulfide=0.1951 | Sulfonamide=0.1042,Amide=0.6336 | Arene=0.9349 | Ester=0.8878
403956,5,2,7,Acid anhydride | Alkane | Alkene | Amide | Arene | Ester | Ether | Imide,Alkane | Amide | Arene | Carboxylic acid | Haloalkane,Acid anhydride | Alkene | Ester | Ether | Imide,Carboxylic acid | Haloalkane,Acid anhydride=0.2801 | Alkene=0.1618 | Ester=0.0457 | Ether=0.1056 | Imide=0.3613,Carboxylic acid=0.5153 | Haloalkane=0.5406
616424,7,0,7,Alcohol | Alkane | Amine | Carbamate | Carboxylic acid | Ether | Hydrazine | Imide,Alkane,Alcohol | Amine | Carbamate | Carboxylic acid | Ether | Hydrazine | Imide,,Alcohol=0.1493 | Amine=0.2315 | Carbamate=0.3715 | Carboxylic acid=0.0911 | Ether=0.4681 | Hydrazine=0.0339 | Imide=0.0315,
103984,1,6,7,Alkane | Amide | Imide,Alcohol | Alkane | Amide | Amine | Arene | Ether | Haloalkane | Sulfonate,Imide,Alcohol | Amine | Arene | Ether | Haloalkane | Sulfonate,Imide=0.0132,Alcohol=0.5245 | Amine=0.7158 | Arene=0.9878 | Ether=0.8569 | Haloalkane=0.7938 | Sulfonate=0.8709
110935,5,2,7,Alcohol | Alkane | Arene | Carboxylic acid | Ester | Ether | Sulfide,Alkane | Amide | Arene | Haloalkane,Alcohol | Carboxylic acid | Ester | Ether | Sulfide,Amide | Haloalkane,Alcohol=0.3494 | Carboxylic acid=0.4012 | Ester=0.2023 | Ether=0.2849 | Sulfide=0.1408,Amide=0.5070 | Haloalkane=0.5116
479358,4,3,7,Alkane | Arene | Ester | Ether | Haloalkane | Sulfide,Alcohol | Alkane | Amine | Arene | Carboxylic acid,Ester | Ether | Haloalkane | Sulfide,Alcohol | Amine | Carboxylic acid,Ester=0.0585 | Ether=0.1232 | Haloalkane=0.4349 | Sulfide=0.0793,Alcohol=0.6880 | Amine=0.6178 | Carboxylic acid=0.6271
671110,5,2,7,Amine | Arene | Haloalkane | Sulfide | Sulfonamide,Alkane | Ketone,Amine | Arene | Haloalkane | Sulfide | Sulfonamide,Alkane | Ketone,Amine=0.1934 | Arene=0.2201 | Haloalkane=0.2865 | Sulfide=0.0621 | Sulfonamide=0.0191,Alkane=0.9976 | Ketone=0.5359
745025,5,2,7,Alcohol | Alkane | Amine | Arene | Haloalkane | Sulfide,Alkane | Amide | Ether,Alcohol | Amine | Arene | Haloalkane | Sulfide,Amide | Ether,Alcohol=0.3597 | Amine=0.3920 | Arene=0.4926 | Haloalkane=0.3466 | Sulfide=0.1800,Amide=0.5734 | Ether=0.9359
600758,4,3,7,Alcohol | Alkane | Amine | Carboxylic acid | Phenol,Alkane | Arene | Ether | Haloalkane,Alcohol | Amine | Carboxylic acid | Phenol,Arene | Ether | Haloalkane,Alcohol=0.3754 | Amine=0.4726 | Carboxylic acid=0.0150 | Phenol=0.0985,Arene=0.9704 | Ether=0.8336 | Haloalkane=0.5546
49168,6,1,7,Alkane | Alkene | Amine | Arene | Enamine | Ether | Ketone,Arene | Haloalkane,Alkane | Alkene | Amine | Enamine | Ether | Ketone,Haloalkane,Alkane=0.2862 | Alkene=0.0519 | Amine=0.4015 | Enamine=0.0069 | Ether=0.1255 | Ketone=0.0095,Haloalkane=0.5913
197883,4,3,7,Alcohol | Alkane | Alkene | Arene | Carboxylic acid | Ester | Ether,Alkane | Amide | Amine | Arene | Carbamate | Ether,Alcohol | Alkene | Carboxylic acid | Ester,Amide | Amine | Carbamate,Alcohol=0.2965 | Alkene=0.0625 | Carboxylic acid=0.2521 | Ester=0.0334,Amide=0.6932 | Amine=0.5715 | Carbamate=0.7302
252023,4,3,7,Aldehyde | Alkane | Alkene | Ester | Ether,Alkane | Amine | Arene | Haloalkane,Aldehyde | Alkene | Ester | Ether,Amine | Arene | Haloalkane,Aldehyde=0.0100 | Alkene=0.0584 | Ester=0.0246 | Ether=0.1337,Amine=0.7807 | Arene=0.6915 | Haloalkane=0.8019
54784,3,4,7,Alcohol | Alkane | Arene | Ether | Phenol,Alkane | Amide | Amine | Arene | Carboxylic acid | Haloalkane,Alcohol | Ether | Phenol,Amide | Amine | Carboxylic acid | Haloalkane,Alcohol=0.4998 | Ether=0.4801 | Phenol=0.0758,Amide=0.6090 | Amine=0.7367 | Carboxylic acid=0.5764 | Haloalkane=0.9373
764761,3,4,7,Alcohol | Carboxylic acid | Nitrile,Alkane | Arene | Ether | Haloalkane,Alcohol | Carboxylic acid | Nitrile,Alkane | Arene | Ether | Haloalkane,Alcohol=0.1806 | Carboxylic acid=0.0493 | Nitrile=0.0490,Alkane=0.9976 | Arene=0.9796 | Ether=0.5041 | Haloalkane=0.7999
620677,3,4,7,Alcohol | Alkane | Carboxylic acid | Sulfide,Alkane | Amide | Arene | Carbamate | Ether,Alcohol | Carboxylic acid | Sulfide,Amide | Arene | Carbamate | Ether,Alcohol=0.2635 | Carboxylic acid=0.1214 | Sulfide=0.0993,Amide=0.6292 | Arene=0.9632 | Carbamate=0.8970 | Ether=0.9685
16202,3,4,7,Alcohol | Alkane | Amine | Ester | Ether,Alkane | Amide | Arene | Carbamate | Ether | Imide,Alcohol | Amine | Ester,Amide | Arene | Carbamate | Imide,Alcohol=0.1461 | Amine=0.4284 | Ester=0.1677,Amide=0.8937 | Arene=0.9660 | Carbamate=0.7041 | Imide=0.7787
425919,6,1,7,Alcohol | Alkane | Arene | Ester | Ether | Haloalkane | Phenol,Alkane | Ketone,Alcohol | Arene | Ester | Ether | Haloalkane | Phenol,Ketone,Alcohol=0.1257 | Arene=0.3869 | Ester=0.0240 | Ether=0.0552 | Haloalkane=0.4215 | Phenol=0.0333,Ketone=0.8345
673568,5,2,7,Alcohol | Alkane | Alkene | Amide | Arene | Ether | Phenol,Alkane | Amine | Arene | Haloalkane,Alcohol | Alkene | Amide | Ether | Phenol,Amine | Haloalkane,Alcohol=0.0648 | Alkene=0.0883 | Amide=0.0411 | Ether=0.1602 | Phenol=0.0264,Amine=0.9391 | Haloalkane=0.7904
721356,5,2,7,Alkane | Amine | Arene | Haloalkane | Ketone | Sulfide,Alkane | Carbamate | Ether,Amine | Arene | Haloalkane | Ketone | Sulfide,Carbamate | Ether,Amine=0.3075 | Arene=0.1886 | Haloalkane=0.2505 | Ketone=0.0095 | Sulfide=0.1920,Carbamate=0.9216 | Ether=0.9260
24147,5,2,7,Alcohol | Alkane | Amine | Arene | Haloalkane | Phenol | Sulfide | Sulfonamide,Alkane | Arene | Ether | Haloalkane | Ketone,Alcohol | Amine | Phenol | Sulfide | Sulfonamide,Ether | Ketone,Alcohol=0.1198 | Amine=0.4861 | Phenol=0.0414 | Sulfide=0.0789 | Sulfonamide=0.0696,Ether=0.5559 | Ketone=0.7437
647361,3,4,7,Alkane | Amide | Amine | Sulfide,Alkane | Arene | Carbamate | Ether | Haloalkane,Amide | Amine | Sulfide,Arene | Carbamate | Ether | Haloalkane,Amide=0.0370 | Amine=0.4186 | Sulfide=0.0605,Arene=0.9440 | Carbamate=0.8963 | Ether=0.9225 | Haloalkane=0.5378
669735,3,4,7,Alcohol | Alkane | Ether | Nitrile | Phenol,Alkane | Amine | Arene | Ester | Ether | Haloalkane,Alcohol | Nitrile | Phenol,Amine | Arene | Ester | Haloalkane,Alcohol=0.1050 | Nitrile=0.0913 | Phenol=0.0486,Amine=0.5421 | Arene=0.6980 | Ester=0.8015 | Haloalkane=0.6016
487414,4,3,7,Alcohol | Alkane | Amide | Amine | Arene | Ether,Alkane | Arene | Haloalkane | Ketone | Sulfide,Alcohol | Amide | Amine | Ether,Haloalkane | Ketone | Sulfide,Alcohol=0.3660 | Amide=0.4750 | Amine=0.2911 | Ether=0.1129,Haloalkane=0.5564 | Ketone=0.6346 | Sulfide=0.6244
304027,5,2,7,Alcohol | Alkane | Alkene | Arene | Enol | Ester | Ether | Haloalkane | Ketone,Alkane | Amide | Amine | Arene | Ether | Haloalkane,Alcohol | Alkene | Enol | Ester | Ketone,Amide | Amine,Alcohol=0.3223 | Alkene=0.0855 | Enol=0.0158 | Ester=0.1630 | Ketone=0.0189,Amide=0.6896 | Amine=0.7300
418305,5,2,7,Alcohol | Alkane | Arene | Carboxylic acid | Ether | Sulfide,Alkane | Amide | Amine,Alcohol | Arene | Carboxylic acid | Ether | Sulfide,Amide | Amine,Alcohol=0.1211 | Arene=0.1585 | Carboxylic acid=0.1109 | Ether=0.0771 | Sulfide=0.1666,Amide=0.5164 | Amine=0.5706
240710,4,3,7,Alkane | Alkene | Amine | Arene | Haloalkane | Sulfide,Alkane | Arene | Carbamate | Ether | Ketone,Alkene | Amine | Haloalkane | Sulfide,Carbamate | Ether | Ketone,Alkene=0.1336 | Amine=0.3060 | Haloalkane=0.4070 | Sulfide=0.2142,Carbamate=0.7082 | Ether=0.9192 | Ketone=0.8042
58008,3,4,7,Alcohol | Alkane | Alkene | Arene | Carboxylic acid | Sulfide,Alcohol | Alkane | Amide | Arene | Carbamate | Ester | Ether,Alkene | Carboxylic acid | Sulfide,Amide | Carbamate | Ester | Ether,Alkene=0.3412 | Carboxylic acid=0.2135 | Sulfide=0.0704,Amide=0.7624 | Carbamate=0.5768 | Ester=0.6942 | Ether=0.9145
757015,6,1,7,Alkane | Alkene | Amine | Arene | Enamine | Ester | Ether | Haloalkane | Sulfide,Alkane | Amide | Arene | Haloalkane,Alkene | Amine | Enamine | Ester | Ether | Sulfide,Amide,Alkene=0.1530 | Amine=0.3567 | Enamine=0.0571 | Ester=0.0551 | Ether=0.2467 | Sulfide=0.2333,Amide=0.5116
730360,6,1,7,Alcohol | Alkane | Amide | Amine | Arene | Carbamate | Ether,Alkane | Ketone,Alcohol | Amide | Amine | Arene | Carbamate | Ether,Ketone,Alcohol=0.2196 | Amide=0.1795 | Amine=0.0665 | Arene=0.1085 | Carbamate=0.0113 | Ether=0.1087,Ketone=0.7699
1887,4,3,7,Alcohol | Alkane | Arene | Carboxylic acid | Ether | Sulfide,Alkane | Amide | Amine | Arene | Haloalkane,Alcohol | Carboxylic acid | Ether | Sulfide,Amide | Amine | Haloalkane,Alcohol=0.1418 | Carboxylic acid=0.0689 | Ether=0.1422 | Sulfide=0.2556,Amide=0.7437 | Amine=0.7370 | Haloalkane=0.5913
423962,3,4,7,Aldehyde | Alkane | Alkene | Sulfide,Alkane | Amide | Arene | Carbamate | Ether,Aldehyde | Alkene | Sulfide,Amide | Arene | Carbamate | Ether,Aldehyde=0.0088 | Alkene=0.0343 | Sulfide=0.0601,Amide=0.8418 | Arene=0.9740 | Carbamate=0.8897 | Ether=0.9438
330636,4,3,7,Alkane | Amine | Arene | Ether | Nitrile | Sulfoxide,Alcohol | Alkane | Amide | Arene | Haloalkane,Amine | Ether | Nitrile | Sulfoxide,Alcohol | Amide | Haloalkane,Amine=0.2658 | Ether=0.4251 | Nitrile=0.0359 | Sulfoxide=0.0099,Alcohol=0.5698 | Amide=0.6208 | Haloalkane=0.5495
344743,6,1,7,Alkane | Alkene | Amine | Arene | Ether | Nitrile | Sulfide | Sulfonamide,Alkane | Amide | Arene,Alkene | Amine | Ether | Nitrile | Sulfide | Sulfonamide,Amide,Alkene=0.2221 | Amine=0.4219 | Ether=0.3788 | Nitrile=0.1576 | Sulfide=0.1382 | Sulfonamide=0.0977,Amide=0.5460
211924,4,3,7,Alcohol | Alkane | Arene | Ester | Ether | Phenol | Sulfide,Alkane | Amide | Amine | Arene | Ether | Haloalkane,Alcohol | Ester | Phenol | Sulfide,Amide | Amine | Haloalkane,Alcohol=0.3369 | Ester=0.2132 | Phenol=0.0130 | Sulfide=0.2428,Amide=0.7111 | Amine=0.7556 | Haloalkane=0.6544
300669,5,2,7,Alkane | Alkene | Amine | Arene | Enamine | Ester | Ether | Haloalkane | Ketone,Alcohol | Alkane | Arene | Carboxylic acid | Ester | Ether,Alkene | Amine | Enamine | Haloalkane | Ketone,Alcohol | Carboxylic acid,Alkene=0.2141 | Amine=0.1266 | Enamine=0.0398 | Haloalkane=0.4160 | Ketone=0.2930,Alcohol=0.6732 | Carboxylic acid=0.5111
50419,4,3,7,Alcohol | Alkane | Arene | Haloalkane | Hydrazone | Phenol,Alkane | Amide | Amine | Arene | Ether,Alcohol | Haloalkane | Hydrazone | Phenol,Amide | Amine | Ether,Alcohol=0.1873 | Haloalkane=0.2971 | Hydrazone=0.0018 | Phenol=0.0227,Amide=0.7746 | Amine=0.8899 | Ether=0.5317
298201,4,3,7,Alkane | Alkene | Amine | Enamine | Ketone | Nitrile,Alcohol | Alkane | Arene | Ether | Ketone,Alkene | Amine | Enamine | Nitrile,Alcohol | Arene | Ether,Alkene=0.3957 | Amine=0.3881 | Enamine=0.0403 | Nitrile=0.1494,Alcohol=0.5507 | Arene=0.5481 | Ether=0.6900
455910,6,1,7,Alkane | Amide | Amine | Arene | Haloalkane | Hydrazine | Imine,Alkane | Ketone,Amide | Amine | Arene | Haloalkane | Hydrazine | Imine,Ketone,Amide=0.1972 | Amine=0.3380 | Arene=0.0688 | Haloalkane=0.1158 | Hydrazine=0.0028 | Imine=0.0019,Ketone=0.8909
168378,6,1,7,Aldehyde | Alkane | Alkene | Arene | Carbamate | Ether | Haloalkane,Alcohol | Alkane,Aldehyde | Alkene | Arene | Carbamate | Ether | Haloalkane,Alcohol,Aldehyde=0.0043 | Alkene=0.1539 | Arene=0.3780 | Carbamate=0.0283 | Ether=0.1477 | Haloalkane=0.2412,Alcohol=0.5981
97541,4,3,7,Alcohol | Amide | Carboxylic acid | Haloalkane | Sulfide,Alkane | Arene | Ether | Haloalkane,Alcohol | Amide | Carboxylic acid | Sulfide,Alkane | Arene | Ether,Alcohol=0.3716 | Amide=0.4785 | Carboxylic acid=0.2886 | Sulfide=0.1554,Alkane=0.7160 | Arene=0.9514 | Ether=0.7889
487379,3,4,7,Alkane | Amine | Arene | Ketone | Nitrile,Alcohol | Alkane | Alkyne | Amide | Arene | Haloalkane,Amine | Ketone | Nitrile,Alcohol | Alkyne | Amide | Haloalkane,Amine=0.3596 | Ketone=0.0152 | Nitrile=0.0692,Alcohol=0.6098 | Alkyne=0.8102 | Amide=0.7442 | Haloalkane=0.6681
361328,6,1,7,Alcohol | Alkane | Alkene | Arene | Enol | Ester | Ether | Ketone | Nitrile,Alkane | Arene | Ether | Haloalkane,Alcohol | Alkene | Enol | Ester | Ketone | Nitrile,Haloalkane,Alcohol=0.4334 | Alkene=0.0432 | Enol=0.0011 | Ester=0.0349 | Ketone=0.0120 | Nitrile=0.0248,Haloalkane=0.7276
140,6,1,7,Alkane | Amide | Amine | Arene | Carbamate | Ether | Haloalkane | Hydrazone | Imide | Sulfide,Alkane | Arene | Ester | Ether | Haloalkane,Amide | Amine | Carbamate | Hydrazone | Imide | Sulfide,Ester,Amide=0.0890 | Amine=0.1791 | Carbamate=0.0514 | Hydrazone=0.0614 | Imide=0.0425 | Sulfide=0.1550,Ester=0.8237
316239,4,3,7,Alkane | Amine | Carbamate | Ether | Thioamide,Alkane | Alkene | Arene | Ketone,Amine | Carbamate | Ether | Thioamide,Alkene | Arene | Ketone,Amine=0.1803 | Carbamate=0.0109 | Ether=0.4195 | Thioamide=0.0310,Alkene=0.7791 | Arene=0.5362 | Ketone=0.8437
721036,7,0,7,Alcohol | Alkane | Amine | Arene | Ester | Ether | Haloalkane | Nitrile,Alkane,Alcohol | Amine | Arene | Ester | Ether | Haloalkane | Nitrile,,Alcohol=0.1692 | Amine=0.4096 | Arene=0.0614 | Ester=0.0170 | Ether=0.0604 | Haloalkane=0.3131 | Nitrile=0.0295,
715880,5,2,7,Alcohol | Alkane | Amine | Arene | Ketone | Sulfide,Alkane | Ether | Nitrile,Alcohol | Amine | Arene | Ketone | Sulfide,Ether | Nitrile,Alcohol=0.2257 | Amine=0.3831 | Arene=0.1042 | Ketone=0.0117 | Sulfide=0.0483,Ether=0.5973 | Nitrile=0.6923
61445,5,2,7,Acid anhydride | Aldehyde | Alkane | Arene | Ester | Ether | Haloalkane,Alkane | Amide | Amine | Arene,Acid anhydride | Aldehyde | Ester | Ether | Haloalkane,Amide | Amine,Acid anhydride=0.1138 | Aldehyde=0.0024 | Ester=0.0399 | Ether=0.1248 | Haloalkane=0.3754,Amide=0.8463 | Amine=0.8017
334261,3,4,7,Alcohol | Alkane | Carboxylic acid | Ether,Alkane | Amide | Amine | Arene | Haloalkane,Alcohol | Carboxylic acid | Ether,Amide | Amine | Arene | Haloalkane,Alcohol=0.1611 | Carboxylic acid=0.1094 | Ether=0.3349,Amide=0.5968 | Amine=0.7251 | Arene=0.5727 | Haloalkane=0.5047
459820,3,4,7,Alkane | Carbamate | Ether | Haloalkane,Alcohol | Amide | Arene | Carboxylic acid | Haloalkane,Alkane | Carbamate | Ether,Alcohol | Amide | Arene | Carboxylic acid,Alkane=0.1602 | Carbamate=0.0054 | Ether=0.0929,Alcohol=0.5480 | Amide=0.6401 | Arene=0.9799 | Carboxylic acid=0.5013
223260,4,3,7,Acyl halide | Alkane | Carbamate | Ether | Haloalkane,Alkane | Alkene | Amine | Arene,Acyl halide | Carbamate | Ether | Haloalkane,Alkene | Amine | Arene,Acyl halide=0.0009 | Carbamate=0.0095 | Ether=0.3871 | Haloalkane=0.3840,Alkene=0.5237 | Amine=0.5558 | Arene=0.9537
496789,3,4,7,Alcohol | Alkane | Arene | Carbamate | Carboxylic acid | Ether | Haloalkane,Alkane | Alkene | Amide | Amine | Arene | Ester | Ether | Haloalkane,Alcohol | Carbamate | Carboxylic acid,Alkene | Amide | Amine | Ester,Alcohol=0.2951 | Carbamate=0.0150 | Carboxylic acid=0.3691,Alkene=0.7961 | Amide=0.8125 | Amine=0.7259 | Ester=0.9121
666993,6,1,7,Alcohol | Alkane | Alkene | Amine | Arene | Enamine | Ether | Ketone | Phenol,Alkane | Amine | Carbamate | Ether,Alcohol | Alkene | Arene | Enamine | Ketone | Phenol,Carbamate,Alcohol=0.0960 | Alkene=0.0450 | Arene=0.0578 | Enamine=0.0074 | Ketone=0.0085 | Phenol=0.0051,Carbamate=0.9595
67754,6,1,7,Alkane | Alkene | Amide | Amine | Arene | Enamine | Ether | Hydrazine,Alkane | Arene | Haloalkane,Alkene | Amide | Amine | Enamine | Ether | Hydrazine,Haloalkane,Alkene=0.1275 | Amide=0.4429 | Amine=0.2135 | Enamine=0.0093 | Ether=0.1176 | Hydrazine=0.0208,Haloalkane=0.5172
58033,5,2,7,Alkane | Alkene | Amine | Arene | Carbamate | Ester | Ether,Alkane | Amide | Arene | Haloalkane,Alkene | Amine | Carbamate | Ester | Ether,Amide | Haloalkane,Alkene=0.0931 | Amine=0.4592 | Carbamate=0.0110 | Ester=0.0266 | Ether=0.0863,Amide=0.8653 | Haloalkane=0.8200
353525,4,3,7,Alkane | Amide | Ester | Ether,Arene | Haloalkane | Ketone,Alkane | Amide | Ester | Ether,Arene | Haloalkane | Ketone,Alkane=0.2241 | Amide=0.0306 | Ester=0.0204 | Ether=0.0767,Arene=0.9672 | Haloalkane=0.5515 | Ketone=0.6967
227683,4,3,7,Alkane | Alkene | Carbamate | Ether | Haloalkane | Nitrile,Alcohol | Alkane | Arene | Carboxylic acid | Haloalkane,Alkene | Carbamate | Ether | Nitrile,Alcohol | Arene | Carboxylic acid,Alkene=0.1973 | Carbamate=0.0067 | Ether=0.1035 | Nitrile=0.0476,Alcohol=0.5892 | Arene=0.9919 | Carboxylic acid=0.6011
784388,5,2,7,Alkane | Alkene | Amine | Arene | Enamine | Ester | Ether | Haloalkane,Alcohol | Alkane | Arene | Carboxylic acid | Haloalkane,Alkene | Amine | Enamine | Ester | Ether,Alcohol | Carboxylic acid,Alkene=0.2923 | Amine=0.2057 | Enamine=0.0120 | Ester=0.0166 | Ether=0.0509,Alcohol=0.7722 | Carboxylic acid=0.7419
223495,6,1,7,Alkane | Alkene | Amine | Arene | Enamine | Ether | Haloalkane | Hydrazine,Alcohol | Alkane | Arene,Alkene | Amine | Enamine | Ether | Haloalkane | Hydrazine,Alcohol,Alkene=0.1105 | Amine=0.4833 | Enamine=0.0063 | Ether=0.1266 | Haloalkane=0.4264 | Hydrazine=0.0161,Alcohol=0.5256
256794,4,3,7,Alcohol | Alkane | Amine | Arene | Carbamate | Ether | Phenol,Alkane | Arene | Ester | Ether | Haloalkane | Sulfide,Alcohol | Amine | Carbamate | Phenol,Ester | Haloalkane | Sulfide,Alcohol=0.1710 | Amine=0.1778 | Carbamate=0.0791 | Phenol=0.0438,Ester=0.5831 | Haloalkane=0.6727 | Sulfide=0.6877
702000,5,2,7,Alkane | Amide | Amine | Ester | Ether | Sulfide,Alkane | Arene | Haloalkane,Amide | Amine | Ester | Ether | Sulfide,Arene | Haloalkane,Amide=0.2392 | Amine=0.2007 | Ester=0.0269 | Ether=0.1494 | Sulfide=0.1649,Arene=0.9796 | Haloalkane=0.6860
546127,2,5,7,Alkane | Alkene | Haloalkane,Alcohol | Alkane | Amide | Amine | Arene | Carboxylic acid,Alkene | Haloalkane,Alcohol | Amide | Amine | Arene | Carboxylic acid,Alkene=0.0782 | Haloalkane=0.2774,Alcohol=0.5940 | Amide=0.8124 | Amine=0.5748 | Arene=0.9629 | Carboxylic acid=0.6048
134404,5,2,7,Alcohol | Alkane | Amide | Amine | Arene | Haloalkane | Sulfide | Sulfonamide,Alkane | Amine | Arene | Ester | Ether,Alcohol | Amide | Haloalkane | Sulfide | Sulfonamide,Ester | Ether,Alcohol=0.0603 | Amide=0.3129 | Haloalkane=0.4999 | Sulfide=0.2147 | Sulfonamide=0.1693,Ester=0.8639 | Ether=0.8372
570168,6,1,7,Alcohol | Alkane | Alkene | Amide | Amine | Arene | Enol | Ether | Ketone,Alkane | Amide | Arene | Haloalkane,Alcohol | Alkene | Amine | Enol | Ether | Ketone,Haloalkane,Alcohol=0.3547 | Alkene=0.1745 | Amine=0.4550 | Enol=0.0073 | Ether=0.1755 | Ketone=0.0131,Haloalkane=0.6192
671916,5,2,7,Amine | Arene | Ether | Sulfide | Sulfonamide | Thioamide,Arene | Haloalkane | Ketone,Amine | Ether | Sulfide | Sulfonamide | Thioamide,Haloalkane | Ketone,Amine=0.3234 | Ether=0.3148 | Sulfide=0.1241 | Sulfonamide=0.1848 | Thioamide=0.0614,Haloalkane=0.6732 | Ketone=0.7226
132843,6,1,7,Alkane | Amine | Arene | Ether | Haloalkane | Sulfonamide | Thiol,Arene | Carboxylic acid,Alkane | Amine | Ether | Haloalkane | Sulfonamide | Thiol,Carboxylic acid,Alkane=0.1557 | Amine=0.1549 | Ether=0.0856 | Haloalkane=0.4083 | Sulfonamide=0.0451 | Thiol=0.0550,Carboxylic acid=0.5091
729999,4,3,7,Alcohol | Alkane | Alkene | Amine | Carboxylic acid,Alkane | Arene | Ether | Haloalkane,Alcohol | Alkene | Amine | Carboxylic acid,Arene | Ether | Haloalkane,Alcohol=0.4242 | Alkene=0.3387 | Amine=0.4915 | Carboxylic acid=0.4630,Arene=0.6523 | Ether=0.6551 | Haloalkane=0.5181
511160,4,3,7,Alkene | Amide | Amine | Arene | Enamine,Alkane | Arene | Carbamate | Ether,Alkene | Amide | Amine | Enamine,Alkane | Carbamate | Ether,Alkene=0.0929 | Amide=0.0454 | Amine=0.3169 | Enamine=0.0138,Alkane=0.9822 | Carbamate=0.8214 | Ether=0.9347
272972,6,1,7,Alcohol | Alkane | Alkene | Arene | Ester | Ether | Phenol,Alkane | Haloalkane,Alcohol | Alkene | Arene | Ester | Ether | Phenol,Haloalkane,Alcohol=0.2006 | Alkene=0.1052 | Arene=0.2735 | Ester=0.0167 | Ether=0.1861 | Phenol=0.1808,Haloalkane=0.7474
792642,7,0,7,Alkane | Alkene | Amine | Arene | Enamine | Ester | Ether | Haloalkane | Sulfide,Alkane | Amine,Alkene | Arene | Enamine | Ester | Ether | Haloalkane | Sulfide,,Alkene=0.0666 | Arene=0.3398 | Enamine=0.0072 | Ester=0.1488 | Ether=0.2901 | Haloalkane=0.2292 | Sulfide=0.0536,
722952,5,2,7,Alcohol | Alkane | Alkene | Ester | Ether | Ketone,Alkane | Amine | Haloalkane,Alcohol | Alkene | Ester | Ether | Ketone,Amine | Haloalkane,Alcohol=0.1530 | Alkene=0.0769 | Ester=0.0174 | Ether=0.1001 | Ketone=0.0088,Amine=0.5631 | Haloalkane=0.5347
415494,4,3,7,Alkane | Amide | Amine | Arene | Haloalkane,Alcohol | Alkane | Carboxylic acid | Ketone,Amide | Amine | Arene | Haloalkane,Alcohol | Carboxylic acid | Ketone,Amide=0.1599 | Amine=0.1211 | Arene=0.0526 | Haloalkane=0.1193,Alcohol=0.5669 | Carboxylic acid=0.5420 | Ketone=0.8967
528334,6,1,7,Alcohol | Alkane | Arene | Carboxylic acid | Ester | Ether | Haloalkane,Alkane | Amide,Alcohol | Arene | Carboxylic acid | Ester | Ether | Haloalkane,Amide,Alcohol=0.3417 | Arene=0.4039 | Carboxylic acid=0.1678 | Ester=0.0731 | Ether=0.4931 | Haloalkane=0.3485,Amide=0.6599
408813,4,3,7,Alcohol | Alkane | Amide | Arene | Carboxylic acid | Sulfide,Alkane | Arene | Carbamate | Ether | Haloalkane,Alcohol | Amide | Carboxylic acid | Sulfide,Carbamate | Ether | Haloalkane,Alcohol=0.1197 | Amide=0.0570 | Carboxylic acid=0.0156 | Sulfide=0.1037,Carbamate=0.9295 | Ether=0.9412 | Haloalkane=0.5085
770248,3,4,7,Alcohol | Alkane | Alkyne | Amide | Arene,Alkane | Amine | Arene | Ether | Ketone | Nitrile,Alcohol | Alkyne | Amide,Amine | Ether | Ketone | Nitrile,Alcohol=0.0577 | Alkyne=0.0013 | Amide=0.1619,Amine=0.7849 | Ether=0.7866 | Ketone=0.8800 | Nitrile=0.5825
667776,3,4,7,Alkane | Alkene | Amine | Nitrile,Alkane | Amide | Arene | Carbamate | Ether,Alkene | Amine | Nitrile,Amide | Arene | Carbamate | Ether,Alkene=0.0652 | Amine=0.4160 | Nitrile=0.0126,Amide=0.5006 | Arene=0.9582 | Carbamate=0.6659 | Ether=0.8182
187980,6,1,7,Alcohol | Alkane | Amine | Arene | Haloalkane | Phenol | Sulfide | Sulfone,Alkane | Arene | Ether,Alcohol | Amine | Haloalkane | Phenol | Sulfide | Sulfone,Ether,Alcohol=0.2278 | Amine=0.3636 | Haloalkane=0.2042 | Phenol=0.1174 | Sulfide=0.0716 | Sulfone=0.3889,Ether=0.7474
684004,5,2,7,Alcohol | Alkane | Amine | Arene | Carboxylic acid | Haloalkane | Sulfonamide,Alkane | Amide | Arene | Ether,Alcohol | Amine | Carboxylic acid | Haloalkane | Sulfonamide,Amide | Ether,Alcohol=0.4840 | Amine=0.4441 | Carboxylic acid=0.2514 | Haloalkane=0.4880 | Sulfonamide=0.1123,Amide=0.7680 | Ether=0.7739
431380,5,2,7,Alcohol | Alkane | Amide | Amine | Sulfide | Sulfonamide,Alkane | Ester | Ether,Alcohol | Amide | Amine | Sulfide | Sulfonamide,Ester | Ether,Alcohol=0.2799 | Amide=0.2264 | Amine=0.4642 | Sulfide=0.3499 | Sulfonamide=0.0209,Ester=0.5341 | Ether=0.6952
504754,4,3,7,Alkane | Arene | Ester | Ether | Haloalkane,Alcohol | Alkane | Alkene | Ketone,Arene | Ester | Ether | Haloalkane,Alcohol | Alkene | Ketone,Arene=0.0616 | Ester=0.1110 | Ether=0.4118 | Haloalkane=0.2976,Alcohol=0.5530 | Alkene=0.8285 | Ketone=0.8277
473195,3,4,7,Alkane | Amide | Arene | Haloalkane | Sulfide,Alkane | Alkene | Arene | Carbamate | Ester | Ether,Amide | Haloalkane | Sulfide,Alkene | Carbamate | Ester | Ether,Amide=0.1159 | Haloalkane=0.3289 | Sulfide=0.0525,Alkene=0.5202 | Carbamate=0.9511 | Ester=0.8907 | Ether=0.9812
