class_index,label,threshold,precision,recall,f1
0,Acid anhydride,0.05,0.46078431372549017,0.734375,0.5662650602409639
0,Acid anhydride,0.060000000000000005,0.5222222222222223,0.734375,0.6103896103896104
0,Acid anhydride,0.07,0.5875,0.734375,0.6527777777777778
0,Acid anhydride,0.08000000000000002,0.6438356164383562,0.734375,0.6861313868613139
0,Acid anhydride,0.09000000000000001,0.71875,0.71875,0.71875
0,Acid anhydride,0.1,0.7796610169491526,0.71875,0.7479674796747967
0,Acid anhydride,0.11000000000000001,0.8148148148148148,0.6875,0.7457627118644068
0,Acid anhydride,0.12000000000000001,0.82,0.640625,0.7192982456140351
0,Acid anhydride,0.13,0.8837209302325582,0.59375,0.7102803738317757
0,Acid anhydride,0.14,0.8809523809523809,0.578125,0.6981132075471698
0,Acid anhydride,0.15000000000000002,0.9,0.5625,0.6923076923076923
0,Acid anhydride,0.16000000000000003,0.9,0.5625,0.6923076923076923
0,Acid anhydride,0.17000000000000004,0.9,0.5625,0.6923076923076923
0,Acid anhydride,0.18000000000000005,0.9,0.5625,0.6923076923076923
0,Acid anhydride,0.19,0.9210526315789473,0.546875,0.6862745098039216
0,Acid anhydride,0.2,0.9459459459459459,0.546875,0.693069306930693
0,Acid anhydride,0.21000000000000002,0.9459459459459459,0.546875,0.693069306930693
0,Acid anhydride,0.22000000000000003,0.9444444444444444,0.53125,0.68
0,Acid anhydride,0.23000000000000004,0.9444444444444444,0.53125,0.68
0,Acid anhydride,0.24000000000000005,0.9428571428571428,0.515625,0.6666666666666666
0,Acid anhydride,0.25000000000000006,0.9428571428571428,0.515625,0.6666666666666666
0,Acid anhydride,0.26000000000000006,0.9428571428571428,0.515625,0.6666666666666666
0,Acid anhydride,0.27,0.9428571428571428,0.515625,0.6666666666666666
0,Acid anhydride,0.28,0.9411764705882353,0.5,0.6530612244897959
0,Acid anhydride,0.29000000000000004,0.9393939393939394,0.484375,0.6391752577319587
0,Acid anhydride,0.30000000000000004,0.9393939393939394,0.484375,0.6391752577319587
0,Acid anhydride,0.31000000000000005,0.9375,0.46875,0.625
0,Acid anhydride,0.32000000000000006,0.9354838709677419,0.453125,0.6105263157894737
0,Acid anhydride,0.33,0.9310344827586207,0.421875,0.5806451612903226
0,Acid anhydride,0.34,0.9310344827586207,0.421875,0.5806451612903226
0,Acid anhydride,0.35000000000000003,0.9310344827586207,0.421875,0.5806451612903226
0,Acid anhydride,0.36000000000000004,0.9310344827586207,0.421875,0.5806451612903226
0,Acid anhydride,0.37000000000000005,0.9285714285714286,0.40625,0.5652173913043478
0,Acid anhydride,0.38000000000000006,0.9285714285714286,0.40625,0.5652173913043478
0,Acid anhydride,0.39000000000000007,0.9259259259259259,0.390625,0.5494505494505495
0,Acid anhydride,0.4000000000000001,0.9259259259259259,0.390625,0.5494505494505495
0,Acid anhydride,0.4100000000000001,0.92,0.359375,0.5168539325842697
0,Acid anhydride,0.42000000000000004,0.9166666666666666,0.34375,0.5
0,Acid anhydride,0.43000000000000005,0.9166666666666666,0.34375,0.5
0,Acid anhydride,0.44000000000000006,0.9130434782608695,0.328125,0.4827586206896552
0,Acid anhydride,0.45000000000000007,0.9130434782608695,0.328125,0.4827586206896552
0,Acid anhydride,0.4600000000000001,0.9130434782608695,0.328125,0.4827586206896552
0,Acid anhydride,0.4700000000000001,0.9090909090909091,0.3125,0.46511627906976744
0,Acid anhydride,0.4800000000000001,0.9,0.28125,0.42857142857142855
0,Acid anhydride,0.49000000000000005,0.9,0.28125,0.42857142857142855
0,Acid anhydride,0.5000000000000001,0.8947368421052632,0.265625,0.40963855421686746
0,Acid anhydride,0.5100000000000001,0.9444444444444444,0.265625,0.4146341463414634
0,Acid anhydride,0.5200000000000001,0.9444444444444444,0.265625,0.4146341463414634
0,Acid anhydride,0.5300000000000001,0.9411764705882353,0.25,0.3950617283950617
0,Acid anhydride,0.5400000000000001,0.9411764705882353,0.25,0.3950617283950617
0,Acid anhydride,0.5500000000000002,0.9411764705882353,0.25,0.3950617283950617
0,Acid anhydride,0.5600000000000002,0.9375,0.234375,0.375
0,Acid anhydride,0.5700000000000002,0.9375,0.234375,0.375
0,Acid anhydride,0.5800000000000002,0.9333333333333333,0.21875,0.35443037974683544
0,Acid anhydride,0.5900000000000002,0.9285714285714286,0.203125,0.3333333333333333
0,Acid anhydride,0.6000000000000002,0.9230769230769231,0.1875,0.3116883116883117
0,Acid anhydride,0.6100000000000001,0.9166666666666666,0.171875,0.2894736842105263
0,Acid anhydride,0.6200000000000001,0.9166666666666666,0.171875,0.2894736842105263
0,Acid anhydride,0.6300000000000001,0.9090909090909091,0.15625,0.26666666666666666
0,Acid anhydride,0.6400000000000001,0.9,0.140625,0.24324324324324326
0,Acid anhydride,0.6500000000000001,0.9,0.140625,0.24324324324324326
0,Acid anhydride,0.6600000000000001,0.9,0.140625,0.24324324324324326
0,Acid anhydride,0.6700000000000002,0.9,0.140625,0.24324324324324326
0,Acid anhydride,0.6800000000000002,0.9,0.140625,0.24324324324324326
0,Acid anhydride,0.6900000000000002,0.9,0.140625,0.24324324324324326
0,Acid anhydride,0.7000000000000002,0.9,0.140625,0.24324324324324326
0,Acid anhydride,0.7100000000000002,0.8888888888888888,0.125,0.2191780821917808
0,Acid anhydride,0.7200000000000002,0.8888888888888888,0.125,0.2191780821917808
0,Acid anhydride,0.7300000000000002,0.8888888888888888,0.125,0.2191780821917808
0,Acid anhydride,0.7400000000000002,0.8571428571428571,0.09375,0.16901408450704225
0,Acid anhydride,0.7500000000000002,0.8571428571428571,0.09375,0.16901408450704225
0,Acid anhydride,0.7600000000000002,1.0,0.09375,0.17142857142857143
0,Acid anhydride,0.7700000000000002,1.0,0.078125,0.14492753623188406
0,Acid anhydride,0.7800000000000001,1.0,0.0625,0.11764705882352941
0,Acid anhydride,0.7900000000000001,1.0,0.0625,0.11764705882352941
0,Acid anhydride,0.8000000000000002,1.0,0.0625,0.11764705882352941
0,Acid anhydride,0.8100000000000002,1.0,0.0625,0.11764705882352941
0,Acid anhydride,0.8200000000000002,1.0,0.0625,0.11764705882352941
0,Acid anhydride,0.8300000000000002,1.0,0.0625,0.11764705882352941
0,Acid anhydride,0.8400000000000002,1.0,0.0625,0.11764705882352941
0,Acid anhydride,0.8500000000000002,1.0,0.0625,0.11764705882352941
0,Acid anhydride,0.8600000000000002,1.0,0.03125,0.06060606060606061
0,Acid anhydride,0.8700000000000002,1.0,0.015625,0.03076923076923077
0,Acid anhydride,0.8800000000000002,1.0,0.015625,0.03076923076923077
0,Acid anhydride,0.8900000000000002,1.0,0.015625,0.03076923076923077
0,Acid anhydride,0.9000000000000002,1.0,0.015625,0.03076923076923077
0,Acid anhydride,0.9100000000000003,1.0,0.015625,0.03076923076923077
0,Acid anhydride,0.9200000000000003,1.0,0.015625,0.03076923076923077
0,Acid anhydride,0.9300000000000002,1.0,0.015625,0.03076923076923077
0,Acid anhydride,0.9400000000000002,1.0,0.015625,0.03076923076923077
0,Acid anhydride,0.9500000000000002,0.0,0.0,0.0
1,Acyl halide,0.05,0.25227272727272726,0.5454545454545454,0.34498834498834496
1,Acyl halide,0.060000000000000005,0.2976878612716763,0.5061425061425061,0.37488626023657873
1,Acyl halide,0.07,0.3392226148409894,0.47174447174447176,0.394655704008222
1,Acyl halide,0.08000000000000002,0.37684210526315787,0.4398034398034398,0.40589569160997735
1,Acyl halide,0.09000000000000001,0.4137055837563452,0.4004914004914005,0.4069912609238452
1,Acyl halide,0.1,0.4484848484848485,0.36363636363636365,0.4016282225237449
1,Acyl halide,0.11000000000000001,0.47333333333333333,0.3488943488943489,0.4016973125884017
1,Acyl halide,0.12000000000000001,0.4963235294117647,0.3316953316953317,0.39764359351988215
1,Acyl halide,0.13,0.5336134453781513,0.31203931203931207,0.3937984496124031
1,Acyl halide,0.14,0.5598086124401914,0.28746928746928746,0.37987012987012986
1,Acyl halide,0.15000000000000002,0.5824742268041238,0.27764127764127766,0.37603993344425957
1,Acyl halide,0.16000000000000003,0.6228571428571429,0.2678132678132678,0.3745704467353952
1,Acyl halide,0.17000000000000004,0.6424242424242425,0.26044226044226043,0.3706293706293706
1,Acyl halide,0.18000000000000005,0.6896551724137931,0.2457002457002457,0.36231884057971014
1,Acyl halide,0.19,0.7028985507246377,0.23832923832923833,0.3559633027522936
1,Acyl halide,0.2,0.7045454545454546,0.2285012285012285,0.3450834879406308
1,Acyl halide,0.21000000000000002,0.7086614173228346,0.22113022113022113,0.33707865168539325
1,Acyl halide,0.22000000000000003,0.7008547008547008,0.20147420147420148,0.31297709923664124
1,Acyl halide,0.23000000000000004,0.7169811320754716,0.18673218673218672,0.2962962962962963
1,Acyl halide,0.24000000000000005,0.7425742574257426,0.18427518427518427,0.2952755905511811
1,Acyl halide,0.25000000000000006,0.7684210526315789,0.17936117936117937,0.2908366533864542
1,Acyl halide,0.26000000000000006,0.7582417582417582,0.16953316953316952,0.27710843373493976
1,Acyl halide,0.27,0.7674418604651163,0.16216216216216217,0.26774847870182555
1,Acyl halide,0.28,0.7654320987654321,0.15233415233415235,0.2540983606557377
1,Acyl halide,0.29000000000000004,0.7763157894736842,0.14496314496314497,0.2443064182194617
1,Acyl halide,0.30000000000000004,0.8028169014084507,0.14004914004914004,0.2384937238493724
1,Acyl halide,0.31000000000000005,0.8142857142857143,0.14004914004914004,0.2389937106918239
1,Acyl halide,0.32000000000000006,0.8484848484848485,0.1375921375921376,0.23678646934460887
1,Acyl halide,0.33,0.859375,0.13513513513513514,0.23354564755838642
1,Acyl halide,0.34,0.8524590163934426,0.12776412776412777,0.2222222222222222
1,Acyl halide,0.35000000000000003,0.8524590163934426,0.12776412776412777,0.2222222222222222
1,Acyl halide,0.36000000000000004,0.875,0.12039312039312039,0.21166306695464362
1,Acyl halide,0.37000000000000005,0.8679245283018868,0.11302211302211303,0.2
1,Acyl halide,0.38000000000000006,0.8653846153846154,0.11056511056511056,0.19607843137254902
1,Acyl halide,0.39000000000000007,0.8653846153846154,0.11056511056511056,0.19607843137254902
1,Acyl halide,0.4000000000000001,0.8541666666666666,0.10073710073710074,0.18021978021978022
1,Acyl halide,0.4100000000000001,0.8723404255319149,0.10073710073710074,0.18061674008810572
1,Acyl halide,0.42000000000000004,0.8695652173913043,0.09828009828009827,0.17660044150110377
1,Acyl halide,0.43000000000000005,0.8695652173913043,0.09828009828009827,0.17660044150110377
1,Acyl halide,0.44000000000000006,0.8604651162790697,0.09090909090909091,0.16444444444444445
1,Acyl halide,0.45000000000000007,0.8604651162790697,0.09090909090909091,0.16444444444444445
1,Acyl halide,0.4600000000000001,0.8461538461538461,0.08108108108108109,0.14798206278026907
1,Acyl halide,0.4700000000000001,0.8461538461538461,0.08108108108108109,0.14798206278026907
1,Acyl halide,0.4800000000000001,0.8648648648648649,0.07862407862407862,0.14414414414414414
1,Acyl halide,0.49000000000000005,0.8648648648648649,0.07862407862407862,0.14414414414414414
1,Acyl halide,0.5000000000000001,0.8648648648648649,0.07862407862407862,0.14414414414414414
1,Acyl halide,0.5100000000000001,0.8648648648648649,0.07862407862407862,0.14414414414414414
1,Acyl halide,0.5200000000000001,0.8857142857142857,0.07616707616707617,0.14027149321266968
1,Acyl halide,0.5300000000000001,0.8823529411764706,0.07371007371007371,0.1360544217687075
1,Acyl halide,0.5400000000000001,0.9090909090909091,0.07371007371007371,0.13636363636363635
1,Acyl halide,0.5500000000000002,0.9090909090909091,0.07371007371007371,0.13636363636363635
1,Acyl halide,0.5600000000000002,0.9333333333333333,0.0687960687960688,0.12814645308924486
1,Acyl halide,0.5700000000000002,0.9310344827586207,0.06633906633906633,0.12385321100917432
1,Acyl halide,0.5800000000000002,0.9259259259259259,0.06142506142506143,0.1152073732718894
1,Acyl halide,0.5900000000000002,0.9259259259259259,0.06142506142506143,0.1152073732718894
1,Acyl halide,0.6000000000000002,0.9259259259259259,0.06142506142506143,0.1152073732718894
1,Acyl halide,0.6100000000000001,0.9230769230769231,0.05896805896805897,0.11085450346420324
1,Acyl halide,0.6200000000000001,0.9230769230769231,0.05896805896805897,0.11085450346420324
1,Acyl halide,0.6300000000000001,0.9230769230769231,0.05896805896805897,0.11085450346420324
1,Acyl halide,0.6400000000000001,0.9583333333333334,0.056511056511056514,0.10672853828306264
1,Acyl halide,0.6500000000000001,0.9565217391304348,0.05405405405405406,0.10232558139534884
1,Acyl halide,0.6600000000000001,0.9523809523809523,0.04914004914004914,0.09345794392523364
1,Acyl halide,0.6700000000000002,0.9444444444444444,0.04176904176904177,0.08
1,Acyl halide,0.6800000000000002,0.9333333333333333,0.0343980343980344,0.06635071090047394
1,Acyl halide,0.6900000000000002,0.9333333333333333,0.0343980343980344,0.06635071090047394
1,Acyl halide,0.7000000000000002,0.9333333333333333,0.0343980343980344,0.06635071090047394
1,Acyl halide,0.7100000000000002,0.9285714285714286,0.03194103194103194,0.06175771971496437
1,Acyl halide,0.7200000000000002,0.9285714285714286,0.03194103194103194,0.06175771971496437
1,Acyl halide,0.7300000000000002,0.9230769230769231,0.029484029484029485,0.05714285714285714
1,Acyl halide,0.7400000000000002,0.9166666666666666,0.02702702702702703,0.05250596658711217
1,Acyl halide,0.7500000000000002,0.9090909090909091,0.02457002457002457,0.04784688995215311
1,Acyl halide,0.7600000000000002,0.9,0.022113022113022112,0.04316546762589928
1,Acyl halide,0.7700000000000002,1.0,0.022113022113022112,0.04326923076923077
1,Acyl halide,0.7800000000000001,1.0,0.022113022113022112,0.04326923076923077
1,Acyl halide,0.7900000000000001,1.0,0.022113022113022112,0.04326923076923077
1,Acyl halide,0.8000000000000002,1.0,0.0171990171990172,0.033816425120772944
1,Acyl halide,0.8100000000000002,1.0,0.0171990171990172,0.033816425120772944
1,Acyl halide,0.8200000000000002,1.0,0.014742014742014743,0.029055690072639227
1,Acyl halide,0.8300000000000002,1.0,0.014742014742014743,0.029055690072639227
1,Acyl halide,0.8400000000000002,1.0,0.012285012285012284,0.024271844660194174
1,Acyl halide,0.8500000000000002,1.0,0.012285012285012284,0.024271844660194174
1,Acyl halide,0.8600000000000002,1.0,0.012285012285012284,0.024271844660194174
1,Acyl halide,0.8700000000000002,1.0,0.012285012285012284,0.024271844660194174
1,Acyl halide,0.8800000000000002,1.0,0.012285012285012284,0.024271844660194174
1,Acyl halide,0.8900000000000002,1.0,0.012285012285012284,0.024271844660194174
1,Acyl halide,0.9000000000000002,1.0,0.004914004914004914,0.009779951100244499
1,Acyl halide,0.9100000000000003,1.0,0.004914004914004914,0.009779951100244499
1,Acyl halide,0.9200000000000003,1.0,0.002457002457002457,0.004901960784313725
1,Acyl halide,0.9300000000000002,1.0,0.002457002457002457,0.004901960784313725
1,Acyl halide,0.9400000000000002,0.0,0.0,0.0
1,Acyl halide,0.9500000000000002,0.0,0.0,0.0
2,Alcohol,0.05,0.2693455190906001,1.0,0.42438487399958347
2,Alcohol,0.060000000000000005,0.26956127308923217,0.9999065245840344,0.42464421111133166
2,Alcohol,0.07,0.2704887955359289,0.9991119835483268,0.42572216634968685
2,Alcohol,0.08000000000000002,0.2730703785678646,0.9975696391848944,0.42877087957894316
2,Alcohol,0.09000000000000001,0.27759433038802384,0.9940643110861843,0.4339947967147886
2,Alcohol,0.1,0.28438579280502063,0.9890633763320247,0.4417539062092288
2,Alcohol,0.11000000000000001,0.29229655614020433,0.9813983922228454,0.4504365360276294
2,Alcohol,0.12000000000000001,0.30182551075151887,0.9728921293699757,0.4607195422905393
2,Alcohol,0.13,0.31251422933899975,0.9623294073658628,0.47180944306320965
2,Alcohol,0.14,0.3244507599948908,0.9497569639184894,0.483672109296901
2,Alcohol,0.15000000000000002,0.33682276389872223,0.9338661432043373,0.4950816422607101
2,Alcohol,0.16000000000000003,0.3500910161687547,0.9168536174985978,0.5067028283611004
2,Alcohol,0.17000000000000004,0.3647743868899721,0.8988595999252197,0.5189492572754625
2,Alcohol,0.18000000000000005,0.3795624861130749,0.8782482707048046,0.5300480938747303
2,Alcohol,0.19,0.39321473078080016,0.8553467937932324,0.5387559245194148
2,Alcohol,0.2,0.40570843757107117,0.8337539727051786,0.5458189272710583
2,Alcohol,0.21000000000000002,0.4184047011222966,0.8119742007851934,0.5522426014812931
2,Alcohol,0.22000000000000003,0.4298581686245655,0.7918302486446065,0.5572201483333059
2,Alcohol,0.23000000000000004,0.4422511100411919,0.7727612637876239,0.5625531625327481
2,Alcohol,0.24000000000000005,0.4533738533400867,0.753037951018882,0.5659886886570414
2,Alcohol,0.25000000000000006,0.4643765903307888,0.7335483267900542,0.5687212378157046
2,Alcohol,0.26000000000000006,0.47581422838834103,0.7148999813049168,0.5713538651177559
2,Alcohol,0.27,0.48683866753755717,0.6967190128996074,0.5731697939095662
2,Alcohol,0.28,0.49805861938631757,0.6774630772106935,0.5740707736786868
2,Alcohol,0.29000000000000004,0.5088143920236977,0.6583006169377453,0.5739842699376503
2,Alcohol,0.30000000000000004,0.5212324332558936,0.639652271452608,0.5744024510523996
2,Alcohol,0.31000000000000005,0.5315618612480462,0.6198822209758833,0.5723347789500939
2,Alcohol,0.32000000000000006,0.5444722233992966,0.6005328098710039,0.5711301255695077
2,Alcohol,0.33,0.5556995976754582,0.5809964479341934,0.5680665356669561
2,Alcohol,0.34,0.5663070617609648,0.561833987661245,0.5640616568519344
2,Alcohol,0.35000000000000003,0.5783342460297705,0.5429519536361936,0.5600848540365932
2,Alcohol,0.36000000000000004,0.5918270498286317,0.5245840343989531,0.5561804712469959
2,Alcohol,0.37000000000000005,0.6046381670857781,0.5057020003739017,0.5507622610776005
2,Alcohol,0.38000000000000006,0.6172180718605479,0.48653954010095346,0.5441430139564059
2,Alcohol,0.39000000000000007,0.6287602265575833,0.46695644045616,0.5359116022099447
2,Alcohol,0.4000000000000001,0.6401925391095066,0.4475602916432978,0.5268196071959069
2,Alcohol,0.4100000000000001,0.6520600311482373,0.43050102822957564,0.5186081864759867
2,Alcohol,0.42000000000000004,0.6617250673854448,0.413067863151991,0.5086325966850829
2,Alcohol,0.43000000000000005,0.6725516586176866,0.39703682931389045,0.49930937196931846
2,Alcohol,0.44000000000000006,0.6833557724671828,0.37955692652832307,0.4880408653846154
2,Alcohol,0.45000000000000007,0.6903312444046553,0.36039446625537486,0.4735613830375238
2,Alcohol,0.4600000000000001,0.7005531184436391,0.34333520284165264,0.4608242895677812
2,Alcohol,0.4700000000000001,0.7102832199776672,0.32702374275565527,0.4478509936953948
2,Alcohol,0.4800000000000001,0.7211924119241192,0.3109459712095719,0.43453838868750205
2,Alcohol,0.49000000000000005,0.7308981620621894,0.2955225275752477,0.42087396412287414
2,Alcohol,0.5000000000000001,0.7409085343455369,0.28280987100392596,0.40936305517031424
2,Alcohol,0.5100000000000001,0.7504532504532504,0.27084501776032904,0.39803557936671474
2,Alcohol,0.5200000000000001,0.7576801212288194,0.2570573939054029,0.3838771593090211
2,Alcohol,0.5300000000000001,0.7656526875369167,0.2423350158908207,0.36814825333712015
2,Alcohol,0.5400000000000001,0.7743825205826472,0.22859412974387736,0.3529878752886836
2,Alcohol,0.5500000000000002,0.784855158394037,0.21653580108431483,0.33942635261364884
2,Alcohol,0.5600000000000002,0.7951299890150129,0.20298186576930266,0.3234045721945044
2,Alcohol,0.5700000000000002,0.8034977402240125,0.19111048794167135,0.30877855389843306
2,Alcohol,0.5800000000000002,0.8094331641285956,0.17886520845017762,0.29298729137957435
2,Alcohol,0.5900000000000002,0.8168822328114363,0.16825574873808188,0.2790373212417161
2,Alcohol,0.6000000000000002,0.8233415233415233,0.15661805945036456,0.26317442864996465
2,Alcohol,0.6100000000000001,0.8343982960596379,0.14647597681809685,0.24920483460559797
2,Alcohol,0.6200000000000001,0.8435591741785403,0.13558609085810433,0.23362190457016307
2,Alcohol,0.6300000000000001,0.8491338582677166,0.12600486072163022,0.21944568800618616
2,Alcohol,0.6400000000000001,0.8536335721596725,0.1169377453729669,0.20569737328893822
2,Alcohol,0.6500000000000001,0.8592814371257484,0.10730977752851001,0.19079275386405184
2,Alcohol,0.6600000000000001,0.8669686985172982,0.09838287530379511,0.17671255876427133
2,Alcohol,0.6700000000000002,0.875,0.09029725182277061,0.16370106761565836
2,Alcohol,0.6800000000000002,0.8826759860209685,0.08263226771359132,0.15111756912688576
2,Alcohol,0.6900000000000002,0.8921513269339356,0.07384557861282483,0.13640091509474683
2,Alcohol,0.7000000000000002,0.8966812773951158,0.06692839783137035,0.1245596485887009
2,Alcohol,0.7100000000000002,0.897489539748954,0.060151430173864276,0.11274638633377135
2,Alcohol,0.7200000000000002,0.9041963578780681,0.0533744625163582,0.10079879959398032
2,Alcohol,0.7300000000000002,0.9070990359333918,0.04837352776219854,0.09184895948884057
2,Alcohol,0.7400000000000002,0.9107321965897693,0.042437838848382876,0.08109677131246372
2,Alcohol,0.7500000000000002,0.9157303370786517,0.038091232005982426,0.07314008794759042
2,Alcohol,0.7600000000000002,0.9190897597977244,0.03397831370349598,0.06553387118582954
2,Alcohol,0.7700000000000002,0.927246790299572,0.03037951018882034,0.05883151559035163
2,Alcohol,0.7800000000000001,0.9325463743676222,0.02584595251448869,0.05029787621083269
2,Alcohol,0.7900000000000001,0.9385245901639344,0.02140587025612264,0.04185706452202522
2,Alcohol,0.8000000000000002,0.9432624113475178,0.01864834548513741,0.03657362848893166
2,Alcohol,0.8100000000000002,0.9459459459459459,0.01635819779398018,0.032160249931085176
2,Alcohol,0.8200000000000002,0.948051948051948,0.013647410730977753,0.0269074824917066
2,Alcohol,0.8300000000000002,0.9501915708812261,0.01159095157973453,0.022902525742254237
2,Alcohol,0.8400000000000002,0.9466666666666667,0.009955131800336511,0.019703066463160817
2,Alcohol,0.8500000000000002,0.9368421052631579,0.008319312020938493,0.01649217085147781
2,Alcohol,0.8600000000000002,0.9337748344370861,0.006590016825574874,0.013087668817004688
2,Alcohol,0.8700000000000002,0.9304347826086956,0.005000934754159656,0.009948398493793873
2,Alcohol,0.8800000000000002,0.9534883720930233,0.003832492054589643,0.007634298482450424
2,Alcohol,0.8900000000000002,0.9508196721311475,0.00271078706300243,0.005406161159528359
2,Alcohol,0.9000000000000002,0.9318181818181818,0.0019162460272948215,0.003824626865671642
2,Alcohol,0.9100000000000003,0.9117647058823529,0.0014488689474668162,0.0028931404573028464
2,Alcohol,0.9200000000000003,0.9615384615384616,0.001168442699570013,0.0023340491083932405
2,Alcohol,0.9300000000000002,1.0,0.0006543279117592073,0.0013078000934142924
2,Alcohol,0.9400000000000002,1.0,0.00028042624789680314,0.000560695262125035
2,Alcohol,0.9500000000000002,1.0,9.347541596560104e-05,0.0001869333582577811
3,Aldehyde,0.05,0.5407117008443908,0.8841222879684418,0.6710329341317365
3,Aldehyde,0.060000000000000005,0.5960640426951301,0.881163708086785,0.7111022682053323
3,Aldehyde,0.07,0.6447988401594781,0.8772189349112426,0.743263003969083
3,Aldehyde,0.08000000000000002,0.6813989239046887,0.8742603550295858,0.7658747300215982
3,Aldehyde,0.09000000000000001,0.7107271996785858,0.8722879684418146,0.7832632278060659
3,Aldehyde,0.1,0.7344139650872819,0.871301775147929,0.79702300405954
3,Aldehyde,0.11000000000000001,0.7508517887563884,0.8693293885601578,0.8057586837294333
3,Aldehyde,0.12000000000000001,0.7615951452102298,0.866370808678501,0.8106113033448673
3,Aldehyde,0.13,0.7772364924712135,0.8653846153846154,0.8189454036397573
3,Aldehyde,0.14,0.7868043087971275,0.8643984220907298,0.8237781954887218
3,Aldehyde,0.15000000000000002,0.7952684258416742,0.8619329388560157,0.8272598201609087
3,Aldehyde,0.16000000000000003,0.8038674033149171,0.8609467455621301,0.8314285714285714
3,Aldehyde,0.17000000000000004,0.8134328358208955,0.8599605522682445,0.8360498561840843
3,Aldehyde,0.18000000000000005,0.8212264150943396,0.8584812623274162,0.839440694310511
3,Aldehyde,0.19,0.8261904761904761,0.8555226824457594,0.8406007751937985
3,Aldehyde,0.2,0.8301343570057581,0.8530571992110454,0.8414396887159533
3,Aldehyde,0.21000000000000002,0.8372996600291404,0.8500986193293886,0.8436505994617078
3,Aldehyde,0.22000000000000003,0.8426470588235294,0.8476331360946746,0.8451327433628318
3,Aldehyde,0.23000000000000004,0.8489351163942546,0.8451676528599605,0.8470471954534223
3,Aldehyde,0.24000000000000005,0.8540729635182409,0.8427021696252466,0.848349466368826
3,Aldehyde,0.25000000000000006,0.85771744595274,0.8412228796844181,0.8493900921085387
3,Aldehyde,0.26000000000000006,0.8607594936708861,0.8382642998027613,0.849362977766675
3,Aldehyde,0.27,0.8666326009197751,0.8362919132149902,0.8511919698870766
3,Aldehyde,0.28,0.869542886492039,0.8348126232741617,0.8518238993710692
3,Aldehyde,0.29000000000000004,0.8716494845360825,0.8338264299802761,0.8523185483870968
3,Aldehyde,0.30000000000000004,0.8746113989637305,0.8323471400394478,0.852956038403234
3,Aldehyde,0.31000000000000005,0.8798328108672936,0.8303747534516766,0.854388635210553
3,Aldehyde,0.32000000000000006,0.8823529411764706,0.8284023668639053,0.854526958290946
3,Aldehyde,0.33,0.8845545598313126,0.8274161735700197,0.855031847133758
3,Aldehyde,0.34,0.8847780126849895,0.8254437869822485,0.8540816326530613
3,Aldehyde,0.35000000000000003,0.8874066168623266,0.8200197238658777,0.8523833931317273
3,Aldehyde,0.36000000000000004,0.8889484978540773,0.8170611439842209,0.8514902363823227
3,Aldehyde,0.37000000000000005,0.8929150892374257,0.8141025641025641,0.8516894506061388
3,Aldehyde,0.38000000000000006,0.8944504896626768,0.8106508875739645,0.8504914640455251
3,Aldehyde,0.39000000000000007,0.8970427163198248,0.8076923076923077,0.8500259470679813
3,Aldehyde,0.4000000000000001,0.8993919292426755,0.8022682445759369,0.8480583789418816
3,Aldehyde,0.4100000000000001,0.9014476614699332,0.7983234714003945,0.8467573221757322
3,Aldehyde,0.42000000000000004,0.9026301063234471,0.7953648915187377,0.8456094364351245
3,Aldehyde,0.43000000000000005,0.903661971830986,0.7909270216962525,0.8435445700762556
3,Aldehyde,0.44000000000000006,0.9067652075042638,0.7864891518737672,0.8423554264589385
3,Aldehyde,0.45000000000000007,0.9084144247281053,0.7825443786982249,0.840794701986755
3,Aldehyde,0.4600000000000001,0.9086731763354394,0.7800788954635108,0.839479968161316
3,Aldehyde,0.4700000000000001,0.9090382387022016,0.7736686390532544,0.8359083644112946
3,Aldehyde,0.4800000000000001,0.9103086779266162,0.7707100591715976,0.8347129506008011
3,Aldehyde,0.49000000000000005,0.9107981220657277,0.7652859960552268,0.8317256162915327
3,Aldehyde,0.5000000000000001,0.9105979869745412,0.7583826429980276,0.8275490987355394
3,Aldehyde,0.5100000000000001,0.9113095238095238,0.754930966469428,0.825782092772384
3,Aldehyde,0.5200000000000001,0.9126506024096386,0.7470414201183432,0.821583514099783
3,Aldehyde,0.5300000000000001,0.913280776228017,0.742603550295858,0.8191460429698123
3,Aldehyde,0.5400000000000001,0.916156670746634,0.7381656804733728,0.817586018569088
3,Aldehyde,0.5500000000000002,0.9158936301793444,0.730276134122288,0.8126200274348423
3,Aldehyde,0.5600000000000002,0.9161976235146967,0.7223865877712031,0.8078301626688723
3,Aldehyde,0.5700000000000002,0.9172457359444094,0.7159763313609467,0.8042093602880088
3,Aldehyde,0.5800000000000002,0.9194373401534527,0.7090729783037475,0.8006681514476615
3,Aldehyde,0.5900000000000002,0.9205426356589147,0.7026627218934911,0.7969798657718121
3,Aldehyde,0.6000000000000002,0.9196078431372549,0.6937869822485208,0.790893760539629
3,Aldehyde,0.6100000000000001,0.9220607661822986,0.6883629191321499,0.7882552230378317
3,Aldehyde,0.6200000000000001,0.9219479653102068,0.6814595660749507,0.7836688403742558
3,Aldehyde,0.6300000000000001,0.9223497636731938,0.6735700197238659,0.7785693929894557
3,Aldehyde,0.6400000000000001,0.9219712525667351,0.6642011834319527,0.7721410146173688
3,Aldehyde,0.6500000000000001,0.9231833910034603,0.6577909270216963,0.7682119205298014
3,Aldehyde,0.6600000000000001,0.9240506329113924,0.6479289940828402,0.7617391304347826
3,Aldehyde,0.6700000000000002,0.9290322580645162,0.6390532544378699,0.7572304995617879
3,Aldehyde,0.6800000000000002,0.9325598259608412,0.6341222879684418,0.7549163486938656
3,Aldehyde,0.6900000000000002,0.9331373989713446,0.626232741617357,0.7494836234877545
3,Aldehyde,0.7000000000000002,0.9352196574832464,0.6193293885601578,0.7451794719667755
3,Aldehyde,0.7100000000000002,0.9371688115064345,0.6104536489151874,0.7393251716930427
3,Aldehyde,0.7200000000000002,0.9393468118195957,0.5956607495069034,0.7290283645141823
3,Aldehyde,0.7300000000000002,0.94,0.5793885601577909,0.7169005491153142
3,Aldehyde,0.7400000000000002,0.9414191419141914,0.5626232741617357,0.7043209876543209
3,Aldehyde,0.7500000000000002,0.9419191919191919,0.5517751479289941,0.6958955223880597
3,Aldehyde,0.7600000000000002,0.9436741767764298,0.5369822485207101,0.6844751728472659
3,Aldehyde,0.7700000000000002,0.9442946990116802,0.5182445759368837,0.6692136262336835
3,Aldehyde,0.7800000000000001,0.945845004668534,0.4995069033530572,0.6537592771861891
3,Aldehyde,0.7900000000000001,0.9471624266144814,0.47731755424063116,0.6347540983606558
3,Aldehyde,0.8000000000000002,0.9506172839506173,0.4556213017751479,0.616
3,Aldehyde,0.8100000000000002,0.9503239740820735,0.4339250493096647,0.5958023019634394
3,Aldehyde,0.8200000000000002,0.9522700814901047,0.40335305719921105,0.5666782126775199
3,Aldehyde,0.8300000000000002,0.9523212045169385,0.3742603550295858,0.5373451327433628
3,Aldehyde,0.8400000000000002,0.953519256308101,0.35404339250493094,0.5163610212153902
3,Aldehyde,0.8500000000000002,0.9565217391304348,0.3254437869822485,0.4856512141280353
3,Aldehyde,0.8600000000000002,0.956661316211878,0.2938856015779093,0.44964164466239154
3,Aldehyde,0.8700000000000002,0.9591078066914498,0.25443786982248523,0.40218238503507403
3,Aldehyde,0.8800000000000002,0.9727891156462585,0.21153846153846154,0.34750911300121506
3,Aldehyde,0.8900000000000002,0.9756838905775076,0.15828402366863906,0.27238014425116674
3,Aldehyde,0.9000000000000002,0.9746835443037974,0.11390532544378698,0.20397350993377483
3,Aldehyde,0.9100000000000003,0.9722222222222222,0.06903353057199212,0.1289134438305709
3,Aldehyde,0.9200000000000003,0.9605263157894737,0.03599605522682446,0.06939163498098859
3,Aldehyde,0.9300000000000002,0.967741935483871,0.014792899408284023,0.029140359397765905
3,Aldehyde,0.9400000000000002,0.9230769230769231,0.005917159763313609,0.011758941695247428
3,Aldehyde,0.9500000000000002,0.8,0.0019723865877712033,0.003935071323167732
4,Alkane,0.05,0.9628781107992095,1.0,0.9810880313981004
4,Alkane,0.060000000000000005,0.9628781107992095,1.0,0.9810880313981004
4,Alkane,0.07,0.9628902316213495,1.0,0.9810943231665085
4,Alkane,0.08000000000000002,0.9629144741811224,1.0,0.9811069069454242
4,Alkane,0.09000000000000001,0.9629629629629629,1.0,0.9811320754716981
4,Alkane,0.1,0.9631201208763536,0.9999869267374366,0.9812073477346195
4,Alkane,0.11000000000000001,0.9635559698672244,0.9999607802123098,0.9814208912326623
4,Alkane,0.12000000000000001,0.9647325933400606,0.9998954138994928,0.9819993323575482
4,Alkane,0.13,0.9664497377898528,0.9998431208492391,0.9828628708386077
4,Alkane,0.14,0.9688565093443142,0.9996731684359149,0.9840236267589775
4,Alkane,0.15000000000000002,0.9715454903605424,0.9994247764472102,0.9852879577777921
4,Alkane,0.16000000000000003,0.9744138906949172,0.9992417507713225,0.9866716580715535
4,Alkane,0.17000000000000004,0.9773459885386819,0.9988626261569837,0.9879871725243747
4,Alkane,0.18000000000000005,0.9801463039014374,0.9984442817549548,0.9892106831075305
4,Alkane,0.19,0.9826103745655812,0.997999790827799,0.9902452945220583
4,Alkane,0.2,0.9846814990708239,0.9975030068503896,0.9910507858163398
4,Alkane,0.21000000000000002,0.9865719719020453,0.9970062228729801,0.9917616536513365
4,Alkane,0.22000000000000003,0.9878070902871359,0.9966401715212049,0.9922039721998074
4,Alkane,0.23000000000000004,0.9887009314272371,0.9963787062699367,0.9925249710244957
4,Alkane,0.24000000000000005,0.9895079923647271,0.9962218271191758,0.9928535598652795
4,Alkane,0.25000000000000006,0.9900067574591953,0.9959603618679077,0.9929746356977138
4,Alkane,0.26000000000000006,0.9905844409186673,0.9957904094545835,0.9931806031841237
4,Alkane,0.27,0.9910208861994925,0.9955943105161325,0.99330233407462
4,Alkane,0.28,0.991484375,0.9954766511530617,0.9934765023615062
4,Alkane,0.29000000000000004,0.9918572079994789,0.9952674789520473,0.993559417150091
4,Alkane,0.30000000000000004,0.9921541028047127,0.9952151859017937,0.9936822869077144
4,Alkane,0.31000000000000005,0.9923860184352225,0.995097526538723,0.9937399228424275
4,Alkane,0.32000000000000006,0.9925147357988628,0.9950060137007791,0.9937588133911318
4,Alkane,0.33,0.9927339612303999,0.9948883543377085,0.9938099902056807
4,Alkane,0.34,0.9928371995929337,0.9948360612874549,0.9938356253836409
4,Alkane,0.35000000000000003,0.9929922092158321,0.9947706949746379,0.9938806564742916
4,Alkane,0.36000000000000004,0.9931085790359842,0.9947314751869476,0.9939193646356517
4,Alkane,0.37000000000000005,0.9932895544211914,0.9946530356115673,0.9939708274271829
4,Alkane,0.38000000000000006,0.9934059333542254,0.9946007425613136,0.9940029789124356
4,Alkane,0.39000000000000007,0.9934444212285833,0.9945353762484965,0.9939895993937335
4,Alkane,0.4000000000000001,0.9935608583780677,0.994483083198243,0.99402175688478
4,Alkane,0.4100000000000001,0.9935994566069283,0.9944307901479893,0.9940149495583085
4,Alkane,0.42000000000000004,0.9937550625800214,0.9944046436228625,0.9940797469843303
4,Alkane,0.43000000000000005,0.9938329674924219,0.9944046436228625,0.9941187233708864
4,Alkane,0.44000000000000006,0.9939106459158206,0.9943654238351723,0.994137982864873
4,Alkane,0.45000000000000007,0.9939882640458984,0.9943131307849187,0.9941506708755694
4,Alkane,0.4600000000000001,0.9940271587834747,0.9943000575223553,0.9941635894251822
4,Alkane,0.4700000000000001,0.9941050375133976,0.9942869842597919,0.994196002562125
4,Alkane,0.4800000000000001,0.9941565572056055,0.9942085446844114,0.9941825502653803
4,Alkane,0.49000000000000005,0.994234465086483,0.994195471421848,0.9942149678718272
4,Alkane,0.5000000000000001,0.9943513905778056,0.9941823981592847,0.9942668871877676
4,Alkane,0.5100000000000001,0.9944163299465171,0.9941693248967213,0.994292812081195
4,Alkane,0.5200000000000001,0.994468201969477,0.9941431783715944,0.9943056636092025
4,Alkane,0.5300000000000001,0.994559104344869,0.9941170318464676,0.9943380189604446
4,Alkane,0.5400000000000001,0.9945848375451264,0.9940647387962139,0.9943247201590124
4,Alkane,0.5500000000000002,0.9946496082048062,0.9940124457459604,0.9943309249027364
4,Alkane,0.5600000000000002,0.9947535750264938,0.9939862992208336,0.99436978911231
4,Alkane,0.5700000000000002,0.994805296765414,0.9939209329080165,0.9943629182034581
4,Alkane,0.5800000000000002,0.994883270519263,0.9938947863828897,0.9943887827974992
4,Alkane,0.5900000000000002,0.9949222635188191,0.9938817131203264,0.9944017161094543
4,Alkane,0.6000000000000002,0.994973887776338,0.9937902002823825,0.9943816917713695
4,Alkane,0.6100000000000001,0.9950257222520388,0.9937379072321288,0.9943813977826471
4,Alkane,0.6200000000000001,0.9951036225338099,0.9936856141818752,0.9943941128372854
4,Alkane,0.6300000000000001,0.9952207615356413,0.9936594676567484,0.9944395017793595
4,Alkane,0.6400000000000001,0.9952594843052264,0.993581028081368,0.9944195479375879
4,Alkane,0.6500000000000001,0.9952722700961262,0.9935287350311144,0.9943997383055283
4,Alkane,0.6600000000000001,0.9953372015350561,0.9934764419808607,0.9944059512827056
4,Alkane,0.6700000000000002,0.9953758891261347,0.9933849291429169,0.9943794125537359
4,Alkane,0.6800000000000002,0.9954798558794629,0.9933064895675364,0.9943919851848944
4,Alkane,0.6900000000000002,0.9955580014937694,0.9932803430424096,0.9944178680575096
4,Alkane,0.7000000000000002,0.9956489259924249,0.9931888302044658,0.9944173565888936
4,Alkane,0.7100000000000002,0.9957398280201343,0.9930842441039586,0.9944102631234455
4,Alkane,0.7200000000000002,0.9957917092739715,0.9930058045285781,0.9943968056555607
4,Alkane,0.7300000000000002,0.9958566614656404,0.9929273649531977,0.9943898559168364
4,Alkane,0.7400000000000002,0.9959085723277863,0.9928489253778173,0.9943763952628167
4,Alkane,0.7500000000000002,0.9959472220764912,0.9927181927521832,0.9943300858998534
4,Alkane,0.7600000000000002,0.9960514751216697,0.9926528264393663,0.9943492466753534
4,Alkane,0.7700000000000002,0.9961422385513712,0.9924698007634786,0.9943026286492646
4,Alkane,0.7800000000000001,0.9962194801785246,0.9921560424619568,0.9941836093062251
4,Alkane,0.7900000000000001,0.9963495981931824,0.9919730167860691,0.9941564907499607
4,Alkane,0.8000000000000002,0.9963879950088659,0.9917376980599278,0.9940574079291344
4,Alkane,0.8100000000000002,0.9964393640783077,0.9914631595460963,0.9939450334857997
4,Alkane,0.8200000000000002,0.996529831617966,0.9911232547194477,0.9938191900058334
4,Alkane,0.8300000000000002,0.9965811066694719,0.9907964231553626,0.9936803461387177
4,Alkane,0.8400000000000002,0.9966582025339772,0.9903388589656434,0.9934884818916845
4,Alkane,0.8500000000000002,0.9967224767019428,0.9899466610887413,0.9933230139573932
4,Alkane,0.8600000000000002,0.9968256895234583,0.9893975840610783,0.9930977469261354
4,Alkane,0.8700000000000002,0.9968760709672317,0.9887177744077812,0.9927801625119783
4,Alkane,0.8800000000000002,0.9969133359715077,0.9880248914919207,0.9924492127483553
4,Alkane,0.8900000000000002,0.9969503742722484,0.9872404957381165,0.9920716767713923
4,Alkane,0.9000000000000002,0.9970002114388413,0.9863122940961147,0.9916274545884703
4,Alkane,0.9100000000000003,0.9970621708175634,0.9849918945772107,0.9909902800247274
4,Alkane,0.9200000000000003,0.997215666516401,0.9832662239188412,0.9901918190555182
4,Alkane,0.9300000000000002,0.9972634403602694,0.981422893897401,0.9892797606889417
4,Alkane,0.9400000000000002,0.9973098589673587,0.9790174135857345,0.9880789808749117
4,Alkane,0.9500000000000002,0.9973935708079931,0.9755268524813052,0.986339032562935
5,Alkene,0.05,0.12948592199399953,0.9778867102396515,0.22869006980180365
5,Alkene,0.060000000000000005,0.1415210355987055,0.952723311546841,0.2464356156663849
5,Alkene,0.07,0.15687257468575355,0.9203703703703704,0.26805628261869635
5,Alkene,0.08000000000000002,0.17476774513396418,0.8832244008714597,0.2917963759379555
5,Alkene,0.09000000000000001,0.19533409407886396,0.8391067538126362,0.3168980767252905
5,Alkene,0.1,0.21774725604270379,0.7909586056644881,0.34148520904858204
5,Alkene,0.11000000000000001,0.2438780965959722,0.7453159041394336,0.36750369276218614
5,Alkene,0.12000000000000001,0.2713211055701124,0.6993464052287581,0.3909627915474088
5,Alkene,0.13,0.30016998300169984,0.6540305010893246,0.4114865327941882
5,Alkene,0.14,0.33374770615047655,0.614161220043573,0.432478042419361
5,Alkene,0.15000000000000002,0.3675784784575764,0.5752723311546841,0.4485497090924534
5,Alkene,0.16000000000000003,0.402389466840052,0.5393246187363835,0.46090113572891456
5,Alkene,0.17000000000000004,0.43709981167608286,0.5056644880174292,0.4688888888888889
5,Alkene,0.18000000000000005,0.47056924566878294,0.4763616557734205,0.47344773453147837
5,Alkene,0.19,0.5060713847663437,0.4494553376906318,0.4760860785784342
5,Alkene,0.2,0.5419730817260996,0.42549019607843136,0.476719350704827
5,Alkene,0.21000000000000002,0.5760024867889338,0.40370370370370373,0.4747021903420008
5,Alkene,0.22000000000000003,0.6089899340506768,0.38224400871459696,0.46968277339044306
5,Alkene,0.23000000000000004,0.6438303588562656,0.36546840958605664,0.4662636369953443
5,Alkene,0.24000000000000005,0.6714285714285714,0.34814814814814815,0.4585365853658537
5,Alkene,0.25000000000000006,0.695096921322691,0.33202614379084966,0.4493918171765573
5,Alkene,0.26000000000000006,0.7165315647261116,0.31775599128540305,0.4402686589691344
5,Alkene,0.27,0.7392565251779594,0.3054466230936819,0.4322824327449318
5,Alkene,0.28,0.7598647125140925,0.29368191721132897,0.4236329352608422
5,Alkene,0.29000000000000004,0.7746012639181462,0.2803921568627451,0.41174118211629207
5,Alkene,0.30000000000000004,0.793635486981678,0.26895424836601306,0.40175738345130585
5,Alkene,0.31000000000000005,0.8027350427350427,0.25577342047930285,0.387938868236266
5,Alkene,0.32000000000000006,0.8158558558558558,0.2466230936819172,0.37875365955667084
5,Alkene,0.33,0.8290532771176696,0.23562091503267973,0.366952243616931
5,Alkene,0.34,0.8382771231206827,0.2247276688453159,0.35443690404604417
5,Alkene,0.35000000000000003,0.8455284552845529,0.21525054466230936,0.3431449162108188
5,Alkene,0.36000000000000004,0.8556005398110661,0.20718954248366014,0.333596421994212
5,Alkene,0.37000000000000005,0.8623595505617978,0.20065359477124184,0.3255567338282078
5,Alkene,0.38000000000000006,0.8671875,0.1934640522875817,0.3163519771998575
5,Alkene,0.39000000000000007,0.8742268041237113,0.18474945533769063,0.30503597122302156
5,Alkene,0.4000000000000001,0.8819742489270386,0.17908496732026144,0.29771821803694315
5,Alkene,0.4100000000000001,0.8872053872053872,0.17222222222222222,0.2884510125889436
5,Alkene,0.42000000000000004,0.8925043579314352,0.16732026143790849,0.281809008347858
5,Alkene,0.43000000000000005,0.8955944477972239,0.1616557734204793,0.2738765340961521
5,Alkene,0.44000000000000006,0.9001895135818067,0.15522875816993464,0.2647960605779058
5,Alkene,0.45000000000000007,0.9043876882776686,0.15043572984749456,0.2579620808816662
5,Alkene,0.4600000000000001,0.9081632653061225,0.1454248366013072,0.2507042253521127
5,Alkene,0.4700000000000001,0.908315565031983,0.1392156862745098,0.24142816661943894
5,Alkene,0.4800000000000001,0.9100957995578481,0.13453159041394336,0.23441207174717663
5,Alkene,0.49000000000000005,0.9105504587155964,0.12973856209150328,0.22711670480549198
5,Alkene,0.5000000000000001,0.9139700078926598,0.1261437908496732,0.2216904374461568
5,Alkene,0.5100000000000001,0.9172809172809173,0.12200435729847495,0.21536390731660418
5,Alkene,0.5200000000000001,0.9205409974640744,0.11862745098039215,0.21017079996140114
5,Alkene,0.5300000000000001,0.9218612818261633,0.11437908496732026,0.2035080918693672
5,Alkene,0.5400000000000001,0.9235668789808917,0.11056644880174292,0.19749002821286119
5,Alkene,0.5500000000000002,0.9236569274269557,0.10675381263616558,0.19138755980861244
5,Alkene,0.5600000000000002,0.9248046875,0.10315904139433552,0.18561348490787927
5,Alkene,0.5700000000000002,0.9263370332996973,0.1,0.18051322387179236
5,Alkene,0.5800000000000002,0.9296218487394958,0.09640522875816994,0.17469403868930122
5,Alkene,0.5900000000000002,0.9284928492849285,0.09193899782135076,0.1673109326989791
5,Alkene,0.6000000000000002,0.93279258400927,0.08769063180827887,0.16031066414418002
5,Alkene,0.6100000000000001,0.9371980676328503,0.08453159041394336,0.1550759392486011
5,Alkene,0.6200000000000001,0.9376558603491272,0.08191721132897603,0.1506712081747145
5,Alkene,0.6300000000000001,0.9387222946544981,0.0784313725490196,0.14476726651251634
5,Alkene,0.6400000000000001,0.9390243902439024,0.07549019607843137,0.1397459165154265
5,Alkene,0.6500000000000001,0.9382022471910112,0.07276688453159041,0.13505863323898099
5,Alkene,0.6600000000000001,0.9358600583090378,0.06993464052287582,0.1301439286438273
5,Alkene,0.6700000000000002,0.9370314842578711,0.06808278867102396,0.1269422159033208
5,Alkene,0.6800000000000002,0.9363354037267081,0.06568627450980392,0.12276058631921824
5,Alkene,0.6900000000000002,0.9372990353697749,0.06350762527233116,0.11895531524178739
5,Alkene,0.7000000000000002,0.9408783783783784,0.06067538126361656,0.11399918133442488
5,Alkene,0.7100000000000002,0.9411764705882353,0.05751633986928104,0.10840776101016322
5,Alkene,0.7200000000000002,0.9426987060998152,0.05555555555555555,0.10492747659705792
5,Alkene,0.7300000000000002,0.9474708171206225,0.05305010893246187,0.10047452032184856
5,Alkene,0.7400000000000002,0.9536290322580645,0.051525054466230936,0.09776767259198016
5,Alkene,0.7500000000000002,0.9508547008547008,0.04847494553376906,0.09224709784411277
5,Alkene,0.7600000000000002,0.953810623556582,0.04498910675381264,0.08592530947675023
5,Alkene,0.7700000000000002,0.9537712895377128,0.042701525054466234,0.08174330101136482
5,Alkene,0.7800000000000001,0.9568527918781726,0.04106753812636166,0.07875496135366618
5,Alkene,0.7900000000000001,0.964769647696477,0.038779956427015254,0.07456278144308305
5,Alkene,0.8000000000000002,0.9678362573099415,0.03605664488017429,0.06952320940978786
5,Alkene,0.8100000000000002,0.9686520376175548,0.03366013071895425,0.06505947994525739
5,Alkene,0.8200000000000002,0.9730639730639731,0.03148148148148148,0.060989764693468396
5,Alkene,0.8300000000000002,0.977859778597786,0.02886710239651416,0.05607872182837795
5,Alkene,0.8400000000000002,0.9882352941176471,0.027450980392156862,0.0534181240063593
5,Alkene,0.8500000000000002,0.9915254237288136,0.025490196078431372,0.04970263381478335
5,Alkene,0.8600000000000002,0.9953051643192489,0.02309368191721133,0.04513999787075482
5,Alkene,0.8700000000000002,0.9947368421052631,0.020588235294117647,0.04034151547491996
5,Alkene,0.8800000000000002,0.9938650306748467,0.01764705882352941,0.03467836883228085
5,Alkene,0.8900000000000002,0.9923076923076923,0.014052287581699347,0.027712137486573578
5,Alkene,0.9000000000000002,0.9900990099009901,0.010893246187363835,0.021549402004094387
5,Alkene,0.9100000000000003,0.9863013698630136,0.00784313725490196,0.01556252026369826
5,Alkene,0.9200000000000003,0.9787234042553191,0.005010893246187364,0.009970738051370977
5,Alkene,0.9300000000000002,1.0,0.0032679738562091504,0.006514657980456026
5,Alkene,0.9400000000000002,1.0,0.001851851851851852,0.0036968576709796672
5,Alkene,0.9500000000000002,1.0,0.0011982570806100218,0.002393645958002394
6,Alkyne,0.05,0.31013513513513513,0.9065174456879526,0.46215808021480115
6,Alkyne,0.060000000000000005,0.3487009679062659,0.9012508229098091,0.5028466483011937
6,Alkyne,0.07,0.3871794871794872,0.8946675444371297,0.5404653012527342
6,Alkyne,0.08000000000000002,0.422124725791288,0.8867676102699145,0.5719745222929936
6,Alkyne,0.09000000000000001,0.45304054054054055,0.8828176431863067,0.5987943737441394
6,Alkyne,0.1,0.48525664361121224,0.8775510204081632,0.6249413970932959
6,Alkyne,0.11000000000000001,0.515304145679969,0.8755760368663594,0.6487804878048781
6,Alkyne,0.12000000000000001,0.5403523146251537,0.8683344305464121,0.6661616161616162
6,Alkyne,0.13,0.5693176879617557,0.8624094799210007,0.6858638743455497
6,Alkyne,0.14,0.594792142530836,0.8571428571428571,0.7022653721682848
6,Alkyne,0.15000000000000002,0.6132254995242626,0.8485845951283739,0.711958022645678
6,Alkyne,0.16000000000000003,0.6320474777448071,0.8413429888084266,0.721829991527817
6,Alkyne,0.17000000000000004,0.6489252814738997,0.8347597103357473,0.7302044342067376
6,Alkyne,0.18000000000000005,0.6636747624076029,0.8275181040157998,0.7365953706416642
6,Alkyne,0.19,0.6843544857768052,0.8235681369321922,0.747535106065133
6,Alkyne,0.2,0.6996047430830039,0.815668202764977,0.7531914893617021
6,Alkyne,0.21000000000000002,0.717124488603156,0.8077682685977617,0.7597523219814242
6,Alkyne,0.22000000000000003,0.7322074788902292,0.7992100065832785,0.7642429965376141
6,Alkyne,0.23000000000000004,0.738404452690167,0.7860434496379197,0.7614795918367347
6,Alkyne,0.24000000000000005,0.7498408656906429,0.7755102040816326,0.7624595469255664
6,Alkyne,0.25000000000000006,0.767564018384767,0.7695852534562212,0.7685733070348455
6,Alkyne,0.26000000000000006,0.775084175084175,0.7577353522053983,0.7663115845539281
6,Alkyne,0.27,0.7872487872487872,0.7478604344963792,0.7670492910195814
6,Alkyne,0.28,0.7925194071983063,0.739302172481896,0.7649863760217984
6,Alkyne,0.29000000000000004,0.7954220314735336,0.7320605661619487,0.762427151182722
6,Alkyne,0.30000000000000004,0.8038067349926794,0.7228439763001975,0.7611785095320623
6,Alkyne,0.31000000000000005,0.81226626776365,0.7149440421329822,0.7605042016806722
6,Alkyne,0.32000000000000006,0.8211009174311926,0.707044107965767,0.7598160594269544
6,Alkyne,0.33,0.8265940902021773,0.6998025016458196,0.7579322638146168
6,Alkyne,0.34,0.8357142857142857,0.6932192231731402,0.7578265563152213
6,Alkyne,0.35000000000000003,0.8399034593724859,0.6872942725477288,0.7559739319333816
6,Alkyne,0.36000000000000004,0.8452088452088452,0.6793943383805134,0.7532846715328467
6,Alkyne,0.37000000000000005,0.8541315345699831,0.6668861092824226,0.7489833641404806
6,Alkyne,0.38000000000000006,0.8630490956072352,0.6596445029624753,0.7477611940298508
6,Alkyne,0.39000000000000007,0.8694885361552028,0.6491112574061882,0.7433094609875612
6,Alkyne,0.4000000000000001,0.8745519713261649,0.6425279789335089,0.7407969639468691
6,Alkyne,0.4100000000000001,0.8786496350364964,0.6339697169190257,0.7365200764818356
6,Alkyne,0.42000000000000004,0.8861940298507462,0.6254114549045424,0.7333076032419915
6,Alkyne,0.43000000000000005,0.8886774500475737,0.6148782093482554,0.7268482490272373
6,Alkyne,0.44000000000000006,0.8944820909970959,0.6082949308755761,0.7241379310344828
6,Alkyne,0.45000000000000007,0.8976377952755905,0.6003949967083607,0.7195266272189349
6,Alkyne,0.4600000000000001,0.9014227642276422,0.5839368005266623,0.7087495005992809
6,Alkyne,0.4700000000000001,0.9026915113871635,0.5740618828176431,0.7018108651911469
6,Alkyne,0.4800000000000001,0.9053627760252366,0.5668202764976958,0.697165991902834
6,Alkyne,0.49000000000000005,0.9106566200215285,0.5569453587886768,0.6911764705882353
6,Alkyne,0.5000000000000001,0.9154774972557629,0.5490454246214614,0.6864197530864198
6,Alkyne,0.5100000000000001,0.9165739710789766,0.5424621461487821,0.6815550041356493
6,Alkyne,0.5200000000000001,0.92,0.5299539170506913,0.672514619883041
6,Alkyne,0.5300000000000001,0.919674039580908,0.5200789993416721,0.6644238856181666
6,Alkyne,0.5400000000000001,0.9241706161137441,0.5134957208689928,0.6601777401608125
6,Alkyne,0.5500000000000002,0.9268585131894485,0.5088874259381172,0.657033574160646
6,Alkyne,0.5600000000000002,0.933579335793358,0.49967083607636603,0.6509433962264151
6,Alkyne,0.5700000000000002,0.9382093316519546,0.4897959183673469,0.643598615916955
6,Alkyne,0.5800000000000002,0.9415584415584416,0.4772876892692561,0.6334643949322848
6,Alkyne,0.5900000000000002,0.9413333333333334,0.4647794601711652,0.6223005729396209
6,Alkyne,0.6000000000000002,0.9453551912568307,0.4555628703094141,0.6148378498445135
6,Alkyne,0.6100000000000001,0.9486111111111111,0.44963791968400263,0.6100937918713711
6,Alkyne,0.6200000000000001,0.9497847919655668,0.4358130348913759,0.5974729241877257
6,Alkyne,0.6300000000000001,0.948905109489051,0.4279131007241606,0.5898366606170599
6,Alkyne,0.6400000000000001,0.9487951807228916,0.4147465437788018,0.5771873568483737
6,Alkyne,0.6500000000000001,0.9476923076923077,0.4055299539170507,0.5680036883356385
6,Alkyne,0.6600000000000001,0.9484375,0.3996050032916392,0.5622973598888374
6,Alkyne,0.6700000000000002,0.950479233226837,0.391705069124424,0.5547785547785548
6,Alkyne,0.6800000000000002,0.9518272425249169,0.37722185648452927,0.5403111739745403
6,Alkyne,0.6900000000000002,0.9525423728813559,0.36998025016458197,0.5329540066382171
6,Alkyne,0.7000000000000002,0.9562937062937062,0.36010533245556287,0.523194643711143
6,Alkyne,0.7100000000000002,0.9551166965888689,0.35023041474654376,0.51252408477842
6,Alkyne,0.7200000000000002,0.9573283858998145,0.3396971691902567,0.5014577259475219
6,Alkyne,0.7300000000000002,0.9619771863117871,0.33311389071757735,0.49486552567237163
6,Alkyne,0.7400000000000002,0.9625984251968503,0.3219223173140224,0.48248643315244205
6,Alkyne,0.7500000000000002,0.9627329192546584,0.30612244897959184,0.4645354645354645
6,Alkyne,0.7600000000000002,0.9611231101511879,0.29295589203423306,0.44904137235116043
6,Alkyne,0.7700000000000002,0.9683257918552036,0.2817643186306781,0.436511983681795
6,Alkyne,0.7800000000000001,0.9660194174757282,0.26201448321263987,0.4122216468151217
6,Alkyne,0.7900000000000001,0.9651741293532339,0.2554312047399605,0.40395627277459656
6,Alkyne,0.8000000000000002,0.9664948453608248,0.2468729427254773,0.3932878867330886
6,Alkyne,0.8100000000000002,0.9641873278236914,0.2304147465437788,0.37194473963868224
6,Alkyne,0.8200000000000002,0.9705014749262537,0.21658986175115208,0.35414424111948334
6,Alkyne,0.8300000000000002,0.9686520376175548,0.2034233048057933,0.33623503808487487
6,Alkyne,0.8400000000000002,0.9761092150170648,0.18828176431863067,0.31567328918322296
6,Alkyne,0.8500000000000002,0.9728682170542635,0.1652402896642528,0.2824985931344963
6,Alkyne,0.8600000000000002,0.9739130434782609,0.14746543778801843,0.25614636935391655
6,Alkyne,0.8700000000000002,0.9715639810426541,0.13495720868992758,0.23699421965317918
6,Alkyne,0.8800000000000002,0.9738219895287958,0.12244897959183673,0.21754385964912282
6,Alkyne,0.8900000000000002,0.9822485207100592,0.10928242264647794,0.1966824644549763
6,Alkyne,0.9000000000000002,0.9859154929577465,0.09216589861751152,0.16857314870559903
6,Alkyne,0.9100000000000003,0.9916666666666667,0.07834101382488479,0.1452104942037828
6,Alkyne,0.9200000000000003,0.9895833333333334,0.06254114549045425,0.11764705882352941
6,Alkyne,0.9300000000000002,0.9859154929577465,0.04608294930875576,0.0880503144654088
6,Alkyne,0.9400000000000002,1.0,0.031599736668861095,0.0612635609444799
6,Alkyne,0.9500000000000002,1.0,0.012508229098090849,0.0247074122236671
7,Amide,0.05,0.35350253112600905,0.9755521993581272,0.518955561134823
7,Amide,0.060000000000000005,0.3785854036693861,0.9680479516707571,0.5443037974683544
7,Amide,0.07,0.3962022118131815,0.9621011893524637,0.5612687399330938
7,Amide,0.08000000000000002,0.4105263157894737,0.9571455540872191,0.5746019153397178
7,Amide,0.09000000000000001,0.4231107942631888,0.9523787049273174,0.585917537746806
7,Amide,0.1,0.43574715637752887,0.9474230696620729,0.5969430236707506
7,Amide,0.11000000000000001,0.44801346801346803,0.9419954691334718,0.6072286957315404
7,Amide,0.12000000000000001,0.45915342935210485,0.9358599207098357,0.6160561717463572
7,Amide,0.13,0.47038892865664517,0.9304323201812347,0.624869251006371
7,Amide,0.14,0.4808965618715974,0.9255238814423259,0.6329277345641158
7,Amide,0.15000000000000002,0.4915373943750788,0.9197187087030395,0.640672003682212
7,Amide,0.16000000000000003,0.5012830814691931,0.9127336228053615,0.6471464185921997
7,Amide,0.17000000000000004,0.5114229417403344,0.9065036813290542,0.6539221026828271
7,Amide,0.18000000000000005,0.5213791972896915,0.9006513120634322,0.6604371074079842
7,Amide,0.19,0.530568786775007,0.8937134226920899,0.6658461971236682
7,Amide,0.2,0.5402137071293158,0.8876250707947895,0.6716545837648655
7,Amide,0.21000000000000002,0.5495113622983634,0.8810647536341325,0.6768672951414069
7,Amide,0.22000000000000003,0.5587507543753771,0.8739380781574476,0.6816742747754381
7,Amide,0.23000000000000004,0.5672803657481774,0.8667170096280914,0.6857356235997013
7,Amide,0.24000000000000005,0.5765491909692536,0.8593543515197282,0.6901021433038337
7,Amide,0.25000000000000006,0.5850126352621007,0.8522276760430433,0.6937795366350329
7,Amide,0.26000000000000006,0.5939303482587065,0.845148197092694,0.6976119054111963
7,Amide,0.27,0.6015142255720785,0.8361808570889182,0.699695904585127
7,Amide,0.28,0.6106240868294719,0.8284406267698697,0.7030480233908759
7,Amide,0.29000000000000004,0.6180674061433447,0.8205116103454786,0.7050450158163679
7,Amide,0.30000000000000004,0.6262420382165605,0.8120634321313951,0.7071491687729897
7,Amide,0.31000000000000005,0.6340872675783433,0.8031432886539551,0.7086725663716814
7,Amide,0.32000000000000006,0.6414345669591759,0.7934680007551445,0.709397020971349
7,Amide,0.33,0.6486180512179888,0.784170285067019,0.7099820528159987
7,Amide,0.34,0.6574066671996163,0.7762412686426279,0.7118988875903562
7,Amide,0.35000000000000003,0.6654113794514941,0.7672267321125166,0.7127011267482134
7,Amide,0.36000000000000004,0.6721263404825737,0.7572682650556919,0.712161562361296
7,Amide,0.37000000000000005,0.6801010793215693,0.7494336416839721,0.713086042751931
7,Amide,0.38000000000000006,0.6872807017543859,0.7395695676798187,0.7124670364644903
7,Amide,0.39000000000000007,0.6940975653580091,0.7292807249386445,0.7112543153049482
7,Amide,0.4000000000000001,0.7006577434340646,0.7189446856711346,0.7096834307810571
7,Amide,0.4100000000000001,0.7075631837042625,0.7082310741929394,0.7078969714123974
7,Amide,0.42000000000000004,0.7150304083405734,0.6991693411364923,0.7070109292225457
7,Amide,0.43000000000000005,0.7222359633935197,0.6890692845006607,0.7052629036543245
7,Amide,0.44000000000000006,0.7292121704678214,0.6775533320747593,0.702434250764526
7,Amide,0.45000000000000007,0.7357518346952584,0.6671700962809137,0.6997846587955744
7,Amide,0.4600000000000001,0.7431941923774955,0.6571172361714178,0.6975101447823255
7,Amide,0.4700000000000001,0.7496981007794489,0.6446101566924675,0.6931939298583972
7,Amide,0.4800000000000001,0.7556418481625302,0.6337077591089296,0.6893241266011243
7,Amide,0.49000000000000005,0.7620342513307105,0.6216254483670002,0.684705760033271
7,Amide,0.5000000000000001,0.7678773108244665,0.6096847272040777,0.6796979821630581
7,Amide,0.5100000000000001,0.7736575233673407,0.5976968095148197,0.6743882631733099
7,Amide,0.5200000000000001,0.7803330191643104,0.5861336605625826,0.6694337385117106
7,Amide,0.5300000000000001,0.7864109022799199,0.5746649046630168,0.6640669739030842
7,Amide,0.5400000000000001,0.7927502494180246,0.5625353973947518,0.6580901637081412
7,Amide,0.5500000000000002,0.7984053886865077,0.5482348499150462,0.6500825474997901
7,Amide,0.5600000000000002,0.8039271283759836,0.5352558051727393,0.6426406006516504
7,Amide,0.5700000000000002,0.809024211298606,0.5204360959033415,0.6334080073525188
7,Amide,0.5800000000000002,0.8125047366426676,0.505993958844629,0.6236221388476864
7,Amide,0.5900000000000002,0.8175543179857244,0.49192939399660185,0.6142558269735098
7,Amide,0.6000000000000002,0.823960880195599,0.4771568812535397,0.6043397692629565
7,Amide,0.6100000000000001,0.8284723983430552,0.4625259580894846,0.5936335826998212
7,Amide,0.6200000000000001,0.8325304370675308,0.4486029828204644,0.5830394111332617
7,Amide,0.6300000000000001,0.8366845600946229,0.43401925618274495,0.5715528760993195
7,Amide,0.6400000000000001,0.8425398633257403,0.41896356428166887,0.5596393897364771
7,Amide,0.6500000000000001,0.847925352392297,0.4031527279592222,0.5464781523894824
7,Amide,0.6600000000000001,0.851809602820699,0.38767226732112514,0.5328403230514742
7,Amide,0.6700000000000002,0.8571274298056155,0.37459882952614687,0.5213478717813977
7,Amide,0.6800000000000002,0.8616659101225601,0.35836322446667923,0.5062
7,Amide,0.6900000000000002,0.8659584626402482,0.3424107985652256,0.4907664208888588
7,Amide,0.7000000000000002,0.8717593757865593,0.32693033792712856,0.47552687581519876
7,Amide,0.7100000000000002,0.876868139135035,0.312912969605437,0.46123343420640717
7,Amide,0.7200000000000002,0.8808253790005615,0.29615820275627713,0.44327493642271826
7,Amide,0.7300000000000002,0.8829085457271364,0.27794034359071174,0.42278699116950247
7,Amide,0.7400000000000002,0.8862544056392182,0.2610911836888805,0.4033539919795844
7,Amide,0.7500000000000002,0.8901954003112571,0.2429677175759864,0.3817433539727856
7,Amide,0.7600000000000002,0.8959031657355679,0.2270624882008684,0.36230137811582197
7,Amide,0.7700000000000002,0.8981444130697862,0.21016613177270152,0.34062571712690276
7,Amide,0.7800000000000001,0.9035824856258293,0.1928450066075137,0.317852975495916
7,Amide,0.7900000000000001,0.9041727316836488,0.17590145365301113,0.29450809956538915
7,Amide,0.8000000000000002,0.9093582887700534,0.16051538606758542,0.2728658536585366
7,Amide,0.8100000000000002,0.9149445941898772,0.14418538795544647,0.2491132221633302
7,Amide,0.8200000000000002,0.9189005768578216,0.12780819331697188,0.22440439196188108
7,Amide,0.8300000000000002,0.9224473889321901,0.11171417783651123,0.19929275069461985
7,Amide,0.8400000000000002,0.926530612244898,0.09642250330375685,0.1746676356174924
7,Amide,0.8500000000000002,0.9248159831756047,0.08301868982442892,0.1523603291468168
7,Amide,0.8600000000000002,0.9246358454718177,0.06890692845006607,0.12825580884613696
7,Amide,0.8700000000000002,0.9272588055130169,0.057154993392486315,0.10767315728638747
7,Amide,0.8800000000000002,0.9305555555555556,0.04427034170285067,0.08451973328527662
7,Amide,0.8900000000000002,0.9325551232166018,0.033934302435340756,0.0654856778541828
7,Amide,0.9000000000000002,0.9411764705882353,0.024919765905229374,0.048553956503747296
7,Amide,0.9100000000000003,0.9489795918367347,0.017557107796866152,0.034476367006487485
7,Amide,0.9200000000000003,0.9377431906614786,0.011374362846894468,0.02247610165539753
7,Amide,0.9300000000000002,0.9444444444444444,0.00641872758164999,0.0127507969248078
7,Amide,0.9400000000000002,0.9444444444444444,0.003209363790824995,0.006396989651928504
7,Amide,0.9500000000000002,0.9666666666666667,0.0013686992637341891,0.0027335281364878877
8,Amine,0.05,0.42082976256490395,0.9999101661925438,0.5923560664520192
8,Amine,0.060000000000000005,0.4212943685253183,0.9997903877826022,0.5927951281004208
8,Amine,0.07,0.4221795050143538,0.9996406647701752,0.5936444144112103
8,Amine,0.08000000000000002,0.42337988507934093,0.9994909417577482,0.5948036210706394
8,Amine,0.09000000000000001,0.4250299370684603,0.9990717173229525,0.5963554467214214
8,Amine,0.1,0.4270834667862405,0.9982332684533612,0.5982234185733513
8,Amine,0.11000000000000001,0.42996990869290075,0.996945650546489,0.6008156930684135
8,Amine,0.12000000000000001,0.4335411666492748,0.9952687528073065,0.603985135245641
8,Amine,0.13,0.43785318193820966,0.9930528522233867,0.6077427039904705
8,Amine,0.14,0.44295661489019816,0.9905674502170984,0.6121674762896137
8,Amine,0.15000000000000002,0.4480074973514791,0.9877227129809851,0.616421076237374
8,Amine,0.16000000000000003,0.4535792176241614,0.9839796376703099,0.6209313970956435
8,Amine,0.17000000000000004,0.45993281137989683,0.979817337924839,0.6260115938701716
8,Amine,0.18000000000000005,0.4669642088344192,0.9743674202724959,0.6313532601841342
8,Amine,0.19,0.4746170549914901,0.968648001197784,0.637078906165375
8,Amine,0.2,0.4824934284641382,0.9618805210360832,0.642632789836951
8,Amine,0.21000000000000002,0.49058084772370486,0.9544842042221889,0.6480700220597952
8,Amine,0.22000000000000003,0.49966804716891655,0.9465488845635575,0.654065406540654
8,Amine,0.23000000000000004,0.5087502640516078,0.9375355592154514,0.6595811915395635
8,Amine,0.24000000000000005,0.5179177038608684,0.9283126216499475,0.6648865439883327
8,Amine,0.25000000000000006,0.5278112208042379,0.9189399610720168,0.6705048231862526
8,Amine,0.26000000000000006,0.5378574340973958,0.9085192394070969,0.6756937330185738
8,Amine,0.27,0.5480688420360288,0.8982781853570894,0.6807747733436212
8,Amine,0.28,0.5583622379731564,0.8869591256176075,0.6853070809666485
8,Amine,0.29000000000000004,0.5684352097302354,0.8732744422817788,0.6886267842595544
8,Amine,0.30000000000000004,0.5781775014587232,0.8604880970205121,0.6916337729854626
8,Amine,0.31000000000000005,0.5890177140359276,0.8473424165294206,0.6949506360823223
8,Amine,0.32000000000000006,0.5985947270031586,0.8341967360383291,0.6970250456626716
8,Amine,0.33,0.6088522330658249,0.8201227728701902,0.6988695807497002
8,Amine,0.34,0.6190344827586207,0.8063482557269053,0.7003836400286104
8,Amine,0.35000000000000003,0.6292570395738204,0.7923042371612516,0.7014302188407142
8,Amine,0.36000000000000004,0.6400984009840098,0.7791585566701602,0.7028158552231751
8,Amine,0.37000000000000005,0.651165159811537,0.7656235963467585,0.7037709881640517
8,Amine,0.38000000000000006,0.6618524581507103,0.7506213505015721,0.7034475017188399
8,Amine,0.39000000000000007,0.6720656634746922,0.7355592154514149,0.7023804417756809
8,Amine,0.4000000000000001,0.6821802103114991,0.7207066926186555,0.7009144388141417
8,Amine,0.4100000000000001,0.6911592162384137,0.7055846683635275,0.698297449879236
8,Amine,0.42000000000000004,0.7011679053541635,0.692139541847582,0.6966244725738396
8,Amine,0.43000000000000005,0.7107710676805128,0.6773768528222788,0.6936722834669815
8,Amine,0.44000000000000006,0.7215412700482462,0.662793831411888,0.6909210095050803
8,Amine,0.45000000000000007,0.7298844767774747,0.6489294804611468,0.6870304029420157
8,Amine,0.4600000000000001,0.7388483939594741,0.6343764036532415,0.6826383965972804
8,Amine,0.4700000000000001,0.7477393090031343,0.6215002245845186,0.6788003663003663
8,Amine,0.4800000000000001,0.7565220632081098,0.6078454858511754,0.6740830524515583
8,Amine,0.49000000000000005,0.7642730564758456,0.5940709687078904,0.6685087527167961
8,Amine,0.5000000000000001,0.7725785862454124,0.5799371163347806,0.6625386996904025
8,Amine,0.5100000000000001,0.7814678823383803,0.5672106602784848,0.6573203317486206
8,Amine,0.5200000000000001,0.7881796488835862,0.5538853121724809,0.6505812215324552
8,Amine,0.5300000000000001,0.795152049360952,0.540260518041623,0.6433805830435946
8,Amine,0.5400000000000001,0.8025263540530716,0.5288815690971702,0.6375828023753226
8,Amine,0.5500000000000002,0.8104762801204819,0.515675999401108,0.6303094632432333
8,Amine,0.5600000000000002,0.8176247446746425,0.5034286569845785,0.6231628889671404
8,Amine,0.5700000000000002,0.825023896966343,0.4910615361581075,0.6156705210992641
8,Amine,0.5800000000000002,0.8313760133028476,0.4790836951639467,0.6078762894431885
8,Amine,0.5900000000000002,0.8370656785349874,0.46674651893996105,0.5993155952014765
8,Amine,0.6000000000000002,0.8425874514158801,0.45440934271597544,0.5904094932399572
8,Amine,0.6100000000000001,0.8485806229169061,0.4421919449019314,0.5814122881272517
8,Amine,0.6200000000000001,0.8532650753021013,0.4292259320257524,0.571143961429653
8,Amine,0.6300000000000001,0.8596415327564895,0.4164994759694565,0.5611296016137166
8,Amine,0.6400000000000001,0.8634995838401947,0.40386285372061687,0.5503325580446403
8,Amine,0.6500000000000001,0.8674571106842419,0.3921545141488247,0.5401303307762105
8,Amine,0.6600000000000001,0.8725288303130149,0.3806258421919449,0.5300335675416467
8,Amine,0.6700000000000002,0.8773228907084372,0.3689773918251235,0.5194772344013491
8,Amine,0.6800000000000002,0.8816109758796193,0.35789788890552476,0.5091156926222525
8,Amine,0.6900000000000002,0.8863741339491917,0.3447821530169187,0.4964535949121483
8,Amine,0.7000000000000002,0.8902595322012176,0.3328043120227579,0.48449181542753766
8,Amine,0.7100000000000002,0.8945833333333333,0.32145530768079056,0.47295957704593017
8,Amine,0.7200000000000002,0.8983729226485687,0.3091780206617757,0.4600338620566744
8,Amine,0.7300000000000002,0.9025832272148444,0.2971402904626441,0.44709274820338374
8,Amine,0.7400000000000002,0.9078472354170625,0.28615062135050157,0.43514491928690147
8,Amine,0.7500000000000002,0.9115917472341274,0.27387333433148675,0.4212029105646127
8,Amine,0.7600000000000002,0.9157420975507641,0.2619853271447822,0.4074134438520105
8,Amine,0.7700000000000002,0.9207209199469262,0.24934870489594252,0.392422064610382
8,Amine,0.7800000000000001,0.9243520896567826,0.23710136247941307,0.37739806010342936
8,Amine,0.7900000000000001,0.9268865011732741,0.22473424165294206,0.36175648317748
8,Amine,0.8000000000000002,0.9302970297029703,0.21101961371462793,0.3440078105931169
8,Amine,0.8100000000000002,0.9318535274989397,0.19736487498128463,0.3257388553919146
8,Amine,0.8200000000000002,0.9339737724916133,0.18341069022308729,0.30661026706379996
8,Amine,0.8300000000000002,0.9374480119780403,0.1687378350052403,0.2859970562858448
8,Amine,0.8400000000000002,0.9396662387676509,0.15343614313519988,0.26379736408566723
8,Amine,0.8500000000000002,0.9417215815485996,0.13693666716574338,0.23910486000366005
8,Amine,0.8600000000000002,0.9456572224802601,0.12193442132055697,0.21601549030529693
8,Amine,0.8700000000000002,0.9478584729981379,0.10669261865548735,0.19179630726166766
8,Amine,0.8800000000000002,0.9492798998121478,0.09079203473573888,0.16573287053486022
8,Amine,0.8900000000000002,0.9505803070011232,0.0760293457104357,0.14079742693949981
8,Amine,0.9000000000000002,0.954119850187266,0.06102709986524929,0.11471672623905885
8,Amine,0.9100000000000003,0.9569436021831413,0.047252582721964365,0.09005821253281589
8,Amine,0.9200000000000003,0.9551986475063398,0.03383740080850427,0.06535947712418301
8,Amine,0.9300000000000002,0.9623865110246433,0.02221889504416829,0.043434993853538606
8,Amine,0.9400000000000002,0.9612756264236902,0.012636622248839647,0.024945321274457647
8,Amine,0.9500000000000002,0.9471153846153846,0.005899086689624195,0.011725143588370086
9,Arene,0.05,0.7816923760553546,0.9997077352731052,0.8773592299416472
9,Arene,0.060000000000000005,0.8018771865698919,0.9973858543872183,0.8890094940372815
9,Arene,0.07,0.8256005176178793,0.9944794440475417,0.9022051350037562
9,Arene,0.08000000000000002,0.8395885689174528,0.9926933818276288,0.9097442841518671
9,Arene,0.09000000000000001,0.8501273645968179,0.9916542183542248,0.9154531623560096
9,Arene,0.1,0.8580307675000703,0.9907449503149964,0.9196244216364485
9,Arene,0.11000000000000001,0.8645433016152133,0.9898843930635838,0.9229779342189924
9,Arene,0.12000000000000001,0.8703129687031297,0.9892836266805222,0.9259926288992743
9,Arene,0.13,0.8754510818776507,0.9886990972267324,0.928635153992207
9,Arene,0.14,0.8800086761622442,0.9881308047022147,0.9309408534300115
9,Arene,0.15000000000000002,0.8838334665407251,0.987546275248425,0.9328159628229412
9,Arene,0.16000000000000003,0.8881584713822421,0.9871728258751705,0.9350517525107273
9,Arene,0.17000000000000004,0.8917531067063778,0.9868967980775476,0.9369156897654667
9,Arene,0.18000000000000005,0.8942193043145452,0.9863447424823018,0.9380254939353464
9,Arene,0.19,0.8968409859550147,0.9860037669675911,0.9393112089033945
9,Arene,0.2,0.899589465415796,0.9855491329479769,0.9406094792384996
9,Arene,0.21000000000000002,0.9022036519360019,0.9851756835747223,0.9418658801614406
9,Arene,0.22000000000000003,0.9049089823933154,0.9847210495551081,0.9431295098283154
9,Arene,0.23000000000000004,0.9073397790882151,0.9843313632525816,0.9442687808601112
9,Arene,0.24000000000000005,0.9092764629076556,0.98373059686952,0.9450393467426824
9,Arene,0.25000000000000006,0.9112766117505454,0.9834383321426252,0.9459833037882752
9,Arene,0.26000000000000006,0.912806827091249,0.9829999350522829,0.9466039151916943
9,Arene,0.27,0.9146212441811257,0.9825777748912126,0.9473824284551318
9,Arene,0.28,0.9162816064962807,0.9820257192959667,0.9480152043575375
9,Arene,0.29000000000000004,0.9179406986806747,0.9817172176397999,0.9487583853124633
9,Arene,0.30000000000000004,0.919538655832991,0.9812463466909138,0.9493908521785577
9,Arene,0.31000000000000005,0.9209049884132211,0.9807754757420276,0.9498977826702312
9,Arene,0.32000000000000006,0.9225045455239957,0.9803370786516854,0.9505419680880374
9,Arene,0.33,0.9239365040488619,0.9800285769955186,0.9511562857030296
9,Arene,0.34,0.9252572971148979,0.9794765214002727,0.951595220254762
9,Arene,0.35000000000000003,0.9266609278445599,0.9788108073001234,0.9520222359090981
9,Arene,0.36000000000000004,0.9278488613792785,0.9784535948561408,0.9524795511123405
9,Arene,0.37000000000000005,0.9291003332099222,0.977917776190167,0.9528842198525457
9,Arene,0.38000000000000006,0.9303101961329809,0.9773332467363772,0.9532421667762038
9,Arene,0.39000000000000007,0.9314589171530756,0.9768461388582191,0.9536127820442711
9,Arene,0.4000000000000001,0.932454644130873,0.9763915048386049,0.9539174162026682
9,Arene,0.4100000000000001,0.9336223372022561,0.9756283691628239,0.9541632591486895
9,Arene,0.42000000000000004,0.9347623050340899,0.9750438397090342,0.9544782643248828
9,Arene,0.43000000000000005,0.9360106051154086,0.9744917841137885,0.9548636522735228
9,Arene,0.44000000000000006,0.9370450214015684,0.9739559654478145,0.9551440263690069
9,Arene,0.45000000000000007,0.9379312502933675,0.973338962135481,0.9553071290268603
9,Arene,0.4600000000000001,0.9390048908954101,0.9726083003182439,0.9555112458127293
9,Arene,0.4700000000000001,0.9400439698492462,0.9719750600766383,0.9557428872497366
9,Arene,0.4800000000000001,0.9409904666016424,0.9712119244008574,0.9558623775508573
9,Arene,0.49000000000000005,0.9422037290967265,0.9706436318763395,0.9562122605670412
9,Arene,0.5000000000000001,0.943082242607007,0.9698642592712866,0.9562857714628777
9,Arene,0.5100000000000001,0.9440156882591093,0.9692147821004091,0.9564492869732415
9,Arene,0.5200000000000001,0.9448044232505822,0.9683217509904527,0.9564185423666295
9,Arene,0.5300000000000001,0.9455269588397702,0.9675423783853998,0.9564079929379664
9,Arene,0.5400000000000001,0.9463777562278428,0.9665843995583555,0.956374356379176
9,Arene,0.5500000000000002,0.9473298612770159,0.9657725530947587,0.9564623115577889
9,Arene,0.5600000000000002,0.9481864458167776,0.9647983373384426,0.9564202647780773
9,Arene,0.5700000000000002,0.949098875793581,0.963661752289407,0.9563248765317715
9,Arene,0.5800000000000002,0.9500641025641026,0.9625901149574593,0.9562860922024712
9,Arene,0.5900000000000002,0.9509429112988723,0.9612262128986166,0.9560569112255939
9,Arene,0.6000000000000002,0.9518933539412674,0.9599922062739494,0.955925626515764
9,Arene,0.6100000000000001,0.9526982334435751,0.958839384295642,0.9557589441059131
9,Arene,0.6200000000000001,0.9534270934367928,0.9576378515295187,0.955527833581751
9,Arene,0.6300000000000001,0.9542980267634384,0.9564363187633955,0.9553659762881749
9,Arene,0.6400000000000001,0.9554125637775828,0.9546989673312983,0.9550556322585885
9,Arene,0.6500000000000001,0.9562335081604065,0.9532214067675521,0.954725081719276
9,Arene,0.6600000000000001,0.9570558160048351,0.9513216860427356,0.954180136311448
9,Arene,0.6700000000000002,0.957741634317724,0.9494219653179191,0.9535636532644058
9,Arene,0.6800000000000002,0.9585845476499483,0.9474248230174709,0.9529720151234291
9,Arene,0.6900000000000002,0.959432750271766,0.9458173670195492,0.9525764092165295
9,Arene,0.7000000000000002,0.9602087841297633,0.9438851724361889,0.9519770079178573
9,Arene,0.7100000000000002,0.9610981327766456,0.9418880301357407,0.9513961212021813
9,Arene,0.7200000000000002,0.9619259801150534,0.9394037799571345,0.9505314866840817
9,Arene,0.7300000000000002,0.9628714936506082,0.9369032928492563,0.9497099123564992
9,Arene,0.7400000000000002,0.9637420240826648,0.9343703318828344,0.9488289268666683
9,Arene,0.7500000000000002,0.9644466868483014,0.9311229460284471,0.9474919040380675
9,Arene,0.7600000000000002,0.9654426550855907,0.9276482431642528,0.9461681778661036
9,Arene,0.7700000000000002,0.966406820536336,0.9239299863609794,0.9446911653620433
9,Arene,0.7800000000000001,0.9674022494154592,0.9203578619211534,0.9432938650868273
9,Arene,0.7900000000000001,0.9678830614030572,0.9160063648762746,0.941230448383733
9,Arene,0.8000000000000002,0.968846545504755,0.9114437877508605,0.9392689517849524
9,Arene,0.8100000000000002,0.9697527754130544,0.9063129181009287,0.9369602256036661
9,Arene,0.8200000000000002,0.9707122487184422,0.9008735467948301,0.9344898732578214
9,Arene,0.8300000000000002,0.9717340673300868,0.8942326427226083,0.9313738753974159
9,Arene,0.8400000000000002,0.9726159105476818,0.8869584984087809,0.9278143895645085
9,Arene,0.8500000000000002,0.973489341816744,0.8794408001558746,0.9240782761503421
9,Arene,0.8600000000000002,0.9742639040348964,0.8703643566928623,0.9193880351262349
9,Arene,0.8700000000000002,0.9750708841182752,0.8599077742417354,0.9138755155217338
9,Arene,0.8800000000000002,0.9758802225292162,0.8487692407611872,0.9078972506382758
9,Arene,0.8900000000000002,0.9769353430274498,0.835601091121647,0.9007578807344266
9,Arene,0.9000000000000002,0.9782431646305992,0.8191206079106319,0.8916382403365206
9,Arene,0.9100000000000003,0.9792428094708406,0.8004643761771774,0.8808741021334382
9,Arene,0.9200000000000003,0.9807412567354381,0.7772455673183087,0.8672155946266655
9,Arene,0.9300000000000002,0.9817225145389089,0.7482788854971748,0.8492504445734399
9,Arene,0.9400000000000002,0.9828179466996514,0.7095700461128791,0.8241351022601907
9,Arene,0.9500000000000002,0.9843342036553525,0.6611028122361499,0.7909705493822364
10,Azo compound,0.05,0.8372093023255814,0.7058823529411765,0.7659574468085106
10,Azo compound,0.060000000000000005,0.8571428571428571,0.7058823529411765,0.7741935483870968
10,Azo compound,0.07,0.8536585365853658,0.6862745098039216,0.7608695652173914
10,Azo compound,0.08000000000000002,0.8717948717948718,0.6666666666666666,0.7555555555555555
10,Azo compound,0.09000000000000001,0.8717948717948718,0.6666666666666666,0.7555555555555555
10,Azo compound,0.1,0.8947368421052632,0.6666666666666666,0.7640449438202247
10,Azo compound,0.11000000000000001,0.9444444444444444,0.6666666666666666,0.7816091954022989
10,Azo compound,0.12000000000000001,0.9411764705882353,0.6274509803921569,0.7529411764705882
10,Azo compound,0.13,0.9411764705882353,0.6274509803921569,0.7529411764705882
10,Azo compound,0.14,0.9393939393939394,0.6078431372549019,0.7380952380952381
10,Azo compound,0.15000000000000002,0.9354838709677419,0.5686274509803921,0.7073170731707317
10,Azo compound,0.16000000000000003,0.9333333333333333,0.5490196078431373,0.691358024691358
10,Azo compound,0.17000000000000004,0.9333333333333333,0.5490196078431373,0.691358024691358
10,Azo compound,0.18000000000000005,0.9333333333333333,0.5490196078431373,0.691358024691358
10,Azo compound,0.19,0.9310344827586207,0.5294117647058824,0.675
10,Azo compound,0.2,0.9259259259259259,0.49019607843137253,0.6410256410256411
10,Azo compound,0.21000000000000002,0.9259259259259259,0.49019607843137253,0.6410256410256411
10,Azo compound,0.22000000000000003,0.9230769230769231,0.47058823529411764,0.6233766233766234
10,Azo compound,0.23000000000000004,0.92,0.45098039215686275,0.6052631578947368
10,Azo compound,0.24000000000000005,0.92,0.45098039215686275,0.6052631578947368
10,Azo compound,0.25000000000000006,0.9166666666666666,0.43137254901960786,0.5866666666666667
10,Azo compound,0.26000000000000006,0.9565217391304348,0.43137254901960786,0.5945945945945946
10,Azo compound,0.27,0.9565217391304348,0.43137254901960786,0.5945945945945946
10,Azo compound,0.28,0.9565217391304348,0.43137254901960786,0.5945945945945946
10,Azo compound,0.29000000000000004,0.9565217391304348,0.43137254901960786,0.5945945945945946
10,Azo compound,0.30000000000000004,0.9545454545454546,0.4117647058823529,0.5753424657534246
10,Azo compound,0.31000000000000005,0.9545454545454546,0.4117647058823529,0.5753424657534246
10,Azo compound,0.32000000000000006,0.9523809523809523,0.39215686274509803,0.5555555555555556
10,Azo compound,0.33,0.9523809523809523,0.39215686274509803,0.5555555555555556
10,Azo compound,0.34,0.9523809523809523,0.39215686274509803,0.5555555555555556
10,Azo compound,0.35000000000000003,0.9523809523809523,0.39215686274509803,0.5555555555555556
10,Azo compound,0.36000000000000004,0.9523809523809523,0.39215686274509803,0.5555555555555556
10,Azo compound,0.37000000000000005,0.9523809523809523,0.39215686274509803,0.5555555555555556
10,Azo compound,0.38000000000000006,0.9523809523809523,0.39215686274509803,0.5555555555555556
10,Azo compound,0.39000000000000007,0.9523809523809523,0.39215686274509803,0.5555555555555556
10,Azo compound,0.4000000000000001,0.9523809523809523,0.39215686274509803,0.5555555555555556
10,Azo compound,0.4100000000000001,0.9523809523809523,0.39215686274509803,0.5555555555555556
10,Azo compound,0.42000000000000004,0.95,0.37254901960784315,0.5352112676056338
10,Azo compound,0.43000000000000005,0.95,0.37254901960784315,0.5352112676056338
10,Azo compound,0.44000000000000006,0.95,0.37254901960784315,0.5352112676056338
10,Azo compound,0.45000000000000007,0.95,0.37254901960784315,0.5352112676056338
10,Azo compound,0.4600000000000001,0.95,0.37254901960784315,0.5352112676056338
10,Azo compound,0.4700000000000001,0.95,0.37254901960784315,0.5352112676056338
10,Azo compound,0.4800000000000001,0.95,0.37254901960784315,0.5352112676056338
10,Azo compound,0.49000000000000005,0.95,0.37254901960784315,0.5352112676056338
10,Azo compound,0.5000000000000001,0.95,0.37254901960784315,0.5352112676056338
10,Azo compound,0.5100000000000001,0.95,0.37254901960784315,0.5352112676056338
10,Azo compound,0.5200000000000001,0.95,0.37254901960784315,0.5352112676056338
10,Azo compound,0.5300000000000001,0.95,0.37254901960784315,0.5352112676056338
10,Azo compound,0.5400000000000001,0.9473684210526315,0.35294117647058826,0.5142857142857142
10,Azo compound,0.5500000000000002,0.9444444444444444,0.3333333333333333,0.4927536231884058
10,Azo compound,0.5600000000000002,0.9444444444444444,0.3333333333333333,0.4927536231884058
10,Azo compound,0.5700000000000002,0.9444444444444444,0.3333333333333333,0.4927536231884058
10,Azo compound,0.5800000000000002,0.9411764705882353,0.3137254901960784,0.47058823529411764
10,Azo compound,0.5900000000000002,0.9411764705882353,0.3137254901960784,0.47058823529411764
10,Azo compound,0.6000000000000002,0.9375,0.29411764705882354,0.44776119402985076
10,Azo compound,0.6100000000000001,0.9285714285714286,0.2549019607843137,0.4
10,Azo compound,0.6200000000000001,0.9285714285714286,0.2549019607843137,0.4
10,Azo compound,0.6300000000000001,0.9285714285714286,0.2549019607843137,0.4
10,Azo compound,0.6400000000000001,0.9285714285714286,0.2549019607843137,0.4
10,Azo compound,0.6500000000000001,0.9285714285714286,0.2549019607843137,0.4
10,Azo compound,0.6600000000000001,0.9285714285714286,0.2549019607843137,0.4
10,Azo compound,0.6700000000000002,0.9285714285714286,0.2549019607843137,0.4
10,Azo compound,0.6800000000000002,0.9230769230769231,0.23529411764705882,0.375
10,Azo compound,0.6900000000000002,0.9230769230769231,0.23529411764705882,0.375
10,Azo compound,0.7000000000000002,0.9230769230769231,0.23529411764705882,0.375
10,Azo compound,0.7100000000000002,0.9166666666666666,0.21568627450980393,0.3492063492063492
10,Azo compound,0.7200000000000002,0.9166666666666666,0.21568627450980393,0.3492063492063492
10,Azo compound,0.7300000000000002,1.0,0.21568627450980393,0.3548387096774194
10,Azo compound,0.7400000000000002,1.0,0.19607843137254902,0.32786885245901637
10,Azo compound,0.7500000000000002,1.0,0.19607843137254902,0.32786885245901637
10,Azo compound,0.7600000000000002,1.0,0.19607843137254902,0.32786885245901637
10,Azo compound,0.7700000000000002,1.0,0.19607843137254902,0.32786885245901637
10,Azo compound,0.7800000000000001,1.0,0.17647058823529413,0.3
10,Azo compound,0.7900000000000001,1.0,0.1568627450980392,0.2711864406779661
10,Azo compound,0.8000000000000002,1.0,0.1568627450980392,0.2711864406779661
10,Azo compound,0.8100000000000002,1.0,0.1568627450980392,0.2711864406779661
10,Azo compound,0.8200000000000002,1.0,0.13725490196078433,0.2413793103448276
10,Azo compound,0.8300000000000002,1.0,0.13725490196078433,0.2413793103448276
10,Azo compound,0.8400000000000002,1.0,0.11764705882352941,0.21052631578947367
10,Azo compound,0.8500000000000002,1.0,0.11764705882352941,0.21052631578947367
10,Azo compound,0.8600000000000002,1.0,0.11764705882352941,0.21052631578947367
10,Azo compound,0.8700000000000002,1.0,0.09803921568627451,0.17857142857142858
10,Azo compound,0.8800000000000002,1.0,0.0784313725490196,0.14545454545454545
10,Azo compound,0.8900000000000002,1.0,0.058823529411764705,0.1111111111111111
10,Azo compound,0.9000000000000002,1.0,0.058823529411764705,0.1111111111111111
10,Azo compound,0.9100000000000003,1.0,0.058823529411764705,0.1111111111111111
10,Azo compound,0.9200000000000003,1.0,0.058823529411764705,0.1111111111111111
10,Azo compound,0.9300000000000002,1.0,0.058823529411764705,0.1111111111111111
10,Azo compound,0.9400000000000002,1.0,0.058823529411764705,0.1111111111111111
10,Azo compound,0.9500000000000002,1.0,0.058823529411764705,0.1111111111111111
11,Carbamate,0.05,0.5109615802040374,0.9129928894634777,0.6552236036370385
11,Carbamate,0.060000000000000005,0.5771066491112574,0.9066580478345184,0.705284859455926
11,Carbamate,0.07,0.6349380014587892,0.9003232062055592,0.7446933647008501
11,Carbamate,0.08000000000000002,0.6784733124018838,0.8939883645765999,0.7714620404975735
11,Carbamate,0.09000000000000001,0.7164007924095506,0.8882999353587588,0.7931432529146947
11,Carbamate,0.1,0.7463681048607318,0.8833872010342598,0.809117821195974
11,Carbamate,0.11000000000000001,0.7702855847688124,0.8787330316742081,0.8209432936771545
11,Carbamate,0.12000000000000001,0.7904995331465919,0.8756302521008403,0.8308900202416734
11,Carbamate,0.13,0.8063898528179969,0.871234647705236,0.8375590355456127
11,Carbamate,0.14,0.8200488997555012,0.8672268907563025,0.8429783223374175
11,Carbamate,0.15000000000000002,0.8304726368159204,0.8632191338073691,0.8465293185419969
11,Carbamate,0.16000000000000003,0.8408085912823753,0.8603749191984487,0.850479233226837
11,Carbamate,0.17000000000000004,0.8502564102564103,0.8574014221073044,0.8538139684583199
11,Carbamate,0.18000000000000005,0.8591695952102043,0.853393665158371,0.8562718899987029
11,Carbamate,0.19,0.8665438273229797,0.8511958629605688,0.8588012782886585
11,Carbamate,0.2,0.8729546361580418,0.8483516483516483,0.8604773144505639
11,Carbamate,0.21000000000000002,0.8781044435494697,0.8456367162249515,0.8615648050579557
11,Carbamate,0.22000000000000003,0.8818833716682452,0.8426632191338074,0.8618273172021684
11,Carbamate,0.23000000000000004,0.8860534934497817,0.8394311570782159,0.8621124609971453
11,Carbamate,0.24000000000000005,0.8893166506256015,0.8361990950226245,0.8619402985074627
11,Carbamate,0.25000000000000006,0.8921948519236091,0.8334841628959276,0.8618407860437136
11,Carbamate,0.26000000000000006,0.8947441601779755,0.8319327731092437,0.8621960206337509
11,Carbamate,0.27,0.8977622377622377,0.8298642533936652,0.8624790057104468
11,Carbamate,0.28,0.9002388646901784,0.8283128636069813,0.862779423646647
11,Carbamate,0.29000000000000004,0.9026111503175723,0.8267614738202973,0.8630229419703104
11,Carbamate,0.30000000000000004,0.9041483788758318,0.8255979314802844,0.8630896067036086
11,Carbamate,0.31000000000000005,0.9063255152807391,0.8243051066580478,0.8633716993906567
11,Carbamate,0.32000000000000006,0.9076133447390933,0.8230122818358112,0.8632449657603906
11,Carbamate,0.33,0.9084013167310719,0.8205559146735617,0.8622469773128651
11,Carbamate,0.34,0.909821941412981,0.8191338073691015,0.8620994625484727
11,Carbamate,0.35000000000000003,0.9110951008645534,0.8174531351001939,0.8617376490630324
11,Carbamate,0.36000000000000004,0.9118369706605001,0.8156431803490627,0.8610618261225604
11,Carbamate,0.37000000000000005,0.9122552574329225,0.8131868131868132,0.859876965140123
11,Carbamate,0.38000000000000006,0.913511939429237,0.8111182934712347,0.8592754913373964
11,Carbamate,0.39000000000000007,0.9139188794864312,0.8098254686489981,0.8587291795188156
11,Carbamate,0.4000000000000001,0.9146412884333821,0.8076276664511959,0.857809818056986
11,Carbamate,0.4100000000000001,0.9152094048493754,0.8051712992889464,0.8566712517193947
11,Carbamate,0.42000000000000004,0.9160282852091927,0.8038784744667098,0.8562969083522688
11,Carbamate,0.43000000000000005,0.9168144208037825,0.8021978021978022,0.8556850306833069
11,Carbamate,0.44000000000000006,0.916790050340539,0.8005171299288947,0.854717371799296
11,Carbamate,0.45000000000000007,0.9174093879976233,0.7984486102133161,0.8538052118614778
11,Carbamate,0.4600000000000001,0.9178592725104353,0.7959922430510665,0.8525929516028526
11,Carbamate,0.4700000000000001,0.9184741959611069,0.7937944408532643,0.8515950069348127
11,Carbamate,0.4800000000000001,0.9186918691869187,0.7917259211376858,0.8504964932990765
11,Carbamate,0.49000000000000005,0.9188863807373966,0.78939883645766,0.8492350486787205
11,Carbamate,0.5000000000000001,0.9193548387096774,0.7884938590820944,0.848910849745981
11,Carbamate,0.5100000000000001,0.9194742408218765,0.7868131868131868,0.8479866239375784
11,Carbamate,0.5200000000000001,0.9206180881684594,0.7856496444731739,0.8477957589285714
11,Carbamate,0.5300000000000001,0.920752998330044,0.78409825468649,0.8469487501745566
11,Carbamate,0.5400000000000001,0.9217775072287323,0.7830639948287007,0.846777575842304
11,Carbamate,0.5500000000000002,0.9219370608004889,0.7802197802197802,0.8451789090399832
11,Carbamate,0.5600000000000002,0.9228882416066228,0.7782805429864253,0.8444382101276476
11,Carbamate,0.5700000000000002,0.923739237392374,0.7767291531997415,0.843879485918955
11,Carbamate,0.5800000000000002,0.9243218249075216,0.7753070458952812,0.8432820080151867
11,Carbamate,0.5900000000000002,0.9248840803709428,0.7736263736263737,0.8425202393523408
11,Carbamate,0.6000000000000002,0.925879981392464,0.7719457013574661,0.8419345741680767
11,Carbamate,0.6100000000000001,0.9261160367086638,0.7697478991596639,0.8407229596159277
11,Carbamate,0.6200000000000001,0.9270768269831355,0.7675500969618617,0.8398047952471887
11,Carbamate,0.6300000000000001,0.927352434632848,0.7657401422107305,0.8388330264835009
11,Carbamate,0.6400000000000001,0.9276295133437991,0.7639301874595992,0.8378589152782702
11,Carbamate,0.6500000000000001,0.928931610463284,0.762120232708468,0.8372984873233436
11,Carbamate,0.6600000000000001,0.9293504030346136,0.7601809954751131,0.8362964016498364
11,Carbamate,0.6700000000000002,0.9304541124166402,0.7575953458306399,0.8351742321670348
11,Carbamate,0.6800000000000002,0.9307545367717287,0.7559146735617324,0.8342726689020475
11,Carbamate,0.6900000000000002,0.9313709806430971,0.7526826115061409,0.8325468325468326
11,Carbamate,0.7000000000000002,0.9316939890710383,0.7494505494505495,0.830694275274056
11,Carbamate,0.7100000000000002,0.9322882999353588,0.745830639948287,0.8287007110536523
11,Carbamate,0.7200000000000002,0.9325004056466006,0.7429864253393665,0.8270254712908333
11,Carbamate,0.7300000000000002,0.932615434818078,0.7389786683904331,0.8245816503173687
11,Carbamate,0.7400000000000002,0.9336617405582923,0.7351001939237234,0.8225678119349006
11,Carbamate,0.7500000000000002,0.9343693172425194,0.7307045895281189,0.820081253627394
11,Carbamate,0.7600000000000002,0.9354624085163007,0.7270846800258565,0.818214883247254
11,Carbamate,0.7700000000000002,0.9361595174262735,0.7223012281835811,0.8154418740421805
11,Carbamate,0.7800000000000001,0.9362745098039216,0.7160956690368455,0.8115156398798623
11,Carbamate,0.7900000000000001,0.9376596831885539,0.7117000646412411,0.8092018227252683
11,Carbamate,0.8000000000000002,0.9392370101847057,0.703425985778927,0.8044056771141337
11,Carbamate,0.8100000000000002,0.9400139909059112,0.6948933419521655,0.7990782725042741
11,Carbamate,0.8200000000000002,0.9414582224587547,0.6861021331609567,0.7937481304217768
11,Carbamate,0.8300000000000002,0.9422206122079333,0.6725274725274726,0.7848521424260713
11,Carbamate,0.8400000000000002,0.9432282003710575,0.6572721396250808,0.7747047619047619
11,Carbamate,0.8500000000000002,0.9436539556061468,0.6430510665804784,0.7648777487313547
11,Carbamate,0.8600000000000002,0.9436509489336725,0.6235294117647059,0.7508952203020396
11,Carbamate,0.8700000000000002,0.9450594505945059,0.5959922430510666,0.7309918338222469
11,Carbamate,0.8800000000000002,0.9463203463203463,0.5652230122818358,0.7077296641036018
11,Carbamate,0.8900000000000002,0.9469150174621653,0.5257918552036199,0.6761429758935993
11,Carbamate,0.9000000000000002,0.9480254777070064,0.481060116354234,0.6382504288164665
11,Carbamate,0.9100000000000003,0.9502906976744186,0.42262443438914027,0.5850559284116331
11,Carbamate,0.9200000000000003,0.9486725663716814,0.3464770523594053,0.5075757575757576
11,Carbamate,0.9300000000000002,0.950187969924812,0.2614091790562379,0.4100172361350502
11,Carbamate,0.9400000000000002,0.9507246376811594,0.16961861667744021,0.28787712561711465
11,Carbamate,0.9500000000000002,0.9544740973312402,0.07860374919198448,0.14524605828953654
12,Carboxylic acid,0.05,0.22463745709780156,0.9219543147208121,0.3612540712563089
12,Carboxylic acid,0.060000000000000005,0.24300366797989403,0.9079949238578681,0.3833994212838924
12,Carboxylic acid,0.07,0.261000111205842,0.8935279187817259,0.403993458989586
12,Carboxylic acid,0.08000000000000002,0.2787959167269512,0.8803299492385787,0.4234784201208717
12,Carboxylic acid,0.09000000000000001,0.2957105719237435,0.8661167512690355,0.44089147286821706
12,Carboxylic acid,0.1,0.31253492270441424,0.8517766497461929,0.4572830085842758
12,Carboxylic acid,0.11000000000000001,0.3293836503036941,0.8395939086294416,0.4731459629550168
12,Carboxylic acid,0.12000000000000001,0.34537150140740347,0.825253807106599,0.4869519637575349
12,Carboxylic acid,0.13,0.36092005863118726,0.8124365482233502,0.4998048247326099
12,Carboxylic acid,0.14,0.375402600501014,0.7987309644670051,0.5107522518867159
12,Carboxylic acid,0.15000000000000002,0.3903348073278585,0.7841370558375634,0.5212146773513285
12,Carboxylic acid,0.16000000000000003,0.4053711002738994,0.7700507614213198,0.531139218346536
12,Carboxylic acid,0.17000000000000004,0.41994085340092946,0.7568527918781726,0.5401684630015398
12,Carboxylic acid,0.18000000000000005,0.43388674770234215,0.7428934010152284,0.5478195770166573
12,Carboxylic acid,0.19,0.44693432928727045,0.7289340101522843,0.5541192359637276
12,Carboxylic acid,0.2,0.4607899255867201,0.7151015228426396,0.5604455716345915
12,Carboxylic acid,0.21000000000000002,0.4746243022756548,0.7013959390862944,0.566145966709347
12,Carboxylic acid,0.22000000000000003,0.4883051457358762,0.6888324873096446,0.5714887344704148
12,Carboxylic acid,0.23000000000000004,0.5008958038661009,0.6741116751269035,0.5747362726535028
12,Carboxylic acid,0.24000000000000005,0.5121230041395624,0.6593908629441624,0.5765006102296683
12,Carboxylic acid,0.25000000000000006,0.5245427301849747,0.6441624365482234,0.5782309050521159
12,Carboxylic acid,0.26000000000000006,0.5369170984455959,0.6312182741116751,0.5802613159122725
12,Carboxylic acid,0.27,0.5477585041676053,0.6171319796954314,0.5803795202291443
12,Carboxylic acid,0.28,0.560680751173709,0.6062182741116752,0.5825609756097561
12,Carboxylic acid,0.29000000000000004,0.5713585090730751,0.5913705583756346,0.5811923172861062
12,Carboxylic acid,0.30000000000000004,0.5829596412556054,0.5774111675126904,0.5801721389862926
12,Carboxylic acid,0.31000000000000005,0.5947030497592295,0.5642131979695432,0.5790570461057567
12,Carboxylic acid,0.32000000000000006,0.604921012162729,0.5491116751269035,0.5756668662276325
12,Carboxylic acid,0.33,0.6149810550859808,0.5355329949238579,0.5725139058472392
12,Carboxylic acid,0.34,0.6254562043795621,0.5219543147208122,0.5690370780298838
12,Carboxylic acid,0.35000000000000003,0.6389420012746972,0.5088832487309645,0.5665442215315061
12,Carboxylic acid,0.36000000000000004,0.6485453034081463,0.4950507614213198,0.5614969413458079
12,Carboxylic acid,0.37000000000000005,0.66,0.4815989847715736,0.5568598679383713
12,Carboxylic acid,0.38000000000000006,0.6682438580527752,0.46598984771573604,0.5490841121495327
12,Carboxylic acid,0.39000000000000007,0.6770079939094024,0.45139593908629444,0.5416476320998934
12,Carboxylic acid,0.4000000000000001,0.6879587383455663,0.4401015228426396,0.5368005572324124
12,Carboxylic acid,0.4100000000000001,0.6967930029154519,0.4246192893401015,0.5276770225516481
12,Carboxylic acid,0.42000000000000004,0.7072210065645514,0.4101522842639594,0.5191967871485944
12,Carboxylic acid,0.43000000000000005,0.717076534130085,0.39593908629441626,0.5101790532254108
12,Carboxylic acid,0.44000000000000006,0.727579556412729,0.38299492385786804,0.5018290655138011
12,Carboxylic acid,0.45000000000000007,0.7389873417721519,0.3704314720812183,0.493491124260355
12,Carboxylic acid,0.4600000000000001,0.7456140350877193,0.35596446700507617,0.48187596632880947
12,Carboxylic acid,0.4700000000000001,0.7546322290847838,0.3411167512690355,0.46984792868379655
12,Carboxylic acid,0.4800000000000001,0.7633744855967078,0.3295685279187817,0.46037936536075164
12,Carboxylic acid,0.49000000000000005,0.7731352522438873,0.31700507614213197,0.44964449644496446
12,Carboxylic acid,0.5000000000000001,0.7824377457404981,0.3030456852791878,0.43688254665203075
12,Carboxylic acid,0.5100000000000001,0.7898001378359751,0.2908629441624365,0.4251530328324986
12,Carboxylic acid,0.5200000000000001,0.8013848396501457,0.2790609137055838,0.4139683734939759
12,Carboxylic acid,0.5300000000000001,0.8120649651972158,0.26649746192893403,0.40129944582457483
12,Carboxylic acid,0.5400000000000001,0.8219743907476249,0.25253807106598986,0.38637025531501795
12,Carboxylic acid,0.5500000000000002,0.8320278503046127,0.24263959390862944,0.375712320691688
12,Carboxylic acid,0.5600000000000002,0.8399264029438822,0.2317258883248731,0.36323851203501095
12,Carboxylic acid,0.5700000000000002,0.8513047759724274,0.21941624365482235,0.34890525678538997
12,Carboxylic acid,0.5800000000000002,0.8636363636363636,0.20736040609137055,0.3344248874334834
12,Carboxylic acid,0.5900000000000002,0.8679350867375489,0.19682741116751268,0.3208854867073549
12,Carboxylic acid,0.6000000000000002,0.8783865141481035,0.18515228426395938,0.3058379624777277
12,Carboxylic acid,0.6100000000000001,0.8881706528765352,0.17436548223350254,0.29150312930943034
12,Carboxylic acid,0.6200000000000001,0.8917987594762233,0.16421319796954315,0.2773550530489765
12,Carboxylic acid,0.6300000000000001,0.897189349112426,0.15393401015228425,0.26278162911611785
12,Carboxylic acid,0.6400000000000001,0.9029671210906175,0.14289340101522843,0.24674044045140792
12,Carboxylic acid,0.6500000000000001,0.9095607235142119,0.13401015228426397,0.23360247760203517
12,Carboxylic acid,0.6600000000000001,0.9130434782608695,0.12525380710659897,0.22028791429527955
12,Carboxylic acid,0.6700000000000002,0.9185336048879837,0.11446700507614213,0.20356578650417512
12,Carboxylic acid,0.6800000000000002,0.922992299229923,0.10647208121827412,0.1909204687677779
12,Carboxylic acid,0.6900000000000002,0.9286563614744352,0.09911167512690355,0.17910790047012956
12,Carboxylic acid,0.7000000000000002,0.9370179948586118,0.09251269035532995,0.1683991683991684
12,Carboxylic acid,0.7100000000000002,0.9458333333333333,0.08642131979695432,0.1583720930232558
12,Carboxylic acid,0.7200000000000002,0.9476923076923077,0.07817258883248732,0.14443141852286048
12,Carboxylic acid,0.7300000000000002,0.9490662139219015,0.07093908629441624,0.13201086314795135
12,Carboxylic acid,0.7400000000000002,0.9504761904761905,0.0633248730964467,0.11873884592504462
12,Carboxylic acid,0.7500000000000002,0.9532908704883227,0.056979695431472084,0.10753203209196503
12,Carboxylic acid,0.7600000000000002,0.9551886792452831,0.05139593908629442,0.09754335260115607
12,Carboxylic acid,0.7700000000000002,0.9649595687331537,0.045431472081218276,0.08677736031996122
12,Carboxylic acid,0.7800000000000001,0.9603658536585366,0.0399746192893401,0.07675438596491228
12,Carboxylic acid,0.7900000000000001,0.9586206896551724,0.03527918781725888,0.06805385556915544
12,Carboxylic acid,0.8000000000000002,0.9613899613899614,0.03159898477157361,0.06118687799483966
12,Carboxylic acid,0.8100000000000002,0.9653679653679653,0.0282994923857868,0.05498705461718654
12,Carboxylic acid,0.8200000000000002,0.97,0.024619289340101522,0.04801980198019802
12,Carboxylic acid,0.8300000000000002,0.9715909090909091,0.0217005076142132,0.04245283018867924
12,Carboxylic acid,0.8400000000000002,0.9785714285714285,0.017385786802030456,0.034164588528678305
12,Carboxylic acid,0.8500000000000002,0.9739130434782609,0.014213197969543147,0.028017510944340213
12,Carboxylic acid,0.8600000000000002,0.967391304347826,0.011294416243654822,0.022328148519819367
12,Carboxylic acid,0.8700000000000002,0.9714285714285714,0.008629441624365483,0.01710691823899371
12,Carboxylic acid,0.8800000000000002,0.9833333333333333,0.007487309644670051,0.014861460957178841
12,Carboxylic acid,0.8900000000000002,0.9782608695652174,0.005710659898477157,0.011355034065102196
12,Carboxylic acid,0.9000000000000002,0.9696969696969697,0.0040609137055837565,0.008087956527233667
12,Carboxylic acid,0.9100000000000003,0.9655172413793104,0.003553299492385787,0.007080541155645467
12,Carboxylic acid,0.9200000000000003,1.0,0.0024111675126903555,0.004810735536143816
12,Carboxylic acid,0.9300000000000002,1.0,0.0010152284263959391,0.002028397565922921
12,Carboxylic acid,0.9400000000000002,1.0,0.0005076142131979696,0.0010147133434804667
12,Carboxylic acid,0.9500000000000002,1.0,0.0002538071065989848,0.0005074854097944684
13,Enamine,0.05,0.4158354114713217,0.5913120567375887,0.4882869692532943
13,Enamine,0.060000000000000005,0.5055118110236221,0.5691489361702128,0.5354462051709759
13,Enamine,0.07,0.5859154929577465,0.5531914893617021,0.5690834473324213
13,Enamine,0.08000000000000002,0.6423200859291085,0.5301418439716312,0.5808644973288004
13,Enamine,0.09000000000000001,0.6842737094837935,0.5053191489361702,0.5813360530341662
13,Enamine,0.1,0.7176165803108808,0.49113475177304966,0.5831578947368421
13,Enamine,0.11000000000000001,0.7347767253044655,0.48138297872340424,0.5816818425281199
13,Enamine,0.12000000000000001,0.7640287769784173,0.47074468085106386,0.5825562260010971
13,Enamine,0.13,0.7820895522388059,0.4645390070921986,0.5828698553948832
13,Enamine,0.14,0.7901990811638591,0.4574468085106383,0.5794497473329591
13,Enamine,0.15000000000000002,0.8035143769968051,0.44592198581560283,0.5735461801596351
13,Enamine,0.16000000000000003,0.8141447368421053,0.43882978723404253,0.5702764976958525
13,Enamine,0.17000000000000004,0.8178752107925801,0.4299645390070922,0.5636257989540965
13,Enamine,0.18000000000000005,0.8278260869565217,0.4219858156028369,0.559013505578391
13,Enamine,0.19,0.8420107719928187,0.4157801418439716,0.5566765578635015
13,Enamine,0.2,0.8513761467889909,0.41134751773049644,0.5546921697549313
13,Enamine,0.21000000000000002,0.8680688336520076,0.4024822695035461,0.549969715324046
13,Enamine,0.22000000000000003,0.8717948717948718,0.39184397163120566,0.5406727828746177
13,Enamine,0.23000000000000004,0.8739837398373984,0.38120567375886527,0.5308641975308642
13,Enamine,0.24000000000000005,0.8752598752598753,0.37322695035460995,0.5233064014916097
13,Enamine,0.25000000000000006,0.8779443254817987,0.36347517730496454,0.5141065830721003
13,Enamine,0.26000000000000006,0.8835164835164835,0.35638297872340424,0.5078963992419456
13,Enamine,0.27,0.8853932584269663,0.34929078014184395,0.5009535918626827
13,Enamine,0.28,0.8847926267281107,0.3404255319148936,0.49167733674775926
13,Enamine,0.29000000000000004,0.8928571428571429,0.3324468085106383,0.4844961240310077
13,Enamine,0.30000000000000004,0.8918269230769231,0.32890070921985815,0.4805699481865285
13,Enamine,0.31000000000000005,0.8926829268292683,0.324468085106383,0.4759427828348505
13,Enamine,0.32000000000000006,0.8955223880597015,0.3191489361702128,0.47058823529411764
13,Enamine,0.33,0.8936708860759494,0.3129432624113475,0.46355876559422193
13,Enamine,0.34,0.9043927648578811,0.3102836879432624,0.46204620462046203
13,Enamine,0.35000000000000003,0.905511811023622,0.3058510638297872,0.4572564612326044
13,Enamine,0.36000000000000004,0.9064171122994652,0.300531914893617,0.45139813581890814
13,Enamine,0.37000000000000005,0.9100817438692098,0.29609929078014185,0.4468227424749164
13,Enamine,0.38000000000000006,0.9093406593406593,0.29343971631205673,0.4436997319034853
13,Enamine,0.39000000000000007,0.9103641456582633,0.28812056737588654,0.4377104377104377
13,Enamine,0.4000000000000001,0.9121813031161473,0.2854609929078014,0.4348413234301148
13,Enamine,0.4100000000000001,0.9145299145299145,0.2845744680851064,0.4340770791075051
13,Enamine,0.42000000000000004,0.9164265129682997,0.28191489361702127,0.4311864406779661
13,Enamine,0.43000000000000005,0.9154518950437318,0.2783687943262411,0.42692046227056424
13,Enamine,0.44000000000000006,0.9166666666666666,0.2730496453900709,0.4207650273224044
13,Enamine,0.45000000000000007,0.9151515151515152,0.26773049645390073,0.41426611796982166
13,Enamine,0.4600000000000001,0.916923076923077,0.2641843971631206,0.4101858224363386
13,Enamine,0.4700000000000001,0.915625,0.25975177304964536,0.4046961325966851
13,Enamine,0.4800000000000001,0.917981072555205,0.2579787234042553,0.4027681660899654
13,Enamine,0.49000000000000005,0.9208860759493671,0.2579787234042553,0.40304709141274236
13,Enamine,0.5000000000000001,0.9235668789808917,0.2570921985815603,0.40221914008321774
13,Enamine,0.5100000000000001,0.9253246753246753,0.2526595744680851,0.3969359331476323
13,Enamine,0.5200000000000001,0.9243421052631579,0.24911347517730498,0.3924581005586592
13,Enamine,0.5300000000000001,0.9228187919463087,0.24379432624113476,0.3856942496493689
13,Enamine,0.5400000000000001,0.9233449477351916,0.2349290780141844,0.3745583038869258
13,Enamine,0.5500000000000002,0.9244604316546763,0.22783687943262412,0.3655761024182077
13,Enamine,0.5600000000000002,0.9264705882352942,0.22340425531914893,0.36
13,Enamine,0.5700000000000002,0.9305019305019305,0.21365248226950354,0.3475126171593367
13,Enamine,0.5800000000000002,0.9294117647058824,0.21010638297872342,0.34273318872017355
13,Enamine,0.5900000000000002,0.926530612244898,0.20124113475177305,0.3306627822286963
13,Enamine,0.6000000000000002,0.9253112033195021,0.1976950354609929,0.32578524470416365
13,Enamine,0.6100000000000001,0.9230769230769231,0.19148936170212766,0.31718061674008813
13,Enamine,0.6200000000000001,0.9292035398230089,0.18617021276595744,0.310192023633678
13,Enamine,0.6300000000000001,0.9366515837104072,0.18351063829787234,0.30689399555226093
13,Enamine,0.6400000000000001,0.9348837209302325,0.17819148936170212,0.2993298585256888
13,Enamine,0.6500000000000001,0.9414634146341463,0.17109929078014185,0.2895723930982746
13,Enamine,0.6600000000000001,0.9444444444444444,0.16578014184397163,0.28205128205128205
13,Enamine,0.6700000000000002,0.9424083769633508,0.1595744680851064,0.27293404094010615
13,Enamine,0.6800000000000002,0.9468085106382979,0.15780141843971632,0.270516717325228
13,Enamine,0.6900000000000002,0.945054945054945,0.1524822695035461,0.26259541984732826
13,Enamine,0.7000000000000002,0.9428571428571428,0.14627659574468085,0.25326170376055257
13,Enamine,0.7100000000000002,0.9425287356321839,0.1453900709219858,0.2519201228878648
13,Enamine,0.7200000000000002,0.9397590361445783,0.13829787234042554,0.241112828438949
13,Enamine,0.7300000000000002,0.9483870967741935,0.13031914893617022,0.22915042868277474
13,Enamine,0.7400000000000002,0.9455782312925171,0.12322695035460993,0.21803921568627452
13,Enamine,0.7500000000000002,0.9428571428571428,0.11702127659574468,0.2082018927444795
13,Enamine,0.7600000000000002,0.9485294117647058,0.11436170212765957,0.20411392405063292
13,Enamine,0.7700000000000002,0.9538461538461539,0.1099290780141844,0.1971383147853736
13,Enamine,0.7800000000000001,0.967479674796748,0.10549645390070922,0.19024780175859313
13,Enamine,0.7900000000000001,0.9734513274336283,0.0975177304964539,0.177276390008058
13,Enamine,0.8000000000000002,0.9716981132075472,0.09131205673758866,0.16693679092382496
13,Enamine,0.8100000000000002,0.97,0.08599290780141844,0.15798045602605862
13,Enamine,0.8200000000000002,0.967741935483871,0.0797872340425532,0.14742014742014742
13,Enamine,0.8300000000000002,0.9666666666666667,0.07712765957446809,0.14285714285714285
13,Enamine,0.8400000000000002,0.963855421686747,0.07092198581560284,0.13212221304706853
13,Enamine,0.8500000000000002,0.9615384615384616,0.06648936170212766,0.12437810945273632
13,Enamine,0.8600000000000002,0.9577464788732394,0.06028368794326241,0.1134278565471226
13,Enamine,0.8700000000000002,0.967741935483871,0.05319148936170213,0.10084033613445378
13,Enamine,0.8800000000000002,0.9661016949152542,0.05053191489361702,0.09604043807919124
13,Enamine,0.8900000000000002,0.9622641509433962,0.04521276595744681,0.0863674851820491
13,Enamine,0.9000000000000002,0.9534883720930233,0.03634751773049645,0.07002561912894961
13,Enamine,0.9100000000000003,0.9722222222222222,0.03102836879432624,0.06013745704467354
13,Enamine,0.9200000000000003,1.0,0.024822695035460994,0.04844290657439446
13,Enamine,0.9300000000000002,1.0,0.022163120567375887,0.04336513443191674
13,Enamine,0.9400000000000002,1.0,0.018617021276595744,0.03655352480417755
13,Enamine,0.9500000000000002,1.0,0.012411347517730497,0.024518388791593695
14,Enol,0.05,0.5675675675675675,0.672,0.6153846153846154
14,Enol,0.060000000000000005,0.6273764258555133,0.66,0.6432748538011696
14,Enol,0.07,0.6693877551020408,0.656,0.6626262626262627
14,Enol,0.08000000000000002,0.7105263157894737,0.648,0.6778242677824268
14,Enol,0.09000000000000001,0.755868544600939,0.644,0.6954643628509719
14,Enol,0.1,0.7772277227722773,0.628,0.6946902654867256
14,Enol,0.11000000000000001,0.8134715025906736,0.628,0.708803611738149
14,Enol,0.12000000000000001,0.8306878306878307,0.628,0.715261958997722
14,Enol,0.13,0.8378378378378378,0.62,0.7126436781609196
14,Enol,0.14,0.8491620111731844,0.608,0.7086247086247086
14,Enol,0.15000000000000002,0.867816091954023,0.604,0.7122641509433962
14,Enol,0.16000000000000003,0.8771929824561403,0.6,0.7125890736342043
14,Enol,0.17000000000000004,0.8764705882352941,0.596,0.7095238095238096
14,Enol,0.18000000000000005,0.8862275449101796,0.592,0.709832134292566
14,Enol,0.19,0.891566265060241,0.592,0.7115384615384616
14,Enol,0.2,0.8957055214723927,0.584,0.7070217917675545
14,Enol,0.21000000000000002,0.9006211180124224,0.58,0.7055961070559611
14,Enol,0.22000000000000003,0.90625,0.58,0.7073170731707317
14,Enol,0.23000000000000004,0.9177215189873418,0.58,0.7107843137254902
14,Enol,0.24000000000000005,0.9171974522292994,0.576,0.7076167076167076
14,Enol,0.25000000000000006,0.9225806451612903,0.572,0.7061728395061728
14,Enol,0.26000000000000006,0.9225806451612903,0.572,0.7061728395061728
14,Enol,0.27,0.922077922077922,0.568,0.7029702970297029
14,Enol,0.28,0.9210526315789473,0.56,0.6965174129353234
14,Enol,0.29000000000000004,0.9205298013245033,0.556,0.6932668329177057
14,Enol,0.30000000000000004,0.9205298013245033,0.556,0.6932668329177057
14,Enol,0.31000000000000005,0.9194630872483222,0.548,0.6867167919799498
14,Enol,0.32000000000000006,0.9194630872483222,0.548,0.6867167919799498
14,Enol,0.33,0.9194630872483222,0.548,0.6867167919799498
14,Enol,0.34,0.9251700680272109,0.544,0.6851385390428212
14,Enol,0.35000000000000003,0.9246575342465754,0.54,0.6818181818181818
14,Enol,0.36000000000000004,0.9241379310344827,0.536,0.6784810126582278
14,Enol,0.37000000000000005,0.9241379310344827,0.536,0.6784810126582278
14,Enol,0.38000000000000006,0.9361702127659575,0.528,0.6751918158567775
14,Enol,0.39000000000000007,0.935251798561151,0.52,0.6683804627249358
14,Enol,0.4000000000000001,0.935251798561151,0.52,0.6683804627249358
14,Enol,0.4100000000000001,0.9411764705882353,0.512,0.6632124352331606
14,Enol,0.42000000000000004,0.9477611940298507,0.508,0.6614583333333334
14,Enol,0.43000000000000005,0.946969696969697,0.5,0.6544502617801047
14,Enol,0.44000000000000006,0.9538461538461539,0.496,0.6526315789473685
14,Enol,0.45000000000000007,0.9534883720930233,0.492,0.6490765171503958
14,Enol,0.4600000000000001,0.9609375,0.492,0.6507936507936508
14,Enol,0.4700000000000001,0.9609375,0.492,0.6507936507936508
14,Enol,0.4800000000000001,0.9609375,0.492,0.6507936507936508
14,Enol,0.49000000000000005,0.9606299212598425,0.488,0.6472148541114059
14,Enol,0.5000000000000001,0.9606299212598425,0.488,0.6472148541114059
14,Enol,0.5100000000000001,0.9606299212598425,0.488,0.6472148541114059
14,Enol,0.5200000000000001,0.9603174603174603,0.484,0.6436170212765957
14,Enol,0.5300000000000001,0.9603174603174603,0.484,0.6436170212765957
14,Enol,0.5400000000000001,0.9603174603174603,0.484,0.6436170212765957
14,Enol,0.5500000000000002,0.96,0.48,0.64
14,Enol,0.5600000000000002,0.96,0.48,0.64
14,Enol,0.5700000000000002,0.9590163934426229,0.468,0.6290322580645161
14,Enol,0.5800000000000002,0.9576271186440678,0.452,0.6141304347826086
14,Enol,0.5900000000000002,0.9565217391304348,0.44,0.6027397260273972
14,Enol,0.6000000000000002,0.9565217391304348,0.44,0.6027397260273972
14,Enol,0.6100000000000001,0.9557522123893806,0.432,0.5950413223140496
14,Enol,0.6200000000000001,0.963963963963964,0.428,0.592797783933518
14,Enol,0.6300000000000001,0.963302752293578,0.42,0.584958217270195
14,Enol,0.6400000000000001,0.9615384615384616,0.4,0.5649717514124294
14,Enol,0.6500000000000001,0.9611650485436893,0.396,0.5609065155807366
14,Enol,0.6600000000000001,0.9587628865979382,0.372,0.5360230547550432
14,Enol,0.6700000000000002,0.956989247311828,0.356,0.5189504373177842
14,Enol,0.6800000000000002,0.956989247311828,0.356,0.5189504373177842
14,Enol,0.6900000000000002,0.9550561797752809,0.34,0.5014749262536873
14,Enol,0.7000000000000002,0.9540229885057471,0.332,0.49258160237388726
14,Enol,0.7100000000000002,0.9518072289156626,0.316,0.4744744744744745
14,Enol,0.7200000000000002,0.9634146341463414,0.316,0.4759036144578313
14,Enol,0.7300000000000002,0.9629629629629629,0.312,0.47129909365558914
14,Enol,0.7400000000000002,0.9620253164556962,0.304,0.46200607902735563
14,Enol,0.7500000000000002,0.9605263157894737,0.292,0.44785276073619634
14,Enol,0.7600000000000002,0.96,0.288,0.4430769230769231
14,Enol,0.7700000000000002,0.96,0.288,0.4430769230769231
14,Enol,0.7800000000000001,0.9571428571428572,0.268,0.41875
14,Enol,0.7900000000000001,0.9552238805970149,0.256,0.4037854889589905
14,Enol,0.8000000000000002,0.953125,0.244,0.3885350318471338
14,Enol,0.8100000000000002,0.95,0.228,0.36774193548387096
14,Enol,0.8200000000000002,0.9464285714285714,0.212,0.3464052287581699
14,Enol,0.8300000000000002,0.96,0.192,0.32
14,Enol,0.8400000000000002,0.9791666666666666,0.188,0.31543624161073824
14,Enol,0.8500000000000002,0.9791666666666666,0.188,0.31543624161073824
14,Enol,0.8600000000000002,0.9777777777777777,0.176,0.2983050847457627
14,Enol,0.8700000000000002,0.9767441860465116,0.168,0.28668941979522183
14,Enol,0.8800000000000002,0.972972972972973,0.144,0.2508710801393728
14,Enol,0.8900000000000002,0.9722222222222222,0.14,0.24475524475524477
14,Enol,0.9000000000000002,0.96875,0.124,0.2198581560283688
14,Enol,0.9100000000000003,0.967741935483871,0.12,0.21352313167259787
14,Enol,0.9200000000000003,1.0,0.096,0.17518248175182483
14,Enol,0.9300000000000002,1.0,0.08,0.14814814814814814
14,Enol,0.9400000000000002,1.0,0.064,0.12030075187969924
14,Enol,0.9500000000000002,1.0,0.06,0.11320754716981132
15,Ester,0.05,0.4035991188166967,0.9439277350284376,0.5654334843079883
15,Ester,0.060000000000000005,0.4480240824953564,0.9360990297758448,0.6060081003227134
15,Ester,0.07,0.48682366134006166,0.9295416527266644,0.6389917435201582
15,Ester,0.08000000000000002,0.5215470030592589,0.9239879558380729,0.6667471392013906
15,Ester,0.09000000000000001,0.5520122098160495,0.919638675142188,0.6899078884622142
15,Ester,0.1,0.5773892478567507,0.9148210103713617,0.707953603976802
15,Ester,0.11000000000000001,0.5991540732255364,0.9099364335898293,0.7225439668455449
15,Ester,0.12000000000000001,0.6201997983686188,0.9055871528939444,0.7362036608915604
15,Ester,0.13,0.6387136555518664,0.9010371361659418,0.7475296991229045
15,Ester,0.14,0.6559271409685159,0.8963532954165273,0.7575209228681293
15,Ester,0.15000000000000002,0.672378168623696,0.8927400468384075,0.7670461078532828
15,Ester,0.16000000000000003,0.6866466694249069,0.8883907661425225,0.7745981739155801
15,Ester,0.17000000000000004,0.7011512547084726,0.8843091334894614,0.7821506776350832
15,Ester,0.18000000000000005,0.7123228389051174,0.8810973569755771,0.7877718285423708
15,Ester,0.19,0.7238599977917632,0.8773502843760455,0.7932484346168971
15,Ester,0.2,0.7340048393450003,0.8728002676480429,0.7974079960875413
15,Ester,0.21000000000000002,0.7427786993078991,0.8689193710270994,0.8009127914148267
15,Ester,0.22000000000000003,0.7514084916071325,0.8656406825025093,0.8044897705366582
15,Ester,0.23000000000000004,0.7589275191514437,0.8617597858815658,0.8070813097289675
15,Ester,0.24000000000000005,0.7671831070168093,0.8581465373034459,0.8101193860147812
15,Ester,0.25000000000000006,0.7748015271801709,0.855470056875209,0.8131399860077594
15,Ester,0.26000000000000006,0.7801961986511343,0.8514553362328537,0.8142697168453048
15,Ester,0.27,0.7861393503595339,0.8485781197724992,0.8161662966180777
15,Ester,0.28,0.792594916849702,0.8450986952157913,0.8180051813471503
15,Ester,0.29000000000000004,0.7978696424042607,0.8420207427233188,0.8193508480645897
15,Ester,0.30000000000000004,0.8027006271598618,0.839277350284376,0.8205815969382748
15,Ester,0.31000000000000005,0.8071308616457822,0.8361324857811977,0.8213757517993887
15,Ester,0.32000000000000006,0.8126468285043069,0.833255269320843,0.8228220291387228
15,Ester,0.33,0.8182118112834048,0.8297089327534293,0.8239202657807309
15,Ester,0.34,0.8227418065547561,0.826430244228839,0.8245819007243717
15,Ester,0.35000000000000003,0.8272592791823561,0.8232184677149549,0.825233926954422
15,Ester,0.36000000000000004,0.8322015482819503,0.8200066912010706,0.826059114960736
15,Ester,0.37000000000000005,0.8366577558434437,0.8167280026764804,0.8265727635945013
15,Ester,0.38000000000000006,0.8398699591893201,0.8124456339913014,0.8259302088293313
15,Ester,0.39000000000000007,0.8432466355205356,0.8091669454667113,0.8258553575087072
15,Ester,0.4000000000000001,0.8472681246044582,0.8062228169956507,0.8262360282520743
15,Ester,0.4100000000000001,0.8511060692002269,0.8032117765138842,0.8264656270439602
15,Ester,0.42000000000000004,0.8548041178152702,0.8000669120107059,0.8265302595652023
15,Ester,0.43000000000000005,0.8576989619377162,0.7961191033790566,0.8257625707047923
15,Ester,0.44000000000000006,0.8605461940732132,0.7927735028437605,0.8252707832689026
15,Ester,0.45000000000000007,0.8625814481294385,0.7883573101371696,0.8238008670116068
15,Ester,0.4600000000000001,0.8655945706698142,0.7851455336232854,0.8234097049226343
15,Ester,0.4700000000000001,0.8694810512992331,0.7813984610237538,0.8230899351564702
15,Ester,0.4800000000000001,0.872466596607116,0.7777183004349281,0.8223723776842254
15,Ester,0.49000000000000005,0.8749905353221776,0.7732351957176313,0.8209718670076727
15,Ester,0.5000000000000001,0.8780077916125583,0.7690866510538642,0.8199457839920102
15,Ester,0.5100000000000001,0.8802616390919584,0.7654064904650385,0.8188260558339299
15,Ester,0.5200000000000001,0.8832388789690242,0.7612579458012714,0.817724430388845
15,Ester,0.5300000000000001,0.8861731296513905,0.7569086651053865,0.8164561530133526
15,Ester,0.5400000000000001,0.887915384008209,0.7526932084309134,0.8147316578547114
15,Ester,0.5500000000000002,0.8896590184831102,0.7472064235530278,0.8122340618976616
15,Ester,0.5600000000000002,0.8918984086159781,0.7425225828036133,0.8103844889911271
15,Ester,0.5700000000000002,0.8939565780946209,0.7383740381398461,0.8087507787020412
15,Ester,0.5800000000000002,0.8962696335078534,0.7330879892940783,0.8065074165409106
15,Ester,0.5900000000000002,0.8988085388052292,0.7268651722984276,0.8037438496541008
15,Ester,0.6000000000000002,0.8999415839105399,0.7215791234526597,0.8009506833036245
15,Ester,0.6100000000000001,0.9020549098871484,0.7166945466711274,0.7987620716656102
15,Ester,0.6200000000000001,0.9043078494806742,0.7107393777183004,0.7959237196058596
15,Ester,0.6300000000000001,0.9066402549306692,0.7043827367012379,0.7928151830094894
15,Ester,0.6400000000000001,0.9080529893672651,0.6971562395449983,0.7887505204587607
15,Ester,0.6500000000000001,0.9099876695437731,0.6913348946135831,0.7857332978440245
15,Ester,0.6600000000000001,0.9114318809587454,0.6844429575108733,0.7817945582390706
15,Ester,0.6700000000000002,0.9130356337392873,0.6772164603546337,0.777641183250096
15,Ester,0.6800000000000002,0.9140975208123685,0.6685848109735698,0.7722986551244396
15,Ester,0.6900000000000002,0.9156157270029673,0.660689193710271,0.767538575148665
15,Ester,0.7000000000000002,0.9172381399718178,0.6533288725326196,0.7631105900742478
15,Ester,0.7100000000000002,0.9190994085098264,0.6446303111408498,0.7577771660046407
15,Ester,0.7200000000000002,0.9211698624830524,0.6364670458347274,0.7527996517747616
15,Ester,0.7300000000000002,0.9230088495575222,0.6281030444964871,0.7475214015528568
15,Ester,0.7400000000000002,0.9238161978175994,0.6174640347942456,0.7401941124568862
15,Ester,0.7500000000000002,0.9244245263801182,0.6072934091669455,0.7330291160198683
15,Ester,0.7600000000000002,0.9255727169068104,0.5974573435931749,0.7261711125569291
15,Ester,0.7700000000000002,0.926584153178885,0.5860823017731683,0.7180096729240102
15,Ester,0.7800000000000001,0.9284244721169465,0.5737035797925728,0.709181141439206
15,Ester,0.7900000000000001,0.9309312638580931,0.5618601538976247,0.700771959107031
15,Ester,0.8000000000000002,0.9311169304337925,0.5472064235530277,0.6893122049898853
15,Ester,0.8100000000000002,0.9315245478036176,0.5306791569086651,0.6761584040240419
15,Ester,0.8200000000000002,0.9330178376410629,0.514486450317832,0.6632450616751489
15,Ester,0.8300000000000002,0.9339456467035733,0.4966878554700569,0.6484951731970471
15,Ester,0.8400000000000002,0.9343983239491948,0.47748410839745736,0.6320077938180853
15,Ester,0.8500000000000002,0.9357672248147132,0.4562060889929742,0.6133777158022581
15,Ester,0.8600000000000002,0.9365818181818182,0.4308464369354299,0.5901924839596701
15,Ester,0.8700000000000002,0.937995337995338,0.40388089662094345,0.5646398503274088
15,Ester,0.8800000000000002,0.9388720027017899,0.37203077952492475,0.5328988354818613
15,Ester,0.8900000000000002,0.9384789582940177,0.3327534292405487,0.49130606599486265
15,Ester,0.9000000000000002,0.94004329004329,0.290598862495818,0.44395604395604393
15,Ester,0.9100000000000003,0.9418153607447634,0.24369354299096688,0.38719965979162235
15,Ester,0.9200000000000003,0.9439316239316239,0.18474406155904985,0.3090095131505316
15,Ester,0.9300000000000002,0.9432225063938618,0.12338574774171963,0.21822485207100592
15,Ester,0.9400000000000002,0.9484638255698712,0.06403479424556707,0.11996991350131628
15,Ester,0.9500000000000002,0.9603729603729604,0.027567748410839747,0.053596981917523094
16,Ether,0.05,0.5694226187458813,0.9993105442252519,0.725464394410314
16,Ether,0.060000000000000005,0.5774675073993051,0.9980428352200699,0.7316198348454835
16,Ether,0.07,0.587822936357908,0.995885505860374,0.7392829724531323
16,Ether,0.08000000000000002,0.6001369991806912,0.9937504170095411,0.7483419307295505
16,Ether,0.09000000000000001,0.6145817535054944,0.991370682561217,0.758775065536377
16,Ether,0.1,0.6298747307561501,0.9885683784444989,0.7694731284244055
16,Ether,0.11000000000000001,0.6443992149451189,0.9858105553455063,0.7793543622745015
16,Ether,0.12000000000000001,0.6591349739000746,0.9829192891933367,0.7891048360458162
16,Ether,0.13,0.6728722185738939,0.9798945799879901,0.7978667535901197
16,Ether,0.14,0.686175611736598,0.9772924404510375,0.8062604355883378
16,Ether,0.15000000000000002,0.6987972947106489,0.9743344527722795,0.8138776647624355
16,Ether,0.16000000000000003,0.7100641702542442,0.9720881613771323,0.8206688071499653
16,Ether,0.17000000000000004,0.7209513885443027,0.9694193003135911,0.8269241714253192
16,Ether,0.18000000000000005,0.7303737061432989,0.9667059582323243,0.8320842306771955
16,Ether,0.19,0.7395680507693883,0.9641705402219602,0.8370647126403491
16,Ether,0.2,0.7480760251111149,0.9620354513711273,0.8416710446948028
16,Ether,0.21000000000000002,0.7564981158531242,0.9599448435380201,0.8461644023603678
16,Ether,0.22000000000000003,0.7641194834681425,0.9580766407935414,0.8501761414657732
16,Ether,0.23000000000000004,0.7718967282919205,0.9555189822743144,0.8539484406988531
16,Ether,0.24000000000000005,0.7794409181019588,0.9531392478259902,0.8575830948712304
16,Ether,0.25000000000000006,0.7857011612523886,0.9510263994840202,0.8604948333283025
16,Ether,0.26000000000000006,0.7923192687141185,0.9484465004559305,0.8633814508128682
16,Ether,0.27,0.7986039442328261,0.9465560572025888,0.8663084188242958
16,Ether,0.28,0.803630238104251,0.9443097658074416,0.8683088438295653
16,Ether,0.29000000000000004,0.8090700782890968,0.9423526010275115,0.8706399679450957
16,Ether,0.30000000000000004,0.81397319365275,0.9400618286146387,0.8724855765757398
16,Ether,0.31000000000000005,0.8188049789308115,0.9377932967106287,0.8742691270993158
16,Ether,0.32000000000000006,0.8236895714173783,0.9352356381914019,0.8759256366192782
16,Ether,0.33,0.8286250493875938,0.9328781442519405,0.8776665306592176
16,Ether,0.34,0.8330976799761027,0.9304094477681649,0.8790686923448696
16,Ether,0.35000000000000003,0.8372909229473346,0.9285190045148233,0.8805483785921434
16,Ether,0.36000000000000004,0.8417561528038989,0.925738940906968,0.8817523196203872
16,Ether,0.37000000000000005,0.8458089628889931,0.923047839334564,0.8827420452611877
16,Ether,0.38000000000000006,0.8493558181519777,0.920779307430554,0.8836266234112713
16,Ether,0.39000000000000007,0.8536903039073807,0.918377332473367,0.8848531601898578
16,Ether,0.4000000000000001,0.857544575904016,0.9156195093743745,0.8856310032160566
16,Ether,0.4100000000000001,0.8614013006083491,0.9132620154349131,0.8865738991504107
16,Ether,0.42000000000000004,0.8644909167722856,0.9101928252118409,0.8867534099650065
16,Ether,0.43000000000000005,0.8684832357637041,0.9073460400773969,0.8874893950270835
16,Ether,0.44000000000000006,0.8717123610932338,0.9037208371327536,0.8874280659991046
16,Ether,0.45000000000000007,0.8749297965179073,0.900829570980584,0.8876908072805374
16,Ether,0.4600000000000001,0.8781564695391174,0.8979605453372773,0.8879480976468
16,Ether,0.4700000000000001,0.881322531202102,0.895180481729422,0.8881974556728786
16,Ether,0.4800000000000001,0.8840796897038082,0.892200253541801,0.8881214093580846
16,Ether,0.49000000000000005,0.8874800142121159,0.8888419367035117,0.8881604533585199
16,Ether,0.5000000000000001,0.8904685264663805,0.885972911060205,0.8882150302678959
16,Ether,0.5100000000000001,0.8928908886389202,0.8827035562573672,0.8877679979421337
16,Ether,0.5200000000000001,0.8958220047127062,0.8793452394190779,0.8875071549624575
16,Ether,0.5300000000000001,0.898583129891168,0.8759202010542001,0.8871069465717633
16,Ether,0.5400000000000001,0.9012229322789757,0.8719391499677512,0.8863392302040355
16,Ether,0.5500000000000002,0.9040616895146351,0.868291706514245,0.8858157396167765
16,Ether,0.5600000000000002,0.9067055393586005,0.8645997820430131,0.8851522120266855
16,Ether,0.5700000000000002,0.90905885671305,0.8601516802704446,0.8839292856571475
16,Ether,0.5800000000000002,0.9112384018178376,0.8562151102017214,0.8828702801252135
16,Ether,0.5900000000000002,0.9136105679813057,0.8521450970798212,0.8818080344299836
16,Ether,0.6000000000000002,0.9159215460051918,0.847496830727487,0.8803816696893736
16,Ether,0.6100000000000001,0.9182146230413407,0.8432266530258212,0.8791244464024857
16,Ether,0.6200000000000001,0.9201814944014832,0.8389342348152926,0.8776816045418586
16,Ether,0.6300000000000001,0.9226379356997023,0.834197006427507,0.8761913660997944
16,Ether,0.6400000000000001,0.9243566222045917,0.8291928919333674,0.8741925272870089
16,Ether,0.6500000000000001,0.9265515515515516,0.823454840646754,0.871966369534755
16,Ether,0.6600000000000001,0.9284668584986622,0.8180948780108089,0.8697934524302148
16,Ether,0.6700000000000002,0.9305966343702192,0.8117340924760359,0.8671109368874951
16,Ether,0.6800000000000002,0.9323854416196584,0.805061939817183,0.8640584345833433
16,Ether,0.6900000000000002,0.9341574495770982,0.7983230656317416,0.8609152396028206
16,Ether,0.7000000000000002,0.935920031566487,0.7912950648310834,0.8575526043047554
16,Ether,0.7100000000000002,0.9376031078707892,0.7836888107999911,0.8537646132412623
16,Ether,0.7200000000000002,0.9392985006325877,0.776060316260036,0.8499123148869836
16,Ether,0.7300000000000002,0.941206920038142,0.7683428596846296,0.8460351667727873
16,Ether,0.7400000000000002,0.9428208736926346,0.7598469852990236,0.8415024630541872
16,Ether,0.7500000000000002,0.9445096723694509,0.751440072948869,0.8369851984888834
16,Ether,0.7600000000000002,0.9463268025744989,0.7422992238062407,0.8319872370126633
16,Ether,0.7700000000000002,0.9481630888920904,0.7318461846407046,0.8260782246322237
16,Ether,0.7800000000000001,0.9493937796520823,0.7209928163156373,0.8195780505378655
16,Ether,0.7900000000000001,0.9511091260979604,0.710428574605787,0.8133370677802109
16,Ether,0.8000000000000002,0.9521657364717302,0.6981518137134978,0.8056100909779164
16,Ether,0.8100000000000002,0.9535589337131181,0.6849854324666949,0.7972612668582226
16,Ether,0.8200000000000002,0.9549754785635184,0.6712630384983208,0.7883711210949744
16,Ether,0.8300000000000002,0.9564004411860119,0.6556946822943309,0.7780020847352518
16,Ether,0.8400000000000002,0.9574922425010843,0.6382358828369993,0.7659273494008061
16,Ether,0.8500000000000002,0.9588711065221133,0.6196205769187999,0.7527898619254776
16,Ether,0.8600000000000002,0.9596713965646004,0.6001601316638124,0.7384855367942859
16,Ether,0.8700000000000002,0.9603975026783406,0.5781865089073238,0.7218180808529543
16,Ether,0.8800000000000002,0.9614805084418344,0.5534773035607055,0.7025378991051012
16,Ether,0.8900000000000002,0.9628908626353571,0.5280341614216133,0.6820453892559609
16,Ether,0.9000000000000002,0.9637075942827622,0.4978537908947357,0.6565382528486163
16,Ether,0.9100000000000003,0.9654357596256313,0.46342548317505505,0.6262435007363327
16,Ether,0.9200000000000003,0.9676455696202532,0.4250383648777884,0.5906386661103642
16,Ether,0.9300000000000002,0.9689119170984456,0.3784667393189956,0.5443175638934203
16,Ether,0.9400000000000002,0.9696239796601097,0.3223094544403176,0.4838004306531573
16,Ether,0.9500000000000002,0.9714285714285714,0.2548317505504526,0.4037492512068783
17,Haloalkane,0.05,0.46241865031910473,1.0,0.6324025616306294
17,Haloalkane,0.060000000000000005,0.46241865031910473,1.0,0.6324025616306294
17,Haloalkane,0.07,0.46245357839743184,1.0,0.6324352242403375
17,Haloalkane,0.08000000000000002,0.4626031106353504,0.9999455560092555,0.6325641467194765
17,Haloalkane,0.09000000000000001,0.46298817537755593,0.9997822240370219,0.6328913243897606
17,Haloalkane,0.1,0.46392872938649143,0.9994011161018103,0.6336929317338397
17,Haloalkane,0.11000000000000001,0.4657476866836754,0.998856676194365,0.6352776190723524
17,Haloalkane,0.12000000000000001,0.4685466654735577,0.9977677963794747,0.637654181381674
17,Haloalkane,0.13,0.47171318848423927,0.9964339186062339,0.6403050737757253
17,Haloalkane,0.14,0.4751274183482421,0.994773376888526,0.6430966061576636
17,Haloalkane,0.15000000000000002,0.4791130261152856,0.9928406152170954,0.6463286047191629
17,Haloalkane,0.16000000000000003,0.4829325933695349,0.9901728596706139,0.6492226962000464
17,Haloalkane,0.17000000000000004,0.4867080878702076,0.9873145501565265,0.6520035234688191
17,Haloalkane,0.18000000000000005,0.4907260417090677,0.9845379066285559,0.6549856930711
17,Haloalkane,0.19,0.4949923752215307,0.9808084932625561,0.6579379861948066
17,Haloalkane,0.2,0.4994017973901672,0.9772151898734177,0.6610015006858964
17,Haloalkane,0.21000000000000002,0.504213285235183,0.9740574384102355,0.6644692249839834
17,Haloalkane,0.22000000000000003,0.5092768485852628,0.9706274669933306,0.6680406190279912
17,Haloalkane,0.23000000000000004,0.5145010508007827,0.9663263917245134,0.6714839685992623
17,Haloalkane,0.24000000000000005,0.5201460885956645,0.961480876548251,0.6750829040797408
17,Haloalkane,0.25000000000000006,0.526404098814999,0.9565264733904996,0.6790870262644222
17,Haloalkane,0.26000000000000006,0.5330577882166334,0.9514359602558867,0.683290649254169
17,Haloalkane,0.27,0.5396337201174333,0.9456921192323398,0.6871587942084025
17,Haloalkane,0.28,0.5468249690898139,0.9390771743568803,0.6911772072008896
17,Haloalkane,0.29000000000000004,0.5543751113414417,0.9318361235878589,0.6951727219187263
17,Haloalkane,0.30000000000000004,0.5625745922291473,0.9238873009391588,0.6993189990006491
17,Haloalkane,0.31000000000000005,0.5696451257728466,0.915448482373758,0.7022867286206537
17,Haloalkane,0.32000000000000006,0.577441340200822,0.9064107799101674,0.7054598614377423
17,Haloalkane,0.33,0.5848939159508438,0.8952769838029128,0.7075427047028957
17,Haloalkane,0.34,0.5926196032672112,0.8848237375799646,0.7098260594215083
17,Haloalkane,0.35000000000000003,0.600228173861001,0.8736354974819655,0.7115727858275224
17,Haloalkane,0.36000000000000004,0.6086847968041792,0.8627466993330611,0.7137821920430616
17,Haloalkane,0.37000000000000005,0.6170754828771181,0.8505512454062882,0.7152422483947396
17,Haloalkane,0.38000000000000006,0.6266815915335301,0.8382196815026541,0.7171771282170724
17,Haloalkane,0.39000000000000007,0.6356415307876095,0.8256158976452974,0.7182796717545501
17,Haloalkane,0.4000000000000001,0.6441479370425546,0.8121682319314005,0.7184655396618985
17,Haloalkane,0.4100000000000001,0.6526761819803747,0.7966789165645842,0.7175237511492492
17,Haloalkane,0.42000000000000004,0.6623430576070901,0.78121682319314,0.716885452705994
17,Haloalkane,0.43000000000000005,0.6725995651862293,0.766380835715258,0.7164342426710097
17,Haloalkane,0.44000000000000006,0.6811095714144314,0.7492854226214781,0.7135727896094469
17,Haloalkane,0.45000000000000007,0.690750185816439,0.7336599972778005,0.7115587707255254
17,Haloalkane,0.4600000000000001,0.7011497311971043,0.7171634680822104,0.7090661965576175
17,Haloalkane,0.4700000000000001,0.7115687194633836,0.7017285967061385,0.7066144020174886
17,Haloalkane,0.4800000000000001,0.7218626858802888,0.683190417857629,0.7019943498083969
17,Haloalkane,0.49000000000000005,0.7326762335600228,0.6657411188240098,0.6976067547137519
17,Haloalkane,0.5000000000000001,0.7422050386630082,0.6479923778412958,0.6919063467379772
17,Haloalkane,0.5100000000000001,0.7530140110785272,0.6291003130529468,0.6855024100852799
17,Haloalkane,0.5200000000000001,0.7628401882545529,0.6089015924867293,0.677233298514919
17,Haloalkane,0.5300000000000001,0.7719598204744603,0.5899550837076357,0.6687960005554784
17,Haloalkane,0.5400000000000001,0.7823768505052765,0.5711446849054036,0.6602781973816717
17,Haloalkane,0.5500000000000002,0.7921201482348352,0.5527698380291275,0.6511463844797178
17,Haloalkane,0.5600000000000002,0.8019351400106597,0.532462229481421,0.639989529823643
17,Haloalkane,0.5700000000000002,0.8107922323423269,0.5137334966653055,0.6289513589175317
17,Haloalkane,0.5800000000000002,0.820857181486322,0.495821423710358,0.6182200801031837
17,Haloalkane,0.5900000000000002,0.8313561734839138,0.476929358922009,0.6061339929768721
17,Haloalkane,0.6000000000000002,0.8414817036592681,0.4582278481012658,0.5933484904562999
17,Haloalkane,0.6100000000000001,0.8517579980994615,0.43919967333605553,0.5795570882051835
17,Haloalkane,0.6200000000000001,0.8591909313180707,0.4209064924458963,0.5650179971131534
17,Haloalkane,0.6300000000000001,0.8671426899215732,0.40332108343541584,0.5505657642927482
17,Haloalkane,0.6400000000000001,0.87537147102526,0.3848917925683953,0.5346871631970049
17,Haloalkane,0.6500000000000001,0.8842720231062098,0.36670749965972504,0.5184244453424157
17,Haloalkane,0.6600000000000001,0.8903739612188366,0.34999319450115696,0.5024719101123596
17,Haloalkane,0.6700000000000002,0.8977699271362332,0.3320538995508371,0.48479790151424823
17,Haloalkane,0.6800000000000002,0.9060350218886805,0.3155029263645025,0.4680275405334464
17,Haloalkane,0.6900000000000002,0.91125,0.2976725193956717,0.4487534626038781
17,Haloalkane,0.7000000000000002,0.9161192969998225,0.2809582142371036,0.4300327076519239
17,Haloalkane,0.7100000000000002,0.9211350479263547,0.2642166870831632,0.41064477915044845
17,Haloalkane,0.7200000000000002,0.9270769855778996,0.24848237375799645,0.39191945213713747
17,Haloalkane,0.7300000000000002,0.9299653078924545,0.23351027630325302,0.37328923605822584
17,Haloalkane,0.7400000000000002,0.9333801662568786,0.217013747107663,0.3521512501104338
17,Haloalkane,0.7500000000000002,0.9365520728008089,0.20171498570845242,0.33193719622819
17,Haloalkane,0.7600000000000002,0.9391660970608339,0.1870151082074316,0.3119182746878547
17,Haloalkane,0.7700000000000002,0.9411243913235945,0.1736218864842793,0.29316050744622174
17,Haloalkane,0.7800000000000001,0.943593875906527,0.1593847829045869,0.2727061015370284
17,Haloalkane,0.7900000000000001,0.945808488249737,0.1468082210426024,0.25416499752574406
17,Haloalkane,0.8000000000000002,0.9487377143958373,0.13401388321763985,0.23485354450911172
17,Haloalkane,0.8100000000000002,0.9493373236425823,0.12089288144821016,0.2144737159829039
17,Haloalkane,0.8200000000000002,0.9506941120153183,0.10812576561861985,0.19416811282477453
17,Haloalkane,0.8300000000000002,0.9542518837459634,0.09652919559003675,0.1753232305752639
17,Haloalkane,0.8400000000000002,0.9580140974563285,0.08509595753368722,0.15630781539076954
17,Haloalkane,0.8500000000000002,0.95746962115797,0.07292772560228665,0.135532340070321
17,Haloalkane,0.8600000000000002,0.9577989242863053,0.06301891928678371,0.11825704944830405
17,Haloalkane,0.8700000000000002,0.9622178606476938,0.053382332925003405,0.10115286410646585
17,Haloalkane,0.8800000000000002,0.9655172413793104,0.04344630461412822,0.08315098468271334
17,Haloalkane,0.8900000000000002,0.963984674329502,0.03424527017830407,0.06614090431125132
17,Haloalkane,0.9000000000000002,0.9630369630369631,0.026242003538859398,0.05109179563281747
17,Haloalkane,0.9100000000000003,0.96875,0.019409282700421943,0.03805609671479277
17,Haloalkane,0.9200000000000003,0.9627450980392157,0.013365999727780046,0.02636595516176668
17,Haloalkane,0.9300000000000002,0.9625850340136054,0.007703824690349802,0.015285316913770289
17,Haloalkane,0.9400000000000002,0.9651162790697675,0.00451885123179529,0.008995583493646191
17,Haloalkane,0.9500000000000002,0.975,0.0021233156390363414,0.004237403232378107
18,Hydrazine,0.05,0.42545871559633025,0.3942614240170032,0.4092664092664093
18,Hydrazine,0.060000000000000005,0.5401929260450161,0.357066950053135,0.42994241842610365
18,Hydrazine,0.07,0.6396588486140725,0.3188097768331562,0.425531914893617
18,Hydrazine,0.08000000000000002,0.7212276214833759,0.29968119022316686,0.42342342342342343
18,Hydrazine,0.09000000000000001,0.7729885057471264,0.2858660998937301,0.417377812257564
18,Hydrazine,0.1,0.8083067092651757,0.2688629117959617,0.40350877192982454
18,Hydrazine,0.11000000000000001,0.8361774744027304,0.2603613177470776,0.39708265802269044
18,Hydrazine,0.12000000000000001,0.855072463768116,0.2507970244420829,0.38783894823336074
18,Hydrazine,0.13,0.8692307692307693,0.24017003188097769,0.37635303913405493
18,Hydrazine,0.14,0.8825910931174089,0.2316684378320935,0.367003367003367
18,Hydrazine,0.15000000000000002,0.8833333333333333,0.2252922422954304,0.3590177815410669
18,Hydrazine,0.16000000000000003,0.8947368421052632,0.21679064824654623,0.34901625320787
18,Hydrazine,0.17000000000000004,0.8968609865470852,0.21253985122210414,0.3436426116838488
18,Hydrazine,0.18000000000000005,0.9069767441860465,0.20722635494155153,0.3373702422145329
18,Hydrazine,0.19,0.9234449760765551,0.2051009564293305,0.3356521739130435
18,Hydrazine,0.2,0.926829268292683,0.20191285866099895,0.33158813263525305
18,Hydrazine,0.21000000000000002,0.9285714285714286,0.19341126461211477,0.3201407211961302
18,Hydrazine,0.22000000000000003,0.9322916666666666,0.1902231668437832,0.3159752868490733
18,Hydrazine,0.23000000000000004,0.9361702127659575,0.18703506907545164,0.31178033658104515
18,Hydrazine,0.24000000000000005,0.9385474860335196,0.1785334750265675,0.3
18,Hydrazine,0.25000000000000006,0.9438202247191011,0.1785334750265675,0.3002680965147453
18,Hydrazine,0.26000000000000006,0.9473684210526315,0.17215727948990436,0.29136690647482016
18,Hydrazine,0.27,0.9464285714285714,0.1689691817215728,0.2867448151487827
18,Hydrazine,0.28,0.9451219512195121,0.1647183846971307,0.28054298642533937
18,Hydrazine,0.29000000000000004,0.9444444444444444,0.16259298618490967,0.2774252039891206
18,Hydrazine,0.30000000000000004,0.94375,0.16046758767268862,0.2742960944595822
18,Hydrazine,0.31000000000000005,0.9487179487179487,0.15727948990435706,0.2698268003646308
18,Hydrazine,0.32000000000000006,0.9533333333333334,0.15196599362380447,0.2621448212648946
18,Hydrazine,0.33,0.9513888888888888,0.14558979808714134,0.25253456221198156
18,Hydrazine,0.34,0.9507042253521126,0.1434643995749203,0.24930747922437674
18,Hydrazine,0.35000000000000003,0.9574468085106383,0.1434643995749203,0.24953789279112754
18,Hydrazine,0.36000000000000004,0.9571428571428572,0.14240170031880978,0.2479185938945421
18,Hydrazine,0.37000000000000005,0.9565217391304348,0.14027630180658873,0.24467099165894346
18,Hydrazine,0.38000000000000006,0.9558823529411765,0.1381509032943677,0.2414113277623027
18,Hydrazine,0.39000000000000007,0.9626865671641791,0.13708820403825717,0.24
18,Hydrazine,0.4000000000000001,0.9624060150375939,0.13602550478214664,0.2383612662942272
18,Hydrazine,0.4100000000000001,0.9692307692307692,0.1339001062699256,0.23529411764705882
18,Hydrazine,0.42000000000000004,0.9689922480620154,0.13283740701381508,0.2336448598130841
18,Hydrazine,0.43000000000000005,0.968503937007874,0.13071200850159406,0.2303370786516854
18,Hydrazine,0.44000000000000006,0.9761904761904762,0.13071200850159406,0.23055295220243674
18,Hydrazine,0.45000000000000007,0.976,0.12964930924548354,0.22889305816135083
18,Hydrazine,0.4600000000000001,0.9758064516129032,0.12858660998937302,0.2272300469483568
18,Hydrazine,0.4700000000000001,0.975609756097561,0.1275239107332625,0.22556390977443608
18,Hydrazine,0.4800000000000001,0.975,0.12433581296493093,0.22054665409990576
18,Hydrazine,0.49000000000000005,0.9829059829059829,0.12221041445270989,0.21739130434782608
18,Hydrazine,0.5000000000000001,0.9827586206896551,0.12114771519659936,0.21570482497634816
18,Hydrazine,0.5100000000000001,0.9827586206896551,0.12114771519659936,0.21570482497634816
18,Hydrazine,0.5200000000000001,0.9821428571428571,0.11689691817215728,0.20892687559354226
18,Hydrazine,0.5300000000000001,0.981651376146789,0.11370882040382571,0.2038095238095238
18,Hydrazine,0.5400000000000001,0.9904761904761905,0.11052072263549416,0.1988527724665392
18,Hydrazine,0.5500000000000002,0.9900990099009901,0.10626992561105207,0.19193857965451055
18,Hydrazine,0.5600000000000002,0.99,0.10520722635494155,0.19020172910662825
18,Hydrazine,0.5700000000000002,0.9897959183673469,0.1030818278427205,0.1867179980750722
18,Hydrazine,0.5800000000000002,0.9895833333333334,0.10095642933049948,0.18322082931533268
18,Hydrazine,0.5900000000000002,0.9895833333333334,0.10095642933049948,0.18322082931533268
18,Hydrazine,0.6000000000000002,0.989247311827957,0.09776833156216791,0.17794970986460348
18,Hydrazine,0.6100000000000001,0.9887640449438202,0.09351753453772582,0.170873786407767
18,Hydrazine,0.6200000000000001,0.9885057471264368,0.09139213602550478,0.16731517509727625
18,Hydrazine,0.6300000000000001,0.9880952380952381,0.08820403825717323,0.16195121951219513
18,Hydrazine,0.6400000000000001,0.9873417721518988,0.08289054197662062,0.15294117647058825
18,Hydrazine,0.6500000000000001,0.987012987012987,0.08076514346439957,0.14931237721021612
18,Hydrazine,0.6600000000000001,0.9861111111111112,0.07545164718384698,0.140177690029615
18,Hydrazine,0.6700000000000002,0.9859154929577465,0.07438894792773645,0.1383399209486166
18,Hydrazine,0.6800000000000002,0.9850746268656716,0.07013815090329437,0.13095238095238096
18,Hydrazine,0.6900000000000002,0.9850746268656716,0.07013815090329437,0.13095238095238096
18,Hydrazine,0.7000000000000002,0.9850746268656716,0.07013815090329437,0.13095238095238096
18,Hydrazine,0.7100000000000002,0.984375,0.0669500531349628,0.1253731343283582
18,Hydrazine,0.7200000000000002,0.9833333333333333,0.06269925611052073,0.11788211788211789
18,Hydrazine,0.7300000000000002,0.9827586206896551,0.06057385759829968,0.11411411411411411
18,Hydrazine,0.7400000000000002,0.9824561403508771,0.05951115834218916,0.11222444889779559
18,Hydrazine,0.7500000000000002,0.9818181818181818,0.057385759829968117,0.10843373493975904
18,Hydrazine,0.7600000000000002,0.9814814814814815,0.0563230605738576,0.10653266331658291
18,Hydrazine,0.7700000000000002,0.9803921568627451,0.053134962805526036,0.10080645161290322
18,Hydrazine,0.7800000000000001,0.9795918367346939,0.05100956429330499,0.09696969696969697
18,Hydrazine,0.7900000000000001,0.9782608695652174,0.04782146652497343,0.0911854103343465
18,Hydrazine,0.8000000000000002,0.9767441860465116,0.044633368756641874,0.08536585365853659
18,Hydrazine,0.8100000000000002,0.975609756097561,0.04250797024442083,0.0814663951120163
18,Hydrazine,0.8200000000000002,0.9714285714285714,0.036131774707757705,0.06967213114754098
18,Hydrazine,0.8300000000000002,0.967741935483871,0.031880977683315624,0.06172839506172839
18,Hydrazine,0.8400000000000002,0.9655172413793104,0.02975557917109458,0.0577319587628866
18,Hydrazine,0.8500000000000002,0.9629629629629629,0.02763018065887354,0.05371900826446281
18,Hydrazine,0.8600000000000002,0.96,0.025504782146652496,0.049689440993788817
18,Hydrazine,0.8700000000000002,0.9523809523809523,0.021253985122210415,0.04158004158004158
18,Hydrazine,0.8800000000000002,0.95,0.020191285866099893,0.03954214360041623
18,Hydrazine,0.8900000000000002,0.9333333333333333,0.01487778958554729,0.029288702928870293
18,Hydrazine,0.9000000000000002,0.9285714285714286,0.01381509032943677,0.027225130890052355
18,Hydrazine,0.9100000000000003,0.9285714285714286,0.01381509032943677,0.027225130890052355
18,Hydrazine,0.9200000000000003,1.0,0.009564293304994687,0.018947368421052633
18,Hydrazine,0.9300000000000002,1.0,0.006376195536663124,0.012671594508975714
18,Hydrazine,0.9400000000000002,1.0,0.003188097768331562,0.006355932203389831
18,Hydrazine,0.9500000000000002,0.0,0.0,0.0
19,Hydrazone,0.05,0.7303664921465969,0.4802065404475043,0.5794392523364486
19,Hydrazone,0.060000000000000005,0.7833827893175074,0.45438898450946646,0.5751633986928104
19,Hydrazone,0.07,0.8184818481848185,0.4268502581755594,0.5610859728506787
19,Hydrazone,0.08000000000000002,0.8576512455516014,0.41480206540447506,0.5591647331786543
19,Hydrazone,0.09000000000000001,0.8740458015267175,0.39414802065404475,0.5432977461447213
19,Hydrazone,0.1,0.892,0.3838209982788296,0.5367027677496992
19,Hydrazone,0.11000000000000001,0.9033613445378151,0.37005163511187605,0.525030525030525
19,Hydrazone,0.12000000000000001,0.9082969432314411,0.35800344234079173,0.5135802469135803
19,Hydrazone,0.13,0.9144144144144144,0.3493975903614458,0.5056039850560399
19,Hydrazone,0.14,0.91324200913242,0.3442340791738382,0.5
19,Hydrazone,0.15000000000000002,0.9112149532710281,0.33562822719449226,0.49056603773584906
19,Hydrazone,0.16000000000000003,0.9095238095238095,0.3287435456110155,0.4829329962073325
19,Hydrazone,0.17000000000000004,0.9203980099502488,0.31841652323580033,0.4731457800511509
19,Hydrazone,0.18000000000000005,0.9175257731958762,0.306368330464716,0.4593548387096774
19,Hydrazone,0.19,0.9162303664921466,0.30120481927710846,0.4533678756476684
19,Hydrazone,0.2,0.9157894736842105,0.29948364888123924,0.45136186770428016
19,Hydrazone,0.21000000000000002,0.9135135135135135,0.2908777969018933,0.4412532637075718
19,Hydrazone,0.22000000000000003,0.9111111111111111,0.2822719449225473,0.43101182654402104
19,Hydrazone,0.23000000000000004,0.9147727272727273,0.27710843373493976,0.42536327608982827
19,Hydrazone,0.24000000000000005,0.9186046511627907,0.2719449225473322,0.4196547144754316
19,Hydrazone,0.25000000000000006,0.9166666666666666,0.26506024096385544,0.411214953271028
19,Hydrazone,0.26000000000000006,0.9161676646706587,0.2633390705679862,0.4090909090909091
19,Hydrazone,0.27,0.9161676646706587,0.2633390705679862,0.4090909090909091
19,Hydrazone,0.28,0.9207317073170732,0.25989672977624784,0.4053691275167785
19,Hydrazone,0.29000000000000004,0.91875,0.25301204819277107,0.3967611336032389
19,Hydrazone,0.30000000000000004,0.9182389937106918,0.2512908777969019,0.3945945945945946
19,Hydrazone,0.31000000000000005,0.9166666666666666,0.24612736660929432,0.3880597014925373
19,Hydrazone,0.32000000000000006,0.92,0.23752151462994836,0.37756497948016415
19,Hydrazone,0.33,0.9315068493150684,0.23407917383820998,0.3741403026134801
19,Hydrazone,0.34,0.9361702127659575,0.22719449225473323,0.3656509695290859
19,Hydrazone,0.35000000000000003,0.9361702127659575,0.22719449225473323,0.3656509695290859
19,Hydrazone,0.36000000000000004,0.935251798561151,0.22375215146299485,0.3611111111111111
19,Hydrazone,0.37000000000000005,0.9411764705882353,0.22030981067125646,0.35704323570432356
19,Hydrazone,0.38000000000000006,0.9411764705882353,0.22030981067125646,0.35704323570432356
19,Hydrazone,0.39000000000000007,0.9407407407407408,0.21858864027538727,0.3547486033519553
19,Hydrazone,0.4000000000000001,0.9402985074626866,0.21686746987951808,0.35244755244755244
19,Hydrazone,0.4100000000000001,0.9393939393939394,0.2134251290877797,0.34782608695652173
19,Hydrazone,0.42000000000000004,0.9384615384615385,0.2099827882960413,0.3431786216596343
19,Hydrazone,0.43000000000000005,0.9365079365079365,0.20309810671256454,0.3338048090523338
19,Hydrazone,0.44000000000000006,0.936,0.20137693631669534,0.3314447592067989
19,Hydrazone,0.45000000000000007,0.9426229508196722,0.19793459552495696,0.32716927453769556
19,Hydrazone,0.4600000000000001,0.9426229508196722,0.19793459552495696,0.32716927453769556
19,Hydrazone,0.4700000000000001,0.9426229508196722,0.19793459552495696,0.32716927453769556
19,Hydrazone,0.4800000000000001,0.940677966101695,0.19104991394148021,0.31759656652360513
19,Hydrazone,0.49000000000000005,0.9396551724137931,0.18760757314974183,0.3127690100430416
19,Hydrazone,0.5000000000000001,0.9469026548672567,0.18416523235800344,0.30835734870317005
19,Hydrazone,0.5100000000000001,0.9454545454545454,0.17900172117039587,0.30101302460202606
19,Hydrazone,0.5200000000000001,0.9444444444444444,0.17555938037865748,0.2960812772133527
19,Hydrazone,0.5300000000000001,0.9428571428571428,0.1703958691910499,0.2886297376093295
19,Hydrazone,0.5400000000000001,0.9423076923076923,0.1686746987951807,0.28613138686131384
19,Hydrazone,0.5500000000000002,0.941747572815534,0.16695352839931152,0.28362573099415206
19,Hydrazone,0.5600000000000002,0.941747572815534,0.16695352839931152,0.28362573099415206
19,Hydrazone,0.5700000000000002,0.9489795918367347,0.16006884681583478,0.27393225331369664
19,Hydrazone,0.5800000000000002,0.9479166666666666,0.1566265060240964,0.2688330871491876
19,Hydrazone,0.5900000000000002,0.946236559139785,0.1514629948364888,0.26112759643916916
19,Hydrazone,0.6000000000000002,0.945054945054945,0.14802065404475043,0.25595238095238093
19,Hydrazone,0.6100000000000001,0.9534883720930233,0.14113597246127366,0.24587706146926536
19,Hydrazone,0.6200000000000001,0.9647058823529412,0.14113597246127366,0.24624624624624625
19,Hydrazone,0.6300000000000001,0.9647058823529412,0.14113597246127366,0.24624624624624625
19,Hydrazone,0.6400000000000001,0.9642857142857143,0.13941480206540446,0.24360902255639097
19,Hydrazone,0.6500000000000001,0.9634146341463414,0.1359724612736661,0.2383107088989442
19,Hydrazone,0.6600000000000001,0.9615384615384616,0.12908777969018934,0.2276176024279211
19,Hydrazone,0.6700000000000002,0.9615384615384616,0.12908777969018934,0.2276176024279211
19,Hydrazone,0.6800000000000002,0.9605263157894737,0.12564543889845095,0.2222222222222222
19,Hydrazone,0.6900000000000002,0.96,0.12392426850258176,0.21951219512195122
19,Hydrazone,0.7000000000000002,0.9861111111111112,0.12220309810671257,0.21745788667687596
19,Hydrazone,0.7100000000000002,1.0,0.11876075731497418,0.2123076923076923
19,Hydrazone,0.7200000000000002,1.0,0.11703958691910499,0.20955315870570107
19,Hydrazone,0.7300000000000002,1.0,0.11015490533562823,0.19844961240310077
19,Hydrazone,0.7400000000000002,1.0,0.10154905335628227,0.184375
19,Hydrazone,0.7500000000000002,1.0,0.0963855421686747,0.17582417582417584
19,Hydrazone,0.7600000000000002,1.0,0.09122203098106713,0.167192429022082
19,Hydrazone,0.7700000000000002,1.0,0.08433734939759036,0.15555555555555556
19,Hydrazone,0.7800000000000001,1.0,0.0774526678141136,0.14376996805111822
19,Hydrazone,0.7900000000000001,1.0,0.0757314974182444,0.1408
19,Hydrazone,0.8000000000000002,1.0,0.06884681583476764,0.1288244766505636
19,Hydrazone,0.8100000000000002,1.0,0.060240963855421686,0.11363636363636363
19,Hydrazone,0.8200000000000002,1.0,0.058519793459552494,0.11056910569105691
19,Hydrazone,0.8300000000000002,1.0,0.04647160068846816,0.08881578947368421
19,Hydrazone,0.8400000000000002,1.0,0.043029259896729774,0.08250825082508251
19,Hydrazone,0.8500000000000002,1.0,0.039586919104991396,0.076158940397351
19,Hydrazone,0.8600000000000002,1.0,0.03098106712564544,0.06010016694490818
19,Hydrazone,0.8700000000000002,1.0,0.022375215146299483,0.04377104377104377
19,Hydrazone,0.8800000000000002,1.0,0.020654044750430294,0.04047217537942664
19,Hydrazone,0.8900000000000002,1.0,0.01721170395869191,0.0338409475465313
19,Hydrazone,0.9000000000000002,1.0,0.01549053356282272,0.030508474576271188
19,Hydrazone,0.9100000000000003,1.0,0.010327022375215147,0.020442930153321975
19,Hydrazone,0.9200000000000003,1.0,0.010327022375215147,0.020442930153321975
19,Hydrazone,0.9300000000000002,1.0,0.008605851979345954,0.017064846416382253
19,Hydrazone,0.9400000000000002,1.0,0.0068846815834767644,0.013675213675213675
19,Hydrazone,0.9500000000000002,1.0,0.0051635111876075735,0.010273972602739725
20,Imide,0.05,0.325626204238921,0.7939597315436242,0.46183876634784304
20,Imide,0.060000000000000005,0.3916298060564818,0.77248322147651,0.5197561526303907
20,Imide,0.07,0.4518459069020867,0.7557046979865771,0.5655449522852838
20,Imide,0.08000000000000002,0.5080831408775982,0.738255033557047,0.6019151846785226
20,Imide,0.09000000000000001,0.5545738045738046,0.7161073825503356,0.6250732278851787
20,Imide,0.1,0.6010362694300518,0.7006711409395974,0.6470405949798574
20,Imide,0.11000000000000001,0.6382445141065831,0.6832214765100671,0.659967585089141
20,Imide,0.12000000000000001,0.67003367003367,0.6677852348993288,0.66890756302521
20,Imide,0.13,0.690947666195191,0.6557046979865772,0.6728650137741047
20,Imide,0.14,0.7166416791604198,0.6416107382550336,0.6770538243626062
20,Imide,0.15000000000000002,0.7419354838709677,0.6328859060402685,0.6830858384643245
20,Imide,0.16000000000000003,0.7712854757929883,0.6201342281879194,0.6875
20,Imide,0.17000000000000004,0.7865168539325843,0.610738255033557,0.6875708349074424
20,Imide,0.18000000000000005,0.8014247551202137,0.6040268456375839,0.6888633754305397
20,Imide,0.19,0.815018315018315,0.5973154362416108,0.6893880712625872
20,Imide,0.2,0.828436018957346,0.5865771812080537,0.6868369351669941
20,Imide,0.21000000000000002,0.8357487922705314,0.5805369127516778,0.6851485148514852
20,Imide,0.22000000000000003,0.8453201970443349,0.5758389261744966,0.6850299401197605
20,Imide,0.23000000000000004,0.8525576730190572,0.5704697986577181,0.6835544833132288
20,Imide,0.24000000000000005,0.8568507157464212,0.5624161073825503,0.6790923824959482
20,Imide,0.25000000000000006,0.8637316561844863,0.553020134228188,0.67430441898527
20,Imide,0.26000000000000006,0.8680257510729614,0.5429530201342282,0.6680429397192403
20,Imide,0.27,0.8721560130010835,0.540268456375839,0.6672192291753004
20,Imide,0.28,0.8739035087719298,0.5348993288590604,0.6636136552872606
20,Imide,0.29000000000000004,0.8741648106904232,0.5268456375838926,0.6574539363484088
20,Imide,0.30000000000000004,0.8768361581920904,0.5208053691275167,0.6534736842105263
20,Imide,0.31000000000000005,0.8807339449541285,0.5154362416107383,0.6502963590177815
20,Imide,0.32000000000000006,0.8819444444444444,0.5114093959731544,0.6474086661002549
20,Imide,0.33,0.8842975206611571,0.5026845637583892,0.6409927257167308
20,Imide,0.34,0.8854415274463007,0.49798657718120803,0.6374570446735395
20,Imide,0.35000000000000003,0.8909090909090909,0.49328859060402686,0.6349892008639308
20,Imide,0.36000000000000004,0.8964241676942046,0.4879194630872483,0.6318991742720557
20,Imide,0.37000000000000005,0.8971141781681304,0.4798657718120805,0.6252732837778749
20,Imide,0.38000000000000006,0.9008894536213469,0.47583892617449663,0.6227492314448836
20,Imide,0.39000000000000007,0.9010282776349614,0.4704697986577181,0.6181657848324515
20,Imide,0.4000000000000001,0.90234375,0.4651006711409396,0.6138175376439327
20,Imide,0.4100000000000001,0.9039473684210526,0.4610738255033557,0.6106666666666667
20,Imide,0.42000000000000004,0.9053333333333333,0.4557046979865772,0.60625
20,Imide,0.43000000000000005,0.9046979865771813,0.45234899328859063,0.6031319910514541
20,Imide,0.44000000000000006,0.9045020463847203,0.4449664429530201,0.5964912280701754
20,Imide,0.45000000000000007,0.9035812672176309,0.44026845637583895,0.592057761732852
20,Imide,0.4600000000000001,0.9033613445378151,0.43288590604026844,0.5852994555353902
20,Imide,0.4700000000000001,0.9049645390070922,0.42818791946308726,0.5813211845102506
20,Imide,0.4800000000000001,0.9047619047619048,0.42080536912751676,0.5744388456252864
20,Imide,0.49000000000000005,0.9033674963396779,0.4140939597315436,0.567878508973769
20,Imide,0.5000000000000001,0.9044776119402985,0.40671140939597317,0.5611111111111111
20,Imide,0.5100000000000001,0.9057750759878419,0.4,0.5549348230912476
20,Imide,0.5200000000000001,0.9049079754601227,0.3959731543624161,0.5508870214752568
20,Imide,0.5300000000000001,0.9055727554179567,0.3926174496644295,0.547752808988764
20,Imide,0.5400000000000001,0.9072327044025157,0.387248322147651,0.5428033866415805
20,Imide,0.5500000000000002,0.9059011164274322,0.3812080536912752,0.5366084081247048
20,Imide,0.5600000000000002,0.9056,0.37986577181208053,0.5352245862884161
20,Imide,0.5700000000000002,0.9043760129659644,0.374496644295302,0.5296630280018985
20,Imide,0.5800000000000002,0.9046052631578947,0.3691275167785235,0.5243088655862727
20,Imide,0.5900000000000002,0.9036544850498339,0.3651006711409396,0.5200764818355641
20,Imide,0.6000000000000002,0.9038785834738617,0.3597315436241611,0.514642342774844
20,Imide,0.6100000000000001,0.9041095890410958,0.35436241610738256,0.5091610414657667
20,Imide,0.6200000000000001,0.9022687609075044,0.34697986577181206,0.5012118274357732
20,Imide,0.6300000000000001,0.900355871886121,0.3395973154362416,0.49317738791423
20,Imide,0.6400000000000001,0.903107861060329,0.3315436241610738,0.485027000490918
20,Imide,0.6500000000000001,0.9033457249070632,0.3261744966442953,0.47928994082840237
20,Imide,0.6600000000000001,0.9060150375939849,0.32348993288590605,0.47675568743818003
20,Imide,0.6700000000000002,0.9057692307692308,0.31610738255033555,0.46865671641791046
20,Imide,0.6800000000000002,0.902970297029703,0.30604026845637583,0.45714285714285713
20,Imide,0.6900000000000002,0.9048582995951417,0.3,0.45060483870967744
20,Imide,0.7000000000000002,0.9111570247933884,0.2959731543624161,0.44680851063829785
20,Imide,0.7100000000000002,0.913135593220339,0.28926174496644297,0.43934760448521915
20,Imide,0.7200000000000002,0.9106753812636166,0.28053691275167786,0.4289379168804515
20,Imide,0.7300000000000002,0.9131403118040089,0.2751677852348993,0.4228984012377514
20,Imide,0.7400000000000002,0.9153318077803204,0.2684563758389262,0.4151530877010898
20,Imide,0.7500000000000002,0.919431279620853,0.26040268456375837,0.40585774058577406
20,Imide,0.7600000000000002,0.9236453201970444,0.2516778523489933,0.39556962025316456
20,Imide,0.7700000000000002,0.9215189873417722,0.2442953020134228,0.38620689655172413
20,Imide,0.7800000000000001,0.927461139896373,0.24026845637583893,0.3816631130063966
20,Imide,0.7900000000000001,0.9276139410187667,0.23221476510067113,0.3714439076757917
20,Imide,0.8000000000000002,0.9301675977653632,0.22348993288590605,0.36038961038961037
20,Imide,0.8100000000000002,0.927536231884058,0.21476510067114093,0.34877384196185285
20,Imide,0.8200000000000002,0.924924924924925,0.20671140939597316,0.337904552934723
20,Imide,0.8300000000000002,0.9240506329113924,0.1959731543624161,0.3233665559246955
20,Imide,0.8400000000000002,0.9238410596026491,0.187248322147651,0.31138392857142855
20,Imide,0.8500000000000002,0.9230769230769231,0.17718120805369128,0.2972972972972973
20,Imide,0.8600000000000002,0.9213483146067416,0.1651006711409396,0.280022766078543
20,Imide,0.8700000000000002,0.934156378600823,0.1523489932885906,0.2619734564339296
20,Imide,0.8800000000000002,0.9304347826086956,0.1436241610738255,0.24883720930232558
20,Imide,0.8900000000000002,0.9323671497584541,0.12953020134228188,0.22746022392457277
20,Imide,0.9000000000000002,0.93048128342246,0.11677852348993288,0.2075134168157424
20,Imide,0.9100000000000003,0.9470588235294117,0.10805369127516778,0.19397590361445782
20,Imide,0.9200000000000003,0.9370629370629371,0.08993288590604027,0.16411512553582364
20,Imide,0.9300000000000002,0.9369369369369369,0.0697986577181208,0.12991880074953155
20,Imide,0.9400000000000002,0.975609756097561,0.053691275167785234,0.10178117048346055
20,Imide,0.9500000000000002,0.9642857142857143,0.036241610738255034,0.06985769728331177
21,Imine,0.05,0.5460893854748603,0.6452145214521452,0.5915279878971256
21,Imine,0.060000000000000005,0.6115702479338843,0.6105610561056105,0.611065235342692
21,Imine,0.07,0.6697936210131332,0.5891089108910891,0.6268656716417911
21,Imine,0.08000000000000002,0.7214137214137214,0.5726072607260726,0.6384544618215271
21,Imine,0.09000000000000001,0.7433035714285714,0.5495049504950495,0.6318785578747628
21,Imine,0.1,0.7683215130023641,0.5363036303630363,0.6316812439261419
21,Imine,0.11000000000000001,0.7930174563591023,0.5247524752475248,0.631578947368421
21,Imine,0.12000000000000001,0.8125,0.5148514851485149,0.6303030303030303
21,Imine,0.13,0.8266666666666667,0.5115511551155115,0.6320081549439348
21,Imine,0.14,0.8425414364640884,0.5033003300330033,0.6301652892561983
21,Imine,0.15000000000000002,0.8487394957983193,0.5,0.6292834890965732
21,Imine,0.16000000000000003,0.8505747126436781,0.4884488448844885,0.6205450733752621
21,Imine,0.17000000000000004,0.8588235294117647,0.48184818481848185,0.6173361522198731
21,Imine,0.18000000000000005,0.8731117824773413,0.4768976897689769,0.6168623265741728
21,Imine,0.19,0.8927444794952681,0.466996699669967,0.6132177681473456
21,Imine,0.2,0.8938906752411575,0.45874587458745875,0.6063249727371864
21,Imine,0.21000000000000002,0.8990228013029316,0.45544554455445546,0.6046002190580504
21,Imine,0.22000000000000003,0.9013157894736842,0.4521452145214521,0.6021978021978022
21,Imine,0.23000000000000004,0.9023569023569024,0.44224422442244227,0.593576965669989
21,Imine,0.24000000000000005,0.9044368600682594,0.4372937293729373,0.5895439377085651
21,Imine,0.25000000000000006,0.9128919860627178,0.43234323432343236,0.5867861142217246
21,Imine,0.26000000000000006,0.9128919860627178,0.43234323432343236,0.5867861142217246
21,Imine,0.27,0.9148936170212766,0.42574257425742573,0.581081081081081
21,Imine,0.28,0.9136690647482014,0.41914191419141916,0.5746606334841629
21,Imine,0.29000000000000004,0.9163636363636364,0.4158415841584158,0.5720771850170261
21,Imine,0.30000000000000004,0.917910447761194,0.40594059405940597,0.562929061784897
21,Imine,0.31000000000000005,0.9242424242424242,0.40264026402640263,0.5609195402298851
21,Imine,0.32000000000000006,0.9296875,0.3927392739273927,0.5522041763341067
21,Imine,0.33,0.9285714285714286,0.38613861386138615,0.5454545454545454
21,Imine,0.34,0.927710843373494,0.3811881188118812,0.5403508771929825
21,Imine,0.35000000000000003,0.927710843373494,0.3811881188118812,0.5403508771929825
21,Imine,0.36000000000000004,0.926829268292683,0.37623762376237624,0.5352112676056338
21,Imine,0.37000000000000005,0.9300411522633745,0.37293729372937295,0.5323910482921084
21,Imine,0.38000000000000006,0.9367088607594937,0.36633663366336633,0.5266903914590747
21,Imine,0.39000000000000007,0.9364406779661016,0.36468646864686466,0.5249406175771971
21,Imine,0.4000000000000001,0.9347826086956522,0.3547854785478548,0.5143540669856459
21,Imine,0.4100000000000001,0.9336283185840708,0.3481848184818482,0.5072115384615384
21,Imine,0.42000000000000004,0.9330357142857143,0.3448844884488449,0.5036144578313253
21,Imine,0.43000000000000005,0.9409090909090909,0.3415841584158416,0.5012106537530266
21,Imine,0.44000000000000006,0.9409090909090909,0.3415841584158416,0.5012106537530266
21,Imine,0.45000000000000007,0.9400921658986175,0.33663366336633666,0.4957472660996355
21,Imine,0.4600000000000001,0.9389671361502347,0.33003300330033003,0.4884004884004884
21,Imine,0.4700000000000001,0.9386792452830188,0.32838283828382836,0.48655256723716384
21,Imine,0.4800000000000001,0.9365853658536586,0.31683168316831684,0.47348951911220716
21,Imine,0.49000000000000005,0.9359605911330049,0.31353135313531355,0.46971569839307786
21,Imine,0.5000000000000001,0.9390862944162437,0.30528052805280526,0.46077210460772106
21,Imine,0.5100000000000001,0.9384615384615385,0.30198019801980197,0.45692883895131087
21,Imine,0.5200000000000001,0.93717277486911,0.2953795379537954,0.4491844416562108
21,Imine,0.5300000000000001,0.9361702127659575,0.29042904290429045,0.4433249370277078
21,Imine,0.5400000000000001,0.9354838709677419,0.2871287128712871,0.4393939393939394
21,Imine,0.5500000000000002,0.9337016574585635,0.27887788778877887,0.42947903430749684
21,Imine,0.5600000000000002,0.9329608938547486,0.2755775577557756,0.42547770700636944
21,Imine,0.5700000000000002,0.9314285714285714,0.26897689768976896,0.4174135723431498
21,Imine,0.5800000000000002,0.930635838150289,0.26567656765676567,0.41335044929396664
21,Imine,0.5900000000000002,0.9294117647058824,0.2607260726072607,0.4072164948453608
21,Imine,0.6000000000000002,0.9337349397590361,0.25577557755775576,0.4015544041450777
21,Imine,0.6100000000000001,0.9333333333333333,0.25412541254125415,0.39948119325551235
21,Imine,0.6200000000000001,0.9325153374233128,0.2508250825082508,0.3953185955786736
21,Imine,0.6300000000000001,0.9367088607594937,0.24422442244224424,0.387434554973822
21,Imine,0.6400000000000001,0.9423076923076923,0.24257425742574257,0.3858267716535433
21,Imine,0.6500000000000001,0.9407894736842105,0.23597359735973597,0.37730870712401055
21,Imine,0.6600000000000001,0.9379310344827586,0.22442244224422442,0.3621837549933422
21,Imine,0.6700000000000002,0.9375,0.22277227722772278,0.36
21,Imine,0.6800000000000002,0.9436619718309859,0.22112211221122113,0.3582887700534759
21,Imine,0.6900000000000002,0.948905109489051,0.2145214521452145,0.34993270524899056
21,Imine,0.7000000000000002,0.9545454545454546,0.2079207920792079,0.34146341463414637
21,Imine,0.7100000000000002,0.9609375,0.20297029702970298,0.335149863760218
21,Imine,0.7200000000000002,0.959349593495935,0.19471947194719472,0.32373113854595337
21,Imine,0.7300000000000002,0.9830508474576272,0.19141914191419143,0.32044198895027626
21,Imine,0.7400000000000002,0.9829059829059829,0.18976897689768976,0.318118948824343
21,Imine,0.7500000000000002,0.9821428571428571,0.18151815181518152,0.3064066852367688
21,Imine,0.7600000000000002,0.9814814814814815,0.17491749174917492,0.2969187675070028
21,Imine,0.7700000000000002,0.9813084112149533,0.17326732673267325,0.29453015427769985
21,Imine,0.7800000000000001,0.9807692307692307,0.16831683168316833,0.28732394366197184
21,Imine,0.7900000000000001,0.9801980198019802,0.16336633663366337,0.28005657708628007
21,Imine,0.8000000000000002,0.9797979797979798,0.16006600660066006,0.275177304964539
21,Imine,0.8100000000000002,0.978494623655914,0.15016501650165018,0.2603719599427754
21,Imine,0.8200000000000002,0.9770114942528736,0.14026402640264027,0.2453102453102453
21,Imine,0.8300000000000002,0.9770114942528736,0.14026402640264027,0.2453102453102453
21,Imine,0.8400000000000002,0.9746835443037974,0.12706270627062707,0.22481751824817517
21,Imine,0.8500000000000002,0.974025974025974,0.12376237623762376,0.21961932650073207
21,Imine,0.8600000000000002,0.9859154929577465,0.11551155115511551,0.206794682422452
21,Imine,0.8700000000000002,0.9841269841269841,0.10231023102310231,0.18535127055306427
21,Imine,0.8800000000000002,0.9821428571428571,0.09075907590759076,0.1661631419939577
21,Imine,0.8900000000000002,0.9791666666666666,0.07755775577557755,0.1437308868501529
21,Imine,0.9000000000000002,0.975609756097561,0.066006600660066,0.12364760432766615
21,Imine,0.9100000000000003,0.96875,0.05115511551155116,0.09717868338557993
21,Imine,0.9200000000000003,0.9615384615384616,0.041254125412541254,0.07911392405063292
21,Imine,0.9300000000000002,0.9285714285714286,0.02145214521452145,0.041935483870967745
21,Imine,0.9400000000000002,1.0,0.013201320132013201,0.026058631921824105
21,Imine,0.9500000000000002,1.0,0.00825082508250825,0.016366612111292964
22,Isocyanate,0.05,0.358695652173913,0.6875,0.4714285714285714
22,Isocyanate,0.060000000000000005,0.4513888888888889,0.6770833333333334,0.5416666666666666
22,Isocyanate,0.07,0.5079365079365079,0.6666666666666666,0.5765765765765766
22,Isocyanate,0.08000000000000002,0.5495495495495496,0.6354166666666666,0.5893719806763285
22,Isocyanate,0.09000000000000001,0.6041666666666666,0.6041666666666666,0.6041666666666666
22,Isocyanate,0.1,0.6086956521739131,0.5833333333333334,0.5957446808510638
22,Isocyanate,0.11000000000000001,0.6511627906976745,0.5833333333333334,0.6153846153846154
22,Isocyanate,0.12000000000000001,0.675,0.5625,0.6136363636363636
22,Isocyanate,0.13,0.6835443037974683,0.5625,0.6171428571428571
22,Isocyanate,0.14,0.6842105263157895,0.5416666666666666,0.6046511627906976
22,Isocyanate,0.15000000000000002,0.6944444444444444,0.5208333333333334,0.5952380952380952
22,Isocyanate,0.16000000000000003,0.7076923076923077,0.4791666666666667,0.5714285714285714
22,Isocyanate,0.17000000000000004,0.71875,0.4791666666666667,0.575
22,Isocyanate,0.18000000000000005,0.7377049180327869,0.46875,0.5732484076433121
22,Isocyanate,0.19,0.7636363636363637,0.4375,0.5562913907284768
22,Isocyanate,0.2,0.7777777777777778,0.4375,0.56
22,Isocyanate,0.21000000000000002,0.7777777777777778,0.4375,0.56
22,Isocyanate,0.22000000000000003,0.78,0.40625,0.5342465753424658
22,Isocyanate,0.23000000000000004,0.8,0.375,0.5106382978723404
22,Isocyanate,0.24000000000000005,0.8,0.375,0.5106382978723404
22,Isocyanate,0.25000000000000006,0.8,0.375,0.5106382978723404
22,Isocyanate,0.26000000000000006,0.7906976744186046,0.3541666666666667,0.4892086330935252
22,Isocyanate,0.27,0.775,0.3229166666666667,0.45588235294117646
22,Isocyanate,0.28,0.7692307692307693,0.3125,0.4444444444444444
22,Isocyanate,0.29000000000000004,0.7837837837837838,0.3020833333333333,0.43609022556390975
22,Isocyanate,0.30000000000000004,0.8235294117647058,0.2916666666666667,0.4307692307692308
22,Isocyanate,0.31000000000000005,0.8125,0.2708333333333333,0.40625
22,Isocyanate,0.32000000000000006,0.8333333333333334,0.2604166666666667,0.3968253968253968
22,Isocyanate,0.33,0.8275862068965517,0.25,0.384
22,Isocyanate,0.34,0.8076923076923077,0.21875,0.3442622950819672
22,Isocyanate,0.35000000000000003,0.7916666666666666,0.19791666666666666,0.31666666666666665
22,Isocyanate,0.36000000000000004,0.782608695652174,0.1875,0.3025210084033613
22,Isocyanate,0.37000000000000005,0.7727272727272727,0.17708333333333334,0.288135593220339
22,Isocyanate,0.38000000000000006,0.8095238095238095,0.17708333333333334,0.2905982905982906
22,Isocyanate,0.39000000000000007,0.8095238095238095,0.17708333333333334,0.2905982905982906
22,Isocyanate,0.4000000000000001,0.8095238095238095,0.17708333333333334,0.2905982905982906
22,Isocyanate,0.4100000000000001,0.7777777777777778,0.14583333333333334,0.24561403508771928
22,Isocyanate,0.42000000000000004,0.7777777777777778,0.14583333333333334,0.24561403508771928
22,Isocyanate,0.43000000000000005,0.8235294117647058,0.14583333333333334,0.24778761061946902
22,Isocyanate,0.44000000000000006,0.8125,0.13541666666666666,0.23214285714285715
22,Isocyanate,0.45000000000000007,0.8125,0.13541666666666666,0.23214285714285715
22,Isocyanate,0.4600000000000001,0.8571428571428571,0.125,0.21818181818181817
22,Isocyanate,0.4700000000000001,0.8571428571428571,0.125,0.21818181818181817
22,Isocyanate,0.4800000000000001,0.8571428571428571,0.125,0.21818181818181817
22,Isocyanate,0.49000000000000005,0.9230769230769231,0.125,0.22018348623853212
22,Isocyanate,0.5000000000000001,0.9230769230769231,0.125,0.22018348623853212
22,Isocyanate,0.5100000000000001,0.9166666666666666,0.11458333333333333,0.2037037037037037
22,Isocyanate,0.5200000000000001,0.9090909090909091,0.10416666666666667,0.18691588785046728
22,Isocyanate,0.5300000000000001,0.9,0.09375,0.16981132075471697
22,Isocyanate,0.5400000000000001,0.9,0.09375,0.16981132075471697
22,Isocyanate,0.5500000000000002,0.8888888888888888,0.08333333333333333,0.1523809523809524
22,Isocyanate,0.5600000000000002,0.8888888888888888,0.08333333333333333,0.1523809523809524
22,Isocyanate,0.5700000000000002,0.8571428571428571,0.0625,0.11650485436893204
22,Isocyanate,0.5800000000000002,0.8571428571428571,0.0625,0.11650485436893204
22,Isocyanate,0.5900000000000002,0.8571428571428571,0.0625,0.11650485436893204
22,Isocyanate,0.6000000000000002,0.8571428571428571,0.0625,0.11650485436893204
22,Isocyanate,0.6100000000000001,0.8571428571428571,0.0625,0.11650485436893204
22,Isocyanate,0.6200000000000001,0.8571428571428571,0.0625,0.11650485436893204
22,Isocyanate,0.6300000000000001,0.8,0.041666666666666664,0.07920792079207921
22,Isocyanate,0.6400000000000001,0.75,0.03125,0.06
22,Isocyanate,0.6500000000000001,0.75,0.03125,0.06
22,Isocyanate,0.6600000000000001,0.75,0.03125,0.06
22,Isocyanate,0.6700000000000002,1.0,0.020833333333333332,0.04081632653061224
22,Isocyanate,0.6800000000000002,1.0,0.020833333333333332,0.04081632653061224
22,Isocyanate,0.6900000000000002,1.0,0.020833333333333332,0.04081632653061224
22,Isocyanate,0.7000000000000002,1.0,0.020833333333333332,0.04081632653061224
22,Isocyanate,0.7100000000000002,1.0,0.020833333333333332,0.04081632653061224
22,Isocyanate,0.7200000000000002,1.0,0.020833333333333332,0.04081632653061224
22,Isocyanate,0.7300000000000002,1.0,0.020833333333333332,0.04081632653061224
22,Isocyanate,0.7400000000000002,1.0,0.010416666666666666,0.020618556701030927
22,Isocyanate,0.7500000000000002,1.0,0.010416666666666666,0.020618556701030927
22,Isocyanate,0.7600000000000002,1.0,0.010416666666666666,0.020618556701030927
22,Isocyanate,0.7700000000000002,1.0,0.010416666666666666,0.020618556701030927
22,Isocyanate,0.7800000000000001,1.0,0.010416666666666666,0.020618556701030927
22,Isocyanate,0.7900000000000001,1.0,0.010416666666666666,0.020618556701030927
22,Isocyanate,0.8000000000000002,1.0,0.010416666666666666,0.020618556701030927
22,Isocyanate,0.8100000000000002,1.0,0.010416666666666666,0.020618556701030927
22,Isocyanate,0.8200000000000002,1.0,0.010416666666666666,0.020618556701030927
22,Isocyanate,0.8300000000000002,1.0,0.010416666666666666,0.020618556701030927
22,Isocyanate,0.8400000000000002,1.0,0.010416666666666666,0.020618556701030927
22,Isocyanate,0.8500000000000002,0.0,0.0,0.0
22,Isocyanate,0.8600000000000002,0.0,0.0,0.0
22,Isocyanate,0.8700000000000002,0.0,0.0,0.0
22,Isocyanate,0.8800000000000002,0.0,0.0,0.0
22,Isocyanate,0.8900000000000002,0.0,0.0,0.0
22,Isocyanate,0.9000000000000002,0.0,0.0,0.0
22,Isocyanate,0.9100000000000003,0.0,0.0,0.0
22,Isocyanate,0.9200000000000003,0.0,0.0,0.0
22,Isocyanate,0.9300000000000002,0.0,0.0,0.0
22,Isocyanate,0.9400000000000002,0.0,0.0,0.0
22,Isocyanate,0.9500000000000002,0.0,0.0,0.0
23,Isothiocyanate,0.05,0.5789473684210527,0.6962025316455697,0.632183908045977
23,Isothiocyanate,0.060000000000000005,0.6585365853658537,0.6835443037974683,0.6708074534161491
23,Isothiocyanate,0.07,0.6901408450704225,0.620253164556962,0.6533333333333333
23,Isothiocyanate,0.08000000000000002,0.75,0.6075949367088608,0.6713286713286714
23,Isothiocyanate,0.09000000000000001,0.8135593220338984,0.6075949367088608,0.6956521739130435
23,Isothiocyanate,0.1,0.8363636363636363,0.5822784810126582,0.6865671641791045
23,Isothiocyanate,0.11000000000000001,0.8653846153846154,0.569620253164557,0.6870229007633588
23,Isothiocyanate,0.12000000000000001,0.8571428571428571,0.5316455696202531,0.65625
23,Isothiocyanate,0.13,0.8723404255319149,0.5189873417721519,0.6507936507936508
23,Isothiocyanate,0.14,0.8695652173913043,0.5063291139240507,0.64
23,Isothiocyanate,0.15000000000000002,0.9069767441860465,0.4936708860759494,0.639344262295082
23,Isothiocyanate,0.16000000000000003,0.926829268292683,0.4810126582278481,0.6333333333333333
23,Isothiocyanate,0.17000000000000004,0.925,0.46835443037974683,0.6218487394957983
23,Isothiocyanate,0.18000000000000005,0.925,0.46835443037974683,0.6218487394957983
23,Isothiocyanate,0.19,0.918918918918919,0.43037974683544306,0.5862068965517241
23,Isothiocyanate,0.2,0.918918918918919,0.43037974683544306,0.5862068965517241
23,Isothiocyanate,0.21000000000000002,0.9117647058823529,0.3924050632911392,0.5486725663716814
23,Isothiocyanate,0.22000000000000003,0.90625,0.3670886075949367,0.5225225225225225
23,Isothiocyanate,0.23000000000000004,0.90625,0.3670886075949367,0.5225225225225225
23,Isothiocyanate,0.24000000000000005,0.9032258064516129,0.35443037974683544,0.509090909090909
23,Isothiocyanate,0.25000000000000006,0.896551724137931,0.3291139240506329,0.48148148148148145
23,Isothiocyanate,0.26000000000000006,0.88,0.27848101265822783,0.4230769230769231
23,Isothiocyanate,0.27,0.9090909090909091,0.25316455696202533,0.39603960396039606
23,Isothiocyanate,0.28,0.9090909090909091,0.25316455696202533,0.39603960396039606
23,Isothiocyanate,0.29000000000000004,0.9047619047619048,0.24050632911392406,0.38
23,Isothiocyanate,0.30000000000000004,0.9,0.22784810126582278,0.36363636363636365
23,Isothiocyanate,0.31000000000000005,0.9,0.22784810126582278,0.36363636363636365
23,Isothiocyanate,0.32000000000000006,0.8947368421052632,0.21518987341772153,0.3469387755102041
23,Isothiocyanate,0.33,0.8888888888888888,0.20253164556962025,0.32989690721649484
23,Isothiocyanate,0.34,0.8823529411764706,0.189873417721519,0.3125
23,Isothiocyanate,0.35000000000000003,0.8823529411764706,0.189873417721519,0.3125
23,Isothiocyanate,0.36000000000000004,0.8571428571428571,0.1518987341772152,0.25806451612903225
23,Isothiocyanate,0.37000000000000005,0.8571428571428571,0.1518987341772152,0.25806451612903225
23,Isothiocyanate,0.38000000000000006,0.8571428571428571,0.1518987341772152,0.25806451612903225
23,Isothiocyanate,0.39000000000000007,0.8461538461538461,0.13924050632911392,0.2391304347826087
23,Isothiocyanate,0.4000000000000001,0.8461538461538461,0.13924050632911392,0.2391304347826087
23,Isothiocyanate,0.4100000000000001,0.8461538461538461,0.13924050632911392,0.2391304347826087
23,Isothiocyanate,0.42000000000000004,0.8461538461538461,0.13924050632911392,0.2391304347826087
23,Isothiocyanate,0.43000000000000005,0.8333333333333334,0.12658227848101267,0.21978021978021978
23,Isothiocyanate,0.44000000000000006,0.8181818181818182,0.11392405063291139,0.2
23,Isothiocyanate,0.45000000000000007,0.8,0.10126582278481013,0.1797752808988764
23,Isothiocyanate,0.4600000000000001,0.8,0.10126582278481013,0.1797752808988764
23,Isothiocyanate,0.4700000000000001,0.8,0.10126582278481013,0.1797752808988764
23,Isothiocyanate,0.4800000000000001,0.7777777777777778,0.08860759493670886,0.1590909090909091
23,Isothiocyanate,0.49000000000000005,0.7777777777777778,0.08860759493670886,0.1590909090909091
23,Isothiocyanate,0.5000000000000001,0.7777777777777778,0.08860759493670886,0.1590909090909091
23,Isothiocyanate,0.5100000000000001,0.875,0.08860759493670886,0.16091954022988506
23,Isothiocyanate,0.5200000000000001,0.875,0.08860759493670886,0.16091954022988506
23,Isothiocyanate,0.5300000000000001,0.8571428571428571,0.0759493670886076,0.13953488372093023
23,Isothiocyanate,0.5400000000000001,1.0,0.0759493670886076,0.1411764705882353
23,Isothiocyanate,0.5500000000000002,1.0,0.0759493670886076,0.1411764705882353
23,Isothiocyanate,0.5600000000000002,1.0,0.0759493670886076,0.1411764705882353
23,Isothiocyanate,0.5700000000000002,1.0,0.06329113924050633,0.11904761904761904
23,Isothiocyanate,0.5800000000000002,1.0,0.06329113924050633,0.11904761904761904
23,Isothiocyanate,0.5900000000000002,1.0,0.06329113924050633,0.11904761904761904
23,Isothiocyanate,0.6000000000000002,1.0,0.05063291139240506,0.0963855421686747
23,Isothiocyanate,0.6100000000000001,1.0,0.05063291139240506,0.0963855421686747
23,Isothiocyanate,0.6200000000000001,1.0,0.0379746835443038,0.07317073170731707
23,Isothiocyanate,0.6300000000000001,1.0,0.0379746835443038,0.07317073170731707
23,Isothiocyanate,0.6400000000000001,1.0,0.0379746835443038,0.07317073170731707
23,Isothiocyanate,0.6500000000000001,1.0,0.0379746835443038,0.07317073170731707
23,Isothiocyanate,0.6600000000000001,1.0,0.0379746835443038,0.07317073170731707
23,Isothiocyanate,0.6700000000000002,1.0,0.0379746835443038,0.07317073170731707
23,Isothiocyanate,0.6800000000000002,1.0,0.0379746835443038,0.07317073170731707
23,Isothiocyanate,0.6900000000000002,1.0,0.0379746835443038,0.07317073170731707
23,Isothiocyanate,0.7000000000000002,1.0,0.0379746835443038,0.07317073170731707
23,Isothiocyanate,0.7100000000000002,1.0,0.02531645569620253,0.04938271604938271
23,Isothiocyanate,0.7200000000000002,1.0,0.02531645569620253,0.04938271604938271
23,Isothiocyanate,0.7300000000000002,1.0,0.02531645569620253,0.04938271604938271
23,Isothiocyanate,0.7400000000000002,1.0,0.02531645569620253,0.04938271604938271
23,Isothiocyanate,0.7500000000000002,1.0,0.02531645569620253,0.04938271604938271
23,Isothiocyanate,0.7600000000000002,1.0,0.02531645569620253,0.04938271604938271
23,Isothiocyanate,0.7700000000000002,1.0,0.012658227848101266,0.025
23,Isothiocyanate,0.7800000000000001,1.0,0.012658227848101266,0.025
23,Isothiocyanate,0.7900000000000001,1.0,0.012658227848101266,0.025
23,Isothiocyanate,0.8000000000000002,1.0,0.012658227848101266,0.025
23,Isothiocyanate,0.8100000000000002,1.0,0.012658227848101266,0.025
23,Isothiocyanate,0.8200000000000002,1.0,0.012658227848101266,0.025
23,Isothiocyanate,0.8300000000000002,1.0,0.012658227848101266,0.025
23,Isothiocyanate,0.8400000000000002,1.0,0.012658227848101266,0.025
23,Isothiocyanate,0.8500000000000002,1.0,0.012658227848101266,0.025
23,Isothiocyanate,0.8600000000000002,1.0,0.012658227848101266,0.025
23,Isothiocyanate,0.8700000000000002,1.0,0.012658227848101266,0.025
23,Isothiocyanate,0.8800000000000002,1.0,0.012658227848101266,0.025
23,Isothiocyanate,0.8900000000000002,1.0,0.012658227848101266,0.025
23,Isothiocyanate,0.9000000000000002,1.0,0.012658227848101266,0.025
23,Isothiocyanate,0.9100000000000003,0.0,0.0,0.0
23,Isothiocyanate,0.9200000000000003,0.0,0.0,0.0
23,Isothiocyanate,0.9300000000000002,0.0,0.0,0.0
23,Isothiocyanate,0.9400000000000002,0.0,0.0,0.0
23,Isothiocyanate,0.9500000000000002,0.0,0.0,0.0
24,Ketone,0.05,0.621201341599756,0.9146961987428913,0.739906785303553
24,Ketone,0.060000000000000005,0.6325875284856018,0.9139479197844956,0.7476738491674828
24,Ketone,0.07,0.6439209886975811,0.9123017060760251,0.7549693479472414
24,Ketone,0.08000000000000002,0.6563444108761329,0.9103561807841963,0.7627586206896552
24,Ketone,0.09000000000000001,0.6713418001104362,0.9097575576174798,0.7725741882188473
24,Ketone,0.1,0.6854948034342522,0.9081113439090093,0.7812540234324707
24,Ketone,0.11000000000000001,0.6957620305501321,0.9066147859922179,0.7873156150497108
24,Ketone,0.12000000000000001,0.7066308662152697,0.9058665070338222,0.7939401888772298
24,Ketone,0.13,0.7152317880794702,0.9051182280754265,0.7990487514863258
24,Ketone,0.14,0.7238197939132519,0.9040706375336726,0.8039659302635082
24,Ketone,0.15000000000000002,0.7316836487142164,0.9027237354085603,0.8082540533297602
24,Ketone,0.16000000000000003,0.7397865292602135,0.902424423825202,0.8130519786961504
24,Ketone,0.17000000000000004,0.7483229813664596,0.9015264890751272,0.8178115666576161
24,Ketone,0.18000000000000005,0.7547335423197492,0.9007782101167315,0.8213140478952037
24,Ketone,0.19,0.7602783048703352,0.8994313079916193,0.8240213889079318
24,Ketone,0.2,0.7653659780668197,0.8982340616581862,0.8264940787661801
24,Ketone,0.21000000000000002,0.7708628005657708,0.8971864711164322,0.8292413029946746
24,Ketone,0.22000000000000003,0.7773305634900026,0.8959892247829991,0.8324527252502781
24,Ketone,0.23000000000000004,0.782063014773173,0.8952409458246035,0.8348335775591376
24,Ketone,0.24000000000000005,0.7861089187056038,0.8943430110745286,0.8367404088490619
24,Ketone,0.25000000000000006,0.7893414440624174,0.8932954205327747,0.8381072732378545
24,Ketone,0.26000000000000006,0.7948854555141183,0.8931457647410955,0.8411557434813248
24,Ketone,0.27,0.7990084416454509,0.8923974857826998,0.8431247790738777
24,Ketone,0.28,0.8018855218855219,0.8910505836575876,0.8441199404550932
24,Ketone,0.29000000000000004,0.8053336943278733,0.8903023046991918,0.8456891037031772
24,Ketone,0.30000000000000004,0.808215451577802,0.8892547141574378,0.8468006270485963
24,Ketone,0.31000000000000005,0.8119015047879617,0.8882071236156839,0.8483419096626644
24,Ketone,0.32000000000000006,0.815767749036874,0.887309188865609,0.8500358422939068
24,Ketone,0.33,0.8191621733720448,0.8867105656988925,0.851598993891484
24,Ketone,0.34,0.8216021102318478,0.8856629751571385,0.8524306805905654
24,Ketone,0.35000000000000003,0.8241283124128312,0.8843160730320263,0.8531619982673982
24,Ketone,0.36000000000000004,0.8270550343089204,0.8838671056569889,0.8545178325978442
24,Ketone,0.37000000000000005,0.8291379552805512,0.8823705477401975,0.8549264119480896
24,Ketone,0.38000000000000006,0.8311468472280998,0.881771924573481,0.8557112773219083
24,Ketone,0.39000000000000007,0.8334985133795837,0.8810236456150853,0.8566024008730447
24,Ketone,0.4000000000000001,0.8356787491115849,0.8798263992816522,0.8571845155646278
24,Ketone,0.4100000000000001,0.838401142041399,0.8789284645315774,0.8581866004237598
24,Ketone,0.42000000000000004,0.8410329985652798,0.8772822508231068,0.8587752710225608
24,Ketone,0.43000000000000005,0.8429704397981255,0.8748877581562406,0.8586325916134244
24,Ketone,0.44000000000000006,0.8448176027793862,0.8733912002394493,0.8588668138337012
24,Ketone,0.45000000000000007,0.8472949389179756,0.8718946423226579,0.8594187933323499
24,Ketone,0.4600000000000001,0.8486573263280794,0.8702484286141874,0.8593172750110832
24,Ketone,0.4700000000000001,0.8496559800907627,0.8686022149057169,0.8590246429364315
24,Ketone,0.4800000000000001,0.851389093047185,0.8668063454055672,0.8590285502410085
24,Ketone,0.49000000000000005,0.8530323151837096,0.8651601316970967,0.8590534215023404
24,Ketone,0.5000000000000001,0.8547097156398105,0.8636635737803053,0.8591633169569748
24,Ketone,0.5100000000000001,0.8579511614055986,0.8623166716551931,0.8601283773697567
24,Ketone,0.5200000000000001,0.8596648713345302,0.8599221789883269,0.8597935059105192
24,Ketone,0.5300000000000001,0.8608604091456077,0.8564800957797066,0.8586646661665417
24,Ketone,0.5400000000000001,0.8642705489839247,0.8528883567794073,0.8585417294365773
24,Ketone,0.5500000000000002,0.8658332062814453,0.8498952409458246,0.8577901971150215
24,Ketone,0.5600000000000002,0.8669119901870592,0.8461538461538461,0.8564071493486822
24,Ketone,0.5700000000000002,0.8682505399568035,0.8422627955701886,0.8550592525068368
24,Ketone,0.5800000000000002,0.8707821489659462,0.8380724334031727,0.854114237779303
24,Ketone,0.5900000000000002,0.8723170922763591,0.8332834480694403,0.852353616532721
24,Ketone,0.6000000000000002,0.8741711398800126,0.8286441185273871,0.85079901659496
24,Ketone,0.6100000000000001,0.8762163024405807,0.8220592636935049,0.8482742645355571
24,Ketone,0.6200000000000001,0.8785197103781175,0.8171206225680934,0.8467085368690394
24,Ketone,0.6300000000000001,0.8811881188118812,0.8124812930260401,0.8454410963170599
24,Ketone,0.6400000000000001,0.883629191321499,0.8045495360670458,0.8422371925426915
24,Ketone,0.6500000000000001,0.8860569715142429,0.7960191559413349,0.8386283011430824
24,Ketone,0.6600000000000001,0.8876139048261896,0.7871894642322658,0.8343908629441624
24,Ketone,0.6700000000000002,0.890106128038343,0.7782101167315175,0.830405621207282
24,Ketone,0.6800000000000002,0.8917130919220055,0.7665369649805448,0.8244004506679543
24,Ketone,0.6900000000000002,0.8945596314017367,0.7554624363962885,0.8191480730223124
24,Ketone,0.7000000000000002,0.8969926166036377,0.7454354983537863,0.8142214957090315
24,Ketone,0.7100000000000002,0.8991380891252522,0.7337623466028135,0.8080758137618459
24,Ketone,0.7200000000000002,0.9014557670772676,0.7228374738102364,0.8023255813953488
24,Ketone,0.7300000000000002,0.9034785932721713,0.7074229272672853,0.793520228302837
24,Ketone,0.7400000000000002,0.9044448795770511,0.6912601017659383,0.783611841547205
24,Ketone,0.7500000000000002,0.9075714861055175,0.6744986530978749,0.7738667582417582
24,Ketone,0.7600000000000002,0.9107883817427386,0.6569889254714157,0.7633455051295427
24,Ketone,0.7700000000000002,0.9149623250807319,0.6360371146363364,0.7504193519908184
24,Ketone,0.7800000000000001,0.9209932279909706,0.610595630050883,0.734341252699784
24,Ketone,0.7900000000000001,0.9248156078991197,0.5817120622568094,0.7141938447404685
24,Ketone,0.8000000000000002,0.9262893081761007,0.5510326249625861,0.691001219855494
24,Ketone,0.8100000000000002,0.9287262872628727,0.5128703980844058,0.6608175858079445
24,Ketone,0.8200000000000002,0.9323728315201412,0.4745585154145465,0.6289794703957156
24,Ketone,0.8300000000000002,0.9401569653368215,0.4302604010775217,0.5903490759753593
24,Ketone,0.8400000000000002,0.9432442328817283,0.38551331936545946,0.5473281631785828
24,Ketone,0.8500000000000002,0.9481012658227848,0.3362765639030231,0.49646486964206804
24,Ketone,0.8600000000000002,0.9515885022692889,0.28240047889853337,0.43554529717253315
24,Ketone,0.8700000000000002,0.9529553679131484,0.236456150853038,0.37889688249400477
24,Ketone,0.8800000000000002,0.9577464788732394,0.19335528284944628,0.3217532063254887
24,Ketone,0.8900000000000002,0.9618249534450651,0.15459443280454954,0.2663744198040227
24,Ketone,0.9000000000000002,0.9624697336561744,0.11897635438491469,0.21177410761854024
24,Ketone,0.9100000000000003,0.9650455927051672,0.09503142771625261,0.17302452316076294
24,Ketone,0.9200000000000003,0.9659318637274549,0.0721340915893445,0.13424314162372927
24,Ketone,0.9300000000000002,0.9586374695863747,0.058964381921580364,0.11109544621457776
24,Ketone,0.9400000000000002,0.9623824451410659,0.045944328045495364,0.0877017568918726
24,Ketone,0.9500000000000002,0.972,0.03636635737803053,0.07010963646855164
25,Nitrile,0.05,0.16907535231521426,0.8937666286583048,0.28435818368704274
25,Nitrile,0.060000000000000005,0.1969900099468062,0.8656404408969973,0.3209441606482297
25,Nitrile,0.07,0.22781368626243972,0.8439756746484226,0.3587817094845694
25,Nitrile,0.08000000000000002,0.26065949993960624,0.8202204484986697,0.39560036663611364
25,Nitrile,0.09000000000000001,0.29137822529893015,0.7919042189281642,0.42600828093850635
25,Nitrile,0.1,0.32116381028298124,0.765678449258837,0.4525186724321896
25,Nitrile,0.11000000000000001,0.3516899504281208,0.741543139490688,0.4771046035336553
25,Nitrile,0.12000000000000001,0.38289925297799315,0.7208285822881034,0.5001318565400844
25,Nitrile,0.13,0.4129873047972138,0.6985936906119347,0.5190990609334181
25,Nitrile,0.14,0.4416085657370518,0.6740782972253896,0.5336241913645253
25,Nitrile,0.15000000000000002,0.470628229534947,0.6577347016343595,0.5486683576410907
25,Nitrile,0.16000000000000003,0.49636767976278723,0.636259977194983,0.5576746897643041
25,Nitrile,0.17000000000000004,0.5209198339188758,0.6199163816039529,0.5661228740020826
25,Nitrile,0.18000000000000005,0.5458160442600276,0.5999619916381604,0.5716096324461344
25,Nitrile,0.19,0.5705783894364888,0.5830482706195363,0.5767459347683053
25,Nitrile,0.2,0.5875840253064453,0.564804256936526,0.575968992248062
25,Nitrile,0.21000000000000002,0.6066568976344986,0.5507411630558723,0.5773483414682737
25,Nitrile,0.22000000000000003,0.627197863342978,0.5355378183200304,0.5777549974372117
25,Nitrile,0.23000000000000004,0.6444392082940622,0.5197643481565944,0.5754260467073428
25,Nitrile,0.24000000000000005,0.6627646326276463,0.5057012542759407,0.5736768351837879
25,Nitrile,0.25000000000000006,0.6818421052631579,0.4923983276320791,0.571838446259104
25,Nitrile,0.26000000000000006,0.6958934517203108,0.4766248574686431,0.56575682382134
25,Nitrile,0.27,0.7108853410740203,0.4654123907259597,0.5625358906626852
25,Nitrile,0.28,0.7231190983856229,0.45115925503610793,0.5556465769455822
25,Nitrile,0.29000000000000004,0.7372448979591837,0.4393766628658305,0.5506072874493927
25,Nitrile,0.30000000000000004,0.7490013315579228,0.427594070695553,0.5443987418340188
25,Nitrile,0.31000000000000005,0.7607404820118756,0.41391106043329534,0.5361230769230769
25,Nitrile,0.32000000000000006,0.7746891002194587,0.40250855188141393,0.5297648824412207
25,Nitrile,0.33,0.7874856924837849,0.3922462941847206,0.523658505645059
25,Nitrile,0.34,0.7960079840319362,0.378943367540859,0.5134543581820523
25,Nitrile,0.35000000000000003,0.8066805845511482,0.3671607753705815,0.5046362805276218
25,Nitrile,0.36000000000000004,0.8156862745098039,0.3557582668187001,0.49543469630805875
25,Nitrile,0.37000000000000005,0.8229968311453146,0.34549600912200684,0.4866818364342123
25,Nitrile,0.38000000000000006,0.8322274881516588,0.3337134169517294,0.47639717851329355
25,Nitrile,0.39000000000000007,0.8408304498269896,0.3232611174458381,0.4669869595058339
25,Nitrile,0.4000000000000001,0.8480947476828012,0.3129988597491448,0.4572459744586341
25,Nitrile,0.4100000000000001,0.8591397849462366,0.30368681109844164,0.448750351024993
25,Nitrile,0.42000000000000004,0.8627450980392157,0.29266438616495627,0.4370654179083298
25,Nitrile,0.43000000000000005,0.8702734147760326,0.28430254656024323,0.4285918922790431
25,Nitrile,0.44000000000000006,0.8799272286234081,0.2757506651463322,0.41991028794675156
25,Nitrile,0.45000000000000007,0.8822792736380713,0.2677689091600152,0.4108470622539729
25,Nitrile,0.4600000000000001,0.889538661468486,0.26016723679209425,0.402587854727246
25,Nitrile,0.4700000000000001,0.891566265060241,0.2531356898517674,0.39431616341030196
25,Nitrile,0.4800000000000001,0.893305439330544,0.2434435575826682,0.3826164874551971
25,Nitrile,0.49000000000000005,0.8988355167394468,0.2347016343595591,0.37221217600964435
25,Nitrile,0.5000000000000001,0.9033232628398792,0.2272900038008362,0.3631946553294868
25,Nitrile,0.5100000000000001,0.9049489395129615,0.21892816419612315,0.35256312165263964
25,Nitrile,0.5200000000000001,0.9083536090835361,0.2128468263017864,0.3448806774441878
25,Nitrile,0.5300000000000001,0.9090909090909091,0.20334473584188523,0.33234974374902937
25,Nitrile,0.5400000000000001,0.9110320284697508,0.19460281261877613,0.3207015346069527
25,Nitrile,0.5500000000000002,0.9146005509641874,0.18928164196123148,0.3136513934813415
25,Nitrile,0.5600000000000002,0.9156279961649089,0.1814899277841125,0.302934179222839
25,Nitrile,0.5700000000000002,0.9163346613545816,0.17483846446218168,0.2936482604532397
25,Nitrile,0.5800000000000002,0.9195046439628483,0.169327251995439,0.2859894077997111
25,Nitrile,0.5900000000000002,0.9233261339092873,0.16248574686431014,0.2763413057530705
25,Nitrile,0.6000000000000002,0.9248291571753986,0.15431394906879514,0.26449511400651465
25,Nitrile,0.6100000000000001,0.9263657957244655,0.14823261117445838,0.25557011795543905
25,Nitrile,0.6200000000000001,0.9284818067754078,0.14063093880653743,0.24426473015349068
25,Nitrile,0.6300000000000001,0.929427430093209,0.13264918282022045,0.23216364543489107
25,Nitrile,0.6400000000000001,0.9300699300699301,0.12637780311668567,0.22251965869165133
25,Nitrile,0.6500000000000001,0.9295154185022027,0.12029646522234892,0.21302372539121656
25,Nitrile,0.6600000000000001,0.9293394777265745,0.11497529456480425,0.20463385760189412
25,Nitrile,0.6700000000000002,0.926948051948052,0.10851387305207146,0.19428376998979244
25,Nitrile,0.6800000000000002,0.9221453287197232,0.10129228430254655,0.18253424657534248
25,Nitrile,0.6900000000000002,0.9243243243243243,0.0974914481185861,0.17637957710159877
25,Nitrile,0.7000000000000002,0.9251439539347409,0.09160015203344736,0.16669548677157184
25,Nitrile,0.7100000000000002,0.9279835390946503,0.08570885594830863,0.1569241475295755
25,Nitrile,0.7200000000000002,0.928416485900217,0.08133789433675409,0.14957190284815655
25,Nitrile,0.7300000000000002,0.9285714285714286,0.0765868491068035,0.14150280898876405
25,Nitrile,0.7400000000000002,0.927710843373494,0.07316609654123907,0.13563501849568435
25,Nitrile,0.7500000000000002,0.9224806201550387,0.06784492588369441,0.12639405204460966
25,Nitrile,0.7600000000000002,0.9245810055865922,0.0629038388445458,0.11779359430604983
25,Nitrile,0.7700000000000002,0.9296636085626911,0.05777270999619916,0.10878511361603149
25,Nitrile,0.7800000000000001,0.9261744966442953,0.052451539338654506,0.09928057553956834
25,Nitrile,0.7900000000000001,0.9413919413919414,0.048840744963892055,0.09286359530261969
25,Nitrile,0.8000000000000002,0.9552845528455285,0.044659825161535535,0.08533042846768336
25,Nitrile,0.8100000000000002,0.9551569506726457,0.04047890535917902,0.07766636280765725
25,Nitrile,0.8200000000000002,0.9554455445544554,0.03667806917521855,0.07064421669106881
25,Nitrile,0.8300000000000002,0.9488636363636364,0.03173698213606994,0.06141963957337256
25,Nitrile,0.8400000000000002,0.948051948051948,0.02774610414291144,0.05391432791728213
25,Nitrile,0.8500000000000002,0.9485294117647058,0.02451539338654504,0.04779547980733605
25,Nitrile,0.8600000000000002,0.9512195121951219,0.022234891676168756,0.043454038997214485
25,Nitrile,0.8700000000000002,0.9528301886792453,0.01919422272900038,0.037630402384500744
25,Nitrile,0.8800000000000002,0.9425287356321839,0.015583428354237932,0.030659936436717144
25,Nitrile,0.8900000000000002,0.9315068493150684,0.012922843025465602,0.02549203373945642
25,Nitrile,0.9000000000000002,0.9491525423728814,0.010642341315089319,0.021048675061078746
25,Nitrile,0.9100000000000003,0.9565217391304348,0.008361839604713038,0.016578749058025623
25,Nitrile,0.9200000000000003,0.95,0.007221588749524895,0.014334213504337986
25,Nitrile,0.9300000000000002,0.9130434782608695,0.003990877993158495,0.007947019867549669
25,Nitrile,0.9400000000000002,0.9333333333333333,0.0026605853287723297,0.0053060451013833615
25,Nitrile,0.9500000000000002,1.0,0.0019004180919802356,0.0037936267071320183
26,Phenol,0.05,0.14434819653507527,0.8596194503171247,0.24718827892273088
26,Phenol,0.060000000000000005,0.1681240936854594,0.8088794926004228,0.27838614617819335
26,Phenol,0.07,0.19484409263518213,0.7701902748414376,0.3110086652153498
26,Phenol,0.08000000000000002,0.22363765038924274,0.7348837209302326,0.34291915355398805
26,Phenol,0.09000000000000001,0.2545621837141543,0.7019027484143763,0.3736214269637632
26,Phenol,0.1,0.28522243363232763,0.66553911205074,0.39931502505232447
26,Phenol,0.11000000000000001,0.3155897544007589,0.6329809725158563,0.42118590419919816
26,Phenol,0.12000000000000001,0.3465840019450523,0.6027484143763213,0.44010497066995985
26,Phenol,0.13,0.37822826992502084,0.5758985200845665,0.4565873281930942
26,Phenol,0.14,0.4050292582634825,0.5414376321353066,0.4634036008323532
26,Phenol,0.15000000000000002,0.43775747805839155,0.5167019027484143,0.47396489867157954
26,Phenol,0.16000000000000003,0.4613845538215286,0.4875264270613108,0.4740953947368421
26,Phenol,0.17000000000000004,0.494098955969133,0.4602536997885835,0.47657618213660247
26,Phenol,0.18000000000000005,0.5195881466599699,0.43742071881606764,0.47497704315886136
26,Phenol,0.19,0.5477303988995873,0.42093023255813955,0.4760310818888225
26,Phenol,0.2,0.5723743605176046,0.40211416490486257,0.4723705451384577
26,Phenol,0.21000000000000002,0.5988681757656458,0.380338266384778,0.465218515645203
26,Phenol,0.22000000000000003,0.624501631025734,0.3642706131078224,0.46014154092669246
26,Phenol,0.23000000000000004,0.6471981057616417,0.346723044397463,0.45154185022026433
26,Phenol,0.24000000000000005,0.6693686006825939,0.3317124735729387,0.44359626802374896
26,Phenol,0.25000000000000006,0.6913864578535237,0.31733615221987316,0.4350094189247935
26,Phenol,0.26000000000000006,0.7134268537074149,0.3010570824524313,0.42343146000594706
26,Phenol,0.27,0.7369565217391304,0.28668076109936574,0.41278538812785387
26,Phenol,0.28,0.7555296856810244,0.2744186046511628,0.40260545905707196
26,Phenol,0.29000000000000004,0.7680444170265268,0.2632135306553911,0.3920642418516769
26,Phenol,0.30000000000000004,0.7854785478547854,0.25158562367864695,0.3811048839071257
26,Phenol,0.31000000000000005,0.7990196078431373,0.2412262156448203,0.37057486196817147
26,Phenol,0.32000000000000006,0.8149518874907475,0.23276955602536997,0.36211149481993093
26,Phenol,0.33,0.8234375,0.22283298097251586,0.3507487520798669
26,Phenol,0.34,0.8348397699260477,0.21479915433403807,0.34168488313435347
26,Phenol,0.35000000000000003,0.8422413793103448,0.206553911205074,0.33174872665534805
26,Phenol,0.36000000000000004,0.8530207394048692,0.2,0.32402808700119884
26,Phenol,0.37000000000000005,0.8615528531337698,0.19471458773784356,0.31764097258147955
26,Phenol,0.38000000000000006,0.8664688427299704,0.18520084566596196,0.30517331475352727
26,Phenol,0.39000000000000007,0.8752598752598753,0.17801268498942918,0.29585382993675335
26,Phenol,0.4000000000000001,0.8796498905908097,0.16997885835095136,0.28490432317505315
26,Phenol,0.4100000000000001,0.8868360277136259,0.16236786469344608,0.27448177269478197
26,Phenol,0.42000000000000004,0.893719806763285,0.15644820295983086,0.266282835552357
26,Phenol,0.43000000000000005,0.8948035487959443,0.1492600422832981,0.25584344990034424
26,Phenol,0.44000000000000006,0.9025367156208278,0.14291754756871036,0.24676035772951269
26,Phenol,0.45000000000000007,0.9094707520891365,0.13805496828752642,0.23972099853157122
26,Phenol,0.4600000000000001,0.9124820659971306,0.13446088794926003,0.23438363736871198
26,Phenol,0.4700000000000001,0.9134328358208955,0.12938689217758986,0.22666666666666666
26,Phenol,0.4800000000000001,0.9224806201550387,0.12579281183932348,0.2213953488372093
26,Phenol,0.49000000000000005,0.9271844660194175,0.12114164904862579,0.21428571428571427
26,Phenol,0.5000000000000001,0.9316666666666666,0.11818181818181818,0.2097560975609756
26,Phenol,0.5100000000000001,0.9296740994854202,0.11458773784355179,0.20402785620176925
26,Phenol,0.5200000000000001,0.9261261261261261,0.10866807610993658,0.1945127719962157
26,Phenol,0.5300000000000001,0.9265536723163842,0.1040169133192389,0.18703668504086676
26,Phenol,0.5400000000000001,0.9295499021526419,0.10042283298097252,0.18126311772562487
26,Phenol,0.5500000000000002,0.9307535641547862,0.09661733615221987,0.17506224861137712
26,Phenol,0.5600000000000002,0.9336188436830836,0.09217758985200845,0.16778910910140465
26,Phenol,0.5700000000000002,0.9354120267260579,0.08879492600422834,0.16219347364356054
26,Phenol,0.5800000000000002,0.9331797235023042,0.08562367864693446,0.156855151045701
26,Phenol,0.5900000000000002,0.9331742243436754,0.08266384778012685,0.15187415032045057
26,Phenol,0.6000000000000002,0.9353233830845771,0.07949260042283299,0.1465315666406859
26,Phenol,0.6100000000000001,0.9357326478149101,0.07695560253699789,0.142215276421176
26,Phenol,0.6200000000000001,0.940379403794038,0.0733615221987315,0.13610511865071584
26,Phenol,0.6300000000000001,0.9398280802292264,0.0693446088794926,0.1291592833234889
26,Phenol,0.6400000000000001,0.9401197604790419,0.06638477801268498,0.1240126382306477
26,Phenol,0.6500000000000001,0.9451612903225807,0.06194503171247357,0.11626984126984127
26,Phenol,0.6600000000000001,0.9433333333333334,0.059830866807610995,0.11252485089463221
26,Phenol,0.6700000000000002,0.9468085106382979,0.056448202959830864,0.10654429369513169
26,Phenol,0.6800000000000002,0.943609022556391,0.05306553911205074,0.10048038430744596
26,Phenol,0.6900000000000002,0.9471544715447154,0.0492600422832981,0.09364951768488745
26,Phenol,0.7000000000000002,0.9617021276595744,0.04778012684989429,0.09103726082578047
26,Phenol,0.7100000000000002,0.9592760180995475,0.04482029598308668,0.08563926479499091
26,Phenol,0.7200000000000002,0.961352657004831,0.04207188160676533,0.08061575855782864
26,Phenol,0.7300000000000002,0.9585492227979274,0.039112050739957716,0.07515742433475522
26,Phenol,0.7400000000000002,0.9613259668508287,0.03678646934460888,0.0708613317043372
26,Phenol,0.7500000000000002,0.9585798816568047,0.034249471458773786,0.06613594611145132
26,Phenol,0.7600000000000002,0.9634146341463414,0.03340380549682875,0.06456885982836126
26,Phenol,0.7700000000000002,0.9612903225806452,0.03150105708245243,0.061003070624360285
26,Phenol,0.7800000000000001,0.9655172413793104,0.02959830866807611,0.057435897435897436
26,Phenol,0.7900000000000001,0.9645390070921985,0.02875264270613108,0.05584068979675631
26,Phenol,0.8000000000000002,0.9776119402985075,0.027695560253699788,0.053865131578947366
26,Phenol,0.8100000000000002,0.9921259842519685,0.0266384778012685,0.05188387893761581
26,Phenol,0.8200000000000002,0.9913793103448276,0.024312896405919663,0.04746182418489476
26,Phenol,0.8300000000000002,0.990909090909091,0.023044397463002114,0.04504132231404959
26,Phenol,0.8400000000000002,1.0,0.020718816067653276,0.04059652029826015
26,Phenol,0.8500000000000002,1.0,0.01945031712473573,0.03815844048112816
26,Phenol,0.8600000000000002,1.0,0.01839323467230444,0.03612206767697737
26,Phenol,0.8700000000000002,1.0,0.01649048625792812,0.0324459234608985
26,Phenol,0.8800000000000002,1.0,0.01522198731501057,0.029987505206164097
26,Phenol,0.8900000000000002,1.0,0.014587737843551798,0.028755990831423214
26,Phenol,0.9000000000000002,1.0,0.01226215644820296,0.02422723475355054
26,Phenol,0.9100000000000003,1.0,0.011416490486257928,0.0225752508361204
26,Phenol,0.9200000000000003,1.0,0.009936575052854123,0.019677621938455098
26,Phenol,0.9300000000000002,1.0,0.008879492600422832,0.01760268231349539
26,Phenol,0.9400000000000002,1.0,0.008033826638477801,0.015939597315436243
26,Phenol,0.9500000000000002,1.0,0.00718816067653277,0.014273719563392108
27,Phosphine,0.05,0.5217391304347826,0.6545454545454545,0.5806451612903226
27,Phosphine,0.060000000000000005,0.5862068965517241,0.6181818181818182,0.6017699115044248
27,Phosphine,0.07,0.6181818181818182,0.6181818181818182,0.6181818181818182
27,Phosphine,0.08000000000000002,0.6666666666666666,0.6181818181818182,0.6415094339622641
27,Phosphine,0.09000000000000001,0.68,0.6181818181818182,0.6476190476190476
27,Phosphine,0.1,0.7083333333333334,0.6181818181818182,0.6601941747572816
27,Phosphine,0.11000000000000001,0.723404255319149,0.6181818181818182,0.6666666666666666
27,Phosphine,0.12000000000000001,0.7674418604651163,0.6,0.673469387755102
27,Phosphine,0.13,0.7619047619047619,0.5818181818181818,0.6597938144329897
27,Phosphine,0.14,0.8157894736842105,0.5636363636363636,0.6666666666666666
27,Phosphine,0.15000000000000002,0.8378378378378378,0.5636363636363636,0.6739130434782609
27,Phosphine,0.16000000000000003,0.8611111111111112,0.5636363636363636,0.6813186813186813
27,Phosphine,0.17000000000000004,0.8611111111111112,0.5636363636363636,0.6813186813186813
27,Phosphine,0.18000000000000005,0.8571428571428571,0.5454545454545454,0.6666666666666666
27,Phosphine,0.19,0.8529411764705882,0.5272727272727272,0.651685393258427
27,Phosphine,0.2,0.8484848484848485,0.509090909090909,0.6363636363636364
27,Phosphine,0.21000000000000002,0.8484848484848485,0.509090909090909,0.6363636363636364
27,Phosphine,0.22000000000000003,0.8666666666666667,0.4727272727272727,0.611764705882353
27,Phosphine,0.23000000000000004,0.8620689655172413,0.45454545454545453,0.5952380952380952
27,Phosphine,0.24000000000000005,0.8620689655172413,0.45454545454545453,0.5952380952380952
27,Phosphine,0.25000000000000006,0.8571428571428571,0.43636363636363634,0.5783132530120482
27,Phosphine,0.26000000000000006,0.8518518518518519,0.41818181818181815,0.5609756097560976
27,Phosphine,0.27,0.8461538461538461,0.4,0.5432098765432098
27,Phosphine,0.28,0.88,0.4,0.55
27,Phosphine,0.29000000000000004,0.88,0.4,0.55
27,Phosphine,0.30000000000000004,0.9166666666666666,0.4,0.5569620253164557
27,Phosphine,0.31000000000000005,0.9166666666666666,0.4,0.5569620253164557
27,Phosphine,0.32000000000000006,0.9166666666666666,0.4,0.5569620253164557
27,Phosphine,0.33,0.9166666666666666,0.4,0.5569620253164557
27,Phosphine,0.34,0.9130434782608695,0.38181818181818183,0.5384615384615384
27,Phosphine,0.35000000000000003,0.9130434782608695,0.38181818181818183,0.5384615384615384
27,Phosphine,0.36000000000000004,0.9130434782608695,0.38181818181818183,0.5384615384615384
27,Phosphine,0.37000000000000005,0.9047619047619048,0.34545454545454546,0.5
27,Phosphine,0.38000000000000006,0.9047619047619048,0.34545454545454546,0.5
27,Phosphine,0.39000000000000007,0.9047619047619048,0.34545454545454546,0.5
27,Phosphine,0.4000000000000001,0.9047619047619048,0.34545454545454546,0.5
27,Phosphine,0.4100000000000001,0.9047619047619048,0.34545454545454546,0.5
27,Phosphine,0.42000000000000004,0.9047619047619048,0.34545454545454546,0.5
27,Phosphine,0.43000000000000005,0.9047619047619048,0.34545454545454546,0.5
27,Phosphine,0.44000000000000006,0.9047619047619048,0.34545454545454546,0.5
27,Phosphine,0.45000000000000007,0.9047619047619048,0.34545454545454546,0.5
27,Phosphine,0.4600000000000001,0.9,0.32727272727272727,0.48
27,Phosphine,0.4700000000000001,0.8947368421052632,0.3090909090909091,0.4594594594594595
27,Phosphine,0.4800000000000001,0.8888888888888888,0.2909090909090909,0.4383561643835616
27,Phosphine,0.49000000000000005,0.8888888888888888,0.2909090909090909,0.4383561643835616
27,Phosphine,0.5000000000000001,0.875,0.2545454545454545,0.39436619718309857
27,Phosphine,0.5100000000000001,0.875,0.2545454545454545,0.39436619718309857
27,Phosphine,0.5200000000000001,0.875,0.2545454545454545,0.39436619718309857
27,Phosphine,0.5300000000000001,0.875,0.2545454545454545,0.39436619718309857
27,Phosphine,0.5400000000000001,0.875,0.2545454545454545,0.39436619718309857
27,Phosphine,0.5500000000000002,0.875,0.2545454545454545,0.39436619718309857
27,Phosphine,0.5600000000000002,0.8666666666666667,0.23636363636363636,0.37142857142857144
27,Phosphine,0.5700000000000002,0.8666666666666667,0.23636363636363636,0.37142857142857144
27,Phosphine,0.5800000000000002,0.8666666666666667,0.23636363636363636,0.37142857142857144
27,Phosphine,0.5900000000000002,0.8666666666666667,0.23636363636363636,0.37142857142857144
27,Phosphine,0.6000000000000002,0.9285714285714286,0.23636363636363636,0.37681159420289856
27,Phosphine,0.6100000000000001,0.9230769230769231,0.21818181818181817,0.35294117647058826
27,Phosphine,0.6200000000000001,0.9230769230769231,0.21818181818181817,0.35294117647058826
27,Phosphine,0.6300000000000001,0.9230769230769231,0.21818181818181817,0.35294117647058826
27,Phosphine,0.6400000000000001,0.9230769230769231,0.21818181818181817,0.35294117647058826
27,Phosphine,0.6500000000000001,0.9230769230769231,0.21818181818181817,0.35294117647058826
27,Phosphine,0.6600000000000001,0.9166666666666666,0.2,0.3283582089552239
27,Phosphine,0.6700000000000002,0.9090909090909091,0.18181818181818182,0.30303030303030304
27,Phosphine,0.6800000000000002,0.9,0.16363636363636364,0.27692307692307694
27,Phosphine,0.6900000000000002,0.9,0.16363636363636364,0.27692307692307694
27,Phosphine,0.7000000000000002,0.9,0.16363636363636364,0.27692307692307694
27,Phosphine,0.7100000000000002,0.8888888888888888,0.14545454545454545,0.25
27,Phosphine,0.7200000000000002,0.8888888888888888,0.14545454545454545,0.25
27,Phosphine,0.7300000000000002,0.8888888888888888,0.14545454545454545,0.25
27,Phosphine,0.7400000000000002,0.8888888888888888,0.14545454545454545,0.25
27,Phosphine,0.7500000000000002,0.875,0.12727272727272726,0.2222222222222222
27,Phosphine,0.7600000000000002,0.8571428571428571,0.10909090909090909,0.1935483870967742
27,Phosphine,0.7700000000000002,0.8333333333333334,0.09090909090909091,0.16393442622950818
27,Phosphine,0.7800000000000001,0.8333333333333334,0.09090909090909091,0.16393442622950818
27,Phosphine,0.7900000000000001,0.8333333333333334,0.09090909090909091,0.16393442622950818
27,Phosphine,0.8000000000000002,0.8333333333333334,0.09090909090909091,0.16393442622950818
27,Phosphine,0.8100000000000002,0.8333333333333334,0.09090909090909091,0.16393442622950818
27,Phosphine,0.8200000000000002,0.8333333333333334,0.09090909090909091,0.16393442622950818
27,Phosphine,0.8300000000000002,0.8333333333333334,0.09090909090909091,0.16393442622950818
27,Phosphine,0.8400000000000002,1.0,0.09090909090909091,0.16666666666666666
27,Phosphine,0.8500000000000002,1.0,0.07272727272727272,0.13559322033898305
27,Phosphine,0.8600000000000002,1.0,0.07272727272727272,0.13559322033898305
27,Phosphine,0.8700000000000002,1.0,0.07272727272727272,0.13559322033898305
27,Phosphine,0.8800000000000002,1.0,0.07272727272727272,0.13559322033898305
27,Phosphine,0.8900000000000002,1.0,0.05454545454545454,0.10344827586206896
27,Phosphine,0.9000000000000002,1.0,0.05454545454545454,0.10344827586206896
27,Phosphine,0.9100000000000003,1.0,0.05454545454545454,0.10344827586206896
27,Phosphine,0.9200000000000003,1.0,0.05454545454545454,0.10344827586206896
27,Phosphine,0.9300000000000002,1.0,0.05454545454545454,0.10344827586206896
27,Phosphine,0.9400000000000002,1.0,0.05454545454545454,0.10344827586206896
27,Phosphine,0.9500000000000002,1.0,0.05454545454545454,0.10344827586206896
28,Sulfide,0.05,0.14513429612633283,0.9892364305427783,0.25313088512241055
28,Sulfide,0.060000000000000005,0.1533491370587725,0.9759889604415823,0.2650527157347724
28,Sulfide,0.07,0.1636644445495091,0.9553817847286109,0.2794558884867403
28,Sulfide,0.08000000000000002,0.1764253235396992,0.9280588776448943,0.29648787656135195
28,Sulfide,0.09000000000000001,0.1913854961083773,0.898068077276909,0.3155291950159187
28,Sulfide,0.1,0.20788166464289656,0.8662373505059797,0.3352977833170124
28,Sulfide,0.11000000000000001,0.2240936197819198,0.8262189512419503,0.3525624668773431
28,Sulfide,0.12000000000000001,0.24209960992707333,0.7879484820607175,0.37039439543331604
28,Sulfide,0.13,0.260088677547873,0.7447102115915364,0.3855312663713864
28,Sulfide,0.14,0.2795647713950762,0.7020239190432382,0.3998847141434785
28,Sulfide,0.15000000000000002,0.3011555629719244,0.6641214351425943,0.4143968313194225
28,Sulfide,0.16000000000000003,0.3239765524472192,0.6253909843606256,0.42683577684990426
28,Sulfide,0.17000000000000004,0.3468070099289241,0.5880404783808648,0.43629910241971265
28,Sulfide,0.18000000000000005,0.37127856701667694,0.5529898804047838,0.4442719881744272
28,Sulfide,0.19,0.3959896235013672,0.5195952161913523,0.4494489316834441
28,Sulfide,0.2,0.42286215698787494,0.487672493100276,0.4529607792873622
28,Sulfide,0.21000000000000002,0.44791760773330924,0.45611775528978843,0.45198049136241397
28,Sulfide,0.22000000000000003,0.47797199223142184,0.43017479300827965,0.45281557158766284
28,Sulfide,0.23000000000000004,0.5066835676423139,0.4045078196872125,0.4498669940658891
28,Sulfide,0.24000000000000005,0.5347087063708317,0.3791168353265869,0.443666899930021
28,Sulfide,0.25000000000000006,0.5607814761215629,0.3564857405703772,0.4358830146231721
28,Sulfide,0.26000000000000006,0.5871040723981901,0.3342226310947562,0.42595849454801266
28,Sulfide,0.27,0.6103639949793795,0.31315547378104874,0.41393567215905636
28,Sulfide,0.28,0.6313210505684046,0.29632014719411226,0.4033308289506637
28,Sulfide,0.29000000000000004,0.6560399045760139,0.2782888684452622,0.3908016278018216
28,Sulfide,0.30000000000000004,0.6766452839154193,0.26200551977920883,0.37774388222030636
28,Sulfide,0.31000000000000005,0.6959582790091264,0.24553817847286108,0.3630057803468208
28,Sulfide,0.32000000000000006,0.714975845410628,0.23146274149034038,0.34971158523872403
28,Sulfide,0.33,0.7334767906547802,0.21950321987120516,0.3378885505912342
28,Sulfide,0.34,0.747,0.20616375344986201,0.3231434751261716
28,Sulfide,0.35000000000000003,0.7655172413793103,0.19402023919043238,0.3095779816513761
28,Sulfide,0.36000000000000004,0.7798129384255651,0.18408463661453542,0.29785650491217625
28,Sulfide,0.37000000000000005,0.7919463087248322,0.17368905243790247,0.2848951259996982
28,Sulfide,0.38000000000000006,0.8056312443233424,0.16320147194112236,0.2714198286413709
28,Sulfide,0.39000000000000007,0.8184480234260615,0.15427782888684452,0.2596176174626519
28,Sulfide,0.4000000000000001,0.8338590956887487,0.14590616375344986,0.24835577826495459
28,Sulfide,0.4100000000000001,0.8469976905311778,0.13495860165593376,0.2328201872718616
28,Sulfide,0.42000000000000004,0.8554663372452131,0.12741490340386386,0.22179517975818722
28,Sulfide,0.43000000000000005,0.8665794637017659,0.12189512419503219,0.21372691346076297
28,Sulfide,0.44000000000000006,0.8769017980636238,0.11665133394664214,0.20591101006820398
28,Sulfide,0.45000000000000007,0.8828633405639913,0.11232750689972401,0.19929813106994204
28,Sulfide,0.4600000000000001,0.8867924528301887,0.10809567617295308,0.1927019270192702
28,Sulfide,0.4700000000000001,0.8939393939393939,0.1031278748850046,0.18492246783239855
28,Sulfide,0.4800000000000001,0.9017933390264731,0.09714811407543698,0.17540071422639317
28,Sulfide,0.49000000000000005,0.9059674502712477,0.0921803127874885,0.16733466933867736
28,Sulfide,0.5000000000000001,0.9080459770114943,0.08721251149954001,0.15914050696659393
28,Sulfide,0.5100000000000001,0.9121552604698672,0.08215271389144434,0.15073001941092076
28,Sulfide,0.5200000000000001,0.9160220994475138,0.07626494940202391,0.1408067940552017
28,Sulfide,0.5300000000000001,0.915606936416185,0.07286108555657773,0.1349808265871325
28,Sulfide,0.5400000000000001,0.9152542372881356,0.06954921803127875,0.1292749658002736
28,Sulfide,0.5500000000000002,0.9212903225806451,0.0656853725850966,0.12262773722627737
28,Sulfide,0.5600000000000002,0.9206989247311828,0.06301747930082796,0.11796108145341828
28,Sulfide,0.5700000000000002,0.9194915254237288,0.05988960441582337,0.1124546553808948
28,Sulfide,0.5800000000000002,0.9177877428998505,0.05648574057037718,0.10642170032065171
28,Sulfide,0.5900000000000002,0.9229534510433387,0.052897884084636616,0.10006090663882364
28,Sulfide,0.6000000000000002,0.923469387755102,0.049954001839926404,0.0947809390818642
28,Sulfide,0.6100000000000001,0.92,0.04655013799448022,0.08861646234676007
28,Sulfide,0.6200000000000001,0.9207920792079208,0.042778288868445265,0.08175824175824176
28,Sulfide,0.6300000000000001,0.9234042553191489,0.03992640294388224,0.07654320987654321
28,Sulfide,0.6400000000000001,0.9227272727272727,0.037350505979760806,0.07179487179487179
28,Sulfide,0.6500000000000001,0.927007299270073,0.035050597976080955,0.06754720326212216
28,Sulfide,0.6600000000000001,0.9354005167958657,0.03330266789328427,0.06431553699920049
28,Sulfide,0.6700000000000002,0.9362880886426593,0.03109475620975161,0.06019054402991719
28,Sulfide,0.6800000000000002,0.9369369369369369,0.028702851885924564,0.0556993662411854
28,Sulfide,0.6900000000000002,0.9356913183279743,0.026770929162833485,0.05205258921384492
28,Sulfide,0.7000000000000002,0.9319727891156463,0.025206991720331185,0.049086348978860626
28,Sulfide,0.7100000000000002,0.9381818181818182,0.023735050597976082,0.046298788694481834
28,Sulfide,0.7200000000000002,0.93359375,0.021987120515179395,0.04296243034333992
28,Sulfide,0.7300000000000002,0.9361702127659575,0.020239190432382703,0.03962179198559208
28,Sulfide,0.7400000000000002,0.9468599033816425,0.018031278748850046,0.03538864313442268
28,Sulfide,0.7500000000000002,0.949238578680203,0.0172033118675253,0.03379416282642089
28,Sulfide,0.7600000000000002,0.9441340782122905,0.015547378104875805,0.030591003710743053
28,Sulfide,0.7700000000000002,0.9401197604790419,0.014443422263109476,0.02844975989852315
28,Sulfide,0.7800000000000001,0.9436619718309859,0.01232750689972401,0.024337086814384307
28,Sulfide,0.7900000000000001,0.9453125,0.011131554737810488,0.022004000727404983
28,Sulfide,0.8000000000000002,0.9411764705882353,0.010303587856485741,0.020384020384020384
28,Sulfide,0.8100000000000002,0.9439252336448598,0.009291628334866605,0.018402113510066504
28,Sulfide,0.8200000000000002,0.9347826086956522,0.007911683532658694,0.015690567414705345
28,Sulfide,0.8300000000000002,0.9390243902439024,0.007083716651333946,0.014061358655953251
28,Sulfide,0.8400000000000002,0.935064935064935,0.006623735050597976,0.013154288846259249
28,Sulfide,0.8500000000000002,0.921875,0.005427782888684452,0.010792024876531919
28,Sulfide,0.8600000000000002,0.9230769230769231,0.0044158233670653175,0.008789598974546786
28,Sulfide,0.8700000000000002,0.9090909090909091,0.0036798528058877645,0.007330034817665384
28,Sulfide,0.8800000000000002,0.8857142857142857,0.0028518859245630175,0.005685465382851903
28,Sulfide,0.8900000000000002,0.9615384615384616,0.0022999080036798527,0.004588839941262849
28,Sulfide,0.9000000000000002,0.9583333333333334,0.0021159153633854644,0.00422250780246007
28,Sulfide,0.9100000000000003,1.0,0.0015639374425022998,0.0031229907228805
28,Sulfide,0.9200000000000003,1.0,0.0011039558417663294,0.0022054769343870613
28,Sulfide,0.9300000000000002,1.0,0.0009199632014719411,0.001838235294117647
28,Sulfide,0.9400000000000002,1.0,0.0003679852805887764,0.0007356998344675372
28,Sulfide,0.9500000000000002,1.0,9.19963201471941e-05,0.00018397571520559287
29,Sulfonamide,0.05,0.1555273323808012,0.8067526763656327,0.26078083407275954
29,Sulfonamide,0.060000000000000005,0.20145257134472894,0.7537743617897338,0.31793446798656944
29,Sulfonamide,0.07,0.2517971442639094,0.7018940433708482,0.3706334251340774
29,Sulfonamide,0.08000000000000002,0.3098934941614269,0.6629151797968708,0.4223504721930745
29,Sulfonamide,0.09000000000000001,0.3745513866231648,0.6302497941257206,0.4698659572291006
29,Sulfonamide,0.1,0.44242424242424244,0.6011528959648641,0.5097172116839288
29,Sulfonamide,0.11000000000000001,0.5077783179387457,0.5734284930002745,0.5386102874822741
29,Sulfonamide,0.12000000000000001,0.5619155568149617,0.5443315948394181,0.552983825989961
29,Sulfonamide,0.13,0.618105126541207,0.5229206697776558,0.566542750929368
29,Sulfonamide,0.14,0.6624180626365622,0.4993137524018666,0.5694161840663641
29,Sulfonamide,0.15000000000000002,0.7053140096618358,0.4809223167718913,0.5718948914640117
29,Sulfonamide,0.16000000000000003,0.731750219876869,0.4567664013175954,0.562447186074024
29,Sulfonamide,0.17000000000000004,0.7583924349881797,0.4402964589623936,0.5571378951024661
29,Sulfonamide,0.18000000000000005,0.7756539235412475,0.42327751852868517,0.5476824720298349
29,Sulfonamide,0.19,0.7974207415368082,0.4073565742519901,0.5392441860465116
29,Sulfonamide,0.2,0.8100338218714769,0.39445511940708206,0.5305519660328595
29,Sulfonamide,0.21000000000000002,0.8219584569732937,0.38018116936590723,0.5198948948948949
29,Sulfonamide,0.22000000000000003,0.8291021671826625,0.36755421356025253,0.5093191327500951
29,Sulfonamide,0.23000000000000004,0.8358112475759535,0.3549272577545979,0.4982658959537572
29,Sulfonamide,0.24000000000000005,0.8435191403626595,0.34477079330222343,0.48947778643803586
29,Sulfonamide,0.25000000000000006,0.8507358093903293,0.33324183365358223,0.4788954635108481
29,Sulfonamide,0.26000000000000006,0.8618181818181818,0.3252813615152347,0.4722997210043842
29,Sulfonamide,0.27,0.8702175543885972,0.31841888553390063,0.4662379421221865
29,Sulfonamide,0.28,0.8720123361603701,0.31045841339555313,0.45789473684210524
29,Sulfonamide,0.29000000000000004,0.878714859437751,0.3003019489431787,0.44762684124386254
29,Sulfonamide,0.30000000000000004,0.8821070234113713,0.28959648641229757,0.4360405042364125
29,Sulfonamide,0.31000000000000005,0.8849171752397559,0.27861652484216304,0.42379958246346555
29,Sulfonamide,0.32000000000000006,0.8844765342960289,0.26900905846829537,0.4125447274258051
29,Sulfonamide,0.33,0.8870056497175142,0.25857809497666756,0.40042507970244423
29,Sulfonamide,0.34,0.8894277400581959,0.2517156189953335,0.3923833975181857
29,Sulfonamide,0.35000000000000003,0.8973080757726819,0.24704913532802636,0.38743004735256137
29,Sulfonamide,0.36000000000000004,0.8987603305785123,0.23881416415042547,0.37735849056603776
29,Sulfonamide,0.37000000000000005,0.9005347593582887,0.2311281910513313,0.36784622105723025
29,Sulfonamide,0.38000000000000006,0.9013303769401331,0.22316771891298381,0.3577557755775578
29,Sulfonamide,0.39000000000000007,0.9045454545454545,0.21850123524567663,0.35197877514923726
29,Sulfonamide,0.4000000000000001,0.9064327485380117,0.21273675542135603,0.3445975989328591
29,Sulfonamide,0.4100000000000001,0.9064398541919806,0.2047762832830085,0.3340797133900582
29,Sulfonamide,0.42000000000000004,0.90625,0.1990118034586879,0.32635606572135945
29,Sulfonamide,0.43000000000000005,0.9048843187660668,0.19324732363436728,0.31847998190454646
29,Sulfonamide,0.44000000000000006,0.9058355437665783,0.18748284381004665,0.3106663634296111
29,Sulfonamide,0.45000000000000007,0.9124487004103967,0.18309085918199286,0.30498399634202106
29,Sulfonamide,0.4600000000000001,0.9153737658674189,0.17814987647543234,0.29825367647058826
29,Sulfonamide,0.4700000000000001,0.9136690647482014,0.17430688992588525,0.29276164130935917
29,Sulfonamide,0.4800000000000001,0.913946587537092,0.16909140818007137,0.28538336807968495
29,Sulfonamide,0.49000000000000005,0.9125766871165644,0.16332692835575074,0.2770663562281723
29,Sulfonamide,0.5000000000000001,0.9129746835443038,0.15838594564919023,0.26994152046783626
29,Sulfonamide,0.5100000000000001,0.915702479338843,0.15207246774636288,0.2608286252354049
29,Sulfonamide,0.5200000000000001,0.9169491525423729,0.14850398023606917,0.25561067800614223
29,Sulfonamide,0.5300000000000001,0.9191564147627417,0.14356299752950866,0.248338081671415
29,Sulfonamide,0.5400000000000001,0.923217550274223,0.13862201482294811,0.24105011933174225
29,Sulfonamide,0.5500000000000002,0.9233716475095786,0.1323085369201208,0.23145258103241295
29,Sulfonamide,0.5600000000000002,0.9230769230769231,0.1284655503705737,0.22554216867469878
29,Sulfonamide,0.5700000000000002,0.920892494929006,0.12462256382102663,0.21953578336557059
29,Sulfonamide,0.5800000000000002,0.9206680584551148,0.12105407631073291,0.21397379912663755
29,Sulfonamide,0.5900000000000002,0.9229122055674518,0.11830908591819929,0.2097323600973236
29,Sulfonamide,0.6000000000000002,0.9213483146067416,0.11254460609387867,0.20058708414872797
29,Sulfonamide,0.6100000000000001,0.9205607476635514,0.10815262146582487,0.19356423483173668
29,Sulfonamide,0.6200000000000001,0.9180722891566265,0.10458413395553115,0.1877772301626417
29,Sulfonamide,0.6300000000000001,0.9143576826196473,0.09964315124897064,0.1797029702970297
29,Sulfonamide,0.6400000000000001,0.9124668435013262,0.09442766950315674,0.17114427860696518
29,Sulfonamide,0.6500000000000001,0.9123287671232877,0.09140818007136975,0.1661676646706587
29,Sulfonamide,0.6600000000000001,0.9116809116809117,0.08783969256107603,0.16024036054081123
29,Sulfonamide,0.6700000000000002,0.9066265060240963,0.08262421081526215,0.15144654088050313
29,Sulfonamide,0.6800000000000002,0.9025974025974026,0.0763107329124348,0.140723867375348
29,Sulfonamide,0.6900000000000002,0.9125874125874126,0.07164424924512765,0.13285823364723848
29,Sulfonamide,0.7000000000000002,0.9080459770114943,0.06505627230304693,0.12141393442622951
29,Sulfonamide,0.7100000000000002,0.9141630901287554,0.05846829536096624,0.10990712074303406
29,Sulfonamide,0.7200000000000002,0.9162790697674419,0.054076310732912435,0.10212545360290305
29,Sulfonamide,0.7300000000000002,0.91,0.049958825144112,0.0947176684881603
29,Sulfonamide,0.7400000000000002,0.9166666666666666,0.04831183090859182,0.09178617992177314
29,Sulfonamide,0.7500000000000002,0.9101123595505618,0.044468844359044746,0.08479455639884848
29,Sulfonamide,0.7600000000000002,0.9030303030303031,0.04090035684875103,0.0782563025210084
29,Sulfonamide,0.7700000000000002,0.910958904109589,0.03650837222069723,0.0702032198469253
29,Sulfonamide,0.7800000000000001,0.9166666666666666,0.03321438374965688,0.06410596026490066
29,Sulfonamide,0.7900000000000001,0.9327731092436975,0.03046939335712325,0.05901116427432217
29,Sulfonamide,0.8000000000000002,0.9333333333333333,0.026900905846829536,0.052294557097118465
29,Sulfonamide,0.8100000000000002,0.9375,0.024704913532802634,0.04814121422840332
29,Sulfonamide,0.8200000000000002,0.9325842696629213,0.022783420258029097,0.04448017148981779
29,Sulfonamide,0.8300000000000002,0.9305555555555556,0.018391435629975295,0.0360699865410498
29,Sulfonamide,0.8400000000000002,0.9180327868852459,0.015371946198188307,0.03023758099352052
29,Sulfonamide,0.8500000000000002,0.9272727272727272,0.013999451001921494,0.027582477014602487
29,Sulfonamide,0.8600000000000002,0.9318181818181818,0.011254460609387867,0.022240303770002714
29,Sulfonamide,0.8700000000000002,0.9428571428571428,0.009058468295360967,0.01794453507340946
29,Sulfonamide,0.8800000000000002,0.9310344827586207,0.007411474059840791,0.014705882352941176
29,Sulfonamide,0.8900000000000002,0.9166666666666666,0.0060389788635739775,0.011998909190073629
29,Sulfonamide,0.9000000000000002,0.9,0.004940982706560527,0.009828009828009828
29,Sulfonamide,0.9100000000000003,0.8823529411764706,0.0041174855888004395,0.00819672131147541
29,Sulfonamide,0.9200000000000003,0.9,0.0024704913532802636,0.004927456884752259
29,Sulfonamide,0.9300000000000002,1.0,0.0019214932747735384,0.0038356164383561643
29,Sulfonamide,0.9400000000000002,1.0,0.0010979961570134504,0.0021935837674801205
29,Sulfonamide,0.9500000000000002,1.0,0.0008234971177600879,0.0016456390565002743
30,Sulfonate,0.05,0.5068137573004543,0.8591859185918592,0.6375510204081632
30,Sulfonate,0.060000000000000005,0.5560344827586207,0.8514851485148515,0.6727509778357236
30,Sulfonate,0.07,0.5981235340109461,0.8415841584158416,0.6992687385740403
30,Sulfonate,0.08000000000000002,0.6406117247238743,0.8294829482948295,0.7229146692233941
30,Sulfonate,0.09000000000000001,0.6799276672694394,0.8272827282728272,0.7464019851116626
30,Sulfonate,0.1,0.7020676691729323,0.8217821782178217,0.7572225038013178
30,Sulfonate,0.11000000000000001,0.718172983479106,0.812981298129813,0.762641898864809
30,Sulfonate,0.12000000000000001,0.733,0.8063806380638063,0.7679413305395495
30,Sulfonate,0.13,0.7502579979360166,0.7997799779977998,0.7742279020234292
30,Sulfonate,0.14,0.7625668449197861,0.7843784378437844,0.7733188720173536
30,Sulfonate,0.15000000000000002,0.7707423580786026,0.7766776677667767,0.7736986301369863
30,Sulfonate,0.16000000000000003,0.7872340425531915,0.7733773377337734,0.7802441731409545
30,Sulfonate,0.17000000000000004,0.8025258323765786,0.768976897689769,0.7853932584269663
30,Sulfonate,0.18000000000000005,0.8171160609613131,0.7667766776677668,0.7911464245175936
30,Sulfonate,0.19,0.8206650831353919,0.7601760176017601,0.7892632781267847
30,Sulfonate,0.2,0.8268765133171913,0.7513751375137514,0.7873198847262248
30,Sulfonate,0.21000000000000002,0.8403465346534653,0.746974697469747,0.7909143855562026
30,Sulfonate,0.22000000000000003,0.8471177944862155,0.7436743674367436,0.79203280609256
30,Sulfonate,0.23000000000000004,0.85297845373891,0.7403740374037404,0.7926972909305064
30,Sulfonate,0.24000000000000005,0.8586118251928021,0.7348734873487349,0.7919383521043272
30,Sulfonate,0.25000000000000006,0.8625162127107653,0.7315731573157316,0.7916666666666666
30,Sulfonate,0.26000000000000006,0.8657894736842106,0.7238723872387238,0.7884961054523667
30,Sulfonate,0.27,0.8731642189586115,0.7194719471947195,0.7889022919179735
30,Sulfonate,0.28,0.8787061994609164,0.7172717271727173,0.789824348879467
30,Sulfonate,0.29000000000000004,0.8826739427012278,0.7117711771177118,0.7880633373934226
30,Sulfonate,0.30000000000000004,0.8834019204389575,0.7084708470847084,0.7863247863247863
30,Sulfonate,0.31000000000000005,0.8864265927977839,0.7040704070407041,0.7847946045370938
30,Sulfonate,0.32000000000000006,0.8901408450704226,0.6952695269526953,0.7807288449660285
30,Sulfonate,0.33,0.896011396011396,0.6919691969196919,0.7808814400993171
30,Sulfonate,0.34,0.8964028776978418,0.6853685368536854,0.7768079800498753
30,Sulfonate,0.35000000000000003,0.8981077147016011,0.6787678767876788,0.7731829573934837
30,Sulfonate,0.36000000000000004,0.9001468428781204,0.6743674367436744,0.7710691823899372
30,Sulfonate,0.37000000000000005,0.9034175334323923,0.6688668866886689,0.7686472819216182
30,Sulfonate,0.38000000000000006,0.9067669172932331,0.6633663366336634,0.7662007623888183
30,Sulfonate,0.39000000000000007,0.9092284417549168,0.6611661166116611,0.7656050955414013
30,Sulfonate,0.4000000000000001,0.9124423963133641,0.6534653465346535,0.7615384615384615
30,Sulfonate,0.4100000000000001,0.9116279069767442,0.6468646864686468,0.7567567567567568
30,Sulfonate,0.42000000000000004,0.9106583072100314,0.6391639163916392,0.751131221719457
30,Sulfonate,0.43000000000000005,0.9154704944178629,0.6314631463146315,0.7473958333333334
30,Sulfonate,0.44000000000000006,0.9176090468497576,0.6248624862486248,0.743455497382199
30,Sulfonate,0.45000000000000007,0.9203252032520325,0.6226622662266227,0.7427821522309711
30,Sulfonate,0.4600000000000001,0.922824302134647,0.6182618261826183,0.7404479578392622
30,Sulfonate,0.4700000000000001,0.9233333333333333,0.6094609460946094,0.7342611000662691
30,Sulfonate,0.4800000000000001,0.9224283305227656,0.6017601760176018,0.7283621837549934
30,Sulfonate,0.49000000000000005,0.9235993208828522,0.5984598459845984,0.7263017356475301
30,Sulfonate,0.5000000000000001,0.9243986254295533,0.5918591859185919,0.721663313212609
30,Sulfonate,0.5100000000000001,0.9234782608695652,0.5841584158415841,0.715633423180593
30,Sulfonate,0.5200000000000001,0.9259259259259259,0.5775577557755776,0.7113821138211383
30,Sulfonate,0.5300000000000001,0.9265232974910395,0.5687568756875687,0.7048398091342877
30,Sulfonate,0.5400000000000001,0.9274047186932849,0.5621562156215621,0.7
30,Sulfonate,0.5500000000000002,0.9302752293577982,0.5577557755775577,0.6973865199449794
30,Sulfonate,0.5600000000000002,0.9294990723562152,0.5511551155115512,0.6919889502762431
30,Sulfonate,0.5700000000000002,0.9287054409005628,0.5445544554455446,0.6865464632454924
30,Sulfonate,0.5800000000000002,0.9278937381404174,0.5379537953795379,0.6810584958217271
30,Sulfonate,0.5900000000000002,0.9320388349514563,0.528052805280528,0.6741573033707865
30,Sulfonate,0.6000000000000002,0.9313725490196079,0.5225522552255225,0.6694855532064834
30,Sulfonate,0.6100000000000001,0.9321357285429142,0.5137513751375138,0.6624113475177305
30,Sulfonate,0.6200000000000001,0.930327868852459,0.49944994499449946,0.6499642090193272
30,Sulfonate,0.6300000000000001,0.9291666666666667,0.49064906490649063,0.6421886249100072
30,Sulfonate,0.6400000000000001,0.9282700421940928,0.48404840484048406,0.6362979031091829
30,Sulfonate,0.6500000000000001,0.9273504273504274,0.47744774477447743,0.6303558460421206
30,Sulfonate,0.6600000000000001,0.9385964912280702,0.47084708470847086,0.6271062271062271
30,Sulfonate,0.6700000000000002,0.9391891891891891,0.45874587458745875,0.6164079822616408
30,Sulfonate,0.6800000000000002,0.9377880184331797,0.44774477447744776,0.6061057334326135
30,Sulfonate,0.6900000000000002,0.9364705882352942,0.43784378437843785,0.5967016491754122
30,Sulfonate,0.7000000000000002,0.9354066985645934,0.43014301430143015,0.5892991710625471
30,Sulfonate,0.7100000000000002,0.9362745098039216,0.42024202420242024,0.5801063022019742
30,Sulfonate,0.7200000000000002,0.9351620947630923,0.41254125412541254,0.5725190839694656
30,Sulfonate,0.7300000000000002,0.9346733668341709,0.40924092409240925,0.5692425401683244
30,Sulfonate,0.7400000000000002,0.9432989690721649,0.40264026402640263,0.5643793369313801
30,Sulfonate,0.7500000000000002,0.941952506596306,0.3927392739273927,0.5543478260869565
30,Sulfonate,0.7600000000000002,0.9410187667560321,0.38613861386138615,0.5475819032761311
30,Sulfonate,0.7700000000000002,0.9419889502762431,0.37513751375137516,0.5365853658536586
30,Sulfonate,0.7800000000000001,0.940677966101695,0.36633663366336633,0.5273159144893111
30,Sulfonate,0.7900000000000001,0.9495548961424333,0.35203520352035206,0.5136436597110754
30,Sulfonate,0.8000000000000002,0.9478527607361963,0.33993399339933994,0.5004048582995951
30,Sulfonate,0.8100000000000002,0.9517684887459807,0.3256325632563256,0.4852459016393443
30,Sulfonate,0.8200000000000002,0.9531772575250836,0.31353135313531355,0.4718543046357616
30,Sulfonate,0.8300000000000002,0.951048951048951,0.2992299229922992,0.45523012552301256
30,Sulfonate,0.8400000000000002,0.9528985507246377,0.2893289328932893,0.4438818565400844
30,Sulfonate,0.8500000000000002,0.9511278195488722,0.27832783278327833,0.4306382978723404
30,Sulfonate,0.8600000000000002,0.94921875,0.26732673267326734,0.4171673819742489
30,Sulfonate,0.8700000000000002,0.9482071713147411,0.26182618261826185,0.4103448275862069
30,Sulfonate,0.8800000000000002,0.9605263157894737,0.24092409240924093,0.38522427440633245
30,Sulfonate,0.8900000000000002,0.9579439252336449,0.22552255225522552,0.365093499554764
30,Sulfonate,0.9000000000000002,0.9528795811518325,0.2002200220022002,0.33090909090909093
30,Sulfonate,0.9100000000000003,0.9590643274853801,0.18041804180418042,0.3037037037037037
30,Sulfonate,0.9200000000000003,0.9602649006622517,0.15951595159515952,0.27358490566037735
30,Sulfonate,0.9300000000000002,0.9590163934426229,0.12871287128712872,0.22696411251212414
30,Sulfonate,0.9400000000000002,0.9390243902439024,0.0847084708470847,0.15539858728557013
30,Sulfonate,0.9500000000000002,0.9387755102040817,0.050605060506050605,0.09603340292275574
31,Sulfone,0.05,0.36957100985877966,0.7201453790238836,0.4884662792745202
31,Sulfone,0.060000000000000005,0.45097380792478176,0.6973001038421599,0.547716150081566
31,Sulfone,0.07,0.5182364729458918,0.6713395638629284,0.5849355349468446
31,Sulfone,0.08000000000000002,0.5817263544536272,0.657840083073728,0.6174463937621832
31,Sulfone,0.09000000000000001,0.6305569749616761,0.6407061266874351,0.6355910378573268
31,Sulfone,0.1,0.6748740906547286,0.6261682242990654,0.6496094802046862
31,Sulfone,0.11000000000000001,0.7149817295980512,0.6095534787123572,0.6580717488789237
31,Sulfone,0.12000000000000001,0.7449838187702266,0.5976116303219107,0.6632094497263037
31,Sulfone,0.13,0.7673469387755102,0.5856697819314641,0.6643109540636042
31,Sulfone,0.14,0.786723163841808,0.5784008307372793,0.6666666666666666
31,Sulfone,0.15000000000000002,0.8069270449521002,0.5685358255451713,0.6670727992689613
31,Sulfone,0.16000000000000003,0.8203184230477635,0.5617860851505712,0.6668721109399075
31,Sulfone,0.17000000000000004,0.8303501945525292,0.5539979231568016,0.6645904702584865
31,Sulfone,0.18000000000000005,0.8396825396825397,0.54932502596054,0.6641556811048337
31,Sulfone,0.19,0.8517608517608518,0.5399792315680166,0.6609469335875436
31,Sulfone,0.2,0.8573811509591326,0.5337487019730011,0.65792
31,Sulfone,0.21000000000000002,0.8645655877342419,0.5269989615784009,0.6548387096774193
31,Sulfone,0.22000000000000003,0.8673026886383348,0.5192107995846313,0.6495615459564794
31,Sulfone,0.23000000000000004,0.8748898678414097,0.5155763239875389,0.6488075792224763
31,Sulfone,0.24000000000000005,0.8789237668161435,0.5088265835929388,0.6445248273594213
31,Sulfone,0.25000000000000006,0.8842297174111212,0.5036344755970924,0.6417466093284816
31,Sulfone,0.26000000000000006,0.8851102941176471,0.5,0.6390179163901791
31,Sulfone,0.27,0.8888888888888888,0.49428868120456904,0.635301968635302
31,Sulfone,0.28,0.8901515151515151,0.48805815160955346,0.630449362843729
31,Sulfone,0.29000000000000004,0.8952929875120077,0.48390446521287644,0.6282440175261207
31,Sulfone,0.30000000000000004,0.8958130477117819,0.47767393561786087,0.6230951574669827
31,Sulfone,0.31000000000000005,0.8954635108481263,0.4714434060228453,0.617687074829932
31,Sulfone,0.32000000000000006,0.8943170488534397,0.4657320872274143,0.6124957323318538
31,Sulfone,0.33,0.89738430583501,0.46313603322949115,0.6109589041095891
31,Sulfone,0.34,0.8994871794871795,0.4553478712357217,0.6046190968631506
31,Sulfone,0.35000000000000003,0.9036649214659686,0.4480789200415369,0.5990975355779243
31,Sulfone,0.36000000000000004,0.9049145299145299,0.43977154724818274,0.5918937805730259
31,Sulfone,0.37000000000000005,0.905742145178765,0.43406022845275183,0.5868725868725869
31,Sulfone,0.38000000000000006,0.9054945054945055,0.42782969885773625,0.5811001410437235
31,Sulfone,0.39000000000000007,0.9043381535038932,0.4221183800623053,0.575575221238938
31,Sulfone,0.4000000000000001,0.9036954087346024,0.4190031152647975,0.5725434551259312
31,Sulfone,0.4100000000000001,0.905788876276958,0.4143302180685358,0.5685785536159601
31,Sulfone,0.42000000000000004,0.9097222222222222,0.40809968847352024,0.5634408602150538
31,Sulfone,0.43000000000000005,0.9098360655737705,0.40342679127725856,0.5589928057553957
31,Sulfone,0.44000000000000006,0.9122182680901542,0.39927310488058154,0.5554351751534851
31,Sulfone,0.45000000000000007,0.9124700239808153,0.39511941848390447,0.5514492753623188
31,Sulfone,0.4600000000000001,0.9133089133089133,0.3883696780893043,0.5449908925318762
31,Sulfone,0.4700000000000001,0.9146039603960396,0.3836967808930426,0.5405998536942209
31,Sulfone,0.4800000000000001,0.9156171284634761,0.377466251298027,0.5345588235294118
31,Sulfone,0.49000000000000005,0.9154929577464789,0.37123572170301145,0.5282600664942741
31,Sulfone,0.5000000000000001,0.9164490861618799,0.3644859813084112,0.5215453194650818
31,Sulfone,0.5100000000000001,0.9190981432360743,0.3598130841121495,0.5171641791044777
31,Sulfone,0.5200000000000001,0.9193548387096774,0.35514018691588783,0.5123595505617977
31,Sulfone,0.5300000000000001,0.9234972677595629,0.3509865005192108,0.508653122648608
31,Sulfone,0.5400000000000001,0.9218967921896792,0.34319833852544135,0.5001891789632993
31,Sulfone,0.5500000000000002,0.9227467811158798,0.3348909657320872,0.49142857142857144
31,Sulfone,0.5600000000000002,0.9238653001464129,0.3276220145379024,0.48371023380605593
31,Sulfone,0.5700000000000002,0.9267563527653214,0.32191069574247144,0.47784200385356457
31,Sulfone,0.5800000000000002,0.9299847792998478,0.31723779854620976,0.473093302361595
31,Sulfone,0.5900000000000002,0.9304482225656878,0.3125649013499481,0.46793626117372716
31,Sulfone,0.6000000000000002,0.9293563579277865,0.3073727933541018,0.46195864221615296
31,Sulfone,0.6100000000000001,0.9314194577352473,0.3032191069574247,0.4575009792401097
31,Sulfone,0.6200000000000001,0.93042071197411,0.29854620976116303,0.4520440251572327
31,Sulfone,0.6300000000000001,0.9306930693069307,0.29283489096573206,0.44549763033175355
31,Sulfone,0.6400000000000001,0.9343434343434344,0.2881619937694704,0.44047619047619047
31,Sulfone,0.6500000000000001,0.9397590361445783,0.2834890965732087,0.4355803749501396
31,Sulfone,0.6600000000000001,0.9403508771929825,0.2782969885773624,0.42948717948717946
31,Sulfone,0.6700000000000002,0.9395017793594306,0.27414330218068533,0.42443729903536975
31,Sulfone,0.6800000000000002,0.9384057971014492,0.26895119418483904,0.4180790960451977
31,Sulfone,0.6900000000000002,0.9365671641791045,0.26064382139148495,0.40779853777416736
31,Sulfone,0.7000000000000002,0.9352380952380952,0.254932502596054,0.40065279477764176
31,Sulfone,0.7100000000000002,0.9352941176470588,0.24766355140186916,0.3916256157635468
31,Sulfone,0.7200000000000002,0.934,0.24247144340602284,0.38499587798845836
31,Sulfone,0.7300000000000002,0.9322381930184805,0.23572170301142265,0.37629506837961046
31,Sulfone,0.7400000000000002,0.9322033898305084,0.2284527518172378,0.3669724770642202
31,Sulfone,0.7500000000000002,0.934640522875817,0.22274143302180685,0.35974842767295595
31,Sulfone,0.7600000000000002,0.9348314606741573,0.21599169262720663,0.3509067903838043
31,Sulfone,0.7700000000000002,0.9327146171693735,0.2087227414330218,0.3411115825201527
31,Sulfone,0.7800000000000001,0.930622009569378,0.2019730010384216,0.3319112627986348
31,Sulfone,0.7900000000000001,0.9325,0.1936656282450675,0.3207222699914015
31,Sulfone,0.8000000000000002,0.9417989417989417,0.18483904465212878,0.3090277777777778
31,Sulfone,0.8100000000000002,0.9439775910364145,0.17497403946002077,0.2952255803766973
31,Sulfone,0.8200000000000002,0.9437869822485208,0.1656282450674974,0.28180212014134276
31,Sulfone,0.8300000000000002,0.946843853820598,0.14797507788161993,0.2559497081275258
31,Sulfone,0.8400000000000002,0.9498207885304659,0.1375908618899273,0.24036281179138322
31,Sulfone,0.8500000000000002,0.9498069498069498,0.1277258566978193,0.22517162471395882
31,Sulfone,0.8600000000000002,0.9473684210526315,0.11214953271028037,0.20055710306406685
31,Sulfone,0.8700000000000002,0.9504950495049505,0.09968847352024922,0.18045112781954886
31,Sulfone,0.8800000000000002,0.9461077844311377,0.08203530633437175,0.1509794553272814
31,Sulfone,0.8900000000000002,0.9416058394160584,0.06697819314641744,0.12506059137178865
31,Sulfone,0.9000000000000002,0.9523809523809523,0.05192107995846314,0.09847365829640571
31,Sulfone,0.9100000000000003,0.9487179487179487,0.03842159916926272,0.07385229540918163
31,Sulfone,0.9200000000000003,0.9423076923076923,0.02544132917964694,0.04954499494438827
31,Sulfone,0.9300000000000002,0.9705882352941176,0.017133956386292833,0.0336734693877551
31,Sulfone,0.9400000000000002,0.9565217391304348,0.01142263759086189,0.022575679835813236
31,Sulfone,0.9500000000000002,0.9285714285714286,0.006749740394600207,0.013402061855670102
32,Sulfonic acid,0.05,1.0,1.0,1.0
32,Sulfonic acid,0.060000000000000005,1.0,1.0,1.0
32,Sulfonic acid,0.07,1.0,1.0,1.0
32,Sulfonic acid,0.08000000000000002,1.0,1.0,1.0
32,Sulfonic acid,0.09000000000000001,1.0,1.0,1.0
32,Sulfonic acid,0.1,1.0,1.0,1.0
32,Sulfonic acid,0.11000000000000001,1.0,1.0,1.0
32,Sulfonic acid,0.12000000000000001,1.0,1.0,1.0
32,Sulfonic acid,0.13,1.0,1.0,1.0
32,Sulfonic acid,0.14,1.0,1.0,1.0
32,Sulfonic acid,0.15000000000000002,1.0,1.0,1.0
32,Sulfonic acid,0.16000000000000003,1.0,1.0,1.0
32,Sulfonic acid,0.17000000000000004,1.0,1.0,1.0
32,Sulfonic acid,0.18000000000000005,1.0,1.0,1.0
32,Sulfonic acid,0.19,1.0,1.0,1.0
32,Sulfonic acid,0.2,1.0,1.0,1.0
32,Sulfonic acid,0.21000000000000002,1.0,1.0,1.0
32,Sulfonic acid,0.22000000000000003,1.0,1.0,1.0
32,Sulfonic acid,0.23000000000000004,1.0,1.0,1.0
32,Sulfonic acid,0.24000000000000005,1.0,1.0,1.0
32,Sulfonic acid,0.25000000000000006,1.0,1.0,1.0
32,Sulfonic acid,0.26000000000000006,1.0,1.0,1.0
32,Sulfonic acid,0.27,1.0,1.0,1.0
32,Sulfonic acid,0.28,1.0,1.0,1.0
32,Sulfonic acid,0.29000000000000004,1.0,1.0,1.0
32,Sulfonic acid,0.30000000000000004,1.0,1.0,1.0
32,Sulfonic acid,0.31000000000000005,1.0,1.0,1.0
32,Sulfonic acid,0.32000000000000006,1.0,1.0,1.0
32,Sulfonic acid,0.33,1.0,1.0,1.0
32,Sulfonic acid,0.34,1.0,1.0,1.0
32,Sulfonic acid,0.35000000000000003,1.0,1.0,1.0
32,Sulfonic acid,0.36000000000000004,1.0,1.0,1.0
32,Sulfonic acid,0.37000000000000005,1.0,1.0,1.0
32,Sulfonic acid,0.38000000000000006,1.0,1.0,1.0
32,Sulfonic acid,0.39000000000000007,1.0,1.0,1.0
32,Sulfonic acid,0.4000000000000001,1.0,0.6666666666666666,0.8
32,Sulfonic acid,0.4100000000000001,1.0,0.6666666666666666,0.8
32,Sulfonic acid,0.42000000000000004,1.0,0.6666666666666666,0.8
32,Sulfonic acid,0.43000000000000005,1.0,0.6666666666666666,0.8
32,Sulfonic acid,0.44000000000000006,1.0,0.6666666666666666,0.8
32,Sulfonic acid,0.45000000000000007,1.0,0.6666666666666666,0.8
32,Sulfonic acid,0.4600000000000001,1.0,0.6666666666666666,0.8
32,Sulfonic acid,0.4700000000000001,1.0,0.6666666666666666,0.8
32,Sulfonic acid,0.4800000000000001,1.0,0.6666666666666666,0.8
32,Sulfonic acid,0.49000000000000005,1.0,0.6666666666666666,0.8
32,Sulfonic acid,0.5000000000000001,1.0,0.6666666666666666,0.8
32,Sulfonic acid,0.5100000000000001,1.0,0.6666666666666666,0.8
32,Sulfonic acid,0.5200000000000001,1.0,0.6666666666666666,0.8
32,Sulfonic acid,0.5300000000000001,1.0,0.6666666666666666,0.8
32,Sulfonic acid,0.5400000000000001,1.0,0.3333333333333333,0.5
32,Sulfonic acid,0.5500000000000002,1.0,0.3333333333333333,0.5
32,Sulfonic acid,0.5600000000000002,1.0,0.3333333333333333,0.5
32,Sulfonic acid,0.5700000000000002,1.0,0.3333333333333333,0.5
32,Sulfonic acid,0.5800000000000002,1.0,0.3333333333333333,0.5
32,Sulfonic acid,0.5900000000000002,1.0,0.3333333333333333,0.5
32,Sulfonic acid,0.6000000000000002,1.0,0.3333333333333333,0.5
32,Sulfonic acid,0.6100000000000001,1.0,0.3333333333333333,0.5
32,Sulfonic acid,0.6200000000000001,0.0,0.0,0.0
32,Sulfonic acid,0.6300000000000001,0.0,0.0,0.0
32,Sulfonic acid,0.6400000000000001,0.0,0.0,0.0
32,Sulfonic acid,0.6500000000000001,0.0,0.0,0.0
32,Sulfonic acid,0.6600000000000001,0.0,0.0,0.0
32,Sulfonic acid,0.6700000000000002,0.0,0.0,0.0
32,Sulfonic acid,0.6800000000000002,0.0,0.0,0.0
32,Sulfonic acid,0.6900000000000002,0.0,0.0,0.0
32,Sulfonic acid,0.7000000000000002,0.0,0.0,0.0
32,Sulfonic acid,0.7100000000000002,0.0,0.0,0.0
32,Sulfonic acid,0.7200000000000002,0.0,0.0,0.0
32,Sulfonic acid,0.7300000000000002,0.0,0.0,0.0
32,Sulfonic acid,0.7400000000000002,0.0,0.0,0.0
32,Sulfonic acid,0.7500000000000002,0.0,0.0,0.0
32,Sulfonic acid,0.7600000000000002,0.0,0.0,0.0
32,Sulfonic acid,0.7700000000000002,0.0,0.0,0.0
32,Sulfonic acid,0.7800000000000001,0.0,0.0,0.0
32,Sulfonic acid,0.7900000000000001,0.0,0.0,0.0
32,Sulfonic acid,0.8000000000000002,0.0,0.0,0.0
32,Sulfonic acid,0.8100000000000002,0.0,0.0,0.0
32,Sulfonic acid,0.8200000000000002,0.0,0.0,0.0
32,Sulfonic acid,0.8300000000000002,0.0,0.0,0.0
32,Sulfonic acid,0.8400000000000002,0.0,0.0,0.0
32,Sulfonic acid,0.8500000000000002,0.0,0.0,0.0
32,Sulfonic acid,0.8600000000000002,0.0,0.0,0.0
32,Sulfonic acid,0.8700000000000002,0.0,0.0,0.0
32,Sulfonic acid,0.8800000000000002,0.0,0.0,0.0
32,Sulfonic acid,0.8900000000000002,0.0,0.0,0.0
32,Sulfonic acid,0.9000000000000002,0.0,0.0,0.0
32,Sulfonic acid,0.9100000000000003,0.0,0.0,0.0
32,Sulfonic acid,0.9200000000000003,0.0,0.0,0.0
32,Sulfonic acid,0.9300000000000002,0.0,0.0,0.0
32,Sulfonic acid,0.9400000000000002,0.0,0.0,0.0
32,Sulfonic acid,0.9500000000000002,0.0,0.0,0.0
33,Sulfoxide,0.05,0.6363636363636364,0.5732009925558312,0.6031331592689295
33,Sulfoxide,0.060000000000000005,0.6925465838509317,0.5533498759305211,0.6151724137931035
33,Sulfoxide,0.07,0.7315436241610739,0.5409429280397022,0.6219686162624821
33,Sulfoxide,0.08000000000000002,0.7730496453900709,0.5409429280397022,0.6364963503649635
33,Sulfoxide,0.09000000000000001,0.7933579335793358,0.533498759305211,0.6379821958456974
33,Sulfoxide,0.1,0.8053435114503816,0.5235732009925558,0.6345864661654136
33,Sulfoxide,0.11000000000000001,0.8267716535433071,0.5210918114143921,0.639269406392694
33,Sulfoxide,0.12000000000000001,0.8393574297188755,0.5186104218362283,0.6411042944785276
33,Sulfoxide,0.13,0.8489795918367347,0.5161290322580645,0.6419753086419753
33,Sulfoxide,0.14,0.8571428571428571,0.5062034739454094,0.6365054602184087
33,Sulfoxide,0.15000000000000002,0.8663793103448276,0.4987593052109181,0.6330708661417322
33,Sulfoxide,0.16000000000000003,0.8678414096916299,0.48883374689826303,0.6253968253968254
33,Sulfoxide,0.17000000000000004,0.8693693693693694,0.47890818858560796,0.6176
33,Sulfoxide,0.18000000000000005,0.8721461187214612,0.4739454094292804,0.6141479099678456
33,Sulfoxide,0.19,0.8790697674418605,0.46898263027295284,0.6116504854368932
33,Sulfoxide,0.2,0.8857142857142857,0.46153846153846156,0.6068515497553018
33,Sulfoxide,0.21000000000000002,0.8846153846153846,0.456575682382134,0.602291325695581
33,Sulfoxide,0.22000000000000003,0.8888888888888888,0.456575682382134,0.6032786885245902
33,Sulfoxide,0.23000000000000004,0.8926829268292683,0.45409429280397023,0.6019736842105263
33,Sulfoxide,0.24000000000000005,0.8960396039603961,0.4491315136476427,0.5983471074380166
33,Sulfoxide,0.25000000000000006,0.898989898989899,0.44168734491315137,0.5923460898502496
33,Sulfoxide,0.26000000000000006,0.9020618556701031,0.43424317617866004,0.5862646566164154
33,Sulfoxide,0.27,0.9015544041450777,0.4317617866004963,0.5838926174496645
33,Sulfoxide,0.28,0.9052631578947369,0.4267990074441687,0.5801011804384486
33,Sulfoxide,0.29000000000000004,0.9037433155080213,0.41935483870967744,0.5728813559322034
33,Sulfoxide,0.30000000000000004,0.9037433155080213,0.41935483870967744,0.5728813559322034
33,Sulfoxide,0.31000000000000005,0.9005524861878453,0.4044665012406948,0.5582191780821918
33,Sulfoxide,0.32000000000000006,0.8994413407821229,0.39950372208436724,0.5532646048109966
33,Sulfoxide,0.33,0.898876404494382,0.3970223325062035,0.5507745266781411
33,Sulfoxide,0.34,0.8983050847457628,0.3945409429280397,0.5482758620689655
33,Sulfoxide,0.35000000000000003,0.9022988505747126,0.38957816377171217,0.5441941074523396
33,Sulfoxide,0.36000000000000004,0.9117647058823529,0.38461538461538464,0.5410122164048866
33,Sulfoxide,0.37000000000000005,0.9112426035502958,0.38213399503722084,0.5384615384615384
33,Sulfoxide,0.38000000000000006,0.9112426035502958,0.38213399503722084,0.5384615384615384
33,Sulfoxide,0.39000000000000007,0.9161676646706587,0.37965260545905705,0.5368421052631579
33,Sulfoxide,0.4000000000000001,0.9156626506024096,0.3771712158808933,0.5342706502636204
33,Sulfoxide,0.4100000000000001,0.9156626506024096,0.3771712158808933,0.5342706502636204
33,Sulfoxide,0.42000000000000004,0.9212121212121213,0.3771712158808933,0.5352112676056338
33,Sulfoxide,0.43000000000000005,0.925,0.36724565756823824,0.5257548845470693
33,Sulfoxide,0.44000000000000006,0.9240506329113924,0.36228287841191065,0.5204991087344029
33,Sulfoxide,0.45000000000000007,0.9290322580645162,0.3573200992555831,0.5161290322580645
33,Sulfoxide,0.4600000000000001,0.935064935064935,0.3573200992555831,0.5170556552962298
33,Sulfoxide,0.4700000000000001,0.9411764705882353,0.3573200992555831,0.5179856115107914
33,Sulfoxide,0.4800000000000001,0.9403973509933775,0.3523573200992556,0.5126353790613718
33,Sulfoxide,0.49000000000000005,0.9459459459459459,0.34739454094292804,0.5081669691470054
33,Sulfoxide,0.5000000000000001,0.95,0.33002481389578164,0.48987108655616945
33,Sulfoxide,0.5100000000000001,0.9496402877697842,0.32754342431761785,0.4870848708487085
33,Sulfoxide,0.5200000000000001,0.948905109489051,0.3225806451612903,0.48148148148148145
33,Sulfoxide,0.5300000000000001,0.9485294117647058,0.3200992555831266,0.47866419294990725
33,Sulfoxide,0.5400000000000001,0.9485294117647058,0.3200992555831266,0.47866419294990725
33,Sulfoxide,0.5500000000000002,0.9485294117647058,0.3200992555831266,0.47866419294990725
33,Sulfoxide,0.5600000000000002,0.9477611940298507,0.315136476426799,0.4729981378026071
33,Sulfoxide,0.5700000000000002,0.9541984732824428,0.31017369727047145,0.4681647940074906
33,Sulfoxide,0.5800000000000002,0.9609375,0.3052109181141439,0.4632768361581921
33,Sulfoxide,0.5900000000000002,0.9606299212598425,0.3027295285359802,0.46037735849056605
33,Sulfoxide,0.6000000000000002,0.959349593495935,0.29280397022332505,0.44866920152091255
33,Sulfoxide,0.6100000000000001,0.9590163934426229,0.2903225806451613,0.44571428571428573
33,Sulfoxide,0.6200000000000001,0.9586776859504132,0.2878411910669975,0.44274809160305345
33,Sulfoxide,0.6300000000000001,0.9583333333333334,0.2853598014888337,0.4397705544933078
33,Sulfoxide,0.6400000000000001,0.9583333333333334,0.2853598014888337,0.4397705544933078
33,Sulfoxide,0.6500000000000001,0.957983193277311,0.28287841191067,0.4367816091954023
33,Sulfoxide,0.6600000000000001,0.9572649572649573,0.27791563275434245,0.4307692307692308
33,Sulfoxide,0.6700000000000002,0.9557522123893806,0.2679900744416873,0.4186046511627907
33,Sulfoxide,0.6800000000000002,0.9553571428571429,0.2655086848635236,0.4155339805825243
33,Sulfoxide,0.6900000000000002,0.9636363636363636,0.2630272952853598,0.41325536062378165
33,Sulfoxide,0.7000000000000002,0.9629629629629629,0.25806451612903225,0.4070450097847358
33,Sulfoxide,0.7100000000000002,0.9626168224299065,0.2555831265508685,0.403921568627451
33,Sulfoxide,0.7200000000000002,0.9622641509433962,0.2531017369727047,0.40078585461689586
33,Sulfoxide,0.7300000000000002,0.97,0.24069478908188585,0.3856858846918489
33,Sulfoxide,0.7400000000000002,0.9895833333333334,0.23573200992555832,0.3807615230460922
33,Sulfoxide,0.7500000000000002,0.989247311827957,0.228287841191067,0.3709677419354839
33,Sulfoxide,0.7600000000000002,0.9887640449438202,0.21836228287841192,0.35772357723577236
33,Sulfoxide,0.7700000000000002,0.9882352941176471,0.20843672456575682,0.3442622950819672
33,Sulfoxide,0.7800000000000001,0.9879518072289156,0.20347394540942929,0.3374485596707819
33,Sulfoxide,0.7900000000000001,0.9875,0.19602977667493796,0.32712215320910976
33,Sulfoxide,0.8000000000000002,0.987012987012987,0.18858560794044665,0.31666666666666665
33,Sulfoxide,0.8100000000000002,0.9866666666666667,0.18362282878411912,0.30962343096234307
33,Sulfoxide,0.8200000000000002,0.9861111111111112,0.1761786600496278,0.29894736842105263
33,Sulfoxide,0.8300000000000002,0.9857142857142858,0.17121588089330025,0.2917547568710359
33,Sulfoxide,0.8400000000000002,0.984375,0.15632754342431762,0.2698072805139186
33,Sulfoxide,0.8500000000000002,0.9838709677419355,0.1513647642679901,0.2623655913978495
33,Sulfoxide,0.8600000000000002,0.9836065573770492,0.1488833746898263,0.25862068965517243
33,Sulfoxide,0.8700000000000002,0.9830508474576272,0.14392059553349876,0.2510822510822511
33,Sulfoxide,0.8800000000000002,0.9818181818181818,0.13399503722084366,0.23580786026200873
33,Sulfoxide,0.8900000000000002,0.98,0.12158808933002481,0.2163355408388521
33,Sulfoxide,0.9000000000000002,1.0,0.10421836228287841,0.18876404494382024
33,Sulfoxide,0.9100000000000003,1.0,0.08933002481389578,0.16400911161731208
33,Sulfoxide,0.9200000000000003,1.0,0.07444168734491315,0.13856812933025403
33,Sulfoxide,0.9300000000000002,1.0,0.062034739454094295,0.11682242990654206
33,Sulfoxide,0.9400000000000002,1.0,0.04962779156327544,0.09456264775413711
33,Sulfoxide,0.9500000000000002,1.0,0.034739454094292806,0.0671462829736211
34,Thial,0.05,1.0,1.0,1.0
34,Thial,0.060000000000000005,1.0,1.0,1.0
34,Thial,0.07,1.0,1.0,1.0
34,Thial,0.08000000000000002,1.0,1.0,1.0
34,Thial,0.09000000000000001,1.0,1.0,1.0
34,Thial,0.1,1.0,1.0,1.0
34,Thial,0.11000000000000001,1.0,1.0,1.0
34,Thial,0.12000000000000001,1.0,1.0,1.0
34,Thial,0.13,1.0,1.0,1.0
34,Thial,0.14,1.0,1.0,1.0
34,Thial,0.15000000000000002,1.0,1.0,1.0
34,Thial,0.16000000000000003,1.0,1.0,1.0
34,Thial,0.17000000000000004,1.0,1.0,1.0
34,Thial,0.18000000000000005,1.0,1.0,1.0
34,Thial,0.19,1.0,1.0,1.0
34,Thial,0.2,1.0,1.0,1.0
34,Thial,0.21000000000000002,1.0,1.0,1.0
34,Thial,0.22000000000000003,1.0,1.0,1.0
34,Thial,0.23000000000000004,1.0,1.0,1.0
34,Thial,0.24000000000000005,1.0,1.0,1.0
34,Thial,0.25000000000000006,1.0,1.0,1.0
34,Thial,0.26000000000000006,1.0,1.0,1.0
34,Thial,0.27,1.0,1.0,1.0
34,Thial,0.28,1.0,1.0,1.0
34,Thial,0.29000000000000004,1.0,1.0,1.0
34,Thial,0.30000000000000004,1.0,1.0,1.0
34,Thial,0.31000000000000005,1.0,1.0,1.0
34,Thial,0.32000000000000006,1.0,1.0,1.0
34,Thial,0.33,1.0,1.0,1.0
34,Thial,0.34,1.0,1.0,1.0
34,Thial,0.35000000000000003,1.0,1.0,1.0
34,Thial,0.36000000000000004,1.0,1.0,1.0
34,Thial,0.37000000000000005,1.0,1.0,1.0
34,Thial,0.38000000000000006,1.0,1.0,1.0
34,Thial,0.39000000000000007,1.0,1.0,1.0
34,Thial,0.4000000000000001,1.0,1.0,1.0
34,Thial,0.4100000000000001,1.0,1.0,1.0
34,Thial,0.42000000000000004,1.0,1.0,1.0
34,Thial,0.43000000000000005,1.0,1.0,1.0
34,Thial,0.44000000000000006,1.0,1.0,1.0
34,Thial,0.45000000000000007,1.0,1.0,1.0
34,Thial,0.4600000000000001,1.0,1.0,1.0
34,Thial,0.4700000000000001,1.0,1.0,1.0
34,Thial,0.4800000000000001,1.0,1.0,1.0
34,Thial,0.49000000000000005,1.0,1.0,1.0
34,Thial,0.5000000000000001,1.0,1.0,1.0
34,Thial,0.5100000000000001,1.0,1.0,1.0
34,Thial,0.5200000000000001,1.0,1.0,1.0
34,Thial,0.5300000000000001,1.0,1.0,1.0
34,Thial,0.5400000000000001,1.0,1.0,1.0
34,Thial,0.5500000000000002,1.0,1.0,1.0
34,Thial,0.5600000000000002,1.0,1.0,1.0
34,Thial,0.5700000000000002,1.0,1.0,1.0
34,Thial,0.5800000000000002,1.0,1.0,1.0
34,Thial,0.5900000000000002,1.0,1.0,1.0
34,Thial,0.6000000000000002,1.0,1.0,1.0
34,Thial,0.6100000000000001,1.0,1.0,1.0
34,Thial,0.6200000000000001,1.0,1.0,1.0
34,Thial,0.6300000000000001,1.0,1.0,1.0
34,Thial,0.6400000000000001,1.0,1.0,1.0
34,Thial,0.6500000000000001,1.0,1.0,1.0
34,Thial,0.6600000000000001,1.0,1.0,1.0
34,Thial,0.6700000000000002,1.0,1.0,1.0
34,Thial,0.6800000000000002,0.0,0.0,0.0
34,Thial,0.6900000000000002,0.0,0.0,0.0
34,Thial,0.7000000000000002,0.0,0.0,0.0
34,Thial,0.7100000000000002,0.0,0.0,0.0
34,Thial,0.7200000000000002,0.0,0.0,0.0
34,Thial,0.7300000000000002,0.0,0.0,0.0
34,Thial,0.7400000000000002,0.0,0.0,0.0
34,Thial,0.7500000000000002,0.0,0.0,0.0
34,Thial,0.7600000000000002,0.0,0.0,0.0
34,Thial,0.7700000000000002,0.0,0.0,0.0
34,Thial,0.7800000000000001,0.0,0.0,0.0
34,Thial,0.7900000000000001,0.0,0.0,0.0
34,Thial,0.8000000000000002,0.0,0.0,0.0
34,Thial,0.8100000000000002,0.0,0.0,0.0
34,Thial,0.8200000000000002,0.0,0.0,0.0
34,Thial,0.8300000000000002,0.0,0.0,0.0
34,Thial,0.8400000000000002,0.0,0.0,0.0
34,Thial,0.8500000000000002,0.0,0.0,0.0
34,Thial,0.8600000000000002,0.0,0.0,0.0
34,Thial,0.8700000000000002,0.0,0.0,0.0
34,Thial,0.8800000000000002,0.0,0.0,0.0
34,Thial,0.8900000000000002,0.0,0.0,0.0
34,Thial,0.9000000000000002,0.0,0.0,0.0
34,Thial,0.9100000000000003,0.0,0.0,0.0
34,Thial,0.9200000000000003,0.0,0.0,0.0
34,Thial,0.9300000000000002,0.0,0.0,0.0
34,Thial,0.9400000000000002,0.0,0.0,0.0
34,Thial,0.9500000000000002,0.0,0.0,0.0
35,Thioamide,0.05,0.24880127863612148,0.7757475083056479,0.37676482452601856
35,Thioamide,0.060000000000000005,0.2987012987012987,0.7641196013289037,0.4295051353874883
35,Thioamide,0.07,0.3427914110429448,0.7425249169435216,0.4690451206715635
35,Thioamide,0.08000000000000002,0.38475177304964536,0.7209302325581395,0.5017341040462427
35,Thioamide,0.09000000000000001,0.42354124748490946,0.6993355481727574,0.5275689223057645
35,Thioamide,0.1,0.4584269662921348,0.6777408637873754,0.546916890080429
35,Thioamide,0.11000000000000001,0.48711656441717793,0.659468438538206,0.5603387438249824
35,Thioamide,0.12000000000000001,0.5230978260869565,0.6395348837209303,0.5754857997010463
35,Thioamide,0.13,0.5618479880774963,0.6262458471760798,0.5923016496465043
35,Thioamide,0.14,0.6006546644844517,0.6096345514950167,0.605111294311624
35,Thioamide,0.15000000000000002,0.6325088339222615,0.5946843853820598,0.613013698630137
35,Thioamide,0.16000000000000003,0.6603415559772297,0.5780730897009967,0.6164747564216121
35,Thioamide,0.17000000000000004,0.689161554192229,0.5598006644518272,0.617781851512374
35,Thioamide,0.18000000000000005,0.7121212121212122,0.5465116279069767,0.618421052631579
35,Thioamide,0.19,0.7293577981651376,0.5282392026578073,0.6127167630057804
35,Thioamide,0.2,0.748780487804878,0.5099667774086378,0.6067193675889329
35,Thioamide,0.21000000000000002,0.7737789203084833,0.5,0.6074672048435923
35,Thioamide,0.22000000000000003,0.7877984084880637,0.49335548172757476,0.6067415730337079
35,Thioamide,0.23000000000000004,0.7977839335180056,0.47840531561461797,0.5981308411214953
35,Thioamide,0.24000000000000005,0.808695652173913,0.4634551495016611,0.5892291446673706
35,Thioamide,0.25000000000000006,0.8173652694610778,0.45348837209302323,0.5833333333333334
35,Thioamide,0.26000000000000006,0.8275862068965517,0.43853820598006643,0.5732899022801303
35,Thioamide,0.27,0.8381877022653722,0.43023255813953487,0.5686059275521405
35,Thioamide,0.28,0.85,0.42358803986710963,0.565410199556541
35,Thioamide,0.29000000000000004,0.8621908127208481,0.4053156146179402,0.5514124293785311
35,Thioamide,0.30000000000000004,0.8823529411764706,0.39867109634551495,0.5491990846681922
35,Thioamide,0.31000000000000005,0.8961538461538462,0.38704318936877075,0.5406032482598608
35,Thioamide,0.32000000000000006,0.904,0.3754152823920266,0.5305164319248826
35,Thioamide,0.33,0.9083333333333333,0.36212624584717606,0.517814726840855
35,Thioamide,0.34,0.9063829787234042,0.3538205980066445,0.5089605734767025
35,Thioamide,0.35000000000000003,0.9043478260869565,0.34551495016611294,0.5
35,Thioamide,0.36000000000000004,0.9045454545454545,0.33056478405315615,0.48418491484184917
35,Thioamide,0.37000000000000005,0.9004739336492891,0.31561461794019935,0.46740467404674046
35,Thioamide,0.38000000000000006,0.9029126213592233,0.3089700996677741,0.4603960396039604
35,Thioamide,0.39000000000000007,0.9187817258883249,0.30066445182724255,0.4530663329161452
35,Thioamide,0.4000000000000001,0.9226804123711341,0.2973421926910299,0.44974874371859297
35,Thioamide,0.4100000000000001,0.9365079365079365,0.29401993355481726,0.4475347661188369
35,Thioamide,0.42000000000000004,0.9411764705882353,0.292358803986711,0.4461343472750317
35,Thioamide,0.43000000000000005,0.945054945054945,0.2857142857142857,0.4387755102040816
35,Thioamide,0.44000000000000006,0.9425287356321839,0.2724252491694352,0.422680412371134
35,Thioamide,0.45000000000000007,0.9461077844311377,0.26245847176079734,0.41092327698309494
35,Thioamide,0.4600000000000001,0.9451219512195121,0.2574750830564784,0.4046997389033943
35,Thioamide,0.4700000000000001,0.9426751592356688,0.24584717607973422,0.38998682476943347
35,Thioamide,0.4800000000000001,0.9539473684210527,0.24086378737541528,0.38461538461538464
35,Thioamide,0.49000000000000005,0.9527027027027027,0.23421926910299004,0.376
35,Thioamide,0.5000000000000001,0.951048951048951,0.22591362126245848,0.3651006711409396
35,Thioamide,0.5100000000000001,0.9562043795620438,0.21760797342192692,0.35453315290933696
35,Thioamide,0.5200000000000001,0.96875,0.2059800664451827,0.33972602739726027
35,Thioamide,0.5300000000000001,0.9682539682539683,0.2026578073089701,0.33516483516483514
35,Thioamide,0.5400000000000001,0.967479674796748,0.19767441860465115,0.32827586206896553
35,Thioamide,0.5500000000000002,0.9672131147540983,0.19601328903654486,0.3259668508287293
35,Thioamide,0.5600000000000002,0.9658119658119658,0.1877076411960133,0.3143254520166898
35,Thioamide,0.5700000000000002,0.9646017699115044,0.18106312292358803,0.3048951048951049
35,Thioamide,0.5800000000000002,0.963963963963964,0.1777408637873754,0.30014025245441794
35,Thioamide,0.5900000000000002,0.9622641509433962,0.16943521594684385,0.288135593220339
35,Thioamide,0.6000000000000002,0.9611650485436893,0.1644518272425249,0.28085106382978725
35,Thioamide,0.6100000000000001,0.9591836734693877,0.15614617940199335,0.26857142857142857
35,Thioamide,0.6200000000000001,0.9583333333333334,0.15282392026578073,0.2636103151862464
35,Thioamide,0.6300000000000001,0.9555555555555556,0.14285714285714285,0.24855491329479767
35,Thioamide,0.6400000000000001,0.9545454545454546,0.13953488372093023,0.24347826086956523
35,Thioamide,0.6500000000000001,0.95,0.12624584717607973,0.22287390029325513
35,Thioamide,0.6600000000000001,0.9473684210526315,0.11960132890365449,0.21238938053097345
35,Thioamide,0.6700000000000002,0.9444444444444444,0.11295681063122924,0.20178041543026706
35,Thioamide,0.6800000000000002,0.9420289855072463,0.1079734219269103,0.19374068554396423
35,Thioamide,0.6900000000000002,0.9402985074626866,0.10465116279069768,0.18834080717488788
35,Thioamide,0.7000000000000002,0.9508196721311475,0.09634551495016612,0.17496229260935142
35,Thioamide,0.7100000000000002,0.9491525423728814,0.09302325581395349,0.16944024205748864
35,Thioamide,0.7200000000000002,0.9464285714285714,0.08803986710963455,0.16109422492401215
35,Thioamide,0.7300000000000002,0.9433962264150944,0.08305647840531562,0.15267175572519084
35,Thioamide,0.7400000000000002,0.9411764705882353,0.07973421926910298,0.14701378254211334
35,Thioamide,0.7500000000000002,0.9375,0.07475083056478406,0.13846153846153847
35,Thioamide,0.7600000000000002,0.9318181818181818,0.0681063122923588,0.12693498452012383
35,Thioamide,0.7700000000000002,0.9512195121951219,0.06478405315614617,0.12130637636080871
35,Thioamide,0.7800000000000001,0.9444444444444444,0.05647840531561462,0.10658307210031348
35,Thioamide,0.7900000000000001,0.9411764705882353,0.053156146179401995,0.10062893081761007
35,Thioamide,0.8000000000000002,0.9375,0.04983388704318937,0.0946372239747634
35,Thioamide,0.8100000000000002,0.9285714285714286,0.04318936877076412,0.08253968253968254
35,Thioamide,0.8200000000000002,0.9583333333333334,0.03820598006644518,0.07348242811501597
35,Thioamide,0.8300000000000002,1.0,0.029900332225913623,0.05806451612903226
35,Thioamide,0.8400000000000002,1.0,0.02823920265780731,0.05492730210016155
35,Thioamide,0.8500000000000002,1.0,0.02823920265780731,0.05492730210016155
35,Thioamide,0.8600000000000002,1.0,0.02159468438538206,0.04227642276422764
35,Thioamide,0.8700000000000002,1.0,0.019933554817275746,0.03908794788273615
35,Thioamide,0.8800000000000002,1.0,0.019933554817275746,0.03908794788273615
35,Thioamide,0.8900000000000002,1.0,0.016611295681063124,0.032679738562091505
35,Thioamide,0.9000000000000002,1.0,0.014950166112956811,0.029459901800327332
35,Thioamide,0.9100000000000003,1.0,0.011627906976744186,0.022988505747126436
35,Thioamide,0.9200000000000003,1.0,0.009966777408637873,0.019736842105263157
35,Thioamide,0.9300000000000002,1.0,0.006644518272425249,0.013201320132013201
35,Thioamide,0.9400000000000002,1.0,0.0033222591362126247,0.006622516556291391
35,Thioamide,0.9500000000000002,1.0,0.0016611295681063123,0.003316749585406302
36,Thiol,0.05,0.40969162995594716,0.31958762886597936,0.3590733590733591
36,Thiol,0.060000000000000005,0.49696969696969695,0.281786941580756,0.35964912280701755
36,Thiol,0.07,0.6403508771929824,0.2508591065292096,0.36049382716049383
36,Thiol,0.08000000000000002,0.6702127659574468,0.21649484536082475,0.32727272727272727
36,Thiol,0.09000000000000001,0.7272727272727273,0.19243986254295534,0.30434782608695654
36,Thiol,0.1,0.7941176470588235,0.18556701030927836,0.3008356545961003
36,Thiol,0.11000000000000001,0.7931034482758621,0.15807560137457044,0.2636103151862464
36,Thiol,0.12000000000000001,0.8035714285714286,0.15463917525773196,0.25936599423631124
36,Thiol,0.13,0.8269230769230769,0.14776632302405499,0.25072886297376096
36,Thiol,0.14,0.8666666666666667,0.13402061855670103,0.23214285714285715
36,Thiol,0.15000000000000002,0.8571428571428571,0.12371134020618557,0.21621621621621623
36,Thiol,0.16000000000000003,0.8780487804878049,0.12371134020618557,0.21686746987951808
36,Thiol,0.17000000000000004,0.918918918918919,0.11683848797250859,0.2073170731707317
36,Thiol,0.18000000000000005,0.9117647058823529,0.10652920962199312,0.19076923076923077
36,Thiol,0.19,0.90625,0.09965635738831616,0.17956656346749225
36,Thiol,0.2,0.90625,0.09965635738831616,0.17956656346749225
36,Thiol,0.21000000000000002,0.9354838709677419,0.09965635738831616,0.18012422360248448
36,Thiol,0.22000000000000003,0.9354838709677419,0.09965635738831616,0.18012422360248448
36,Thiol,0.23000000000000004,0.9655172413793104,0.09621993127147767,0.175
36,Thiol,0.24000000000000005,0.9655172413793104,0.09621993127147767,0.175
36,Thiol,0.25000000000000006,0.9615384615384616,0.0859106529209622,0.15772870662460567
36,Thiol,0.26000000000000006,0.9615384615384616,0.0859106529209622,0.15772870662460567
36,Thiol,0.27,0.9615384615384616,0.0859106529209622,0.15772870662460567
36,Thiol,0.28,0.9615384615384616,0.0859106529209622,0.15772870662460567
36,Thiol,0.29000000000000004,0.96,0.08247422680412371,0.1518987341772152
36,Thiol,0.30000000000000004,0.9565217391304348,0.07560137457044673,0.14012738853503184
36,Thiol,0.31000000000000005,0.9523809523809523,0.06872852233676977,0.1282051282051282
36,Thiol,0.32000000000000006,0.9523809523809523,0.06872852233676977,0.1282051282051282
36,Thiol,0.33,0.95,0.06529209621993128,0.12218649517684887
36,Thiol,0.34,1.0,0.06529209621993128,0.12258064516129032
36,Thiol,0.35000000000000003,1.0,0.061855670103092786,0.11650485436893204
36,Thiol,0.36000000000000004,1.0,0.05154639175257732,0.09803921568627451
36,Thiol,0.37000000000000005,1.0,0.05154639175257732,0.09803921568627451
36,Thiol,0.38000000000000006,1.0,0.05154639175257732,0.09803921568627451
36,Thiol,0.39000000000000007,1.0,0.05154639175257732,0.09803921568627451
36,Thiol,0.4000000000000001,1.0,0.048109965635738834,0.09180327868852459
36,Thiol,0.4100000000000001,1.0,0.048109965635738834,0.09180327868852459
36,Thiol,0.42000000000000004,1.0,0.037800687285223365,0.0728476821192053
36,Thiol,0.43000000000000005,1.0,0.037800687285223365,0.0728476821192053
36,Thiol,0.44000000000000006,1.0,0.03436426116838488,0.0664451827242525
36,Thiol,0.45000000000000007,1.0,0.030927835051546393,0.06
36,Thiol,0.4600000000000001,1.0,0.030927835051546393,0.06
36,Thiol,0.4700000000000001,1.0,0.027491408934707903,0.05351170568561873
36,Thiol,0.4800000000000001,1.0,0.024054982817869417,0.04697986577181208
36,Thiol,0.49000000000000005,1.0,0.020618556701030927,0.04040404040404041
36,Thiol,0.5000000000000001,1.0,0.020618556701030927,0.04040404040404041
36,Thiol,0.5100000000000001,1.0,0.020618556701030927,0.04040404040404041
36,Thiol,0.5200000000000001,1.0,0.020618556701030927,0.04040404040404041
36,Thiol,0.5300000000000001,1.0,0.01718213058419244,0.033783783783783786
36,Thiol,0.5400000000000001,1.0,0.01718213058419244,0.033783783783783786
36,Thiol,0.5500000000000002,1.0,0.01718213058419244,0.033783783783783786
36,Thiol,0.5600000000000002,1.0,0.01718213058419244,0.033783783783783786
36,Thiol,0.5700000000000002,1.0,0.013745704467353952,0.02711864406779661
36,Thiol,0.5800000000000002,1.0,0.013745704467353952,0.02711864406779661
36,Thiol,0.5900000000000002,1.0,0.013745704467353952,0.02711864406779661
36,Thiol,0.6000000000000002,1.0,0.013745704467353952,0.02711864406779661
36,Thiol,0.6100000000000001,1.0,0.013745704467353952,0.02711864406779661
36,Thiol,0.6200000000000001,1.0,0.013745704467353952,0.02711864406779661
36,Thiol,0.6300000000000001,1.0,0.013745704467353952,0.02711864406779661
36,Thiol,0.6400000000000001,1.0,0.013745704467353952,0.02711864406779661
36,Thiol,0.6500000000000001,1.0,0.006872852233676976,0.013651877133105802
36,Thiol,0.6600000000000001,1.0,0.006872852233676976,0.013651877133105802
36,Thiol,0.6700000000000002,1.0,0.006872852233676976,0.013651877133105802
36,Thiol,0.6800000000000002,1.0,0.006872852233676976,0.013651877133105802
36,Thiol,0.6900000000000002,1.0,0.006872852233676976,0.013651877133105802
36,Thiol,0.7000000000000002,1.0,0.006872852233676976,0.013651877133105802
36,Thiol,0.7100000000000002,1.0,0.006872852233676976,0.013651877133105802
36,Thiol,0.7200000000000002,1.0,0.006872852233676976,0.013651877133105802
36,Thiol,0.7300000000000002,1.0,0.006872852233676976,0.013651877133105802
36,Thiol,0.7400000000000002,1.0,0.006872852233676976,0.013651877133105802
36,Thiol,0.7500000000000002,1.0,0.006872852233676976,0.013651877133105802
36,Thiol,0.7600000000000002,1.0,0.006872852233676976,0.013651877133105802
36,Thiol,0.7700000000000002,1.0,0.006872852233676976,0.013651877133105802
36,Thiol,0.7800000000000001,1.0,0.006872852233676976,0.013651877133105802
36,Thiol,0.7900000000000001,1.0,0.003436426116838488,0.00684931506849315
36,Thiol,0.8000000000000002,1.0,0.003436426116838488,0.00684931506849315
36,Thiol,0.8100000000000002,1.0,0.003436426116838488,0.00684931506849315
36,Thiol,0.8200000000000002,0.0,0.0,0.0
36,Thiol,0.8300000000000002,0.0,0.0,0.0
36,Thiol,0.8400000000000002,0.0,0.0,0.0
36,Thiol,0.8500000000000002,0.0,0.0,0.0
36,Thiol,0.8600000000000002,0.0,0.0,0.0
36,Thiol,0.8700000000000002,0.0,0.0,0.0
36,Thiol,0.8800000000000002,0.0,0.0,0.0
36,Thiol,0.8900000000000002,0.0,0.0,0.0
36,Thiol,0.9000000000000002,0.0,0.0,0.0
36,Thiol,0.9100000000000003,0.0,0.0,0.0
36,Thiol,0.9200000000000003,0.0,0.0,0.0
36,Thiol,0.9300000000000002,0.0,0.0,0.0
36,Thiol,0.9400000000000002,0.0,0.0,0.0
36,Thiol,0.9500000000000002,0.0,0.0,0.0
