searched_formula,selected,test_index,case_type,true_labels,predicted_binary_labels,source_file,source_row,global_index,formula,smiles
C6H8N2O,1,343,mixed error,Alkane,Haloalkane,aligned_chunk_52.parquet,2306,628398,C6H8N2O,Cn1cccc1C=NO
C6H8N2O,0,9846,false negative,Alkane; Amine; Ether,Alkane; Amine,aligned_chunk_244.parquet,524,526069,C6H8N2O,COc1ccc(N)nc1
C6H8N2O,0,15226,correct,Alcohol; Alkane,Alcohol; Alkane,aligned_chunk_199.parquet,2510,362898,C6H8N2O,O[C@H]1Cc2nccn2C1
C6H8N2O,0,36818,false positive,Alkane; Ketone,Alkane; Ester; Ether; Ketone,aligned_chunk_169.parquet,468,253757,C6H8N2O,CC(=O)c1cncn1C
C6H8N2O,0,45736,correct,Alkane; Ketone,Alkane; Ketone,aligned_chunk_24.parquet,3118,512469,C6H8N2O,[N-]=[N+]=C1CCCCC1=O
C6H8N2O,0,46632,false positive,Alkane; Amine,Alkane; Amine; Ester; Ether,aligned_chunk_0.parquet,111,111,C6H8N2O,Cn1cccc(N)c1=O
C6H8N2O,0,51320,mixed error,Alkane; Ether,Alkane; Alkene,aligned_chunk_33.parquet,1124,559248,C6H8N2O,CCOc1cncnc1
C6H8N2O,0,51634,correct,Alcohol; Alkane,Alcohol; Alkane,aligned_chunk_150.parquet,3076,191271,C6H8N2O,OCCc1ccncn1
C6H8N2O,0,52375,false positive,Alcohol; Alkane,Alcohol; Alkane; Haloalkane,aligned_chunk_62.parquet,3145,664827,C6H8N2O,OCCc1cccnn1
C6H8N2O,0,63539,false positive,Alcohol; Alkane; Amine,Alcohol; Alkane; Amine; Haloalkane,aligned_chunk_240.parquet,2978,515524,C6H8N2O,Nc1cnccc1CO
C6H8N2O,0,64642,mixed error,Alcohol; Alkane; Amine; Phenol,Alcohol; Alkane; Amine; Ether,aligned_chunk_213.parquet,3202,418577,C6H8N2O,Cc1nccc(N)c1O
C9H10N2O,0,7643,correct,Alkane; Nitrile,Alkane; Nitrile,aligned_chunk_33.parquet,1577,559701,C9H10N2O,CCc1cc(C)[nH]c(=O)c1C#N
C9H10N2O,0,15157,mixed error,Alkane; Arene,Amide; Arene,aligned_chunk_59.parquet,2163,650815,C9H10N2O,NC(=O)N1Cc2ccccc2C1
C9H10N2O,0,19975,false negative,Alkane; Amine; Arene; Ether; Nitrile,Alkane; Amine; Arene; Nitrile,aligned_chunk_144.parquet,139,165546,C9H10N2O,COC(C#N)Nc1ccccc1
C9H10N2O,0,20276,mixed error,Alkane; Amine; Arene; Nitrile,Amine; Arene; Ether; Haloalkane; Nitrile,aligned_chunk_163.parquet,107,233848,C9H10N2O,N#Cc1ccc(CCON)cc1
C9H10N2O,0,23635,mixed error,Alkane; Ether,Haloalkane,aligned_chunk_205.parquet,1078,387299,C9H10N2O,CCOc1cnc2cc[nH]c2c1
C9H10N2O,0,24448,mixed error,Alkane; Amide; Amine; Arene,Alkane; Amine; Arene; Thioamide,aligned_chunk_53.parquet,627,630003,C9H10N2O,Nc1ccc2c(c1)CCC(=O)N2
C9H10N2O,0,30344,mixed error,Alcohol; Alkane,Alcohol; Sulfide,aligned_chunk_63.parquet,891,665797,C9H10N2O,CC(O)c1ccc2cnccn12
C9H10N2O,0,30900,mixed error,Alkene; Amine; Arene,Alkane; Amine; Arene,aligned_chunk_197.parquet,236,354173,C9H10N2O,N=C(/C=C/c1ccccc1)NO
C9H10N2O,0,30940,mixed error,Alkane; Ether,Alkane; Haloalkane,aligned_chunk_186.parquet,1130,316183,C9H10N2O,COc1cnc2[nH]c(C)cc2c1
C9H10N2O,0,31406,mixed error,Alkane; Amine; Arene; Nitrile,Alkane; Arene; Ether; Nitrile,aligned_chunk_54.parquet,450,633040,C9H10N2O,CON(C)c1ccc(C#N)cc1
C9H10N2O,0,33922,mixed error,Alkane; Amine; Arene; Ether; Nitrile,Alkane; Amine; Arene; Haloalkane; Nitrile,aligned_chunk_25.parquet,3205,531951,C9H10N2O,COc1ccc(C(N)C#N)cc1
C9H10N2O,0,35505,false positive,Alcohol; Alkane,Alcohol; Alkane; Alkene; Sulfide,aligned_chunk_222.parquet,481,448278,C9H10N2O,OCCc1cccc2nccn12
C9H10N2O,0,36023,correct,Alkane; Amide; Amine; Arene,Alkane; Amide; Amine; Arene,aligned_chunk_21.parquet,303,402667,C9H10N2O,NC1Cc2ccccc2NC1=O
C9H10N2O,0,41086,false positive,Alcohol; Alkane; Arene,Alcohol; Alkane; Arene; Ester; Ether; Haloalkane,aligned_chunk_10.parquet,1998,8506,C9H10N2O,OCCn1cnc2ccccc21
C9H10N2O,0,42149,mixed error,Alkane; Amide; Amine; Arene,Amide; Amine; Hydrazone,aligned_chunk_96.parquet,392,781789,C9H10N2O,NC(=O)c1cccc2c1NCC2
C9H10N2O,1,44833,mixed error,Aldehyde; Alkane,Alkane; Carbamate; Ether; Sulfide,aligned_chunk_77.parquet,176,713381,C9H10N2O,O=Cc1cnc2c(n1)CCCC2
C9H10N2O,0,45110,false positive,Alcohol; Alkane; Nitrile,Alcohol; Alkane; Arene; Nitrile,aligned_chunk_7.parquet,265,687710,C9H10N2O,N#Cc1cnccc1CCCO
C9H10N2O,0,45308,false positive,Alcohol; Alkane; Arene,Alcohol; Alkane; Arene; Ketone,aligned_chunk_244.parquet,97,525642,C9H10N2O,Cn1nc(CO)c2ccccc21
C9H10N2O,0,49432,correct,Alkane; Amine; Nitrile,Alkane; Amine; Nitrile,aligned_chunk_13.parquet,246,113929,C9H10N2O,N#Cc1c(N)oc2c1CCCC2
C9H10N2O,0,51290,correct,Alkane; Nitrile,Alkane; Nitrile,aligned_chunk_167.parquet,2115,248919,C9H10N2O,CCc1cc(C#N)c(=O)[nH]c1C
C9H10N2O,0,54240,correct,Alkane; Arene,Alkane; Arene,aligned_chunk_130.parquet,1883,118809,C9H10N2O,CN1Cc2ccccc2NC1=O
C9H10N2O,0,58895,false positive,Alkane; Ether,Alkane; Amine; Ester; Ether,aligned_chunk_7.parquet,1510,688955,C9H10N2O,COc1nccc2cc(C)[nH]c12
C9H10N2O,0,71156,false positive,Alkane; Amine; Arene; Hydrazone; Ketone,Alkane; Amine; Arene; Haloalkane; Hydrazone; Ketone,aligned_chunk_88.parquet,667,752802,C9H10N2O,CC(=O)C=NNc1ccccc1
C9H10N2O,0,72492,mixed error,Alkane; Arene; Ether,Alkane; Arene; Haloalkane,aligned_chunk_149.parquet,1262,183026,C9H10N2O,COc1ccc2c(C)n[nH]c2c1
C9H10N2O,0,77819,mixed error,Alkane; Amide; Arene; Hydrazone,Amide; Arene; Hydrazine,aligned_chunk_144.parquet,2381,167788,C9H10N2O,CC(=O)NN=Cc1ccccc1
C8H15NO4,0,48264,correct,Alkane; Amine; Ester; Ether,Alkane; Amine; Ester; Ether,aligned_chunk_25.parquet,2272,531018,C8H15NO4,CCOC(=O)CNCC(=O)OCC
C8H15NO4,1,60717,false negative,Alcohol; Alkane; Amine; Carboxylic acid; Ether,Alcohol; Alkane; Amine; Carboxylic acid,aligned_chunk_94.parquet,331,775248,C8H15NO4,NCC[C@@H]1C[C@H](CC(=O)O)OCO1
C8H15NO4,0,68704,correct,Alcohol; Alkane; Amide; Carboxylic acid,Alcohol; Alkane; Amide; Carboxylic acid,aligned_chunk_104.parquet,701,23412,C8H15NO4,O=C(O)CCCCCCC(=O)NO
C8H15NO4,0,76066,correct,Alcohol; Alkane; Amide; Carboxylic acid,Alcohol; Alkane; Amide; Carboxylic acid,aligned_chunk_216.parquet,2143,427294,C8H15NO4,O=C(O)CCCCCCC(=O)NO
C13H11BrN4O2,1,41169,false negative,Alcohol; Alkane; Amine; Arene; Ether; Haloalkane; Phenol,Alcohol; Alkane; Amine; Arene; Ether,aligned_chunk_66.parquet,2887,677428,C13H11BrN4O2,COc1cc(-c2cc(Br)c3c(N)ncnn23)ccc1O
C10H10N2O,0,9500,false negative,Alkane; Arene,Arene,aligned_chunk_171.parquet,2732,265886,C10H10N2O,CON=Cc1cccc2[nH]ccc12
C10H10N2O,0,15257,false positive,Alkane; Nitrile,Alkane; Alkene; Amine; Enamine; Haloalkane; Ketone; Nitrile,aligned_chunk_166.parquet,1937,245497,C10H10N2O,N#Cc1cc2c([n+]([O-])c1)CCCC2
C10H10N2O,1,16456,mixed error,Alkane; Arene; Ether,Amine; Arene,aligned_chunk_229.parquet,1103,471587,C10H10N2O,COc1ccc(-c2ncc[nH]2)cc1
C10H10N2O,0,23701,correct,Aldehyde; Alkane; Arene,Aldehyde; Alkane; Arene,aligned_chunk_4.parquet,12,580838,C10H10N2O,O=CCCn1cnc2ccccc21
C10H10N2O,0,24408,false negative,Alkane; Amide; Arene,Amide; Arene,aligned_chunk_75.parquet,1655,708450,C10H10N2O,Cn1cc(C(N)=O)c2ccccc21
C10H10N2O,0,35753,mixed error,Alkane; Alkene; Arene; Enamine,Alkene; Amide; Arene,aligned_chunk_207.parquet,2537,395248,C10H10N2O,O=C1NCC=CN1c1ccccc1
C10H10N2O,0,39208,correct,Alkane; Amine; Arene,Alkane; Amine; Arene,aligned_chunk_218.parquet,1993,433611,C10H10N2O,Cc1cccc(-c2cc(N)on2)c1
C10H10N2O,0,43010,correct,Alkane; Arene; Ether,Alkane; Arene; Ether,aligned_chunk_131.parquet,149,120313,C10H10N2O,COc1ccc(-c2cn[nH]c2)cc1
C10H10N2O,0,45674,false negative,Alkane; Amine; Arene; Ether,Alkane; Amine,aligned_chunk_243.parquet,3046,525355,C10H10N2O,COc1ccc(N)c2ncccc12
C10H10N2O,0,47671,false positive,Alkane; Amine; Arene; Ketone,Alkane; Alkene; Amine; Arene; Ketone,aligned_chunk_223.parquet,1367,452405,C10H10N2O,CC(=O)c1c[nH]c2ccc(N)cc12
C10H10N2O,0,56410,false negative,Alkane; Arene; Ether,Arene; Ether,aligned_chunk_33.parquet,2726,560850,C10H10N2O,COc1cccc(-n2cccn2)c1
C10H10N2O,0,65416,false negative,Alkane; Amine; Arene,Alkane; Amine,aligned_chunk_146.parquet,2644,174587,C10H10N2O,Cc1c[nH]c(=O)c2cccc(N)c12
C10H10N2O,0,66435,mixed error,Alcohol; Alkane; Arene; Phenol,Alcohol; Arene; Sulfide,aligned_chunk_57.parquet,1280,643529,C10H10N2O,Cc1ccccc1-n1ccc(O)n1
C10H10N2O,0,66890,mixed error,Alcohol; Alkane; Phenol,Alcohol; Haloalkane,aligned_chunk_166.parquet,758,244318,C10H10N2O,CCc1nc2ncccc2cc1O
C10H10N2O,0,72854,correct,Alkane; Amine; Arene,Alkane; Amine; Arene,aligned_chunk_105.parquet,2014,27969,C10H10N2O,NOCc1ccnc2ccccc12
C10H10N2O,0,73904,mixed error,Alcohol; Alkane; Amine; Arene,Alcohol; Amine; Arene; Haloalkane,aligned_chunk_4.parquet,867,581693,C10H10N2O,Nc1nccc2ccc(CO)cc12
C10H10N2O,0,77110,correct,Alcohol; Alkane; Arene,Alcohol; Alkane; Arene,aligned_chunk_93.parquet,1875,773522,C10H10N2O,OCc1cnc(-c2ccccc2)[nH]1
C16H18O3,0,12816,correct,Alkane; Arene; Ester; Ether,Alkane; Arene; Ester; Ether,aligned_chunk_232.parquet,2538,486030,C16H18O3,CC(=O)OC(CCCc1ccccc1)c1ccoc1
C16H18O3,0,16388,false positive,Alkane; Arene; Ether,Alkane; Arene; Ether; Haloalkane,aligned_chunk_20.parquet,2682,369489,C16H18O3,COCc1ccc(Oc2ccc(COC)cc2)cc1
C16H18O3,0,19584,false negative,Alcohol; Alkane; Arene; Ether,Alcohol; Arene,aligned_chunk_50.parquet,2491,622136,C16H18O3,COCCOc1ccc(C(O)c2ccccc2)cc1
C16H18O3,1,22656,mixed error,Alkane; Alkene; Arene; Ester; Ether; Ketone,Alkane; Alkene; Amide; Arene; Haloalkane; Ketone,aligned_chunk_47.parquet,1800,608449,C16H18O3,C=Cc1ccc(C(=O)C(=O)OCC/C=C\CC)cc1
C16H18O3,0,33434,mixed error,Alcohol; Alkane; Arene; Ether,Alcohol; Arene; Haloalkane,aligned_chunk_5.parquet,1873,618226,C16H18O3,COc1cccc(C(C)(O)c2cccc(OC)c2)c1
C16H18O3,0,47034,false negative,Alcohol; Alkane; Alkene; Arene; Carboxylic acid; Ketone,Alcohol; Alkane; Alkene; Arene; Carboxylic acid,aligned_chunk_102.parquet,2172,18355,C16H18O3,CC(C(=O)O)c1ccc(C=C2CCCCC2=O)cc1
C16H18O3,0,48104,correct,Alkane; Arene; Ester; Ether,Alkane; Arene; Ester; Ether,aligned_chunk_233.parquet,1341,488105,C16H18O3,CCOC(=O)COCCc1ccc2ccccc2c1
C16H18O3,0,51522,false positive,Alcohol; Alkane; Arene; Ether,Alcohol; Alkane; Amide; Arene; Ether; Haloalkane; Sulfide,aligned_chunk_19.parquet,1238,329265,C16H18O3,OCC(CO)c1ccc(OCc2ccccc2)cc1
C16H18O3,0,69916,mixed error,Alcohol; Alkane; Arene; Ester; Ether; Phenol,Alcohol; Alkane; Arene; Ether; Haloalkane; Phenol,aligned_chunk_98.parquet,467,788349,C16H18O3,CCCc1c(O)ccc2ccc(C(=O)OCC)cc12
C16H18O3,0,70354,correct,Alkane; Alkene; Arene; Ester; Ether,Alkane; Alkene; Arene; Ester; Ether,aligned_chunk_167.parquet,266,247070,C16H18O3,COC(=O)/C=C/C=C(/c1ccc(OC)cc1)C1CC1
C15H16N2O3,0,42430,false negative,Alcohol; Alkane; Amide; Arene; Carboxylic acid,Alcohol; Alkane; Arene; Carboxylic acid,aligned_chunk_127.parquet,603,104548,C15H16N2O3,O=C(O)C1CCN(C(=O)c2cc3ccccc3[nH]2)CC1
C15H16N2O3,0,47337,false positive,Alkane; Arene; Ester; Ether,Alkane; Arene; Ester; Ether; Haloalkane; Sulfide,aligned_chunk_206.parquet,1056,390531,C15H16N2O3,COC(=O)c1cn(-c2ccc(OC)cc2)nc1C1CC1
C15H16N2O3,0,52452,correct,Alkane; Amide; Amine; Arene; Ether,Alkane; Amide; Amine; Arene; Ether,aligned_chunk_87.parquet,986,749862,C15H16N2O3,CNC(=O)c1cc(Oc2ccc(N)cc2)ccc1OC
C15H16N2O3,0,56824,false positive,Alkane; Amine; Arene; Ester; Ether,Alkane; Amine; Arene; Ester; Ether; Haloalkane,aligned_chunk_231.parquet,1272,481539,C15H16N2O3,COC(=O)c1ccc(NCc2ccc(OC)cc2)nc1
C15H16N2O3,0,62963,false positive,Alcohol; Alkane; Amine; Arene,Alcohol; Alkane; Amine; Arene; Haloalkane,aligned_chunk_224.parquet,1083,455352,C15H16N2O3,Cc1ccc(Nc2ccccc2CCO)c([N+](=O)[O-])c1
C15H16N2O3,0,67026,correct,Alkane; Amide; Arene; Ether; Imide,Alkane; Amide; Arene; Ether; Imide,aligned_chunk_47.parquet,3208,609857,C15H16N2O3,COC1=NCCCC1(C)N1C(=O)c2ccccc2C1=O
C15H16N2O3,0,69252,correct,Alcohol; Alkane; Amide; Arene; Ether,Alcohol; Alkane; Amide; Arene; Ether,aligned_chunk_23.parquet,733,474452,C15H16N2O3,O=C(Nc1cc2ccc(OCCO)cc2cn1)C1CC1
C15H16N2O3,1,70086,mixed error,Alcohol; Alkane; Amine; Arene; Ether; Phenol,Alcohol; Alkane; Amine; Arene; Nitrile; Phenol,aligned_chunk_25.parquet,3150,531896,C15H16N2O3,Cc1nc(Nc2ccc3c(c2)OCO3)c(C)c(C)c1O
C15H16N2O3,0,79128,false positive,Alcohol; Alkane; Arene; Carboxylic acid; Ether,Alcohol; Alkane; Amide; Arene; Carboxylic acid; Ether,aligned_chunk_121.parquet,1023,85408,C15H16N2O3,CC1(C)CC(n2cncc2C(=O)O)c2ccccc2O1
C15H16N2O3,0,79187,correct,Alkane; Alkene; Amide; Arene; Ester; Ether,Alkane; Alkene; Amide; Arene; Ester; Ether,aligned_chunk_184.parquet,40,308592,C15H16N2O3,C=CC(=O)N[C@@H](Cc1c[nH]c2ccccc12)C(=O)OC
C11H9N3O,0,8574,false negative,Alcohol; Alkane; Arene,Alcohol; Arene,aligned_chunk_144.parquet,3072,168479,C11H9N3O,OCc1cn2c(cnc3ccccc32)n1
C11H9N3O,0,9336,false negative,Alcohol; Alkane; Arene; Nitrile,Alcohol; Arene,aligned_chunk_148.parquet,357,178890,C11H9N3O,N#Cc1cc(CO)nn1-c1ccccc1
C11H9N3O,1,13116,mixed error,Alkane; Amide; Arene,Arene; Phenol; Sulfide,aligned_chunk_140.parquet,2246,154729,C11H9N3O,O=C1Nc2ccccc2Cn2ccnc21
C11H9N3O,0,13686,mixed error,Alkane; Arene,Arene; Haloalkane,aligned_chunk_58.parquet,708,646160,C11H9N3O,Cc1cnn2c(=O)[nH]c3ccccc3c12
C11H9N3O,0,17876,false negative,Alkane; Amide; Arene; Nitrile,Amide; Arene; Nitrile,aligned_chunk_63.parquet,900,665806,C11H9N3O,N#Cc1cccc2c1ccn2CC(N)=O
C11H9N3O,0,41761,mixed error,Alkane; Amide; Arene,Arene; Haloalkane,aligned_chunk_106.parquet,918,30131,C11H9N3O,O=C1Cc2ccccc2N1c1ncc[nH]1
C11H9N3O,0,42154,mixed error,Alkane; Arene; Ether; Nitrile,Arene; Haloalkane; Nitrile,aligned_chunk_207.parquet,1064,393775,C11H9N3O,COc1cccc(-n2cccn2)c1C#N
C7H9N3O,0,13438,correct,Alkane; Amide; Amine; Hydrazine,Alkane; Amide; Amine; Hydrazine,aligned_chunk_238.parquet,43,502928,C7H9N3O,Cc1ccc(C(=O)NN)nc1
C7H9N3O,1,15340,mixed error,Alkane; Alkene; Amine; Ether,Alcohol; Alkane; Amine; Ester; Ether,aligned_chunk_185.parquet,423,312243,C7H9N3O,C=CCOc1cncc(N)n1
C7H9N3O,0,28943,correct,Amide; Amine; Arene,Amide; Amine; Arene,aligned_chunk_197.parquet,397,354334,C7H9N3O,NC(=O)c1ccc(N)c(N)c1
C7H9N3O,0,29128,mixed error,Alkane; Amide; Amine; Hydrazine,Amide; Amine; Haloalkane; Hydrazine,aligned_chunk_118.parquet,3162,74547,C7H9N3O,Cc1ccc(C(=O)NN)cn1
C7H9N3O,0,32572,correct,Amide; Amine; Arene; Hydrazine,Amide; Amine; Arene; Hydrazine,aligned_chunk_174.parquet,1813,274771,C7H9N3O,NNc1ccc(C(N)=O)cc1
C7H9N3O,0,43058,correct,Amide; Amine; Arene,Amide; Amine; Arene,aligned_chunk_179.parquet,1070,290209,C7H9N3O,NC(=O)c1c(N)cccc1N
C7H9N3O,0,46462,mixed error,Alkane; Amide; Amine; Hydrazine,Amide; Amine; Arene; Hydrazine,aligned_chunk_102.parquet,3076,19259,C7H9N3O,CNNC(=O)c1ccncc1
C7H9N3O,0,47161,mixed error,Amine; Arene; Hydrazine,Amide; Arene; Hydrazine,aligned_chunk_73.parquet,3005,703359,C7H9N3O,NC(=O)NNc1ccccc1
C7H9N3O,0,47769,false positive,Alkane; Ketone,Alkane; Haloalkane; Ketone; Sulfide,aligned_chunk_90.parquet,706,762558,C7H9N3O,O=C(c1c[nH]nn1)C1CCC1
C7H9N3O,0,58310,mixed error,Alkane; Amine,Amine; Haloalkane,aligned_chunk_239.parquet,3095,509181,C7H9N3O,N/C(Cc1ccncc1)=N\O
C7H9N3O,0,75621,false negative,Alkane; Amine; Ether; Nitrile,Alkane; Amine; Nitrile,aligned_chunk_131.parquet,940,121104,C7H9N3O,N#CC(C#N)N1CCOCC1
C8H14N2O2,0,22037,false negative,Alkane; Amide; Amine; Ether,Alkane; Amide; Amine,aligned_chunk_152.parquet,546,195233,C8H14N2O2,N[C@H]1CCN([C@H]2CCOC2)C1=O
C8H14N2O2,0,45942,false positive,Alkane; Alkene,Alkane; Alkene; Ketone,aligned_chunk_113.parquet,3012,58214,C8H14N2O2,C=C(C)CC(=NOC)C(C)=NO
C8H14N2O2,0,49242,false negative,Alkane; Amide; Amine; Ether,Alkane; Amide; Amine,aligned_chunk_160.parquet,2979,226903,C8H14N2O2,O=C1COC2(CCNCC2)CN1
C8H14N2O2,0,52255,false negative,Alkane; Amide; Amine; Ether,Alkane; Amide; Amine,aligned_chunk_62.parquet,2915,664597,C8H14N2O2,O=C(NC1CC1)C1CNCCO1
C8H14N2O2,0,54118,false negative,Alkane; Carbamate; Ether; Hydrazone,Alkane; Carbamate; Ether,aligned_chunk_68.parquet,143,681181,C8H14N2O2,CCOC(=O)NN=CCC1CC1
C8H14N2O2,1,57914,mixed error,Alkane; Amine; Ether; Nitrile,Alkane; Alkene; Amine; Nitrile,aligned_chunk_120.parquet,3134,84302,C8H14N2O2,COCOC1CCN(C#N)CC1
C8H14N2O2,0,66142,correct,Alcohol; Alkane; Amine; Nitrile,Alcohol; Alkane; Amine; Nitrile,aligned_chunk_106.parquet,2767,31980,C8H14N2O2,N#CCCN1C[C@H](O)C[C@@H]1CO
C17H21NO2,0,7785,false negative,Alkane; Amine; Arene; Ether,Alkane; Amine; Arene,aligned_chunk_79.parquet,2180,721905,C17H21NO2,COc1ccc(CC(N)Cc2ccccc2)cc1OC
C17H21NO2,0,11380,correct,Alkane; Arene; Ether; Ketone,Alkane; Arene; Ether; Ketone,aligned_chunk_74.parquet,2108,705701,C17H21NO2,CCOc1ccc(-n2c(C)cc(C(C)=O)c2C)c(C)c1
C17H21NO2,0,14330,correct,Alcohol; Alkane; Amine; Arene; Ether,Alcohol; Alkane; Amine; Arene; Ether,aligned_chunk_71.parquet,2969,696864,C17H21NO2,COc1ccc(N[C@H](c2ccccc2)[C@H](C)CO)cc1
C17H21NO2,0,21015,false negative,Alkane; Arene; Ether,Alkane; Arene,aligned_chunk_30.parquet,241,548578,C17H21NO2,Cc1[nH]c2ccccc2c1C1CCC2(CC1)OCCO2
C17H21NO2,0,23071,false negative,Alcohol; Alkane; Amine; Arene; Ether; Phenol,Alcohol; Amine; Arene; Phenol,aligned_chunk_121.parquet,272,84657,C17H21NO2,CCC(C)(C)c1ccc(Oc2ccc(O)cc2N)cc1
C17H21NO2,1,27061,mixed error,Alkane; Alkene; Arene; Ether,Alkane; Haloalkane,aligned_chunk_179.parquet,3038,292177,C17H21NO2,COc1c(C)cc(C)c2c1C(C=NO)C1=C2CCCC1
C17H21NO2,0,34958,false negative,Aldehyde; Alkane; Alkene; Amine; Arene; Ketone,Alkane; Alkene; Amine; Arene; Ketone,aligned_chunk_166.parquet,2155,245715,C17H21NO2,CC(=C\C(C)C(=O)c1ccc(N(C)C)cc1)/C=C/C=O
C17H21NO2,0,43329,correct,Alkane; Amine; Arene; Ether,Alkane; Amine; Arene; Ether,aligned_chunk_221.parquet,353,444914,C17H21NO2,COc1ccc2c(c1)[C@@]13CCCC4O[C@@]41[C@@H](C2)NCC3
C17H21NO2,0,56545,correct,Aldehyde; Alkane; Arene; Ether,Aldehyde; Alkane; Arene; Ether,aligned_chunk_196.parquet,2221,352957,C17H21NO2,CCCCCCCOc1ccc2cc(C=O)cnc2c1
C17H21NO2,0,61827,correct,Alcohol; Alkane; Amine; Arene; Ether; Phenol,Alcohol; Alkane; Amine; Arene; Ether; Phenol,aligned_chunk_94.parquet,1049,775966,C17H21NO2,CCN(CCCOc1ccc(O)cc1)c1ccccc1
C17H21NO2,0,66694,mixed error,Alkane; Amine; Arene; Ether; Ketone,Alkane; Amine; Arene; Ester; Ether; Haloalkane,aligned_chunk_158.parquet,2834,216961,C17H21NO2,COc1cccc2c1[C@]13CCN[C@H](C2)[C@@H]1CCC(=O)C3
C17H21NO2,0,70693,false positive,Aldehyde; Alkane; Amide; Arene,Aldehyde; Alkane; Amide; Arene; Haloalkane,aligned_chunk_128.parquet,2934,110152,C17H21NO2,O=Cc1ccc2c(c1)CCN(C(=O)C1CCCCC1)C2
C11H16N2O2,0,5307,mixed error,Alkane; Amide,Alkane; Haloalkane,aligned_chunk_137.parquet,3193,142716,C11H16N2O2,Cc1oncc1C(=O)N1CCC(C)CC1
C11H16N2O2,1,7575,mixed error,Aldehyde; Alkane; Amine; Ether,Alkane; Amide,aligned_chunk_41.parquet,2201,589623,C11H16N2O2,Cn1cc(CN2CCOCC2)cc1C=O
C11H16N2O2,0,13036,false negative,Alkane; Amine; Ester; Ether,Alkane; Amine; Ether,aligned_chunk_88.parquet,2791,754926,C11H16N2O2,CCOC(=O)CC(C)c1cc(N)ccn1
C11H16N2O2,0,22803,mixed error,Alkane; Amine; Ester; Ether,Aldehyde; Alkane; Ester; Ether; Haloalkane,aligned_chunk_183.parquet,811,306143,C11H16N2O2,CCN(CC)c1ccc(C(=O)OC)nc1
C11H16N2O2,0,24363,correct,Alkane; Arene,Alkane; Arene,aligned_chunk_86.parquet,3067,748707,C11H16N2O2,CCC(C)N(O)C(=O)Nc1ccccc1
C11H16N2O2,0,26217,correct,Alkane; Carbamate; Ether,Alkane; Carbamate; Ether,aligned_chunk_162.parquet,643,231124,C11H16N2O2,Cc1cccnc1NC(=O)OC(C)(C)C
C11H16N2O2,0,28013,correct,Alkane; Amine; Arene; Carbamate; Ether,Alkane; Amine; Arene; Carbamate; Ether,aligned_chunk_217.parquet,1763,430160,C11H16N2O2,CN(CCN)C(=O)OCc1ccccc1
C11H16N2O2,0,28254,correct,Alcohol; Alkane; Amide; Amine; Arene; Hydrazine,Alcohol; Alkane; Amide; Amine; Arene; Hydrazine,aligned_chunk_64.parquet,2419,670468,C11H16N2O2,NNC(=O)CC(CCO)c1ccccc1
C11H16N2O2,0,31249,correct,Alcohol; Alkane; Phenol,Alcohol; Alkane; Phenol,aligned_chunk_204.parquet,2048,385026,C11H16N2O2,O=c1[nH]nc(CCC2CCCC2)cc1O
C11H16N2O2,0,32117,false negative,Alkane; Amine; Ester; Ether,Alkane; Amine,aligned_chunk_107.parquet,1863,34334,C11H16N2O2,CCOC(=O)C(C)(C)c1ccc(N)nc1
C11H16N2O2,0,34375,false positive,Alkane; Ester; Ether,Alkane; Ester; Ether; Haloalkane,aligned_chunk_75.parquet,2996,709791,C11H16N2O2,CC[C@H]1C(=O)OC[C@@H]1Cc1cncn1C
C11H16N2O2,0,42290,false negative,Alcohol; Alkane; Amine; Carboxylic acid,Alcohol; Alkane; Carboxylic acid,aligned_chunk_190.parquet,123,331412,C11H16N2O2,Cc1cc(C(=O)O)cnc1N(C)C(C)C
C11H16N2O2,0,42339,false positive,Alcohol; Alkane; Amide; Amine; Arene,Alcohol; Alkane; Amide; Amine; Arene; Ether,aligned_chunk_170.parquet,2468,262342,C11H16N2O2,CC(=O)Nc1cccc(N(C)CCO)c1
C11H16N2O2,0,47002,correct,Alcohol; Alkane,Alcohol; Alkane,aligned_chunk_228.parquet,759,468043,C11H16N2O2,CCc1c(C)nc2n(c1=O)CCCC2O
C11H16N2O2,0,47098,correct,Alkane; Carbamate; Ether,Alkane; Carbamate; Ether,aligned_chunk_170.parquet,1496,261370,C11H16N2O2,Cc1ccc(NC(=O)OC(C)(C)C)cn1
C11H16N2O2,0,55990,false negative,Alcohol; Alkane; Amine; Ether,Alcohol; Alkane; Amine,aligned_chunk_80.parquet,521,726681,C11H16N2O2,NCc1cccc(C2(O)CCOCC2)n1
C11H16N2O2,0,56715,mixed error,Alcohol; Alkane; Amine; Ether,Alcohol; Alkane; Amine; Haloalkane,aligned_chunk_108.parquet,1150,36882,C11H16N2O2,OCc1cc(CN2CCOCC2)ccn1
C11H16N2O2,0,61517,mixed error,Alcohol; Alkane; Amine; Phenol,Alcohol; Alkane; Haloalkane; Phenol; Sulfide,aligned_chunk_211.parquet,1275,410122,C11H16N2O2,Cc1c(O)c(=O)ccn1N1CCCCC1
C11H16N2O2,0,65810,correct,Alcohol; Alkane; Amide; Phenol,Alcohol; Alkane; Amide; Phenol,aligned_chunk_165.parquet,1905,242169,C11H16N2O2,CC(C)(C)CNC(=O)c1ccc(O)nc1
C11H16N2O2,0,73919,false negative,Alkane; Alkene; Amine; Ester; Ether; Nitrile,Alkane; Alkene; Ester; Ether; Nitrile,aligned_chunk_128.parquet,1852,109070,C11H16N2O2,CCOC(=O)C(C#N)=C1CCN(C)CC1
C11H16N2O2,0,76232,mixed error,Aldehyde; Alkane; Amine,Aldehyde; Alkane; Haloalkane,aligned_chunk_70.parquet,0,690656,C11H16N2O2,CN1CCN(Cc2ccc(C=O)o2)CC1
C11H16N2O2,0,78249,false negative,Alcohol; Alkane; Amine; Arene; Ether,Alcohol; Alkane; Amine; Arene,aligned_chunk_10.parquet,1237,7745,C11H16N2O2,Nc1ccc(N2CCOC[C@H]2CO)cc1
C23H25N7O2,0,513,false positive,Alcohol; Alkane; Amide; Amine,Alcohol; Alkane; Amide; Amine; Arene; Phenol; Sulfide,aligned_chunk_213.parquet,2491,417866,C23H25N7O2,Cc1[nH]nc(C(=O)Nc2cnc3[nH]c(-c4ccnc(N5CCCC(O)C5)c4)cc3c2)c1C
C23H25N7O2,0,25587,correct,Alkane; Amide; Amine,Alkane; Amide; Amine,aligned_chunk_107.parquet,1393,33864,C23H25N7O2,Cc1cc(C)c(CNC(=O)c2cc(Nc3ccncc3)nc3c2cnn3C(C)C)c(=O)[nH]1
C23H25N7O2,1,32480,mixed error,Alkane; Amine; Arene; Ester; Ether; Nitrile,Alkane; Arene; Ether; Haloalkane; Nitrile,aligned_chunk_159.parquet,1508,218923,C23H25N7O2,CCOC(=O)c1cc(C#N)c(N2CCN(Cc3cn(-c4ccccc4)nn3)CC2)nc1C
C23H25N7O2,0,50740,false positive,Alcohol; Alkane; Amide; Amine,Alcohol; Alkane; Amide; Amine; Phenol,aligned_chunk_27.parquet,1024,536275,C23H25N7O2,Cc1[nH]nc(C(=O)Nc2cnc3[nH]c(-c4ccnc(N5CCC(O)CC5)c4)cc3c2)c1C
C23H25N7O2,0,68267,correct,Alkane; Alkyne; Amine; Arene,Alkane; Alkyne; Amine; Arene,aligned_chunk_65.parquet,3141,674419,C23H25N7O2,Cc1cc(NC(=O)Nc2cccc(C#Cc3cnc(NCCN4CCCC4)nc3)c2)no1
C23H27NO2,0,10179,correct,Alkane; Alkene; Amide; Arene; Ether,Alkane; Alkene; Amide; Arene; Ether,aligned_chunk_2.parquet,1727,365405,C23H27NO2,C=CC[C@@]1(COCc2ccccc2)CC(=O)N([C@H](C)c2ccccc2)C1
C23H27NO2,0,19083,correct,Alkane; Amine; Arene; Ester; Ether,Alkane; Amine; Arene; Ester; Ether,aligned_chunk_213.parquet,2219,417594,C23H27NO2,COC(=O)C1CC12CCC(c1ccc(NCc3ccccc3)cc1)CC2
C23H27NO2,0,29954,false negative,Alkane; Amide; Arene; Ketone,Alkane; Amide; Arene,aligned_chunk_20.parquet,1268,368075,C23H27NO2,CC(=O)C1(c2ccccc2)CCN(C(=O)CCCc2ccccc2)CC1
C23H27NO2,0,36964,false negative,Alkane; Alkene; Amine; Arene; Ester; Ether,Alkane; Amine; Arene; Ester; Ether,aligned_chunk_37.parquet,2647,573796,C23H27NO2,CCOC(=O)c1ccc(Nc2cc3c(cc2C)C(C)=CCC3(C)C)cc1
C23H27NO2,0,52818,correct,Alkane; Alkene; Arene; Ether; Nitrile,Alkane; Alkene; Arene; Ether; Nitrile,aligned_chunk_201.parquet,588,373884,C23H27NO2,CCCCCCOc1ccc(C=C(C#N)c2ccc(OCC)cc2)cc1
C23H27NO2,1,68218,mixed error,Alkane; Amide; Arene; Ketone,Alkane; Arene; Ketone; Sulfide,aligned_chunk_229.parquet,3212,473696,C23H27NO2,CCCCCCCCCN1C(=O)C(=O)c2cccc(-c3ccccc3)c21
C14H18O4,0,7008,false positive,Alkane; Alkene; Arene; Ester; Ether,Alkane; Alkene; Arene; Ester; Ether; Haloalkane,aligned_chunk_228.parquet,3182,470466,C14H18O4,CCOC(=O)C=CCc1cccc(OC)c1OC
C14H18O4,0,9581,correct,Alkane; Arene; Ester; Ether,Alkane; Arene; Ester; Ether,aligned_chunk_24.parquet,1676,511027,C14H18O4,CC1(C)OC[C@@](C)(C(=O)OCc2ccccc2)O1
C14H18O4,0,10859,false positive,Aldehyde; Alkane; Arene; Ether,Aldehyde; Alkane; Amine; Arene; Ether,aligned_chunk_162.parquet,1672,232153,C14H18O4,COc1cc(OC2CCCCO2)cc(C)c1C=O
C14H18O4,1,11409,mixed error,Alcohol; Alkane; Arene; Carboxylic acid; Ether,Alcohol; Alkane; Arene; Carboxylic acid; Haloalkane; Sulfide,aligned_chunk_84.parquet,1021,740182,C14H18O4,COc1cc(CC(=O)O)ccc1OCC1CCC1
C14H18O4,0,18436,false positive,Alkane; Arene; Ester; Ether,Aldehyde; Alkane; Arene; Ester; Ether; Haloalkane,aligned_chunk_153.parquet,2785,200666,C14H18O4,COc1ccc([C@@H]2O[C@H]2C(=O)OC(C)(C)C)cc1
C14H18O4,0,22265,false negative,Alcohol; Alkane; Arene; Carboxylic acid; Ether,Alcohol; Alkane; Arene; Carboxylic acid,aligned_chunk_212.parquet,2446,414587,C14H18O4,CC(Oc1ccc(C2CCOCC2)cc1)C(=O)O
C14H18O4,0,26230,false positive,Alkane; Arene; Ether; Ketone,Alkane; Arene; Ether; Haloalkane; Ketone; Sulfide,aligned_chunk_40.parquet,1240,585346,C14H18O4,CCOc1cc2c(cc1OC)C(=O)CC(C)(C)O2
C14H18O4,0,42488,false negative,Aldehyde; Alkane; Arene; Ester; Ether,Aldehyde; Alkane; Arene; Ether,aligned_chunk_132.parquet,357,123700,C14H18O4,CCOC(=O)[C@@H](Oc1ccc(C=O)cc1)C(C)C
C14H18O4,0,45626,false negative,Alcohol; Alkane; Arene; Carboxylic acid; Ether,Alcohol; Alkane; Arene; Carboxylic acid,aligned_chunk_144.parquet,2313,167720,C14H18O4,COc1ccc(C(O)(C(=O)O)C2CCCC2)cc1
C14H18O4,0,50517,false positive,Alcohol; Alkane; Arene; Carboxylic acid,Alcohol; Alkane; Amine; Arene; Carboxylic acid,aligned_chunk_171.parquet,683,263837,C14H18O4,CC(CCc1ccc(CC(=O)O)cc1)CC(=O)O
C14H18O4,0,54132,correct,Aldehyde; Alkane; Arene; Ester; Ether,Aldehyde; Alkane; Arene; Ester; Ether,aligned_chunk_201.parquet,1861,375157,C14H18O4,Cc1c(C=O)cccc1OCC(=O)OC(C)(C)C
C14H18O4,0,66141,mixed error,Alcohol; Alkane; Arene; Ester; Ether; Phenol,Alcohol; Alkane; Arene; Ether; Haloalkane,aligned_chunk_132.parquet,2589,125932,C14H18O4,CCCc1c(O)ccc2c1OC(C(=O)OC)CC2
C14H18O4,0,66422,correct,Alkane; Arene; Ester; Ether,Alkane; Arene; Ester; Ether,aligned_chunk_5.parquet,2890,619243,C14H18O4,CC(=O)OC1CCC(OCc2ccccc2)CO1
C14H18O4,0,67753,false positive,Aldehyde; Alkane; Arene; Ether,Aldehyde; Alkane; Arene; Ether; Haloalkane,aligned_chunk_63.parquet,156,665062,C14H18O4,COc1c(C=O)ccc(OC2CCCCO2)c1C
C14H18O4,0,76005,correct,Aldehyde; Alkane; Arene; Ester; Ether,Aldehyde; Alkane; Arene; Ester; Ether,aligned_chunk_31.parquet,263,551875,C14H18O4,CC(=O)OCCCCCOc1ccccc1C=O
C14H18O4,0,77440,correct,Alkane; Arene; Ester; Ether,Alkane; Arene; Ester; Ether,aligned_chunk_191.parquet,2359,336894,C14H18O4,CC(=O)OCC(COC(C)=O)Cc1ccccc1
C14H18O4,0,78403,correct,Alcohol; Alkane; Arene; Carboxylic acid; Ester; Ether,Alcohol; Alkane; Arene; Carboxylic acid; Ester; Ether,aligned_chunk_135.parquet,2512,135572,C14H18O4,O=C(O)CCCCCC(=O)OCc1ccccc1
C22H24O6,1,1305,correct,Alkane; Alkene; Arene; Ester; Ether,Alkane; Alkene; Arene; Ester; Ether,aligned_chunk_219.parquet,948,435824,C22H24O6,C=CCC1c2ccc(OCOC)cc2OC(=O)C1c1ccc(OCOC)cc1
C14H12F2N2O2,1,33718,mixed error,Alcohol; Alkane; Arene; Haloalkane; Phenol,Alcohol; Amide; Arene; Haloalkane; Phenol,aligned_chunk_123.parquet,2968,93902,C14H12F2N2O2,CN(C(=O)Nc1ccc(F)cc1)c1ccc(O)cc1F
C14H12F2N2O2,0,35122,correct,Alkane; Amide; Arene; Ether; Haloalkane,Alkane; Amide; Arene; Ether; Haloalkane,aligned_chunk_166.parquet,2159,245719,C14H12F2N2O2,CC(=O)Nc1cc(Oc2ccc(F)cc2F)ncc1C
C16H15NO4,1,8500,mixed error,Aldehyde; Alkane; Arene; Ester; Ether; Ketone,Alkane; Amide; Amine; Arene; Ether,aligned_chunk_179.parquet,1182,290321,C16H15NO4,CCOC(=O)c1[nH]c(C=O)c(C(=O)c2ccccc2)c1C
C16H15NO4,0,32264,correct,Aldehyde; Alkane; Arene; Ester; Ether,Aldehyde; Alkane; Arene; Ester; Ether,aligned_chunk_99.parquet,2925,794062,C16H15NO4,COC(=O)Cc1ccc(Oc2ccc(C=O)c(C)n2)cc1
C16H15NO4,0,38856,correct,Alkane; Amine; Arene; Ester; Ether,Alkane; Amine; Arene; Ester; Ether,aligned_chunk_187.parquet,983,319330,C16H15NO4,COC(=O)c1cccc(Nc2ccccc2C(=O)OC)c1
C16H15NO4,0,58832,mixed error,Alcohol; Alkane; Amide; Arene; Carboxylic acid; Ether,Alcohol; Alkene; Amide; Arene; Carboxylic acid; Haloalkane,aligned_chunk_41.parquet,335,587757,C16H15NO4,NC(=O)c1cccc(OCc2ccc(CC(=O)O)cc2)c1
C20H25NO2,0,1100,false negative,Alkane; Amide; Arene; Ether,Alkane; Amide; Arene,aligned_chunk_59.parquet,2538,651190,C20H25NO2,COCCCCCNC(=O)C(c1ccccc1)c1ccccc1
C20H25NO2,0,11401,correct,Alkane; Amine; Arene; Ether,Alkane; Amine; Arene; Ether,aligned_chunk_147.parquet,46,175298,C20H25NO2,c1ccc(COc2ccc(OCCN3CCCCC3)cc2)cc1
C20H25NO2,1,16037,mixed error,Alkane; Amine; Arene; Ether,Alkane; Alkene; Amine; Arene,aligned_chunk_57.parquet,2919,645168,C20H25NO2,CCN1CCc2cc(OC)c(OC)cc2C(c2ccccc2)C1
C20H25NO2,0,23212,false positive,Alkane; Amine; Arene; Ester; Ether,Alkane; Amine; Arene; Ester; Ether; Sulfide,aligned_chunk_122.parquet,2763,90424,C20H25NO2,CCOC(=O)CCCCCNc1ccccc1-c1ccccc1
C20H25NO2,0,45388,false negative,Alkane; Alkene; Arene; Ether; Nitrile,Alkane; Alkene; Nitrile,aligned_chunk_88.parquet,1237,753372,C20H25NO2,N#Cc1ccc([C@@H]2CC[C@@H](C=CCC3OCCCO3)CC2)cc1
C20H25NO2,0,48712,correct,Alkane; Amine; Arene; Ester; Ether,Alkane; Amine; Arene; Ester; Ether,aligned_chunk_8.parquet,1014,723949,C20H25NO2,COC(=O)[C@H](CC(C)C)NCc1ccc(-c2ccccc2)cc1
C20H25NO2,0,49110,correct,Alcohol; Alkane; Arene; Ether,Alcohol; Alkane; Arene; Ether,aligned_chunk_81.parquet,1880,731276,C20H25NO2,CCc1cccc(CC)c1-c1cc(OC)c2c(n1)CCCC2O
C20H25NO2,0,61580,false positive,Alkane; Amine; Arene; Ether,Alkane; Amine; Arene; Ether; Haloalkane,aligned_chunk_65.parquet,1395,672673,C20H25NO2,COc1cc2c(cc1OC)[C@H](CCc1cccc(C)c1)NCC2
C20H25NO2,0,64819,false negative,Alkane; Amine; Arene; Ether; Ketone,Alkane; Amine; Arene; Ketone,aligned_chunk_214.parquet,2109,420752,C20H25NO2,CCN(CC)CCOC(C(=O)c1ccccc1)c1ccccc1
C20H25NO2,0,68743,correct,Alkane; Alkene; Amide; Arene; Imide,Alkane; Alkene; Amide; Arene; Imide,aligned_chunk_79.parquet,634,720359,C20H25NO2,CCC(/C=C(\C)CCC=C(C)C)N1C(=O)c2ccccc2C1=O
C20H25NO2,0,69301,correct,Alcohol; Alkane; Amide; Arene,Alcohol; Alkane; Amide; Arene,aligned_chunk_137.parquet,2378,141901,C20H25NO2,O=C(N1CCC(O)c2ccccc21)C12CC3CC(CC(C3)C1)C2
C20H25NO2,0,69622,correct,Alcohol; Alkane; Arene,Alcohol; Alkane; Arene,aligned_chunk_18.parquet,2476,294816,C20H25NO2,CCCCCCn1c2cc(CO)ccc2c2ccc(CO)cc21
C20H25NO2,0,78079,correct,Alcohol; Alkane; Amine; Arene,Alcohol; Alkane; Amine; Arene,aligned_chunk_107.parquet,2383,34854,C20H25NO2,OCCc1ccc(C2(O)CCN(Cc3ccccc3)CC2)cc1
C16H26N6O2,0,8514,correct,Alkane; Amine; Ether,Alkane; Amine; Ether,aligned_chunk_115.parquet,1144,62866,C16H26N6O2,CCCCNc1nc(N)c2nc(OC)n(CC3CCCOC3)c2n1
C16H26N6O2,1,14451,mixed error,Alkane; Amine; Arene; Carbamate; Ether,Alkane; Amide; Amine; Arene,aligned_chunk_224.parquet,1088,455357,C16H26N6O2,CN(C)C(=N)NC(=N)NCc1ccc(NC(=O)OC(C)(C)C)cc1
C16H26N6O2,0,40596,false negative,Alkane; Amine; Ether,Alkane; Amine,aligned_chunk_56.parquet,1225,640269,C16H26N6O2,CCCCOc1nc(N)c2[nH]c(=O)n(CCC3CCCCN3)c2n1
C13H13ClN4O2,0,19790,correct,Alkane; Arene; Ether; Haloalkane,Alkane; Arene; Ether; Haloalkane,aligned_chunk_34.parquet,388,561808,C13H13ClN4O2,COc1ccc(C)cc1NC(=O)Nc1cncc(Cl)n1
C13H13ClN4O2,1,51967,mixed error,Alkane; Alkene; Arene; Ester; Ether; Haloalkane,Alkane; Arene; Ether; Ketone,aligned_chunk_122.parquet,2524,90185,C13H13ClN4O2,C=C(Cn1nnc(-c2cccc(Cl)c2)n1)C(=O)OCC
C23H35N3O3,0,13255,correct,Alkane; Amide; Amine; Arene; Ether,Alkane; Amide; Amine; Arene; Ether,aligned_chunk_139.parquet,906,146894,C23H35N3O3,CCCC(=O)N[C@@H]1CC[C@@H](CCN2CCN(c3cccc4c3OCO4)CC2)CC1
C23H35N3O3,0,17773,correct,Alkane; Amide; Amine; Arene; Carbamate; Ether,Alkane; Amide; Amine; Arene; Carbamate; Ether,aligned_chunk_159.parquet,1271,218686,C23H35N3O3,CC(C)N1CCCN(C(=O)c2ccc3c(c2)CCN(C(=O)OC(C)(C)C)C3)CC1
C23H35N3O3,1,50541,mixed error,Alcohol; Alkane; Amine; Ester; Ether,Alcohol; Alkane; Sulfide,aligned_chunk_114.parquet,1433,59894,C23H35N3O3,CCOC(=O)c1c(C)c(C(C)C2CCN(CC(C)(C)O)CC2)n2nc(C)ccc12
C23H35N3O3,0,59361,false negative,Alkane; Amide; Arene; Ether; Ketone,Alkane; Amide; Arene; Ketone,aligned_chunk_19.parquet,3026,331053,C23H35N3O3,CCN(CCC(C)(C)C)C(=O)Cn1nc(C(=O)C(C)(C)C)c2ccc(OC)cc21
C19H15N3O2,1,12290,mixed error,Alcohol; Alkane; Arene; Carboxylic acid; Nitrile,Alcohol; Arene; Carboxylic acid; Ester; Ether; Haloalkane; Sulfide,aligned_chunk_82.parquet,1592,734255,C19H15N3O2,N#Cc1ccc(-c2c[nH]c(C(Cc3ccccc3)C(=O)O)n2)cc1
C19H15N3O2,0,14579,false negative,Alkane; Amide; Arene; Ether,Amide; Arene,aligned_chunk_231.parquet,148,480415,C19H15N3O2,COc1ccc(C(=O)Nc2ccncc2)c2c1[nH]c1ccccc12
C19H15N3O2,0,48952,false positive,Alkane; Amide; Amine; Arene,Alkane; Amide; Amine; Arene; Haloalkane,aligned_chunk_70.parquet,2105,692761,C19H15N3O2,Nc1cccc(N2C(=O)CC(=O)Nc3c2ccc2ccccc32)c1
C19H15N3O2,0,51264,mixed error,Alkane; Amide; Arene; Nitrile,Alkane; Amide; Arene; Sulfide,aligned_chunk_67.parquet,343,678084,C19H15N3O2,N#Cc1cccc(N2C(=O)CC(=O)Nc3c2ccc2c3CCC2)c1
C19H15N3O2,0,71692,mixed error,Alkane; Arene; Ester; Ether; Nitrile,Alkane; Arene; Ester; Ether; Haloalkane; Ketone,aligned_chunk_156.parquet,1476,209038,C19H15N3O2,CCOC(=O)c1cn(-c2cccc(-c3ccccc3C#N)c2)cn1
C19H15N3O2,0,72167,false negative,Alkane; Alkene; Arene,Alkene,aligned_chunk_52.parquet,1930,628022,C19H15N3O2,Cc1ccc2c(c1)C=Cc1ncccc1C2c1c[nH]c(=O)[nH]c1=O
C19H15N3O2,0,74254,mixed error,Alkane; Amide; Arene; Ketone,Alkane; Amide; Arene; Haloalkane; Imine,aligned_chunk_212.parquet,1290,413431,C19H15N3O2,O=C(CNC(=O)c1cnc(-c2ccccc2)nc1)c1ccccc1
C19H22N4OS,1,7009,false negative,Alcohol; Alkane; Amine; Arene; Phenol; Sulfide,Alcohol; Alkane; Amine; Arene; Phenol,aligned_chunk_85.parquet,146,742493,C19H22N4OS,CCN(CC)CCn1nc2c3c(c(N)ccc31)Sc1ccc(O)cc1-2
C18H15NO5,1,13543,mixed error,Alkane; Alkene; Arene; Ester; Ether; Ketone; Nitrile,Alkane; Amide; Arene; Ketone,aligned_chunk_35.parquet,1729,566416,C18H15NO5,CC(=O)/C(=C/c1cccc2c(=O)cc(C)oc12)C(=O)OCCC#N
C18H15NO5,0,26898,false negative,Alcohol; Alkane; Arene; Carboxylic acid; Ether; Ketone,Alcohol; Alkane; Arene; Carboxylic acid,aligned_chunk_54.parquet,1894,634484,C18H15NO5,CO[C@H](CC(=O)O)C(=O)c1ccc2nc(-c3ccccc3)oc2c1
C18H15NO5,0,29571,false negative,Alcohol; Alkane; Alkene; Amide; Arene; Carboxylic acid; Ester; Ether,Alcohol; Alkane; Alkene; Amide; Arene; Carboxylic acid,aligned_chunk_156.parquet,501,208063,C18H15NO5,CC(=O)Oc1ccc(C=CC(=O)Nc2ccc(C(=O)O)cc2)cc1
C18H15NO5,0,62867,mixed error,Alcohol; Alkane; Amide; Arene; Ether; Phenol,Alcohol; Amide; Arene; Haloalkane; Phenol,aligned_chunk_153.parquet,283,198164,C18H15NO5,COc1ccc(-c2oc3ccc(NC(C)=O)cc3c(=O)c2O)cc1
C16H25NO4,0,50173,correct,Alcohol; Alkane; Arene; Carbamate; Ether,Alcohol; Alkane; Arene; Carbamate; Ether,aligned_chunk_73.parquet,342,700696,C16H25NO4,C[C@@H](OC(C)(C)C)[C@@H](CO)NC(=O)OCc1ccccc1
C16H25NO4,1,56611,false negative,Alkane; Amine; Arene; Ester; Ether,Alkane; Amine; Arene; Ether,aligned_chunk_67.parquet,1688,679429,C16H25NO4,CCOC(=O)C(Cc1ccc(OCC)c(N)c1)OC(C)C
C16H25NO4,0,62317,correct,Alcohol; Alkane; Arene; Carbamate; Ether,Alcohol; Alkane; Arene; Carbamate; Ether,aligned_chunk_179.parquet,970,290109,C16H25NO4,C[C@@H](OCc1ccccc1)[C@@H](CO)NC(=O)OC(C)(C)C
C16H25NO4,0,74562,correct,Alcohol; Alkane; Amide; Arene; Phenol,Alcohol; Alkane; Amide; Arene; Phenol,aligned_chunk_216.parquet,1830,426981,C16H25NO4,CCCCC(CC)CNC(=O)C(O)c1ccc(O)c(O)c1
C16H25NO4,0,75434,correct,Alkane; Amide; Arene; Ether,Alkane; Amide; Arene; Ether,aligned_chunk_69.parquet,2149,686376,C16H25NO4,COC(CN(C)C(=O)CCOCCc1ccccc1)OC
C27H32N2,1,12364,false positive,Alkane; Arene; Nitrile,Alkane; Arene; Ether; Haloalkane; Nitrile,aligned_chunk_61.parquet,1845,660281,C27H32N2,CCCCCCC1(CCCCCC)c2cc(C#N)ccc2-c2ccc(C#N)cc21
C19H23NO,0,10725,correct,Alkane; Amide; Arene,Alkane; Amide; Arene,aligned_chunk_119.parquet,2163,76787,C19H23NO,CC(C)Cc1cccc(C(=O)NCCc2ccccc2)c1
C19H23NO,0,11701,mixed error,Alkane; Alkene; Amine; Arene,Alkane; Amine; Arene; Imine,aligned_chunk_160.parquet,2431,226355,C19H23NO,C=C(C)Cc1c(C)c(-c2ccccc2)c(C)c(C)c1ON
C19H23NO,0,12306,correct,Alcohol; Alkane; Amine; Arene,Alcohol; Alkane; Amine; Arene,aligned_chunk_89.parquet,3118,758512,C19H23NO,Cc1ccc(C(O)(c2ccccc2)C2CCNCC2)cc1
C19H23NO,0,13369,correct,Alkane; Amine; Arene; Ether,Alkane; Amine; Arene; Ether,aligned_chunk_114.parquet,1997,60458,C19H23NO,COc1cccc(C2CCCN(Cc3ccccc3)C2)c1
C19H23NO,0,13647,false positive,Alcohol; Alkane; Arene; Phenol,Alcohol; Alkane; Arene; Ether; Phenol,aligned_chunk_130.parquet,2228,119154,C19H23NO,Oc1c2c(nc3ccc(C4CCCCC4)cc13)CCCC2
C19H23NO,0,22231,false negative,Alkane; Amine; Arene; Ether,Alkane; Amine; Arene,aligned_chunk_163.parquet,1192,234933,C19H23NO,NCC[C@]1(c2ccccc2)C[C@H]1COCc1ccccc1
C19H23NO,0,27158,correct,Alkane; Amine; Arene; Ether,Alkane; Amine; Arene; Ether,aligned_chunk_182.parquet,2712,304808,C19H23NO,COc1ccc2c(c1)CCCC(NCc1ccccc1)C2
C19H23NO,0,37752,false positive,Aldehyde; Alkane; Arene,Aldehyde; Alkane; Amide; Arene,aligned_chunk_89.parquet,1424,756818,C19H23NO,CC1(C)CCC(C)(C)c2cc(-c3c[nH]c(C=O)c3)ccc21
C19H23NO,0,38519,false positive,Alcohol; Alkane; Amine; Arene,Alcohol; Alkane; Amine; Arene; Ether,aligned_chunk_71.parquet,4,693899,C19H23NO,C[C@H](N(Cc1ccccc1)Cc1ccccc1)C1(O)CC1
C19H23NO,0,43340,false negative,Alkane; Amine; Arene; Ether,Alkane; Amine; Arene,aligned_chunk_152.parquet,1069,195756,C19H23NO,Cc1ccc(C(OC2CCNCC2)c2ccccc2)cc1
C19H23NO,0,46994,false positive,Alkane; Amine; Arene,Alkane; Alkene; Amine; Arene,aligned_chunk_230.parquet,2601,479616,C19H23NO,c1ccc2oc(CNC34CC5CC(CC(C5)C3)C4)cc2c1
C19H23NO,0,48300,mixed error,Alkane; Amine; Arene; Ether,Alkane; Amide; Amine; Arene; Haloalkane,aligned_chunk_79.parquet,961,720686,C19H23NO,c1ccc(CCOc2ccc(CCNC3CC3)cc2)cc1
C19H23NO,0,53367,correct,Alkane; Amine; Arene; Ether,Alkane; Amine; Arene; Ether,aligned_chunk_188.parquet,729,322359,C19H23NO,Cc1cccc(OC2CCN(Cc3ccccc3)CC2)c1
C19H23NO,0,58938,correct,Alcohol; Alkane; Amine; Arene,Alcohol; Alkane; Amine; Arene,aligned_chunk_33.parquet,1427,559551,C19H23NO,CC1C(c2ccccc2)NC(c2ccccc2)C(C)C1O
C19H23NO,0,61570,correct,Alcohol; Alkane; Amine; Arene,Alcohol; Alkane; Amine; Arene,aligned_chunk_23.parquet,359,474078,C19H23NO,CN1CCCC(CO)(c2ccccc2)C1c1ccccc1
C19H23NO,0,65683,false positive,Alcohol; Alkane; Amine; Arene,Alcohol; Alkane; Amine; Arene; Ester; Ether,aligned_chunk_21.parquet,416,402780,C19H23NO,CN(C)C1CCc2ccccc2C(O)(c2ccccc2)C1
C19H23NO,1,65742,mixed error,Alcohol; Alkane; Amine; Arene,Alcohol; Alkane; Arene; Ester; Ether; Ketone; Phenol,aligned_chunk_67.parquet,1689,679430,C19H23NO,Cc1cccc(C(O)c2ccccc2N2CCCCC2)c1
C19H23NO,0,66571,mixed error,Alkane; Amine; Arene; Ketone,Alkane; Amine; Arene; Ether,aligned_chunk_24.parquet,537,509888,C19H23NO,CN(C)C(c1ccc2ccccc2c1)C1CCCCC1=O
C19H23NO,0,69712,mixed error,Alkane; Amine; Arene; Ether,Alkane; Amine; Arene; Haloalkane,aligned_chunk_127.parquet,56,104001,C19H23NO,CCc1ccc(C2COc3c(C)c(C)c(N)c(C)c32)cc1
C19H23NO,0,71399,false positive,Alkane; Amide; Arene,Aldehyde; Alkane; Amide; Amine; Arene,aligned_chunk_220.parquet,2134,443480,C19H23NO,O=C(C1C2CC3CC(C2)CC1C3)N1CCc2ccccc21
C6H7ClN2O,1,8123,false negative,Alcohol; Alkane; Amine; Haloalkane,Alcohol; Amine; Haloalkane,aligned_chunk_39.parquet,1205,578839,C6H7ClN2O,Nc1c(CO)ccnc1Cl
C6H7ClN2O,0,9247,false negative,Alcohol; Alkane; Amine; Haloalkane,Alcohol; Alkane; Amine,aligned_chunk_6.parquet,3040,655036,C6H7ClN2O,Nc1cc(Cl)ncc1CO
C6H7ClN2O,0,16483,correct,Alkane; Ether; Haloalkane,Alkane; Ether; Haloalkane,aligned_chunk_243.parquet,2398,524707,C6H7ClN2O,COc1cc(C)c(Cl)nn1
C5H8ClNO,1,11797,mixed error,Acyl halide; Alkane; Alkene; Haloalkane,Alkane; Alkene; Ether,aligned_chunk_125.parquet,69,97466,C5H8ClNO,C=CCN(C)C(=O)Cl
C5H8ClNO,0,16142,false negative,Alkane; Haloalkane; Isocyanate,Alkane; Isocyanate,aligned_chunk_219.parquet,818,435694,C5H8ClNO,CCC(Cl)CN=C=O
C12H12N2O2,0,4397,correct,Alkane; Arene; Ester; Ether,Alkane; Arene; Ester; Ether,aligned_chunk_124.parquet,1524,95690,C12H12N2O2,COC(=O)c1[nH]c(-c2ccccc2)nc1C
C12H12N2O2,0,10611,correct,Alcohol; Alkane; Amine; Arene; Carboxylic acid,Alcohol; Alkane; Amine; Arene; Carboxylic acid,aligned_chunk_52.parquet,747,626839,C12H12N2O2,Nc1ccccc1Cn1cccc1C(=O)O
C12H12N2O2,0,14469,false positive,Aldehyde; Alkane; Arene; Ether,Aldehyde; Alkane; Arene; Ether; Haloalkane,aligned_chunk_29.parquet,1701,543522,C12H12N2O2,COc1ccc(Cn2ccc(C=O)n2)cc1
C12H12N2O2,0,15207,false positive,Alcohol; Alkane; Amide; Arene; Phenol,Alcohol; Alkane; Amide; Arene; Ether; Phenol,aligned_chunk_48.parquet,2719,612617,C12H12N2O2,CC(=O)Nc1ccc2nc(C)cc(O)c2c1
C12H12N2O2,0,21693,mixed error,Alcohol; Alkane; Amine; Arene; Carboxylic acid,Alcohol; Amine; Arene; Carboxylic acid; Sulfide,aligned_chunk_0.parquet,1446,1446,C12H12N2O2,O=C(O)[C@@H]1Cc2c([nH]c3ccccc23)CN1
C12H12N2O2,0,22480,false negative,Alcohol; Alkane; Arene; Phenol,Alcohol; Arene; Phenol,aligned_chunk_4.parquet,1904,582730,C12H12N2O2,CCn1nc(-c2cccc(O)c2)ccc1=O
C12H12N2O2,0,23563,correct,Alkane; Amide; Arene,Alkane; Amide; Arene,aligned_chunk_227.parquet,1946,466020,C12H12N2O2,O=C1CCC2N1CC(=O)N2c1ccccc1
C12H12N2O2,0,24764,false negative,Alkane; Amine; Arene; Ester; Ether,Alkane; Amine; Arene,aligned_chunk_84.parquet,436,739597,C12H12N2O2,CCOC(=O)c1ccc2nc(N)ccc2c1
C12H12N2O2,0,28065,correct,Alkane; Arene; Ester; Ether,Alkane; Arene; Ester; Ether,aligned_chunk_178.parquet,1991,287948,C12H12N2O2,COC(=O)Cn1nccc1-c1ccccc1
C12H12N2O2,0,32507,false positive,Alcohol; Alkane; Arene; Carboxylic acid,Alcohol; Alkane; Amine; Arene; Carboxylic acid,aligned_chunk_210.parquet,843,406448,C12H12N2O2,O=C(O)c1c[nH]c(CCc2ccccc2)n1
C12H12N2O2,1,33093,mixed error,Alkane; Amide; Arene; Hydrazine,Amide; Amine; Arene,aligned_chunk_71.parquet,2636,696531,C12H12N2O2,O=C1NN(Cc2ccccc2)C(=O)C2CC12
C12H12N2O2,0,35392,mixed error,Alkane; Amide; Arene,Amide; Amine; Arene; Haloalkane,aligned_chunk_178.parquet,1886,287843,C12H12N2O2,Cc1cccc2c1C(=O)N1CC[C@H]1C(=O)N2
C12H12N2O2,0,36370,false positive,Alkane; Amine; Arene; Ester; Ether,Alkane; Amine; Arene; Ester; Ether; Ketone,aligned_chunk_134.parquet,2792,132620,C12H12N2O2,COC(=O)c1c(C)nc2ccccc2c1N
C12H12N2O2,0,38134,false negative,Alcohol; Alkane; Alkene; Arene; Carboxylic acid,Alcohol; Arene; Carboxylic acid,aligned_chunk_232.parquet,1750,485242,C12H12N2O2,C=C(C)Cn1nc(C(=O)O)c2ccccc21
C12H12N2O2,0,43581,mixed error,Alcohol; Alkane; Arene; Phenol,Alkane; Arene; Ether; Phenol,aligned_chunk_201.parquet,569,373865,C12H12N2O2,Cn1c2c(c3cc(O)ccc31)CCC2=NO
C12H12N2O2,0,44437,correct,Alkane; Arene; Ester; Ether,Alkane; Arene; Ester; Ether,aligned_chunk_18.parquet,1994,294334,C12H12N2O2,COC(=O)c1ccn(-c2ccc(C)cc2)n1
C12H12N2O2,0,46170,mixed error,Alcohol; Alkane; Amide; Arene; Nitrile,Alcohol; Alkane; Arene; Ether,aligned_chunk_155.parquet,2242,206617,C12H12N2O2,CN1C(=O)C(CC(O)C#N)c2ccccc21
C12H12N2O2,0,46579,false positive,Alcohol; Alkane; Arene; Carboxylic acid,Alcohol; Alkane; Arene; Carboxylic acid; Ester; Ether,aligned_chunk_91.parquet,2156,767298,C12H12N2O2,O=C(O)Cc1nccn1Cc1ccccc1
C12H12N2O2,0,48195,correct,Alcohol; Alkane; Amine; Arene; Carboxylic acid,Alcohol; Alkane; Amine; Arene; Carboxylic acid,aligned_chunk_236.parquet,2554,499019,C12H12N2O2,Cc1cc(NCC(=O)O)c2ccccc2n1
C12H12N2O2,0,53694,false positive,Alcohol; Alkane; Arene,Alcohol; Alkane; Amide; Arene,aligned_chunk_82.parquet,1744,734407,C12H12N2O2,O=c1c2cc(CO)ccc2nc2n1CCC2
C12H12N2O2,0,54281,mixed error,Alkane; Amine; Arene; Ether,Amine; Arene; Haloalkane,aligned_chunk_88.parquet,675,752810,C12H12N2O2,COc1cc(Oc2ccc(N)cc2)ccn1
C12H12N2O2,0,55546,correct,Alcohol; Alkane; Arene; Carboxylic acid,Alcohol; Alkane; Arene; Carboxylic acid,aligned_chunk_220.parquet,100,441446,C12H12N2O2,Cc1n[nH]c(C(=O)O)c1Cc1ccccc1
C12H12N2O2,0,57626,false positive,Alcohol; Alkane; Amide; Arene,Alcohol; Alkane; Amide; Arene; Haloalkane,aligned_chunk_37.parquet,1987,573136,C12H12N2O2,CC(=O)Nc1ccc2nc(CO)ccc2c1
C12H12N2O2,0,59165,mixed error,Aldehyde; Alkane; Arene; Ether,Aldehyde; Alkane; Arene; Haloalkane,aligned_chunk_17.parquet,268,256764,C12H12N2O2,COc1cccc(-n2cc(C=O)c(C)n2)c1
C12H12N2O2,0,60653,false negative,Alcohol; Alkane; Arene; Ether; Phenol,Alcohol; Alkane; Arene; Phenol,aligned_chunk_119.parquet,2019,76643,C12H12N2O2,COc1ccc(-c2nc(C)cc(O)n2)cc1
C12H12N2O2,0,61648,false negative,Alkane; Amide; Arene,Alkane; Arene,aligned_chunk_168.parquet,574,250624,C12H12N2O2,CON(C)C(=O)c1ccnc2ccccc12
C12H12N2O2,0,63577,mixed error,Aldehyde; Alkane; Arene; Ether,Aldehyde; Alkane; Amide; Arene,aligned_chunk_93.parquet,2016,773663,C12H12N2O2,COc1cccc(-n2cc(C)c(C=O)n2)c1
C12H12N2O2,0,66548,correct,Alkane; Arene; Ester; Ether,Alkane; Arene; Ester; Ether,aligned_chunk_50.parquet,2255,621900,C12H12N2O2,COC(=O)c1ccc(Cn2cccn2)cc1
C12H12N2O2,0,73258,false positive,Aldehyde; Alkane; Ether,Aldehyde; Alkane; Arene; Ether,aligned_chunk_6.parquet,1856,653852,C12H12N2O2,CC(C)Oc1ccnc2ccc(C=O)nc12
C12H12N2O2,0,73497,mixed error,Alkane; Arene; Ether,Arene; Haloalkane,aligned_chunk_20.parquet,2549,369356,C12H12N2O2,COc1ccc(-c2cc(C)c(=O)[nH]n2)cc1
C12H12N2O2,0,76758,mixed error,Alkane; Alkene; Amine; Arene; Enamine; Ester; Ether; Nitrile,Alkane; Amine; Arene; Enamine; Ester; Ether; Ketone; Nitrile; Sulfide,aligned_chunk_97.parquet,2185,786822,C12H12N2O2,CCOC(=O)C(C#N)=CNc1ccccc1
C11H9BrO,1,16459,correct,Alcohol; Alkane; Arene; Haloalkane,Alcohol; Alkane; Arene; Haloalkane,aligned_chunk_20.parquet,2624,369431,C11H9BrO,OCc1ccc2ccccc2c1Br
C14H20N4O2,0,1927,false positive,Alkane,Alkane; Amide; Ether,aligned_chunk_215.parquet,1385,423266,C14H20N4O2,CCCCCCNC(=O)n1c(=O)n(C)c2ncccc21
C14H20N4O2,0,26240,correct,Alkane; Amine; Ester; Ether,Alkane; Amine; Ester; Ether,aligned_chunk_125.parquet,2,97399,C14H20N4O2,COC(=O)c1cnc(N2CCN3CCCCC3C2)nc1
C14H20N4O2,0,26279,false positive,Alkane; Alkene,Alkane; Alkene; Sulfide,aligned_chunk_242.parquet,782,519829,C14H20N4O2,C=C(C)CCCCn1cnc2c1c(=O)n(C)c(=O)n2C
C14H20N4O2,1,40237,false negative,Alkane; Amine; Arene; Carbamate; Ether,Alkane; Amine,aligned_chunk_127.parquet,1617,105562,C14H20N4O2,Cc1cc2nc(NC(=O)OC(C)(C)C)[nH]c2c(C)c1N
C14H20N4O2,0,44283,false negative,Alkane; Amine; Ester; Ether,Alkane; Ester; Ether,aligned_chunk_19.parquet,85,328112,C14H20N4O2,COC(=O)c1cnc(N2CCCN(C3CC3)CC2)nc1
C14H20N4O2,0,61835,false positive,Alcohol; Alkane; Ether,Alcohol; Alkane; Arene; Ether,aligned_chunk_120.parquet,1223,82391,C14H20N4O2,COc1ccc(-n2cc(CCCO)c(C(C)C)n2)nn1
C14H20N4O2,0,73322,correct,Alkane; Alkene,Alkane; Alkene,aligned_chunk_19.parquet,1387,329414,C14H20N4O2,C=CCn1cnc2c1c(=O)n(C)c(=O)n2CCCCC
C10H19NO5S,1,15474,false positive,Alkane; Carbamate; Ether,Alkane; Amine; Carbamate; Ether,aligned_chunk_7.parquet,2448,689893,C10H19NO5S,CC(C)(C)OC(=O)N1C(C)(C)CCOS1(=O)=O
C10H19NO5S,0,49938,false positive,Alkane; Ester; Ether,Alkane; Alkene; Ester; Ether,aligned_chunk_100.parquet,433,10185,C10H19NO5S,CCOC(=O)CS(C)(=O)=NC(=O)OC(C)(C)C
C14H13N5S,1,21398,mixed error,Alkane; Nitrile; Sulfide,Alkane; Ketone; Sulfide,aligned_chunk_96.parquet,2117,783514,C14H13N5S,CSc1ncc2ccc(-c3cccn3CCC#N)n2n1
C21H23N3O3S,0,22780,correct,Alkane; Amide; Amine; Arene; Ether; Sulfide,Alkane; Amide; Amine; Arene; Ether; Sulfide,aligned_chunk_102.parquet,1576,17759,C21H23N3O3S,COCCCc1ccc(C(=O)NCc2ccc(Oc3ccccc3)s2)c(N)n1
C21H23N3O3S,1,53362,mixed error,Alkane; Amine; Arene; Sulfone,Alkane; Arene; Ester; Ether; Sulfone,aligned_chunk_161.parquet,478,227673,C21H23N3O3S,CCS(=O)(=O)c1ccc2c(c1)-c1cn(C)c(=O)c3[nH]cc(c13)CN2CC1CC1
C21H23N3O3S,0,56033,false negative,Alkane; Amide; Arene; Ester; Ether; Sulfide,Alkane; Amide; Arene,aligned_chunk_199.parquet,2904,363292,C21H23N3O3S,COC(=O)c1cc(CSc2ccccc2)cnc1C1=NC(C)(C(C)C)C(=O)N1
C21H23N3O3S,0,59823,correct,Alkane; Amide; Arene; Carbamate; Ether; Sulfide,Alkane; Amide; Arene; Carbamate; Ether; Sulfide,aligned_chunk_101.parquet,791,13759,C21H23N3O3S,CC(C)(C)OC(=O)NCC(C(=O)Nc1ccc2cnccc2c1)c1ccsc1
C21H23N3O3S,0,66683,false negative,Alkane; Alkene; Amide; Ether; Sulfide,Alkane; Amide; Sulfide,aligned_chunk_229.parquet,1984,472468,C21H23N3O3S,O=C1CCc2cc(/C=C/C(=O)N3CC(OCCCc4cccs4)C3)cnc2N1
C21H23N3O3S,0,76123,correct,Alcohol; Alkane; Amine; Arene; Sulfone,Alcohol; Alkane; Amine; Arene; Sulfone,aligned_chunk_165.parquet,2230,242494,C21H23N3O3S,Cc1ccc2nc(N3CCS(=O)(=O)c4ccccc4C3)cc(NCCO)c2c1
C21H23N3O3S,0,76790,mixed error,Alkane; Amide; Arene; Ether; Sulfide,Alkane; Amide; Arene; Ether; Haloalkane,aligned_chunk_225.parquet,2077,459606,C21H23N3O3S,CCOc1ccc(-c2nc(-c3cccc(C(=O)N(C)C)n3)cs2)cc1OCC
C8H6BrFO2,0,6642,correct,Alkane; Arene; Ester; Ether; Haloalkane,Alkane; Arene; Ester; Ether; Haloalkane,aligned_chunk_10.parquet,166,6674,C8H6BrFO2,COC(=O)c1ccc(F)cc1Br
C8H6BrFO2,1,23843,false negative,Alcohol; Alkane; Arene; Carboxylic acid; Haloalkane,Alcohol; Arene; Carboxylic acid; Haloalkane,aligned_chunk_73.parquet,3080,703434,C8H6BrFO2,O=C(O)c1ccc(CBr)cc1F
C8H6BrFO2,0,79369,correct,Aldehyde; Alkane; Arene; Ether; Haloalkane,Aldehyde; Alkane; Arene; Ether; Haloalkane,aligned_chunk_193.parquet,1161,342186,C8H6BrFO2,COc1cc(Br)cc(F)c1C=O
C11H10FIN2O,1,16129,false positive,Alcohol; Alkane; Arene; Haloalkane,Alcohol; Alkane; Amine; Arene; Haloalkane,aligned_chunk_164.parquet,2960,239946,C11H10FIN2O,OCCc1[nH]nc(-c2ccc(F)cc2)c1I
C13H13N3O3,0,13044,false negative,Aldehyde; Alkane; Arene; Ester; Ether,Aldehyde; Arene,aligned_chunk_134.parquet,499,130327,C13H13N3O3,CC(C)OC(=O)c1cnn(-c2ccc(C=O)cc2)n1
C13H13N3O3,0,25104,false positive,Alcohol; Alkane; Arene; Carboxylic acid,Alcohol; Alkane; Amide; Arene; Carboxylic acid,aligned_chunk_74.parquet,1271,704864,C13H13N3O3,O=C(O)CCC(=NO)c1ccc(-n2cccn2)cc1
C13H13N3O3,0,49413,false positive,Alkane; Arene; Carbamate; Ether,Alkane; Arene; Carbamate; Ether; Haloalkane,aligned_chunk_228.parquet,326,467610,C13H13N3O3,CCOc1cnc(NC(=O)Oc2ccccc2)cn1
C13H13N3O3,0,70749,false positive,Alcohol; Alkane; Amide; Carboxylic acid,Alcohol; Alkane; Amide; Arene; Carboxylic acid; Haloalkane,aligned_chunk_118.parquet,1797,73182,C13H13N3O3,CC1NC(=O)c2cc3ccc(C(=O)O)nc3n2C1C
C13H13N3O3,1,77453,mixed error,Alcohol; Alkane; Amine; Carboxylic acid,Alcohol; Alkane; Carboxylic acid; Haloalkane,aligned_chunk_176.parquet,1471,280943,C13H13N3O3,O=C(O)c1c[nH]c2ccc(N3CCCC3)nc2c1=O
C20H17NO3,0,23812,mixed error,Alkane; Arene; Ether; Ketone,Alkane; Arene; Ether; Haloalkane,aligned_chunk_50.parquet,1305,620950,C20H17NO3,COc1cc(C(=O)c2cccnc2)ccc1OCc1ccccc1
C20H17NO3,0,23885,false negative,Alkane; Arene; Ether; Ketone; Nitrile,Alkane; Arene; Ketone; Nitrile,aligned_chunk_138.parquet,1141,143887,C20H17NO3,COc1ccc(C2(C#N)CCC(=O)CC2)c2c1oc1ccccc12
C20H17NO3,0,47235,correct,Alcohol; Alkane; Arene; Carboxylic acid; Ether,Alcohol; Alkane; Arene; Carboxylic acid; Ether,aligned_chunk_156.parquet,556,208118,C20H17NO3,O=C(O)c1ccc(COCc2cccnc2)cc1-c1ccccc1
C20H17NO3,1,49064,mixed error,Alkane; Arene; Ester; Ether,Alkane; Arene; Haloalkane; Ketone,aligned_chunk_142.parquet,1368,160237,C20H17NO3,COC(=O)c1cccc2nc3c(c(OC)c12)-c1ccccc1CC3
C20H17NO3,0,61678,false positive,Alkane; Arene; Ester; Ether,Alkane; Arene; Ester; Ether; Haloalkane,aligned_chunk_14.parquet,2195,151439,C20H17NO3,O=C(OCc1ccccc1)c1ccn(Cc2ccccc2)c(=O)c1
C20H17NO3,0,74719,false negative,Alkane; Arene; Carbamate; Ether,Arene; Carbamate; Ether,aligned_chunk_155.parquet,2329,206704,C20H17NO3,O=C(Nc1ccccc1OCc1ccccc1)Oc1ccccc1
C18H14N4O2,0,7303,false negative,Alkane; Arene; Ester; Ether; Nitrile,Alkane; Arene; Ester; Ether,aligned_chunk_196.parquet,3047,353783,C18H14N4O2,CCOC(=O)c1cnn(-c2ccc(-c3ccccc3)c(C#N)n2)c1
C18H14N4O2,0,16874,correct,Alkane; Amide; Arene; Ether; Nitrile,Alkane; Amide; Arene; Ether; Nitrile,aligned_chunk_53.parquet,464,629840,C18H14N4O2,Cn1ccc(NC(=O)c2cccc(Oc3ccc(C#N)cc3)c2)n1
C18H14N4O2,0,17641,false negative,Alkane; Arene; Ether,Arene,aligned_chunk_183.parquet,1995,307327,C18H14N4O2,COc1ccccc1-c1cc(=O)n2ncc(-c3ccccn3)c2[nH]1
C18H14N4O2,1,56163,mixed error,Alkane; Arene; Ether; Nitrile,Alkane; Arene; Ether; Haloalkane,aligned_chunk_20.parquet,2409,369216,C18H14N4O2,COc1ccc(C[C@H]2NC(=O)n3c2nc2ccc(C#N)cc23)cc1
C18H14N4O2,0,79189,correct,Alkane; Arene; Ester; Ether; Nitrile,Alkane; Arene; Ester; Ether; Nitrile,aligned_chunk_207.parquet,387,393098,C18H14N4O2,CCOC(=O)c1cc(-c2ccc(C#N)cn2)n(-c2ccccc2)n1
C13H12BrNO,0,34632,correct,Alkane; Arene; Ether; Haloalkane,Alkane; Arene; Ether; Haloalkane,aligned_chunk_69.parquet,154,684381,C13H12BrNO,BrCc1ccc(OCc2ccccc2)cn1
C13H12BrNO,1,73289,false negative,Alkane; Arene; Ether; Haloalkane,Alkane; Ether; Haloalkane,aligned_chunk_121.parquet,2936,87321,C13H12BrNO,Cc1ccc(Br)c(OCc2ccccc2)n1
C13H12BrNO,0,73852,false negative,Alkane; Arene; Ether; Haloalkane,Alkane; Ether; Haloalkane,aligned_chunk_132.parquet,1887,125230,C13H12BrNO,Cc1ccc(OCc2ccc(Br)cc2)nc1
C18H34N2O3,0,10015,correct,Alkane; Amine; Carbamate; Ether,Alkane; Amine; Carbamate; Ether,aligned_chunk_194.parquet,1399,345666,C18H34N2O3,CC(C)(C)OC(=O)N1CCC(COCC(N)C2CCCC2)CC1
C18H34N2O3,1,26527,false negative,Alkane; Alkene; Amide; Amine; Ester; Ether,Alkane; Alkene; Amide; Amine,aligned_chunk_210.parquet,705,406310,C18H34N2O3,CCOC(=O)/C(C)=C/[C@H](C(C)C)N(C)C(=O)[C@@H](N)C(C)(C)CC
C11H11ClO,1,2820,false negative,Aldehyde; Alkane; Alkene; Arene; Haloalkane,Aldehyde; Alkane; Alkene; Arene,aligned_chunk_12.parquet,1582,79501,C11H11ClO,C=C(CCC=O)c1ccc(Cl)cc1
C11H11ClO,0,41278,correct,Alkane; Alkyne; Arene; Ether; Haloalkane,Alkane; Alkyne; Arene; Ether; Haloalkane,aligned_chunk_142.parquet,85,158954,C11H11ClO,C#CCCCOc1ccc(Cl)cc1
C11H11ClO,0,75670,correct,Alkane; Arene; Haloalkane; Ketone,Alkane; Arene; Haloalkane; Ketone,aligned_chunk_98.parquet,1753,789635,C11H11ClO,O=C1c2ccccc2CCC1CCl
C16H16,0,6824,false positive,Alkane; Alkyne; Arene,Alkane; Alkyne; Arene; Ether,aligned_chunk_144.parquet,2828,168235,C16H16,C#Cc1ccc2cc(CCCC)ccc2c1
C16H16,1,18358,mixed error,Alkane; Alkene; Arene,Alkene; Arene; Haloalkane,aligned_chunk_20.parquet,2250,369057,C16H16,Cc1ccc(/C=C/c2ccc(C)cc2)cc1
C16H16,0,38767,correct,Alkane; Alkene; Arene,Alkane; Alkene; Arene,aligned_chunk_87.parquet,1746,750622,C16H16,C(=CCc1ccccc1)Cc1ccccc1
C14H22O2,1,3848,false positive,Alkane; Arene; Ether,Alkane; Arene; Ether; Haloalkane,aligned_chunk_3.parquet,2245,547356,C14H22O2,CC(C)COc1ccccc1OCC(C)C
C14H22O2,0,14603,correct,Alcohol; Alkane; Carboxylic acid,Alcohol; Alkane; Carboxylic acid,aligned_chunk_109.parquet,2301,41260,C14H22O2,CC12CC3CC(C)(C1)CC(CC(=O)O)(C3)C2
C14H22O2,0,20037,false positive,Alcohol; Alkane; Arene; Ether; Phenol,Alcohol; Alkane; Alkene; Arene; Ether; Phenol,aligned_chunk_59.parquet,2372,651024,C14H22O2,CCCCCCCCOc1ccccc1O
C14H22O2,0,20780,false positive,Alcohol; Alkane; Arene,Alcohol; Alkane; Arene; Ether,aligned_chunk_46.parquet,725,604113,C14H22O2,CC(C)(CCc1ccccc1)CC(O)CO
C14H22O2,0,63198,correct,Alcohol; Alkane; Carboxylic acid,Alcohol; Alkane; Carboxylic acid,aligned_chunk_18.parquet,1724,294064,C14H22O2,CC1C2CC3(C)CC(C)(C2)CC1(C(=O)O)C3
C9H16N2O,0,15902,false positive,Alkane; Amine,Alkane; Amine; Haloalkane,aligned_chunk_171.parquet,212,263366,C9H16N2O,CON=CC1CN2CCC1CC2
C9H16N2O,0,18384,false negative,Alkane; Amine; Hydrazone; Ketone,Alkane; Amine; Ketone,aligned_chunk_102.parquet,398,16581,C9H16N2O,CC(=O)CC(=NN(C)C)C1CC1
C9H16N2O,0,30247,false positive,Alkane; Ether,Alkane; Ester; Ether,aligned_chunk_51.parquet,1486,624325,C9H16N2O,CCOCCn1ccnc1CC
C9H16N2O,1,50986,mixed error,Alkane; Amine; Hydrazone; Ketone,Alkane; Amide; Amine,aligned_chunk_122.parquet,367,88028,C9H16N2O,CC(=O)C=NNC1CCCCC1
C9H16N2O,0,65854,correct,Alcohol; Alkane,Alcohol; Alkane,aligned_chunk_57.parquet,857,643106,C9H16N2O,CCCc1nccn1C(C)CO
C13H9F3N4O2,1,44235,mixed error,Alcohol; Alkane; Arene; Haloalkane; Phenol,Alkene; Arene; Haloalkane; Phenol,aligned_chunk_110.parquet,932,46413,C13H9F3N4O2,Cn1cc(-c2cc(O)c3nc[nH]c(=O)c3c2)c(C(F)(F)F)n1
C20H31N3,1,68309,mixed error,Alkane; Alkene; Amine; Arene; Enamine; Hydrazone,Alkane; Amide; Amine; Arene,aligned_chunk_49.parquet,3158,616233,C20H31N3,CC(C)c1cccc(C(C)C)c1NC1=CCCC/C1=N\N(C)C
C20H31N3,0,77443,false positive,Alkane; Amine; Arene,Alkane; Amine; Arene; Ether,aligned_chunk_190.parquet,1689,332978,C20H31N3,CCCCCCCn1cc(CNc2ccc(C(C)C)cc2)cn1
C5H9N3O,0,29771,correct,Alkane; Ether,Alkane; Ether,aligned_chunk_138.parquet,1399,144145,C5H9N3O,CC1(CN=[N+]=[N-])COC1
C5H9N3O,1,56779,false positive,Alkane; Amine,Alkane; Amine; Ester; Ether,aligned_chunk_105.parquet,3191,29146,C5H9N3O,Cc1nnc(CCN)o1
C16H12FN3O4S,1,26584,false negative,Alcohol; Alkane; Amide; Arene; Carboxylic acid; Haloalkane; Phenol; Sulfide,Alcohol; Amide; Arene; Carboxylic acid; Phenol; Sulfide,aligned_chunk_240.parquet,1795,514341,C16H12FN3O4S,Cc1nc(C(=O)NCC(=O)O)c(O)c2c(-c3ccccc3F)nsc12
C11H16N2O3,0,1390,false negative,Alkane; Amide; Ester; Ether,Alkane; Ester; Ether,aligned_chunk_98.parquet,3069,790951,C11H16N2O3,CCOC(=O)c1[nH]c(C(=O)N(C)C)cc1C
C11H16N2O3,1,9518,mixed error,Alcohol; Alkane; Ester; Ether,Alcohol; Alkane; Haloalkane; Phenol,aligned_chunk_105.parquet,599,26554,C11H16N2O3,CCOC(=O)c1cnc(O)nc1C(C)(C)C
C11H16N2O3,0,9850,correct,Alcohol; Alkane; Carbamate; Ether,Alcohol; Alkane; Carbamate; Ether,aligned_chunk_133.parquet,2292,128862,C11H16N2O3,CC(C)(C)OC(=O)Nc1cc(CO)ccn1
C11H16N2O3,0,16256,correct,Alcohol; Alkane; Ester; Ether,Alcohol; Alkane; Ester; Ether,aligned_chunk_243.parquet,3044,525353,C11H16N2O3,CCOC(=O)Cn1ncc2c1CCC[C@@H]2O
C11H16N2O3,0,17977,mixed error,Alcohol; Alkane; Amide,Alcohol; Alkane; Arene,aligned_chunk_229.parquet,2524,473008,C11H16N2O3,CC(O)C(O)c1ccc(C(=O)N(C)C)nc1
C11H16N2O3,0,18465,false positive,Alkane; Carbamate; Ether,Alkane; Carbamate; Ether; Haloalkane,aligned_chunk_141.parquet,1647,157298,C11H16N2O3,Cc1ccc[n+]([O-])c1NC(=O)OC(C)(C)C
C11H16N2O3,0,32939,correct,Alcohol; Alkane; Carbamate; Ether,Alcohol; Alkane; Carbamate; Ether,aligned_chunk_149.parquet,1877,183641,C11H16N2O3,CC(C)(C)OC(=O)Nc1cncc(CO)c1
C11H16N2O3,0,45536,false positive,Alkane; Ether,Alkane; Amine; Ether; Haloalkane,aligned_chunk_201.parquet,935,374231,C11H16N2O3,CC(C)(C)OC(=O)[NH+]([O-])Cc1ccccn1
C11H16N2O3,0,54578,mixed error,Alkane; Amide; Ester; Ether,Alkane; Amide; Ketone,aligned_chunk_95.parquet,2336,780478,C11H16N2O3,CCOC(=O)CCN(C)C(=O)c1cc[nH]c1
C11H16N2O3,0,58490,correct,Alcohol; Alkane; Carbamate; Ether,Alcohol; Alkane; Carbamate; Ether,aligned_chunk_56.parquet,748,639792,C11H16N2O3,CC(C)(C)OC(=O)Nc1cccc(CO)n1
C11H16N2O3,0,67635,false positive,Alkane; Amine; Arene; Ester; Ether,Alkane; Amine; Arene; Ester; Ether; Haloalkane,aligned_chunk_79.parquet,967,720692,C11H16N2O3,COCCNc1ccc(C(=O)OC)cc1N
C8H10N2OS,1,71428,correct,Alkane; Amine; Arene; Ether; Thioamide,Alkane; Amine; Arene; Ether; Thioamide,aligned_chunk_117.parquet,3112,71276,C8H10N2OS,COc1cccc(NC(N)=S)c1
C21H22FN3O4,1,26341,correct,Alkane; Arene; Ester; Ether; Haloalkane,Alkane; Arene; Ester; Ether; Haloalkane,aligned_chunk_111.parquet,7,48746,C21H22FN3O4,CCOC(=O)c1c(C)[nH]c2c(-c3cc(F)c(OC)cc3OCC3CC3)ncnc12
C21H30N4O3,0,7148,false negative,Alkane; Amine; Arene; Ether,Alkane; Amine,aligned_chunk_209.parquet,2658,401819,C21H30N4O3,CCOc1cnc(NCCCOc2cccc(CN3CCCCC3)c2)[nH]c1=O
C21H30N4O3,0,30088,correct,Alcohol; Alkane; Amine; Arene; Ether; Nitrile,Alcohol; Alkane; Amine; Arene; Ether; Nitrile,aligned_chunk_183.parquet,1394,306726,C21H30N4O3,CC(C)NC(=O)N1CC2CC(CN(C[C@H](O)COc3ccc(C#N)cc3)C2)C1
C21H30N4O3,1,72576,mixed error,Alkane; Amide; Ether,Alkane; Alkene; Amide,aligned_chunk_198.parquet,3046,360220,C21H30N4O3,CN(C)C(=O)C(CC1CCC1)NC(=O)c1cnc(C2CC2)c(OCC2CC2)n1
C16H23N3O,0,23823,correct,Alkane; Alkene; Amine; Ether,Alkane; Alkene; Amine; Ether,aligned_chunk_90.parquet,1717,763569,C16H23N3O,CC1(C)CCC=C1c1cnc(N2CCOCC2)cc1N
C16H23N3O,0,28856,false positive,Alkane; Amide; Amine; Arene,Alkane; Amide; Amine; Arene; Haloalkane,aligned_chunk_217.parquet,1715,430112,C16H23N3O,O=C1CCc2cc(CCCN3CCNCC3)ccc2N1
C16H23N3O,0,40468,false positive,Alkane; Amide; Amine; Arene,Alkane; Amide; Amine; Arene; Ether,aligned_chunk_160.parquet,1630,225554,C16H23N3O,Nc1ccc2c(c1)CCC(=O)N2CCCN1CCCC1
C16H23N3O,0,45720,false negative,Alkane; Amine; Arene; Ether,Alkane; Amine; Arene,aligned_chunk_73.parquet,1291,701645,C16H23N3O,c1ccc(N=C2CCCCN2)c(CN2CCOCC2)c1
C16H23N3O,0,45733,correct,Alkane; Amine; Arene; Ether,Alkane; Amine; Arene; Ether,aligned_chunk_223.parquet,1179,452217,C16H23N3O,COc1cccc(CCc2cc(N)n(C(C)(C)C)n2)c1
C16H23N3O,1,46873,mixed error,Alkane; Amide,Alkane; Ester; Ether,aligned_chunk_73.parquet,1358,701712,C16H23N3O,CCCCN(C(C)=O)c1c(C(C)C)nc2ccccn12
C16H23N3O,0,47575,false positive,Alkane; Amide; Amine; Arene,Alkane; Amide; Amine; Arene; Ether,aligned_chunk_243.parquet,2198,524507,C16H23N3O,CC(=O)NCc1ccc2c(c1)N(C1CCNCC1)CC2
C16H23N3O,0,50472,false negative,Alkane; Amine; Arene; Ether,Alkane; Arene,aligned_chunk_140.parquet,2095,154578,C16H23N3O,NCCCCc1ccccc1OCCCc1ncc[nH]1
C16H23N3O,0,58928,correct,Alkane; Alkyne; Amine; Ether,Alkane; Alkyne; Amine; Ether,aligned_chunk_101.parquet,1426,14394,C16H23N3O,CCC#CCOc1cc(N2CC(C)CC(C)C2)ncn1
C16H23N3O,0,71981,correct,Alcohol; Alkane; Amine,Alcohol; Alkane; Amine,aligned_chunk_94.parquet,1261,776178,C16H23N3O,CCCNCC(O)c1ccc(-n2c(C)ccc2C)nc1
C23H30N2O5,1,18955,false negative,Alkane; Alkene; Amide; Arene; Ester; Ether,Alkane; Amide; Arene; Ester; Ether,aligned_chunk_144.parquet,3010,168417,C23H30N2O5,CC[C@@]1(C=C(OC)C(=O)OC)CCCN(CCc2c[nH]c3ccc(OC)cc23)C1=O
C23H30N2O5,0,42336,false positive,Alcohol; Alkane; Arene; Carbamate; Ether,Alcohol; Alkane; Arene; Carbamate; Ester; Ether,aligned_chunk_123.parquet,2919,93853,C23H30N2O5,CC(C)(C)OC(=O)N[C@@H](Cc1ccccc1)[C@H](O)CNC(=O)OCc1ccccc1
C23H30N2O5,0,50069,false negative,Alcohol; Alkane; Alkene; Arene; Carbamate; Carboxylic acid; Ether,Alcohol; Alkane; Arene; Carbamate; Carboxylic acid; Ether,aligned_chunk_82.parquet,842,733505,C23H30N2O5,COC[C@](C)(/C=C/c1ccc2ccc([C@@H](C)NC(=O)OC(C)(C)C)nc2c1)C(=O)O
C23H30N2O5,0,57670,false positive,Alkane; Amide; Arene; Ether,Alkane; Amide; Arene; Ether; Ketone,aligned_chunk_149.parquet,3212,184976,C23H30N2O5,O=C(CO[C@@H]1CC[C@@H](c2nc3ccc(OCC4CC4)cc3o2)CC1)N1CCOCC1
C8H17NO3,0,3093,false positive,Alcohol; Alkane; Amine; Ester; Ether,Alcohol; Alkane; Alkene; Amine; Ester; Ether,aligned_chunk_81.parquet,1878,731274,C8H17NO3,CC(C(=O)OC(C)(C)C)[C@H](N)O
C8H17NO3,0,9562,correct,Alkane; Amine; Ester; Ether,Alkane; Amine; Ester; Ether,aligned_chunk_63.parquet,2263,667169,C8H17NO3,CCOC(=O)CNCCCOC
C8H17NO3,0,48249,correct,Alcohol; Alkane; Carbamate; Ether,Alcohol; Alkane; Carbamate; Ether,aligned_chunk_51.parquet,584,623423,C8H17NO3,C[C@H](O)CNC(=O)OC(C)(C)C
C8H17NO3,1,51182,mixed error,Alcohol; Alkane; Amine; Ether,Alcohol; Alkane; Amine; Sulfide,aligned_chunk_185.parquet,2677,314497,C8H17NO3,OCC(CO)CC1COCCN1
C8H17NO3,0,66516,correct,Alcohol; Alkane; Amine; Ester; Ether,Alcohol; Alkane; Amine; Ester; Ether,aligned_chunk_131.parquet,2651,122815,C8H17NO3,CC(C)(C)OC(=O)CNCCO
C8H17NO3,0,74706,correct,Alcohol; Alkane; Carbamate; Ether,Alcohol; Alkane; Carbamate; Ether,aligned_chunk_219.parquet,2809,437685,C8H17NO3,CC(O)CNC(=O)OC(C)(C)C
C17H26N6O2,1,54060,false positive,Alcohol; Alkane; Amine; Arene; Ether,Alcohol; Alkane; Amine; Arene; Ester; Ether,aligned_chunk_71.parquet,1952,695847,C17H26N6O2,Cn1nnnc1NCC(O)COc1cccc(CN2CCCCC2)c1
C17H26N6O2,0,58837,correct,Alkane; Amine; Carbamate; Ether,Alkane; Amine; Carbamate; Ether,aligned_chunk_185.parquet,631,312451,C17H26N6O2,CC(C)(C)OC(=O)N[C@@H]1CC[C@@H](Nc2cc(N)c3nccn3n2)CC1
C13H15NO,0,3542,false positive,Alkane; Ketone,Alkane; Amine; Ether; Haloalkane; Ketone,aligned_chunk_93.parquet,2803,774450,C13H15NO,O=C1CCCc2cc3c(nc21)CCCC3
C13H15NO,0,4481,mixed error,Alkane; Arene; Ketone; Nitrile,Alkane; Arene; Ester; Ether; Nitrile,aligned_chunk_62.parquet,1278,662960,C13H15NO,CC(C)Cc1cccc(C(=O)CC#N)c1
C13H15NO,1,7859,mixed error,Alkane; Alkene; Amide; Arene; Enamine,Aldehyde; Alkane; Arene; Ketone,aligned_chunk_142.parquet,1400,160269,C13H15NO,CC1(C)C=CN(c2ccccc2)C(=O)C1
C13H15NO,0,9106,mixed error,Alkane; Arene; Ether,Alkane; Arene; Haloalkane,aligned_chunk_160.parquet,1971,225895,C13H15NO,COc1cccc2ccc(C(C)C)nc12
C13H15NO,0,10830,false positive,Alcohol; Alkane; Arene,Alcohol; Alkane; Arene; Ester; Ether; Phenol,aligned_chunk_149.parquet,1962,183726,C13H15NO,Cc1ccc2cccc(C(C)(C)O)c2n1
C13H15NO,0,25248,mixed error,Alkane; Alkene; Amine; Arene; Ketone,Alkane; Amine; Nitrile,aligned_chunk_129.parquet,1860,112329,C13H15NO,CC1=C(c2cc(C)ccc2N)C(=O)CC1
C13H15NO,0,34239,false negative,Aldehyde; Alkane; Alkene; Amine; Arene,Aldehyde; Alkane; Amine; Arene,aligned_chunk_156.parquet,1232,208794,C13H15NO,CN1CC=C(c2ccc(C=O)cc2)CC1
C13H15NO,0,34541,false positive,Alkane; Arene; Ether,Alkane; Arene; Ester; Ether; Haloalkane,aligned_chunk_190.parquet,2460,333749,C13H15NO,COc1ccc2[nH]c(C3(C)CC3)cc2c1
C13H15NO,0,35189,false negative,Alkane; Alkene; Amine; Arene; Ether,Alkane; Alkene; Amine; Arene,aligned_chunk_142.parquet,90,158959,C13H15NO,C1=CC2(CCNCC2)Oc2ccccc21
C13H15NO,0,52788,correct,Alkane; Arene; Ketone; Nitrile,Alkane; Arene; Ketone; Nitrile,aligned_chunk_33.parquet,3196,561320,C13H15NO,CCC(=O)C(C#N)CCc1ccccc1
C13H15NO,0,53278,false positive,Alcohol; Alkane; Arene; Phenol,Alcohol; Alkane; Amine; Arene; Phenol,aligned_chunk_133.parquet,1995,128565,C13H15NO,Cc1cc(O)ccc1-n1c(C)ccc1C
C13H15NO,0,59993,false positive,Alkane; Arene; Ether,Alkane; Alkene; Arene; Ether,aligned_chunk_134.parquet,3024,132852,C13H15NO,CCOc1ccc2c(c1)cc1n2CCC1
C13H15NO,0,67737,false positive,Alkane; Arene; Ether; Nitrile,Alkane; Arene; Ether; Haloalkane; Nitrile,aligned_chunk_217.parquet,3166,431563,C13H15NO,COc1ccc2c(c1)C(CCC#N)CC2
C13H15NO,0,70144,false positive,Alkane; Alkene; Amide; Arene,Alkane; Alkene; Amide; Arene; Ester; Ether,aligned_chunk_151.parquet,770,192173,C13H15NO,C=CC(=O)N[C@@H]1CCCc2ccccc21
C14H13NO,0,3679,correct,Alkane; Alkene; Arene,Alkane; Alkene; Arene,aligned_chunk_0.parquet,2954,2954,C14H13NO,Cc1cc(C=Cc2ccccc2)cc[n+]1[O-]
C14H13NO,1,8352,mixed error,Alkane; Alkene; Alkyne; Amine; Arene; Enamine; Ketone,Alkane; Alkyne; Amine; Arene; Haloalkane,aligned_chunk_72.parquet,2615,699756,C14H13NO,C#Cc1cccc(NC2=C(C)C(=O)CC2)c1
C14H13NO,0,8550,correct,Alkane; Amide; Arene,Alkane; Amide; Arene,aligned_chunk_142.parquet,2876,161745,C14H13NO,CC(=O)Nc1ccc2c3c(cccc13)CC2
C14H13NO,0,19197,correct,Alcohol; Alkane; Alkene; Arene,Alcohol; Alkane; Alkene; Arene,aligned_chunk_51.parquet,3005,625844,C14H13NO,OCc1cccc(/C=C/c2ccccn2)c1
C14H13NO,0,24111,false positive,Alkane; Arene,Alkane; Arene; Imine,aligned_chunk_218.parquet,1332,432950,C14H13NO,C(=NOCc1ccccc1)c1ccccc1
C14H13NO,0,29891,mixed error,Alkane; Alkene; Arene; Ether,Alkane; Arene; Ether; Haloalkane,aligned_chunk_118.parquet,530,71915,C14H13NO,CC1(C)C=Cc2cc3ncccc3cc2O1
C14H13NO,0,36606,false positive,Alkane; Arene; Ketone,Alkane; Arene; Ether; Ketone,aligned_chunk_68.parquet,1113,682151,C14H13NO,O=C(CCc1ccccc1)c1cccnc1
C14H13NO,0,44779,correct,Alkane; Arene; Ketone,Alkane; Arene; Ketone,aligned_chunk_240.parquet,1417,513963,C14H13NO,Cc1cccc(C(=O)Cc2ccncc2)c1
C14H13NO,0,48256,mixed error,Alkane; Arene; Ketone,Alkane; Arene; Haloalkane; Sulfide,aligned_chunk_215.parquet,2609,424490,C14H13NO,O=C1CCCc2ccn(-c3ccccc3)c21
C14H13NO,0,59562,mixed error,Alkane; Amide; Arene,Amide; Arene; Haloalkane; Sulfide,aligned_chunk_90.parquet,2531,764383,C14H13NO,Cc1ccc(NC(=O)c2ccccc2)cc1
C14H13NO,0,68306,false positive,Alkane; Arene; Ketone,Alkane; Arene; Ether; Ketone,aligned_chunk_84.parquet,687,739848,C14H13NO,O=C1CCC(c2ccc3cnccc3c2)C1
C14H13NO,0,69892,correct,Alkane; Amine; Arene; Ketone,Alkane; Amine; Arene; Ketone,aligned_chunk_160.parquet,2009,225933,C14H13NO,Cc1cccc(C(=O)c2cccc(N)c2)c1
C14H13NO,0,74486,correct,Alkane; Amide; Arene,Alkane; Amide; Arene,aligned_chunk_181.parquet,1904,300791,C14H13NO,CC(=O)Nc1ccc(-c2ccccc2)cc1
C11H13N3O3,0,15534,false positive,Alkane; Amide; Amine,Alkane; Amide; Amine; Ester; Ether; Haloalkane,aligned_chunk_201.parquet,2123,375419,C11H13N3O3,CCc1cc(N2CCCC2=O)ncc1[N+](=O)[O-]
C11H13N3O3,0,16049,false negative,Alcohol; Alkane; Ester; Ether; Phenol,Alcohol; Alkane; Ether,aligned_chunk_51.parquet,411,623250,C11H13N3O3,CCOC(=O)c1cc(O)nc2[nH]nc(CC)c12
C11H13N3O3,1,32382,mixed error,Alkane; Alkyne; Amine; Ether,Alkane; Ester; Ether; Haloalkane,aligned_chunk_171.parquet,1597,264751,C11H13N3O3,COc1ncc(C#CCN(C)C)cc1[N+](=O)[O-]
C11H13N3O3,0,54788,mixed error,Alkane; Amide; Ester; Ether,Alkane; Amide; Haloalkane,aligned_chunk_136.parquet,973,137291,C11H13N3O3,COC(=O)c1cc(C)nc(NC(=O)C2CC2)n1
C11H13N3O3,0,62008,correct,Alkane; Ester; Ether,Alkane; Ester; Ether,aligned_chunk_240.parquet,168,512714,C11H13N3O3,CCOC(=O)c1cc2c(OC)nc(C)cn2n1
C11H13N3O3,0,72218,correct,Alcohol; Alkane; Carboxylic acid,Alcohol; Alkane; Carboxylic acid,aligned_chunk_102.parquet,1233,17416,C11H13N3O3,CN1C(=O)N(Cc2ccccn2)CC1C(=O)O
C11H13N3O3,0,76253,false negative,Alkane; Amide; Ether,Alkane; Amide,aligned_chunk_41.parquet,280,587702,C11H13N3O3,COc1ncccc1CC1NC(=O)CNC1=O
C21H19NO2,1,1224,mixed error,Alcohol; Alkane; Arene; Carboxylic acid,Alcohol; Arene; Carboxylic acid; Haloalkane,aligned_chunk_71.parquet,3020,696915,C21H19NO2,CC(C)c1ccc(-c2cccc(-c3cccc(C(=O)O)c3)n2)cc1
C21H19NO2,0,29854,mixed error,Alkane; Amine; Arene; Ether; Ketone,Alkane; Amide; Amine; Arene; Ether,aligned_chunk_47.parquet,704,607353,C21H19NO2,CC(=O)c1ccccc1Nc1cccc(OCc2ccccc2)c1
C11H8N2OS,1,12611,mixed error,Alkane; Arene; Sulfide,Arene; Haloalkane,aligned_chunk_149.parquet,821,182585,C11H8N2OS,Cc1cn2c(=O)c3ccccc3nc2s1
C11H8N2OS,0,78266,mixed error,Alkane; Alkene; Arene; Sulfide,Alkane; Arene; Haloalkane,aligned_chunk_188.parquet,1784,323414,C11H8N2OS,O=c1[nH]nc(C2=Cc3ccccc3C2)s1
C23H22FN5O2,0,14012,correct,Alkane; Amine; Arene; Ether; Haloalkane,Alkane; Amine; Arene; Ether; Haloalkane,aligned_chunk_53.parquet,2440,631816,C23H22FN5O2,COCCNc1ccc2ncnc(Nc3ccc(OCc4ccccn4)cc3F)c2c1
C23H22FN5O2,1,74640,false negative,Alcohol; Alkane; Amine; Arene; Ether; Haloalkane; Phenol,Alcohol; Alkane; Arene; Phenol,aligned_chunk_237.parquet,2876,502518,C23H22FN5O2,Oc1c(-c2ccccc2)nnc2c1c(-c1ccc(F)cc1)nn2CCN1CCOCC1
C12H12Cl2O2,1,45520,false negative,Alkane; Alkene; Arene; Ester; Ether; Haloalkane,Alkane; Alkene; Arene; Ester; Ether,aligned_chunk_200.parquet,70,370131,C12H12Cl2O2,C/C=C(/C(=O)OCC)c1ccc(Cl)c(Cl)c1
C12H12Cl2O2,0,69482,false negative,Alkane; Arene; Ether; Haloalkane; Ketone,Alkane; Ether; Haloalkane; Ketone,aligned_chunk_104.parquet,1073,23784,C12H12Cl2O2,CCC1Cc2cc(OC)c(Cl)c(Cl)c2C1=O
C12H12Cl2O2,0,74317,correct,Alcohol; Alkane; Alkene; Arene; Carboxylic acid; Haloalkane,Alcohol; Alkane; Alkene; Arene; Carboxylic acid; Haloalkane,aligned_chunk_16.parquet,592,221240,C12H12Cl2O2,C=CC[C@@H](Cc1ccc(Cl)c(Cl)c1)C(=O)O
C21H24O5,0,10217,correct,Alkane; Arene; Ester; Ether; Ketone,Alkane; Arene; Ester; Ether; Ketone,aligned_chunk_189.parquet,1691,326490,C21H24O5,C[C@@H](COCOCc1ccccc1)C(=O)CC(=O)OCc1ccccc1
C21H24O5,0,28795,correct,Alkane; Arene; Ester; Ether,Alkane; Arene; Ester; Ether,aligned_chunk_147.parquet,2501,177753,C21H24O5,COC(=O)c1ccc(COC(=O)c2ccc(OC)c(C(C)(C)C)c2)cc1
C21H24O5,1,29796,false negative,Alcohol; Alkane; Alkene; Arene; Ether,Alcohol; Alkane; Arene; Ether,aligned_chunk_58.parquet,2316,647768,C21H24O5,COc1ccc(C2=CC(O)CCc3c2cc(OC)c(OC)c3OC)cc1
C21H24O5,0,42952,correct,Alcohol; Alkane; Arene; Ester; Ether,Alcohol; Alkane; Arene; Ester; Ether,aligned_chunk_93.parquet,667,772314,C21H24O5,CCOC(=O)C(O)(c1ccccc1)c1ccc(C(=O)OC(C)(C)C)cc1
C21H24O5,0,45484,correct,Alkane; Alkene; Arene; Ether; Ketone,Alkane; Alkene; Arene; Ether; Ketone,aligned_chunk_19.parquet,1442,329469,C21H24O5,CCCOc1ccc(/C=C/C(=O)c2cc(OC)c(OC)c(OC)c2)cc1
C21H24O5,0,67366,correct,Alkane; Arene; Ether,Alkane; Arene; Ether,aligned_chunk_241.parquet,1641,517465,C21H24O5,CO[C@@H]1O[C@@]2(COCc3ccccc3)CO[C@@H]1[C@@H]2OCc1ccccc1
C21H24O5,0,70993,correct,Alkane; Arene; Ester; Ether,Alkane; Arene; Ester; Ether,aligned_chunk_5.parquet,724,617077,C21H24O5,CC(C)(C)OC(=O)COc1ccc(CC(=O)OCc2ccccc2)cc1
C9H18O,1,9633,false positive,Alkane; Ketone,Acyl halide; Alkane; Haloalkane; Ketone,aligned_chunk_82.parquet,1023,733686,C9H18O,CC(C)CCC(=O)C(C)C
C9H18O,0,25097,correct,Alcohol; Alkane; Alkene,Alcohol; Alkane; Alkene,aligned_chunk_25.parquet,849,529595,C9H18O,CCCCC/C=C\CCO
C9H18O,0,30276,correct,Alcohol; Alkane,Alcohol; Alkane,aligned_chunk_37.parquet,2941,574090,C9H18O,CC1(C)CCC(C)(C)C1O
C9H18O,0,30975,correct,Alcohol; Alkane; Alkene,Alcohol; Alkane; Alkene,aligned_chunk_120.parquet,2001,83169,C9H18O,CC(=CCCC(C)C)CO
C9H18O,0,31796,correct,Alcohol; Alkane,Alcohol; Alkane,aligned_chunk_77.parquet,2335,715540,C9H18O,CC1CCCC(C)C1(C)O
C9H18O,0,37000,correct,Alcohol; Alkane; Alkene,Alcohol; Alkane; Alkene,aligned_chunk_100.parquet,1258,11010,C9H18O,CCCCC/C(C)=C/CO
C9H18O,0,51991,correct,Alcohol; Alkane,Alcohol; Alkane,aligned_chunk_17.parquet,2339,258835,C9H18O,OCC1CCCCCCC1
C9H18O,0,63462,correct,Alcohol; Alkane; Alkene,Alcohol; Alkane; Alkene,aligned_chunk_2.parquet,978,364656,C9H18O,C=CC(C)CCC[C@@H](C)O
C9H18O,0,71608,correct,Aldehyde; Alkane,Aldehyde; Alkane,aligned_chunk_92.parquet,1177,769582,C9H18O,CC(CCC=O)C(C)(C)C
C23H24O3,1,28748,mixed error,Alcohol; Alkane; Arene; Phenol,Alcohol; Amine; Arene; Phenol,aligned_chunk_7.parquet,1025,688470,C23H24O3,OCCCC(c1ccccc1)C(O)(c1ccccc1)c1ccc(O)cc1
C23H24O3,0,35560,correct,Alkane; Arene; Ester; Ether; Ketone,Alkane; Arene; Ester; Ether; Ketone,aligned_chunk_4.parquet,616,581442,C23H24O3,COC(=O)c1ccc2c(c1)CC[C@@H]1CC(=O)CC[C@@]21Cc1ccccc1
C23H24O3,0,78587,false negative,Alkane; Arene; Ether; Ketone,Alkane; Arene,aligned_chunk_214.parquet,901,419544,C23H24O3,Cc1c(C(=O)C2CCCCC2)oc2ccc(OCc3ccccc3)cc12
C13H18BrNO2,0,28380,false negative,Alkane; Ester; Ether; Haloalkane,Alkane; Ester; Ether,aligned_chunk_30.parquet,1551,549888,C13H18BrNO2,O=C(CCCCCBr)OCCc1ccccn1
C13H18BrNO2,0,44838,correct,Alkane; Amine; Arene; Ester; Ether; Haloalkane,Alkane; Amine; Arene; Ester; Ether; Haloalkane,aligned_chunk_140.parquet,2989,155472,C13H18BrNO2,CCC(C)Nc1cc(Br)cc(C(=O)OC)c1C
C13H18BrNO2,1,49120,mixed error,Alkane; Amine; Arene; Ether; Haloalkane,Alkane; Amine; Arene; Haloalkane; Sulfide,aligned_chunk_109.parquet,1778,40737,C13H18BrNO2,COCCN1CCC(Oc2ccccc2Br)C1
C13H18BrNO2,0,56761,correct,Alkane; Arene; Carbamate; Ether; Haloalkane,Alkane; Arene; Carbamate; Ether; Haloalkane,aligned_chunk_60.parquet,1090,656319,C13H18BrNO2,CC(C)(C)OC(=O)NCCc1ccccc1Br
C13H18BrNO2,0,71261,correct,Alkane; Arene; Carbamate; Ether; Haloalkane,Alkane; Arene; Carbamate; Ether; Haloalkane,aligned_chunk_162.parquet,2001,232482,C13H18BrNO2,C[C@@H](NC(=O)OC(C)(C)C)c1ccc(Br)cc1
C13H18BrNO2,0,74021,false negative,Alkane; Amine; Arene; Ether; Haloalkane,Alkane; Amine; Arene; Ether,aligned_chunk_137.parquet,769,140292,C13H18BrNO2,Cc1cc(OCCN2CCOCC2)ccc1Br
C13H18BrNO2,0,78676,false positive,Alkane; Arene; Carbamate; Ether; Haloalkane,Alkane; Arene; Carbamate; Ester; Ether; Haloalkane,aligned_chunk_165.parquet,555,240819,C13H18BrNO2,CC(C)(C)OC(=O)NCCc1cccc(Br)c1
C8H11NO3,0,5734,false positive,Alkane; Ether,Alkane; Alkene; Arene; Ether,aligned_chunk_71.parquet,2358,696253,C8H11NO3,COCOc1cncc(OC)c1
C8H11NO3,0,12941,false negative,Alcohol; Alkane; Carboxylic acid; Ketone; Nitrile,Alcohol; Alkane; Carboxylic acid; Nitrile,aligned_chunk_223.parquet,2806,453844,C8H11NO3,N#CCCC(=O)CCCC(=O)O
C8H11NO3,0,17898,mixed error,Alkane; Alkene; Amide; Carbamate; Ether; Imide,Alkane; Amide; Arene; Imide,aligned_chunk_78.parquet,2150,718631,C8H11NO3,CCC=CC(=O)N1CCOC1=O
C8H11NO3,0,28901,correct,Alkane; Ester; Ether; Ketone; Nitrile,Alkane; Ester; Ether; Ketone; Nitrile,aligned_chunk_73.parquet,1635,701989,C8H11NO3,CCOC(=O)CC(=O)CCC#N
C8H11NO3,0,38746,mixed error,Alkane; Alkene; Amine; Ether,Acyl halide; Alkane; Haloalkane,aligned_chunk_188.parquet,253,321883,C8H11NO3,CC12C=CC(C)(O1)C([N+](=O)[O-])C2
C8H11NO3,1,50283,mixed error,Alkane; Alkene; Amide; Ester; Ether,Alkane; Amine; Arene; Carbamate; Ether,aligned_chunk_167.parquet,427,247231,C8H11NO3,COC(=O)CCC1=CCNC1=O
C12H12N2OS,1,14528,mixed error,Amine; Arene; Sulfoxide,Amine; Arene; Sulfide,aligned_chunk_22.parquet,982,439088,C12H12N2OS,Nc1ccc(S(=O)c2ccc(N)cc2)cc1
C12H12N2OS,0,16953,false negative,Alkane; Amide; Amine; Arene; Sulfide,Amide; Amine; Arene,aligned_chunk_240.parquet,2728,515274,C12H12N2OS,Nc1ccc(NC(=O)Cc2cccs2)cc1
C12H12N2OS,0,38358,false positive,Alkane; Arene; Sulfide,Alkane; Amine; Arene; Ketone; Sulfide; Thioamide,aligned_chunk_108.parquet,2895,38627,C12H12N2OS,O=c1[nH]ccnc1SCCc1ccccc1
C12H12N2OS,0,48568,correct,Alcohol; Alkane; Alkene; Amine; Arene; Sulfide,Alcohol; Alkane; Alkene; Amine; Arene; Sulfide,aligned_chunk_15.parquet,1163,186154,C12H12N2OS,OCC=Cc1csc(Nc2ccccc2)n1
C10H16O5,1,10888,false negative,Alcohol; Alkane; Alkene; Ester; Ether,Alcohol; Alkane; Ester; Ether,aligned_chunk_166.parquet,2748,246308,C10H16O5,C=C[C@@H]1C[C@](O)(C(=O)OC)C[C@@H](O)[C@H]1O
C10H16O5,0,21189,false positive,Alcohol; Alkane; Ester; Ether,Alcohol; Alkane; Ester; Ether; Ketone,aligned_chunk_14.parquet,1386,150630,C10H16O5,COC(=O)C1CC(O)CC(C(=O)OC)C1
C10H16O5,0,35359,false negative,Aldehyde; Alkane; Ester; Ether,Alkane; Ester; Ether,aligned_chunk_149.parquet,747,182511,C10H16O5,CCOC(=O)C(CCC=O)C(=O)OCC
C10H16O5,0,71211,false negative,Alcohol; Alkane; Alkene; Ester; Ether,Alcohol; Alkane; Ester; Ether,aligned_chunk_27.parquet,2084,537335,C10H16O5,CC(C)OC(=O)/C=C\C(=O)OCCCO
C26H20Cl3N3O2,1,71744,false positive,Alkane; Arene; Ether; Haloalkane,Alkane; Arene; Carbamate; Ether; Haloalkane,aligned_chunk_80.parquet,117,726277,C26H20Cl3N3O2,CC1=Nc2c(c(=O)n(C)c3nc(-c4ccc(Cl)cc4Cl)c(-c4ccc(Cl)cc4)cc23)C(C)(C)O1
C15H23NO2,0,1413,correct,Alkane; Amine; Arene; Ether,Alkane; Amine; Arene; Ether,aligned_chunk_236.parquet,713,497178,C15H23NO2,COc1ccc(C2(CN)CCCCC2)cc1OC
C15H23NO2,0,7626,correct,Alkane; Amine; Arene; Ester; Ether,Alkane; Amine; Arene; Ester; Ether,aligned_chunk_51.parquet,2848,625687,C15H23NO2,CC(NCCC(=O)OC(C)(C)C)c1ccccc1
C15H23NO2,0,8421,false positive,Alkane; Amine; Arene; Ether,Alkane; Amine; Arene; Ether; Haloalkane,aligned_chunk_200.parquet,275,370336,C15H23NO2,COc1ccc(CC(C)NCC2CC2)cc1OC
C15H23NO2,0,20667,false positive,Alkane; Amine; Arene; Ester; Ether,Alkane; Amine; Arene; Ester; Ether; Ketone,aligned_chunk_76.parquet,2907,712924,C15H23NO2,CCN(CCC(=O)OC(C)C)c1cccc(C)c1
C15H23NO2,1,22565,mixed error,Alkane; Alkene; Amine; Ether; Ketone,Alkane; Amine; Ester; Ether; Ketone,aligned_chunk_86.parquet,374,746014,C15H23NO2,O=C1CC2COCC(C1)N2C1C=CCCCCC1
C15H23NO2,0,23232,mixed error,Alcohol; Alkane; Amine; Arene; Ether,Alcohol; Alkane; Amine; Arene; Carboxylic acid,aligned_chunk_168.parquet,2922,252972,C15H23NO2,NCC1(O)CCC(COCc2ccccc2)CC1
C15H23NO2,0,23973,false negative,Alkane; Amine; Arene; Ester; Ether,Alkane; Arene; Ester; Ether,aligned_chunk_71.parquet,852,694747,C15H23NO2,CCOC(=O)CCCCCN(C)c1ccccc1
C15H23NO2,0,33854,false negative,Alcohol; Alkane; Amine; Arene; Ether; Phenol,Alcohol; Alkane; Amine; Arene; Phenol,aligned_chunk_239.parquet,3048,509134,C15H23NO2,CCC1(CC)c2cc(O)ccc2C[C@@H](OC)[C@@H]1N
C15H23NO2,0,36489,false positive,Alcohol; Alkane; Amine; Arene; Ether,Alcohol; Alkane; Amine; Arene; Ether; Haloalkane,aligned_chunk_76.parquet,142,710159,C15H23NO2,OCCc1ccc(OCCN2CCCCC2)cc1
C15H23NO2,0,66518,false negative,Alcohol; Alkane; Amine; Arene; Ether,Alcohol; Alkane; Amine; Arene,aligned_chunk_110.parquet,1143,46624,C15H23NO2,COc1ccc(CCN2CCC[C@H]2CCO)cc1
C15H23NO2,0,77745,false positive,Alkane; Arene; Carbamate; Ether,Alkane; Arene; Carbamate; Ester; Ether; Haloalkane,aligned_chunk_223.parquet,2611,453649,C15H23NO2,CCc1ccc(CCNC(=O)OC(C)(C)C)cc1
C16H14N2O2S,0,2763,false positive,Alkane; Arene; Ester; Ether; Sulfide,Alkane; Amide; Arene; Ester; Ether; Sulfide,aligned_chunk_147.parquet,1837,177089,C16H14N2O2S,COC(=O)c1ccccc1CSc1nc2ccccc2[nH]1
C16H14N2O2S,1,9942,false negative,Alcohol; Alkane; Alkene; Amine; Arene; Phenol; Sulfide,Amine; Sulfide,aligned_chunk_141.parquet,3038,158689,C16H14N2O2S,O=c1[nH]c2ccc(O)c(C3=CCNCC3)c2c2ccsc12
C16H14N2O2S,0,22235,false negative,Alcohol; Alkane; Arene; Ether; Sulfide,Alcohol; Alkane; Arene; Ether,aligned_chunk_178.parquet,2741,288698,C16H14N2O2S,OCc1nc(-c2ccc(OCc3ccccc3)cc2)ns1
C16H14N2O2S,0,31146,false positive,Alkane; Arene; Sulfide,Alkane; Amide; Arene; Sulfide,aligned_chunk_38.parquet,2182,576556,C16H14N2O2S,Cc1ccccc1CNC(=O)n1sc2ccccc2c1=O
C16H14N2O2S,0,34679,false positive,Alkane; Amine; Arene; Sulfonamide,Alkane; Amine; Arene; Ether; Haloalkane; Sulfonamide,aligned_chunk_83.parquet,479,736313,C16H14N2O2S,Cc1cccc(NS(=O)(=O)c2ccc3ccccc3c2)n1
C16H14N2O2S,0,56388,false negative,Alcohol; Alkane; Amine; Arene; Ketone; Sulfide,Alcohol; Alkane; Arene; Ketone,aligned_chunk_2.parquet,1443,365121,C16H14N2O2S,O=C(c1ccccc1)c1ccc2sc(NCCO)nc2c1
C16H14N2O2S,0,76472,correct,Alcohol; Alkane; Arene; Ether; Sulfide,Alcohol; Alkane; Arene; Ether; Sulfide,aligned_chunk_104.parquet,307,23018,C16H14N2O2S,OCc1ccc(OCc2csc(-c3ccccc3)n2)nc1
C9H10O4,0,5599,false positive,Alcohol; Alkane; Arene; Ester; Ether; Phenol,Alcohol; Alkane; Arene; Ester; Ether; Haloalkane; Phenol,aligned_chunk_214.parquet,2102,420745,C9H10O4,COC(=O)Cc1cc(O)cc(O)c1
C9H10O4,0,9928,correct,Alcohol; Alkane; Arene; Ether; Phenol,Alcohol; Alkane; Arene; Ether; Phenol,aligned_chunk_37.parquet,930,572079,C9H10O4,OCC1COc2cccc(O)c2O1
C9H10O4,0,13958,false positive,Alcohol; Aldehyde; Alkane; Arene; Ether; Phenol,Alcohol; Aldehyde; Alkane; Alkene; Arene; Ether; Phenol,aligned_chunk_86.parquet,660,746300,C9H10O4,COc1cc(C=O)cc(OC)c1O
C9H10O4,0,17206,false positive,Aldehyde; Alkane; Ether,Aldehyde; Alkane; Ether; Ketone,aligned_chunk_130.parquet,1451,118377,C9H10O4,O=CCc1ccc(C2OCCO2)o1
C9H10O4,1,39189,mixed error,Alcohol; Alkane; Arene; Carboxylic acid; Ether,Alcohol; Arene; Carboxylic acid; Haloalkane,aligned_chunk_166.parquet,8,243568,C9H10O4,COc1cc(CO)cc(C(=O)O)c1
C9H10O4,0,44208,false negative,Alcohol; Alkane; Arene; Carboxylic acid; Ether,Alcohol; Arene; Carboxylic acid; Ether,aligned_chunk_153.parquet,3008,200889,C9H10O4,COCOc1ccc(C(=O)O)cc1
C9H10O4,0,45848,false negative,Alcohol; Alkane; Arene; Carboxylic acid; Phenol,Alcohol; Arene; Carboxylic acid; Phenol,aligned_chunk_8.parquet,1493,724428,C9H10O4,CC(C(=O)O)c1ccc(O)c(O)c1
C9H10O4,0,46537,correct,Alcohol; Aldehyde; Alkane; Arene; Ether; Phenol,Alcohol; Aldehyde; Alkane; Arene; Ether; Phenol,aligned_chunk_149.parquet,2105,183869,C9H10O4,CCOc1cc(C=O)cc(O)c1O
C9H10O4,0,47260,correct,Alcohol; Alkane; Arene; Ester; Ether; Phenol,Alcohol; Alkane; Arene; Ester; Ether; Phenol,aligned_chunk_232.parquet,912,484404,C9H10O4,CCOC(=O)c1cccc(O)c1O
C9H10O4,0,54650,false negative,Alcohol; Alkane; Arene; Carboxylic acid; Ether; Phenol,Alcohol; Arene; Carboxylic acid; Phenol,aligned_chunk_113.parquet,2721,57923,C9H10O4,C[C@@H](Oc1ccc(O)cc1)C(=O)O
C9H10O4,0,64671,false negative,Alkane; Ester; Ether,Alkane,aligned_chunk_13.parquet,981,114664,C9H10O4,CCC(=O)Oc1coc(C)cc1=O
C9H10O4,0,76051,correct,Alcohol; Alkane; Arene; Ester; Ether; Phenol,Alcohol; Alkane; Arene; Ester; Ether; Phenol,aligned_chunk_67.parquet,1060,678801,C9H10O4,COC(=O)Cc1ccc(O)c(O)c1
C10H18O3,0,4024,false negative,Aldehyde; Alkane; Ester; Ether,Alkane; Ester; Ether,aligned_chunk_238.parquet,3112,505997,C10H18O3,CCC(CC=O)(C(=O)OC)C(C)C
C10H18O3,0,8526,correct,Alkane; Ester; Ether; Ketone,Alkane; Ester; Ether; Ketone,aligned_chunk_81.parquet,1057,730453,C10H18O3,CCCCOC(=O)C(=O)CCCC
C10H18O3,0,13787,correct,Alcohol; Alkane; Ester; Ether,Alcohol; Alkane; Ester; Ether,aligned_chunk_29.parquet,509,542330,C10H18O3,CCOC(=O)C1(C)CCCCC1O
C10H18O3,0,22702,correct,Alcohol; Alkane; Ester; Ether,Alcohol; Alkane; Ester; Ether,aligned_chunk_41.parquet,215,587637,C10H18O3,CCOC(=O)C1(C)CCC(O)CC1
C10H18O3,0,32570,correct,Alcohol; Alkane; Ester; Ether,Alcohol; Alkane; Ester; Ether,aligned_chunk_171.parquet,1839,264993,C10H18O3,CCOC(=O)C[C@@H]1CCCC[C@@H]1O
C10H18O3,0,33121,false negative,Alkane; Alkene; Ether,Alkane; Alkene,aligned_chunk_38.parquet,160,574534,C10H18O3,C=CCOC(=O)OC(C)(C)C(C)C
C10H18O3,0,36107,correct,Alkane; Ester; Ether; Ketone,Alkane; Ester; Ether; Ketone,aligned_chunk_224.parquet,1717,455986,C10H18O3,CC(C)COC(=O)C(=O)CC(C)C
C10H18O3,0,39998,correct,Alcohol; Alkane; Ester; Ether,Alcohol; Alkane; Ester; Ether,aligned_chunk_220.parquet,1364,442710,C10H18O3,COC(=O)C1CC(C)(C)CCC1O
C10H18O3,0,44048,correct,Alcohol; Alkane; Alkene; Carboxylic acid; Ether,Alcohol; Alkane; Alkene; Carboxylic acid; Ether,aligned_chunk_16.parquet,780,221428,C10H18O3,C=CCC[C@@H](OCC)[C@@H](C)C(=O)O
C10H18O3,0,45640,correct,Alcohol; Alkane; Ester; Ether,Alcohol; Alkane; Ester; Ether,aligned_chunk_7.parquet,152,687597,C10H18O3,CCOC(=O)C1(O)CCCCCC1
C10H18O3,0,54151,correct,Alkane; Alkene; Ester; Ether,Alkane; Alkene; Ester; Ether,aligned_chunk_81.parquet,1827,731223,C10H18O3,C=C(C)C(=O)OC(C)OCCCC
C10H18O3,0,56343,correct,Alkane; Alkene; Ester; Ether,Alkane; Alkene; Ester; Ether,aligned_chunk_22.parquet,2895,441001,C10H18O3,C=CCOC(CC)(CC)C(=O)OC
C10H18O3,0,63764,correct,Alkane; Ester; Ether; Ketone,Alkane; Ester; Ether; Ketone,aligned_chunk_204.parquet,1778,384756,C10H18O3,CC(=O)OC(CCC(C)C)C(C)=O
C10H18O3,1,66653,mixed error,Alkane; Ester; Ether; Ketone,Alkane; Ester; Ether; Sulfide,aligned_chunk_146.parquet,1033,172976,C10H18O3,CCOC(=O)C(C)C(=O)C(C)(C)C
C10H18O3,0,68841,correct,Alcohol; Alkane; Ester; Ether,Alcohol; Alkane; Ester; Ether,aligned_chunk_79.parquet,2324,722049,C10H18O3,CC(C)(C)OC(=O)C1(O)CCCC1
C12H11NO2S,0,1772,false negative,Alkane; Arene; Ester; Ether; Sulfide,Alkane; Ester; Ether; Sulfide,aligned_chunk_39.parquet,230,577864,C12H11NO2S,CCOC(=O)c1ncc(-c2ccccc2)s1
C12H11NO2S,1,16923,mixed error,Alkane; Amine; Arene; Sulfide,Alkane; Amine; Arene; Haloalkane; Hydrazine; Nitrile,aligned_chunk_89.parquet,2719,758113,C12H11NO2S,O=C=C1CC(SC(=O)c2ccccc2)CN1
C12H11NO2S,0,17274,correct,Alkane; Arene; Ester; Ether; Sulfide,Alkane; Arene; Ester; Ether; Sulfide,aligned_chunk_12.parquet,1429,79348,C12H11NO2S,CCOC(=O)c1cccc(-c2cncs2)c1
C12H11NO2S,0,18185,false negative,Alkane; Sulfide,Alkane,aligned_chunk_11.parquet,1451,43662,C12H11NO2S,CC(=O)SCc1ccc(-c2cccnc2)o1
C12H11NO2S,0,36259,false negative,Alkane; Arene; Ester; Ether; Sulfide,Alkane; Arene; Ester; Sulfide,aligned_chunk_105.parquet,1585,27540,C12H11NO2S,CCOC(=O)c1cnc(-c2ccccc2)s1
C12H11NO2S,0,48904,false positive,Alkane; Amine; Arene; Ester; Ether; Sulfide,Alkane; Alkyne; Amine; Arene; Ester; Ether; Sulfide,aligned_chunk_68.parquet,968,682006,C12H11NO2S,COC(=O)c1scc(-c2ccccc2)c1N
C12H11NO2S,0,61849,mixed error,Alkane; Alkene; Arene; Sulfone,Alkane; Amide; Arene; Haloalkane; Sulfone,aligned_chunk_58.parquet,2127,647579,C12H11NO2S,C=Cc1cnc2ccc(S(C)(=O)=O)cc2c1
C12H11NO2S,0,67161,false negative,Alcohol; Alkane; Amine; Arene; Carboxylic acid; Sulfide,Alcohol; Alkane; Amine; Arene; Carboxylic acid,aligned_chunk_73.parquet,3056,703410,C12H11NO2S,Nc1ccc(SCC(=O)O)c2ccccc12
C12H11NO2S,0,75034,correct,Alcohol; Alkane; Arene; Carboxylic acid; Sulfide,Alcohol; Alkane; Arene; Carboxylic acid; Sulfide,aligned_chunk_164.parquet,760,237746,C12H11NO2S,Cc1ccc(-c2sc(C)nc2C(=O)O)cc1
C24H22F3N3O3S,1,44513,false positive,Alcohol; Alkane; Arene; Carboxylic acid; Haloalkane; Sulfide,Alcohol; Alkane; Amide; Arene; Carboxylic acid; Ether; Haloalkane; Sulfide,aligned_chunk_177.parquet,1960,284686,C24H22F3N3O3S,O=C(O)CC1CCC(c2ncc(-c3ccc(NC(=O)Nc4cc(F)c(F)cc4F)cc3)s2)CC1
C10H8Cl2O,1,93,false negative,Alkane; Alkene; Arene; Haloalkane; Ketone,Alkane; Alkene; Arene; Haloalkane,aligned_chunk_41.parquet,610,588032,C10H8Cl2O,CC(=O)C=Cc1ccc(Cl)cc1Cl
C10H8Cl2O,0,23484,false negative,Alcohol; Alkane; Alkyne; Arene; Haloalkane,Alcohol; Alkane; Arene; Haloalkane,aligned_chunk_173.parquet,2948,272673,C10H8Cl2O,OCCC#Cc1ccc(Cl)cc1Cl
C17H14BrN3O2,1,9083,mixed error,Alkane; Arene; Haloalkane,Alkane; Alkene; Amide; Arene,aligned_chunk_243.parquet,219,522528,C17H14BrN3O2,O=c1[nH]c(=O)n(CCc2ccc(-c3ccccc3)cc2)nc1Br
C4H8N2OS2,1,34476,mixed error,Alkane; Amine; Ether; Sulfide,Alkane; Amine; Haloalkane; Sulfide,aligned_chunk_216.parquet,2140,427291,C4H8N2OS2,COC(=S)N=C(N)SC
C22H26N2O3,1,6327,mixed error,Alkane; Amide; Amine; Arene; Ether,Alkane; Arene; Carbamate; Ether; Haloalkane,aligned_chunk_25.parquet,105,528851,C22H26N2O3,COc1ccc2c(c1)CC[C@H]1CN(C(=O)[C@@H](OC)c3ccccc3)CCN21
C22H26N2O3,0,6710,correct,Alcohol; Alkane; Amide; Amine; Arene; Carboxylic acid,Alcohol; Alkane; Amide; Amine; Arene; Carboxylic acid,aligned_chunk_45.parquet,334,600453,C22H26N2O3,CC(C)NC(=O)c1cccc(C2Nc3ccc(C(=O)O)cc3CC2(C)C)c1
C22H26N2O3,0,7529,correct,Alkane; Amide; Arene; Carbamate; Ether,Alkane; Amide; Arene; Carbamate; Ether,aligned_chunk_164.parquet,395,237381,C22H26N2O3,CC(C)(C)OC(=O)N[C@@H](Cc1ccccc1)C(=O)N1Cc2ccccc2C1
C22H26N2O3,0,9503,false positive,Alkane; Amide; Amine; Arene; Ester; Ether,Alkane; Amide; Amine; Arene; Ester; Ether; Haloalkane,aligned_chunk_160.parquet,975,224899,C22H26N2O3,CCOC(=O)CCCc1ccc(N2Cc3cc(N(C)C)ccc3C2=O)cc1
C22H26N2O3,0,10463,correct,Alkane; Amide; Arene; Ether,Alkane; Amide; Arene; Ether,aligned_chunk_49.parquet,2072,615147,C22H26N2O3,O=C(CCc1ccccc1)N1CCN(C(=O)COCc2ccccc2)CC1
C22H26N2O3,0,14868,mixed error,Alkane; Arene; Ether; Ketone,Alkane; Amide; Arene; Ketone,aligned_chunk_149.parquet,1606,183370,C22H26N2O3,COCCn1c(-c2ccc(C(C)C)cc2)nc2cc(C(C)=O)cc(OC)c21
C22H26N2O3,0,23826,correct,Alkane; Amide; Arene; Carbamate; Ether,Alkane; Amide; Arene; Carbamate; Ether,aligned_chunk_225.parquet,520,458049,C22H26N2O3,CCC(=O)N(c1ccccc1)C1CCN(C(=O)OCc2ccccc2)CC1
C22H26N2O3,0,29631,correct,Alcohol; Alkane; Arene; Ether,Alcohol; Alkane; Arene; Ether,aligned_chunk_148.parquet,594,179127,C22H26N2O3,OCC(O)Cc1nccn1CCCc1cccc(OCc2ccccc2)c1
C22H26N2O3,0,29810,correct,Alkane; Amide; Arene,Alkane; Amide; Arene,aligned_chunk_215.parquet,64,421945,C22H26N2O3,CC1(C)CCC(C)(C)c2cc(NC(=O)c3ccc(C(=O)NO)cc3)ccc21
C22H26N2O3,0,33616,mixed error,Alkane; Amide; Amine; Arene; Ether; Ketone,Alkane; Amide; Ester; Ether,aligned_chunk_57.parquet,2425,644674,C22H26N2O3,NC(=O)c1ccc2c3c1O[C@H]1C(=O)CC[C@H]4[C@@H](C2)N(CC2CCC2)CC[C@]314
C22H26N2O3,0,33625,mixed error,Alkane; Amide; Amine; Arene; Ester; Ether,Alkane; Arene; Ester; Ether; Haloalkane; Sulfide,aligned_chunk_231.parquet,715,480982,C22H26N2O3,CCOC(=O)c1ccccc1N(C)C(=O)C1CCCN1Cc1ccccc1
C22H26N2O3,0,33779,correct,Alkane; Amine; Arene; Ester; Ether,Alkane; Amine; Arene; Ester; Ether,aligned_chunk_225.parquet,388,457917,C22H26N2O3,COC(=O)COCCN1CCN2c3ccccc3Cc3ccccc3C2C1
C22H26N2O3,0,55448,mixed error,Alkane; Arene; Ether; Imine,Alkane; Alkene; Carbamate; Ether,aligned_chunk_47.parquet,842,607491,C22H26N2O3,COc1cc2c(c3c1OC(C)(C)C3)C(c1ccc(=O)n(C)c1)=NC(C)(C)C2
C22H26N2O3,0,62221,false negative,Alkane; Amide; Arene; Ether,Alkane; Amide; Arene,aligned_chunk_220.parquet,2468,443814,C22H26N2O3,CC1(C(=O)N2CCC(C3Cc4[nH]c(=O)c5ccccc5c4CO3)CC2)CC1
C22H26N2O3,0,63509,correct,Alkane; Amide; Arene; Carbamate; Ether,Alkane; Amide; Arene; Carbamate; Ether,aligned_chunk_40.parquet,3283,587389,C22H26N2O3,Cc1cccc(C(=O)Nc2ccc([C@@H]3C[C@H]3NC(=O)OC(C)(C)C)cc2)c1
C22H26N2O3,0,64658,mixed error,Alkane; Arene; Ether,Alkane; Ester; Ether; Haloalkane; Sulfide,aligned_chunk_38.parquet,2451,576825,C22H26N2O3,CCc1cc(=O)nc2n1C[C@@H](COc1ccc3c(c1)CC1CCCCC31)O2
C22H26N2O3,0,66110,false positive,Alkane; Amide; Arene; Carbamate; Ether,Alkane; Amide; Arene; Carbamate; Ether; Ketone,aligned_chunk_154.parquet,443,201584,C22H26N2O3,O=C(NC[C@@H]1CC[C@@H](C(=O)Nc2ccccc2)CC1)OCc1ccccc1
C22H26N2O3,0,71603,correct,Alcohol; Alkane; Arene; Ether; Phenol,Alcohol; Alkane; Arene; Ether; Phenol,aligned_chunk_90.parquet,1287,763139,C22H26N2O3,Cc1nc(O)c2c(n1)[C@@]1(c3ccccc3)CCC3(OCCO3)[C@@H](C)[C@@H]1CC2
C22H26N2O3,0,72611,false negative,Alcohol; Alkane; Amine; Arene; Carboxylic acid; Ether,Alcohol; Alkane; Amine; Arene; Carboxylic acid,aligned_chunk_32.parquet,1750,556590,C22H26N2O3,O=C(O)c1ccc(CN2CCOC(CN[C@@H]3C[C@H]3c3ccccc3)C2)cc1
C22H26N2O3,0,76599,correct,Alkane; Amide; Arene; Imide,Alkane; Amide; Arene; Imide,aligned_chunk_111.parquet,1377,50116,C22H26N2O3,CN(C(=O)CN1C(=O)c2ccccc2C1=O)C12CCCC(C1)C1CCC2C1
C10H9BrN2,0,780,false negative,Alkane; Arene; Haloalkane,Arene; Haloalkane,aligned_chunk_224.parquet,1617,455886,C10H9BrN2,Brc1ccc2c(C3CC3)n[nH]c2c1
C10H9BrN2,0,1663,false negative,Alkane; Arene; Haloalkane,Arene; Haloalkane,aligned_chunk_154.parquet,747,201888,C10H9BrN2,Cc1cn(-c2cccc(Br)c2)cn1
C10H9BrN2,0,16742,false negative,Alkane; Amine; Arene; Haloalkane,Amine; Arene; Haloalkane,aligned_chunk_6.parquet,1042,653038,C10H9BrN2,CNc1ccnc2cc(Br)ccc12
C10H9BrN2,0,32328,false negative,Alkane; Arene; Haloalkane,Alkane; Arene,aligned_chunk_3.parquet,2113,547224,C10H9BrN2,Cc1cnn(-c2ccccc2)c1Br
C10H9BrN2,0,53051,false negative,Alkane; Haloalkane,Alkane,aligned_chunk_241.parquet,1993,517817,C10H9BrN2,Brc1c2n(c3ccncc13)CCC2
C10H9BrN2,0,66996,false negative,Alkane; Alkene; Arene; Haloalkane,Alkane; Alkene; Arene,aligned_chunk_147.parquet,2842,178094,C10H9BrN2,C=CCn1c(Br)nc2ccccc21
C10H9BrN2,0,72097,false positive,Alkane; Arene; Haloalkane,Alkane; Arene; Ether; Haloalkane,aligned_chunk_156.parquet,975,208537,C10H9BrN2,Cc1ccc(-c2cc[nH]n2)cc1Br
C10H9BrN2,1,78637,mixed error,Alkane; Haloalkane,Alkane; Amine; Ether,aligned_chunk_42.parquet,917,591550,C10H9BrN2,Brc1c2n(c3cnccc13)CCC2
C19H18F3N5O3S,1,8122,mixed error,Alkane; Amide; Amine; Arene; Haloalkane; Sulfonamide,Alkene; Amide; Amine; Arene; Haloalkane; Sulfonamide,aligned_chunk_184.parquet,2559,311111,C19H18F3N5O3S,O=C(Nc1cnc2[nH]nc(C3CC3)c2c1)c1c(F)ccc(NS(=O)(=O)CCCF)c1F
C19H18F3N5O3S,0,24818,false positive,Alkane; Amide; Amine; Arene; Haloalkane; Sulfonamide,Alkane; Amide; Amine; Arene; Ester; Ether; Haloalkane; Sulfide; Sulfonamide,aligned_chunk_235.parquet,1173,494392,C19H18F3N5O3S,C[C@H]1CN(C(=O)c2cnn3cccnc23)CCN1S(=O)(=O)c1ccc(C(F)(F)F)cc1
C15H26N2O3,0,809,false negative,Alkane; Amide; Amine; Ester; Ether,Alkane; Amide; Amine,aligned_chunk_217.parquet,2320,430717,C15H26N2O3,COC(=O)C1CC(=O)N(C2CC(C)(C)NC(C)(C)C2)C1
C15H26N2O3,1,12633,mixed error,Alkane; Amide; Carbamate; Ether,Aldehyde; Alkane; Amide; Carbamate,aligned_chunk_93.parquet,3145,774792,C15H26N2O3,C[C@@H]1CN(C(=O)OC(C)(C)C)CC[C@H]1N1CCCC1=O
C15H26N2O3,0,29589,correct,Alkane; Amide; Carbamate; Ether,Alkane; Amide; Carbamate; Ether,aligned_chunk_244.parquet,1664,527209,C15H26N2O3,CC(C)(C)OC(=O)N1CCC(C)(C(=O)N2CCCC2)C1
C15H26N2O3,0,41556,correct,Alkane; Amine; Arene; Ether,Alkane; Amine; Arene; Ether,aligned_chunk_232.parquet,490,483982,C15H26N2O3,CCN(CC)CC(N)c1cc(OC)c(OC)c(OC)c1
C17H17FO,1,18785,false negative,Alkane; Arene; Haloalkane; Ketone,Arene; Haloalkane; Ketone,aligned_chunk_153.parquet,920,198801,C17H17FO,CCC(C)c1ccc(C(=O)c2ccccc2F)cc1
C12H13F3INO2,1,50070,false positive,Alcohol; Alkane; Amide; Arene; Haloalkane,Alcohol; Alkane; Alkene; Amide; Arene; Ester; Haloalkane; Ketone,aligned_chunk_138.parquet,642,143388,C12H13F3INO2,CC(C)(CO)NC(=O)c1cc(I)cc(C(F)(F)F)c1
C12H15BrN2O,1,37297,correct,Alkane; Amide; Haloalkane,Alkane; Amide; Haloalkane,aligned_chunk_150.parquet,1761,189956,C12H15BrN2O,O=C(NC1CCCCC1)c1cncc(Br)c1
C20H20ClF6N5O,1,75456,correct,Alkane; Amide; Amine; Arene; Haloalkane; Hydrazine,Alkane; Amide; Amine; Arene; Haloalkane; Hydrazine,aligned_chunk_225.parquet,2317,459846,C20H20ClF6N5O,CN1CCN(C(C(=O)NNc2cc(C(F)(F)F)cc(C(F)(F)F)c2)c2ncccc2Cl)CC1
C22H25NO2,0,15479,correct,Alcohol; Alkane; Arene; Ether,Alcohol; Alkane; Arene; Ether,aligned_chunk_207.parquet,2881,395592,C22H25NO2,CCCCCC(O)c1ccn(-c2cccc(Oc3ccccc3)c2)c1
C22H25NO2,0,19085,false negative,Alkane; Arene; Ether; Ketone,Alkane; Arene; Ketone,aligned_chunk_220.parquet,285,441631,C22H25NO2,CCCCCn1cc(C(=O)Cc2ccccc2OC)c2ccccc21
C22H25NO2,0,19422,correct,Alkane; Alkene; Arene; Carbamate; Ether,Alkane; Alkene; Arene; Carbamate; Ether,aligned_chunk_140.parquet,3104,155587,C22H25NO2,CC(C)(C)OC(=O)N1CC=C(c2cccc(-c3ccccc3)c2)CC1
C22H25NO2,1,24229,false positive,Alkane; Amide; Arene; Ether,Alkane; Amide; Arene; Ether; Haloalkane; Ketone; Sulfide,aligned_chunk_72.parquet,193,697334,C22H25NO2,COc1ccc(-c2ccc3c(c2)CC[C@H]2N(C)C(=O)CC[C@]32C)cc1
C14H18INO2,1,57916,mixed error,Alkane; Arene; Carbamate; Ether; Haloalkane,Alkane; Arene; Carbamate; Ether; Sulfide,aligned_chunk_111.parquet,1613,50352,C14H18INO2,CC(C)(C)OC(=O)NC1Cc2ccc(I)cc2C1
C14H18INO2,0,68393,correct,Alkane; Arene; Carbamate; Ether; Haloalkane,Alkane; Arene; Carbamate; Ether; Haloalkane,aligned_chunk_213.parquet,342,415717,C14H18INO2,CC(C)(C)OC(=O)N1CCCc2cc(I)ccc21
C23H24ClN3O2,0,7635,false negative,Alcohol; Alkane; Alkene; Arene; Carboxylic acid; Haloalkane,Alcohol; Alkane; Alkene; Arene; Carboxylic acid,aligned_chunk_57.parquet,1875,644124,C23H24ClN3O2,CCCCc1ncc(/C=C(\Cc2ccncc2)C(=O)O)n1Cc1ccccc1Cl
C23H24ClN3O2,1,52363,mixed error,Alkane; Amide; Amine; Arene; Haloalkane,Amide; Amine; Arene; Haloalkane; Imine,aligned_chunk_235.parquet,2530,495749,C23H24ClN3O2,CN1C2CCCC1CC(NC(=O)c1cccc3nc(-c4ccc(Cl)cc4)oc13)C2
C23H24ClN3O2,0,64736,false negative,Alkane; Amide; Arene; Haloalkane,Alkane; Arene; Haloalkane,aligned_chunk_115.parquet,3159,64881,C23H24ClN3O2,CC(=O)N1CC(C)Cc2c1ccc1c(=O)n(-c3ccc(Cl)cc3)c(C(C)C)nc21
C23H24ClN3O2,0,71339,mixed error,Alkane; Amide; Arene; Ether; Haloalkane,Alkane; Alkene; Amide; Arene; Haloalkane,aligned_chunk_183.parquet,1089,306421,C23H24ClN3O2,COc1ccc(CN2C(=O)c3nc(C)n(C(C)C)c3C2c2ccc(Cl)cc2)cc1
C21H21N3O,0,550,correct,Alkane; Amide; Amine; Arene,Alkane; Amide; Amine; Arene,aligned_chunk_13.parquet,1029,114712,C21H21N3O,O=C(Nc1ccc2cccc(N3CCNCC3)c2c1)c1ccccc1
C21H21N3O,0,8618,correct,Alkane; Amide; Arene,Alkane; Amide; Arene,aligned_chunk_98.parquet,3101,790983,C21H21N3O,Cc1ccc2c(c1)[C@H]1CCCN(C(=O)c3ccc4[nH]cnc4c3)[C@H]1C2
C21H21N3O,1,24835,mixed error,Alkane; Alkene; Arene; Ketone; Nitrile,Alkane; Arene; Ester; Ether; Nitrile; Sulfide,aligned_chunk_22.parquet,2694,440800,C21H21N3O,CC1C(=O)C(C#N)=CC2(Cc3ccccc3)c3c(cnn3C)CCC12
C21H21N3O,0,30270,false negative,Alkane; Arene; Ketone; Nitrile,Alkane; Arene; Nitrile,aligned_chunk_213.parquet,2899,418274,C21H21N3O,CC(C)(C)C(=O)CCn1c(-c2cccnc2)cc2cc(C#N)ccc21
C21H21N3O,0,46298,false positive,Alkane; Amide; Arene,Alkane; Amide; Arene; Haloalkane,aligned_chunk_141.parquet,692,156343,C21H21N3O,O=C(c1nc(-c2ccccc2)nc2ccccc12)N1CCCCCC1
C21H21N3O,0,52715,correct,Alkane; Amide; Arene,Alkane; Amide; Arene,aligned_chunk_236.parquet,1061,497526,C21H21N3O,CC1CCCN(C(=O)c2nc(-c3ccccc3)nc3ccccc23)C1
C21H21N3O,0,54066,false positive,Alkane; Amide; Amine; Arene,Alkane; Amide; Amine; Arene; Carbamate; Ether,aligned_chunk_173.parquet,1865,271590,C21H21N3O,NCc1ccccc1-c1ccccc1C(=O)NCCc1ccccn1
C21H21N3O,0,61129,mixed error,Alkane; Amide; Arene,Alkane; Alkene; Arene; Ester; Ether; Haloalkane,aligned_chunk_158.parquet,599,214726,C21H21N3O,O=C(c1ccc2nccn2c1)N1CCC[C@@H]2c3ccccc3CC[C@@H]21
C21H21N3O,0,63782,mixed error,Alkane; Amide; Arene,Arene; Sulfide,aligned_chunk_144.parquet,290,165697,C21H21N3O,O=C(CC(c1ccccc1)c1ccccc1)N1CCc2[nH]cnc2C1
C20H25N,1,43437,false positive,Alkane; Amine; Arene,Alkane; Amine; Arene; Ester; Ether; Sulfide,aligned_chunk_243.parquet,1897,524206,C20H25N,Cc1ccccc1[C@H]1CCC[C@H]1N[C@H](C)c1ccccc1
C20H17ClN2O4,0,38695,false negative,Alkane; Alkene; Amide; Arene; Ether; Haloalkane; Imide,Alkane; Arene; Ether; Haloalkane,aligned_chunk_180.parquet,1491,297112,C20H17ClN2O4,CN1C(=O)C(=Cc2ccccc2OCc2ccccc2Cl)C(=O)N(C)C1=O
C20H17ClN2O4,1,49862,mixed error,Alkane; Amide; Arene; Ether; Haloalkane; Ketone,Alkane; Amide; Arene; Ester; Ether; Hydrazine,aligned_chunk_87.parquet,1684,750560,C20H17ClN2O4,CCOC(=O)n1c(C(=O)c2ccccc2)c(NC(C)=O)c2c(Cl)cccc21
C16H21NO5,0,1680,correct,Alcohol; Alkane; Arene; Carbamate; Ester; Ether,Alcohol; Alkane; Arene; Carbamate; Ester; Ether,aligned_chunk_84.parquet,138,739299,C16H21NO5,CCOC(=O)C1C(C)C(O)CN1C(=O)OCc1ccccc1
C16H21NO5,0,19352,false negative,Alkane; Alkene; Amine; Arene; Enamine; Ester; Ether,Alkane; Alkene; Amine; Enamine; Ester; Ether,aligned_chunk_169.parquet,2777,256066,C16H21NO5,CCOC(=O)C(=CNc1ccc(OC)c(C)c1)C(=O)OCC
C16H21NO5,0,19694,false positive,Alcohol; Alkane; Arene; Carbamate; Carboxylic acid; Ether,Alcohol; Alkane; Arene; Carbamate; Carboxylic acid; Ether; Haloalkane,aligned_chunk_160.parquet,2129,226053,C16H21NO5,CC(C)(C)OC(=O)N1C[C@@H](Oc2ccccc2)C[C@H]1C(=O)O
C16H21NO5,0,21593,correct,Alcohol; Alkane; Arene; Carbamate; Carboxylic acid; Ether,Alcohol; Alkane; Arene; Carbamate; Carboxylic acid; Ether,aligned_chunk_116.parquet,1438,66400,C16H21NO5,COc1ccc2c(c1)CN(C(=O)OC(C)(C)C)[C@H](C(=O)O)C2
C16H21NO5,1,23650,mixed error,Alkane; Amide; Arene; Ether; Ketone,Alkane; Amide; Amine; Arene; Ester; Ether,aligned_chunk_4.parquet,2566,583392,C16H21NO5,COc1cc(NC(=O)CC2CCC(=O)C2)cc(OC)c1OC
C16H21NO5,0,27544,correct,Alcohol; Alkane; Arene; Carbamate; Carboxylic acid; Ether; Phenol,Alcohol; Alkane; Arene; Carbamate; Carboxylic acid; Ether; Phenol,aligned_chunk_193.parquet,2362,343387,C16H21NO5,CC(C)(C)OC(=O)N1Cc2cc(O)ccc2C[C@]1(C)C(=O)O
C16H21NO5,0,44857,correct,Alcohol; Alkane; Arene; Carbamate; Carboxylic acid; Ether,Alcohol; Alkane; Arene; Carbamate; Carboxylic acid; Ether,aligned_chunk_88.parquet,1192,753327,C16H21NO5,CC(C)(C)OC(=O)N1CCc2cccc(OCC(=O)O)c2C1
C16H21NO5,0,52300,correct,Alcohol; Alkane; Arene; Carbamate; Carboxylic acid; Ether,Alcohol; Alkane; Arene; Carbamate; Carboxylic acid; Ether,aligned_chunk_119.parquet,1657,76281,C16H21NO5,CC(C)(C)OC(=O)N1CCC(Oc2ccc(C(=O)O)cc2)C1
C16H21NO5,0,72243,false negative,Alcohol; Alkane; Amine; Arene; Carboxylic acid; Ester; Ether,Alcohol; Alkane; Amine; Arene; Carboxylic acid; Ether,aligned_chunk_70.parquet,394,691050,C16H21NO5,COC(=O)C1CCN(c2cc(OC)ccc2C(=O)O)CC1C
C16H21NO5,0,74027,correct,Alkane; Arene; Carbamate; Ester; Ether,Alkane; Arene; Carbamate; Ester; Ether,aligned_chunk_120.parquet,2626,83794,C16H21NO5,COC(=O)COC[C@@H]1CCCN1C(=O)OCc1ccccc1
C16H21NO5,0,78528,correct,Alkane; Amide; Arene; Ester; Ether,Alkane; Amide; Arene; Ester; Ether,aligned_chunk_19.parquet,2811,330838,C16H21NO5,COC(=O)CC(C)(C)N(Cc1ccccc1)C(=O)C(=O)OC
C20H21N5,1,64314,mixed error,Alkane; Amine; Arene; Nitrile,Alkane; Amine; Arene; Hydrazone,aligned_chunk_11.parquet,3213,45424,C20H21N5,Cc1cccc(-c2cc3nc(C#N)nc(N[C@H](C)C4CCC4)c3[nH]2)c1
C23H21N3O3,0,34923,correct,Alkane; Arene; Ether,Alkane; Arene; Ether,aligned_chunk_103.parquet,232,19668,C23H21N3O3,COc1cc2nccc(Oc3cc(C)c(C)nc3-c3ccccn3)c2cc1OC
C23H21N3O3,0,37983,correct,Alkane; Amide; Arene; Ether,Alkane; Amide; Arene; Ether,aligned_chunk_214.parquet,2052,420695,C23H21N3O3,Cc1cc(NC(=O)C2(c3ccc4c(c3)CCO4)CC2)nc(-c2cc[nH]c(=O)c2)c1
C23H21N3O3,0,40968,correct,Alcohol; Alkane; Arene; Ether; Phenol,Alcohol; Alkane; Arene; Ether; Phenol,aligned_chunk_207.parquet,2847,395558,C23H21N3O3,COc1cc2c(Oc3cc(C)c(C)nc3-c3cccc(C)n3)ccnc2cc1O
C23H21N3O3,0,61673,false negative,Alkane; Amide; Amine; Arene; Ether,Amide; Amine; Arene,aligned_chunk_139.parquet,2408,148396,C23H21N3O3,Nc1ccc(CC2NC(=O)c3ccccc3NC2=O)cc1OCc1ccccc1
C23H21N3O3,0,64650,correct,Alkane; Amide; Amine; Arene,Alkane; Amide; Amine; Arene,aligned_chunk_68.parquet,714,681752,C23H21N3O3,O=C(NC1CN2CCC1CC2)c1cccc2oc(-c3ccc4cocc4c3)nc12
C23H21N3O3,0,69936,correct,Alkane; Arene; Ester; Ether,Alkane; Arene; Ester; Ether,aligned_chunk_197.parquet,2078,356015,C23H21N3O3,COC(=O)c1cc(C2CC2)c2c(C)c(-c3ccc4c(cnn4C)c3)ccn2c1=O
C23H21N3O3,1,70672,false negative,Alkane; Alkene; Amide; Amine; Arene; Ether,Amide; Arene,aligned_chunk_197.parquet,963,354900,C23H21N3O3,NC(=O)c1cc(C2=CCNCC2)cnc1Oc1ccc(Oc2ccccc2)cc1
C23H24ClN7O4,1,78953,false positive,Alkane; Amide; Ether; Haloalkane,Alkane; Amide; Arene; Ester; Ether; Haloalkane; Ketone,aligned_chunk_112.parquet,2651,54600,C23H24ClN7O4,COC[C@@H](C)OC[C@H](Oc1ncnc2c1cnn2-c1ncccc1Cl)C(=O)Nc1ccc(C)cn1
C20H23N5O3S,1,3702,mixed error,Alkane; Amide; Amine; Arene; Ester; Ether; Sulfide,Alkane; Amide; Amine; Arene; Haloalkane,aligned_chunk_190.parquet,3080,334369,C20H23N5O3S,CCOC(=O)c1cc2c(NC(=O)c3ccc(N4CCN(C)CC4)cc3)n[nH]c2s1
C20H23N5O3S,0,38865,mixed error,Alkane; Alkene; Amine; Arene; Ester; Ether; Hydrazone; Sulfide,Alkane; Amine; Arene; Ester; Ether; Haloalkane; Sulfide,aligned_chunk_97.parquet,1023,785660,C20H23N5O3S,CCOC(=O)C1CC2=C3C(=NNN=C31)C(SC)=NN(Cc1ccc(OC)cc1)C2
C20H23N5O3S,0,48998,mixed error,Alkane; Amide; Amine; Arene; Sulfonamide,Alkane; Amide; Amine; Arene; Haloalkane; Sulfide; Sulfone,aligned_chunk_46.parquet,2078,605466,C20H23N5O3S,CCNc1ccc(CC(=O)Nc2n[nH]c3ccc(N4CCCS4(=O)=O)cc23)cc1
C20H23N5O3S,0,58054,mixed error,Alkane; Amide; Amine; Arene; Sulfonamide,Alkene; Amine; Arene; Sulfonamide,aligned_chunk_160.parquet,47,223971,C20H23N5O3S,CC(C)(C)c1nc(C(=O)Nc2cccc(S(N)(=O)=O)c2)n(Cc2ccccc2)n1
C15H13N5O,1,20,mixed error,Alkane; Amine; Arene; Ether; Nitrile,Alkane; Alkene; Arene; Haloalkane,aligned_chunk_182.parquet,148,302244,C15H13N5O,N#Cc1ncn2c1nc(N1CCOCC1)c1ccccc12
C15H13N5O,0,11756,correct,Alkane; Amine; Arene,Alkane; Amine; Arene,aligned_chunk_159.parquet,2965,220380,C15H13N5O,Cc1cccc(-c2nc(N)ncc2-c2ccc(=O)[nH]n2)c1
C15H13N5O,0,72392,false positive,Arene; Hydrazone,Amide; Arene; Hydrazone,aligned_chunk_176.parquet,1152,280624,C15H13N5O,NC(=O)NN=Cc1c(-c2ccccc2)nn2ccccc12
C13H15FO3,0,20661,correct,Aldehyde; Alkane; Arene; Ether; Haloalkane,Aldehyde; Alkane; Arene; Ether; Haloalkane,aligned_chunk_226.parquet,2213,463024,C13H15FO3,O=Cc1cc(COC2CCCCO2)ccc1F
C13H15FO3,0,40526,correct,Alcohol; Alkane; Arene; Carboxylic acid; Haloalkane; Ketone,Alcohol; Alkane; Arene; Carboxylic acid; Haloalkane; Ketone,aligned_chunk_71.parquet,43,693938,C13H15FO3,O=C(O)CCCCCC(=O)c1ccc(F)cc1
C13H15FO3,1,49023,false positive,Alkane; Alkene; Arene; Ester; Ether; Haloalkane,Alkane; Alkene; Arene; Ester; Ether; Haloalkane; Sulfide,aligned_chunk_221.parquet,298,444859,C13H15FO3,CCOC(=O)/C(C)=C/c1ccc(OC)c(F)c1
C13H15FO3,0,53469,correct,Alkane; Alkene; Arene; Ester; Ether; Haloalkane,Alkane; Alkene; Arene; Ester; Ether; Haloalkane,aligned_chunk_69.parquet,528,684755,C13H15FO3,CCOC(=O)C=C(C)Oc1cc(C)ccc1F
C13H15FO3,0,56220,correct,Alcohol; Alkane; Alkene; Arene; Carboxylic acid; Ether; Haloalkane,Alcohol; Alkane; Alkene; Arene; Carboxylic acid; Ether; Haloalkane,aligned_chunk_145.parquet,1100,169775,C13H15FO3,CCC(C)Oc1cc(F)ccc1C=CC(=O)O
C13H15FO3,0,77364,false negative,Alcohol; Alkane; Arene; Carboxylic acid; Ether; Haloalkane,Alcohol; Alkane; Carboxylic acid; Ether; Haloalkane,aligned_chunk_225.parquet,3192,460721,C13H15FO3,COc1ccc2c(c1F)C(C)(CC(=O)O)CC2
C19H30N2O3,1,8439,false negative,Alcohol; Alkane; Amide; Amine; Arene; Ether,Alcohol; Alkane; Amide; Amine; Arene,aligned_chunk_237.parquet,987,500629,C19H30N2O3,CC(c1cccc(OCCCNC(=O)C(C)(C)O)c1)N1CCCC1
C19H30N2O3,0,16401,correct,Alkane; Amine; Arene; Carbamate; Ether,Alkane; Amine; Arene; Carbamate; Ether,aligned_chunk_190.parquet,721,332010,C19H30N2O3,CC(C)(C)OC(=O)N1CCC(COC[C@H](N)c2ccccc2)CC1
C19H30N2O3,0,19679,correct,Alkane; Amine; Arene; Ester; Ether,Alkane; Amine; Arene; Ester; Ether,aligned_chunk_117.parquet,1557,69721,C19H30N2O3,COC(=O)CCCCCOc1ccc(N)c(NC2CCCCC2)c1
C19H30N2O3,0,22197,false positive,Alkane; Amine; Arene; Ether,Alkane; Amine; Arene; Ether; Haloalkane,aligned_chunk_89.parquet,974,756368,C19H30N2O3,COc1ccc(NC2CCN(C(C)C)CC2)c(C2OCCCO2)c1
C19H30N2O3,0,57925,correct,Alkane; Amide; Amine; Arene; Ester; Ether,Alkane; Amide; Amine; Arene; Ester; Ether,aligned_chunk_75.parquet,2661,709456,C19H30N2O3,CC(C)C[C@H](NC(=O)[C@@H](N)CC(C)C)C(=O)OCc1ccccc1
C19H30N2O3,0,61684,correct,Alkane; Amine; Arene; Carbamate; Ether,Alkane; Amine; Arene; Carbamate; Ether,aligned_chunk_184.parquet,589,309141,C19H30N2O3,CNCc1cccc(OCC2CCN(C(=O)OC(C)(C)C)CC2)c1
C19H30N2O3,0,78301,correct,Alkane; Amine; Arene; Carbamate; Ether,Alkane; Amine; Arene; Carbamate; Ether,aligned_chunk_7.parquet,1323,688768,C19H30N2O3,CN(C)c1ccc(OCC2CCN(C(=O)OC(C)(C)C)CC2)cc1
C14H18O6,1,278,false positive,Alkane; Arene; Ester; Ether,Alkane; Arene; Ester; Ether; Imine,aligned_chunk_171.parquet,3092,266246,C14H18O6,CCOC(=O)C(Oc1ccccc1OC)C(=O)OCC
C14H18O6,0,5879,false negative,Alkane; Arene; Ester; Ether; Ketone,Alkane; Arene; Ester; Ether,aligned_chunk_228.parquet,3000,470284,C14H18O6,COC(=O)CCC(=O)c1c(OC)cc(OC)cc1OC
C14H18O6,0,30364,false negative,Alcohol; Alkane; Arene; Carboxylic acid; Ester; Ether,Alcohol; Alkane; Arene; Carboxylic acid; Ether,aligned_chunk_137.parquet,844,140367,C14H18O6,CCOC(=O)C(C)(C)Oc1cc(OC)cc(C(=O)O)c1
C14H18O6,0,40240,correct,Alcohol; Alkane; Arene; Ether,Alcohol; Alkane; Arene; Ether,aligned_chunk_62.parquet,793,662475,C14H18O6,CO[C@H]1O[C@@H]2CO[C@@H](c3ccccc3)O[C@H]2[C@H](O)[C@H]1O
C8H9ClN2O2,1,4500,mixed error,Alkane; Amide; Haloalkane,Alkane; Ether; Haloalkane; Ketone,aligned_chunk_91.parquet,2096,767238,C8H9ClN2O2,CON(C)C(=O)c1cccnc1Cl
C8H9ClN2O2,0,20859,mixed error,Alkane; Ester; Ether; Haloalkane,Alkane; Amine; Ether; Haloalkane,aligned_chunk_235.parquet,3184,496403,C8H9ClN2O2,CCOC(=O)c1nc(Cl)cnc1C
C8H9ClN2O2,0,25861,correct,Alkane; Ester; Ether; Haloalkane,Alkane; Ester; Ether; Haloalkane,aligned_chunk_218.parquet,2374,433992,C8H9ClN2O2,CCOC(=O)Cc1cnc(Cl)nc1
C8H9ClN2O2,0,33228,false negative,Alkane; Amine; Ester; Ether; Haloalkane,Alkane; Amine; Haloalkane,aligned_chunk_0.parquet,1137,1137,C8H9ClN2O2,COC(=O)c1c(CN)ccnc1Cl
C8H9ClN2O2,0,35136,false negative,Alkane; Ester; Ether; Haloalkane,Alkane; Ether; Haloalkane,aligned_chunk_12.parquet,2911,80830,C8H9ClN2O2,CCOC(=O)c1ncnc(Cl)c1C
C8H9ClN2O2,0,44463,false negative,Alkane; Amine; Arene; Ether; Haloalkane,Alkane; Amine; Arene; Haloalkane,aligned_chunk_195.parquet,512,348030,C8H9ClN2O2,N/C(COc1ccc(Cl)cc1)=N\O
C8H9ClN2O2,0,49388,false negative,Alcohol; Alkane; Amine; Carboxylic acid; Haloalkane,Alcohol; Alkane; Amine; Carboxylic acid,aligned_chunk_181.parquet,2476,301363,C8H9ClN2O2,NCCc1nc(Cl)ccc1C(=O)O
C8H9ClN2O2,0,56764,correct,Alkane; Amine; Ester; Ether; Haloalkane,Alkane; Amine; Ester; Ether; Haloalkane,aligned_chunk_230.parquet,3103,480118,C8H9ClN2O2,CNc1nc(Cl)ccc1C(=O)OC
C8H9ClN2O2,0,57270,false negative,Alkane; Alkene; Ether; Haloalkane,Alkane; Alkene; Haloalkane,aligned_chunk_39.parquet,1916,579550,C8H9ClN2O2,C=CCOc1nc(Cl)ncc1OC
C8H9ClN2O2,0,72574,false negative,Alkane; Amide; Amine; Arene; Ether; Haloalkane,Amide; Amine; Arene; Haloalkane,aligned_chunk_162.parquet,2912,233393,C8H9ClN2O2,COc1cc(N)c(Cl)cc1C(N)=O
C4H6N4O,1,10997,mixed error,Amide; Amine,Alkane; Amine; Ester; Ether; Haloalkane,aligned_chunk_3.parquet,2390,547501,C4H6N4O,NC(=O)c1[nH]cnc1N
C4H6N4O,0,37351,mixed error,Amide; Amine; Hydrazine,Sulfide,aligned_chunk_189.parquet,3044,327843,C4H6N4O,NNC(=O)c1ncc[nH]1
C15H16N4O2S,1,38552,mixed error,Alkane; Amide; Arene; Sulfide,Alkane; Amide; Arene; Ether,aligned_chunk_110.parquet,1353,46834,C15H16N4O2S,Cc1nc(N2CCN(Cc3ccccc3)C2=O)sc1C(N)=O
C15H16N4O2S,0,76645,false positive,Alkane; Amine; Arene; Sulfonamide,Alkane; Amine; Arene; Ester; Ether; Sulfonamide; Sulfonate,aligned_chunk_83.parquet,3219,739053,C15H16N4O2S,C[C@H]1CN(S(C)(=O)=O)Cc2nc3cnc4ccccc4c3n21
C17H21N3O2,1,19189,mixed error,Alkane; Amine; Arene; Ester; Ether,Alkane; Amine; Arene; Sulfide,aligned_chunk_167.parquet,423,247227,C17H21N3O2,COC(=O)c1cc(N)c(-n2ccnc2C2CCCC2)cc1C
C17H21N3O2,0,28887,false positive,Alcohol; Alkane; Amide; Arene; Phenol,Alcohol; Alkane; Amide; Arene; Ether; Phenol,aligned_chunk_140.parquet,2222,154705,C17H21N3O2,Cc1cc(C(=O)NC2CCCCC2)n(-c2ccc(O)cc2)n1
C17H21N3O2,0,38760,mixed error,Alkane; Amide; Amine; Arene,Amide; Amine; Arene; Nitrile,aligned_chunk_132.parquet,2241,125584,C17H21N3O2,NC1C(=O)N(CC2CC2)c2ccccc2N(CC2CC2)C1=O
C17H21N3O2,0,47564,correct,Alkane; Alkene; Carbamate; Ether,Alkane; Alkene; Carbamate; Ether,aligned_chunk_180.parquet,3180,298801,C17H21N3O2,CC(C)(C)OC(=O)NC1C=C(c2c[nH]c3cccnc23)CC1
C17H21N3O2,0,48727,correct,Alkane; Arene; Carbamate; Ether,Alkane; Arene; Carbamate; Ether,aligned_chunk_236.parquet,103,496568,C17H21N3O2,CC(C)(C)OC(=O)NCC(c1ccccc1)c1ccnnc1
C17H21N3O2,0,52733,correct,Alkane; Arene,Alkane; Arene,aligned_chunk_237.parquet,1867,501509,C17H21N3O2,O=C(NCc1cc(-c2ccccc2)no1)NC1CCCCC1
C17H21N3O2,0,61186,false positive,Alkane; Amide; Arene; Hydrazone,Alkane; Amide; Arene; Ether; Hydrazone,aligned_chunk_178.parquet,2703,288660,C17H21N3O2,CC1CC(=O)NN=C1c1ccc2c(c1)C(C)(C)CC(=O)N2C
C17H21N3O2,0,69503,false positive,Alkane; Amine; Arene; Ether,Alkane; Alkene; Amide; Amine; Arene; Ether,aligned_chunk_84.parquet,2807,741968,C17H21N3O2,Cc1ccc(N)cc1-c1cc(N2CCOCC2)c(=O)n(C)c1
C17H21N3O2,0,73891,false positive,Alkane; Amide; Amine; Arene,Alkane; Amide; Amine; Arene; Ether,aligned_chunk_134.parquet,2090,131918,C17H21N3O2,NC(=O)c1cccc2nc(C3CCCN4CCCCC34)oc12
C17H21N3O2,0,76672,false positive,Alkane; Amine; Arene; Carbamate; Ether,Alkane; Amine; Arene; Carbamate; Ether; Sulfide,aligned_chunk_182.parquet,784,302880,C17H21N3O2,CNC(=O)Oc1ccc2c(c1)c1c(n2C)C(NC2CC2)CC1
C18H14N4O,0,6529,false positive,Alcohol; Amine; Arene; Phenol,Alcohol; Amine; Arene; Phenol; Sulfide,aligned_chunk_42.parquet,1458,592091,C18H14N4O,Oc1cccc(-c2cccc3nc(Nc4ccccc4)nn23)c1
C18H14N4O,0,9849,correct,Alkane; Amine; Arene; Nitrile,Alkane; Amine; Arene; Nitrile,aligned_chunk_125.parquet,808,98205,C18H14N4O,N#Cc1cccnc1N1CCc2nc(-c3ccccc3)oc2C1
C18H14N4O,0,42044,false negative,Amide; Arene,Amide,aligned_chunk_101.parquet,187,13155,C18H14N4O,O=C(Nc1ccccc1)c1cn2cc(-c3cc[nH]c3)ccc2n1
C18H14N4O,0,48456,correct,Alkane; Arene; Ether,Alkane; Arene; Ether,aligned_chunk_167.parquet,3201,250005,C18H14N4O,COc1ccc(-c2c(-c3ccccc3)nn3ccncc23)cn1
C18H14N4O,1,49383,mixed error,Alkane; Arene,Alkene; Arene,aligned_chunk_161.parquet,2219,229414,C18H14N4O,Cn1cc(-c2ccc(-c3cc4cnccc4c(=O)[nH]3)cc2)cn1
C18H14N4O,0,74275,false positive,Arene,Amide; Arene; Haloalkane,aligned_chunk_40.parquet,2153,586259,C18H14N4O,O=C(Nc1cccc2ncccc12)Nn1ccc2ccccc21
C23H23F2N7O,1,73340,false negative,Alkane; Amine; Arene; Ether; Haloalkane,Amine; Arene; Haloalkane,aligned_chunk_91.parquet,725,765867,C23H23F2N7O,CO[C@H]1CN(c2cc(C)ncn2)CC[C@H]1Nc1nc2c(-c3ccc(F)c(F)c3)cccn2n1
C20H22N2O2,0,3426,mixed error,Alkane; Amide; Arene; Ketone,Alkane; Amide; Haloalkane,aligned_chunk_73.parquet,3158,703512,C20H22N2O2,CCCC(=O)CC1c2cc(C)c(C)cc2C(=O)N1c1cccnc1
C20H22N2O2,0,13025,correct,Alkane; Alkene; Amine; Arene; Ether; Ketone,Alkane; Alkene; Amine; Arene; Ether; Ketone,aligned_chunk_105.parquet,1086,27041,C20H22N2O2,C=CC1CN2CCC1CC2C(=O)c1ccnc2ccc(OC)cc12
C20H22N2O2,0,20923,correct,Alkane; Amide; Amine; Arene; Imide,Alkane; Amide; Amine; Arene; Imide,aligned_chunk_5.parquet,3019,619372,C20H22N2O2,O=C1c2ccccc2C(=O)N1CCCCCCNc1ccccc1
C20H22N2O2,0,25305,correct,Alcohol; Alkane; Arene,Alcohol; Alkane; Arene,aligned_chunk_50.parquet,1918,621563,C20H22N2O2,CCCCc1nc(=O)c2cc(C(C)(O)c3ccccc3)ccc2[nH]1
C20H22N2O2,0,32734,mixed error,Alkane; Amine; Arene; Ether,Alkane; Amine; Arene; Haloalkane,aligned_chunk_104.parquet,2647,25358,C20H22N2O2,COc1ccccc1-c1cc2c3c(c1)[C@@H]1CNCC[C@@H]1N3CCO2
C20H22N2O2,0,43133,correct,Alcohol; Alkane; Alkene; Amine; Arene; Carboxylic acid,Alcohol; Alkane; Alkene; Amine; Arene; Carboxylic acid,aligned_chunk_53.parquet,2723,632099,C20H22N2O2,O=C(O)/C=C/c1ccc(N[C@@H]2CCN(Cc3ccccc3)C2)cc1
C20H22N2O2,0,44539,mixed error,Alcohol; Alkane; Amide; Amine; Arene; Phenol,Alcohol; Alkane; Amine; Arene; Haloalkane; Phenol; Sulfonamide,aligned_chunk_40.parquet,1516,585622,C20H22N2O2,Cc1ccc(O)c2c1C(=O)N1CCN(Cc3ccccc3)C[C@H]1C2
C20H22N2O2,0,58026,correct,Alkane; Amide; Amine; Arene; Ether,Alkane; Amide; Amine; Arene; Ether,aligned_chunk_45.parquet,1477,601596,C20H22N2O2,C[C@]12OC[C@H](c3ccccc3)N1C(=O)C[C@H]2NCc1ccccc1
C20H22N2O2,1,61094,mixed error,Alcohol; Alkane; Amide; Arene; Hydrazone; Phenol,Alcohol; Alkane; Alkene; Amide; Arene; Haloalkane,aligned_chunk_230.parquet,2064,479079,C20H22N2O2,Cc1cc(C)c(CC(=O)N2CCC(c3ccc(O)cc3)=N2)c(C)c1
C20H22N2O2,0,62297,mixed error,Alkane; Arene; Ketone,Alkane; Arene; Haloalkane,aligned_chunk_2.parquet,2739,366417,C20H22N2O2,CCn1c(=O)n(CC)c2cc(CC(=O)c3cccc(C)c3)ccc21
C20H22N2O2,0,63866,correct,Alkane; Arene; Carbamate; Ether,Alkane; Arene; Carbamate; Ether,aligned_chunk_202.parquet,1922,378426,C20H22N2O2,CC(C)(C)OC(=O)N(Cc1ccc2ccccc2c1)n1cccc1
C20H22N2O2,0,67089,false positive,Alkane; Arene; Ether,Alkane; Amine; Arene; Ether; Haloalkane,aligned_chunk_24.parquet,2694,512045,C20H22N2O2,CCc1ncnc2ccc(CCc3cc(OC)ccc3OC)cc12
C20H22N2O2,0,77211,false negative,Alkane; Amine; Arene; Ester; Ether,Alkane; Amine; Arene,aligned_chunk_87.parquet,1167,750043,C20H22N2O2,CCOC(=O)c1cc2cccc(NCCc3ccccc3)c2n1C
C24H37N5O3,1,69536,false negative,Alkane; Amide; Amine; Arene,Alkane; Amide; Arene,aligned_chunk_63.parquet,2512,667418,C24H37N5O3,CCNC(=O)N1CCC(NC(=O)C(=O)N2CCN(c3ccccc3C(C)(C)C)CC2)CC1
C17H15N3O,1,2519,mixed error,Alkane; Amine; Arene,Alkane; Amine; Haloalkane,aligned_chunk_68.parquet,802,681840,C17H15N3O,c1ccc(N2CCc3oc(-c4ccccn4)nc3C2)cc1
C17H15N3O,0,19155,false positive,Alkene; Amide; Amine; Arene,Alkene; Amide; Amine; Arene; Sulfide,aligned_chunk_177.parquet,2658,285384,C17H15N3O,C=Cc1cc2c(-c3cccc(N)c3)ccc(C(N)=O)c2[nH]1
C17H15N3O,0,21516,false negative,Alkane; Alkene; Amide; Arene,Alkene; Amide; Arene,aligned_chunk_50.parquet,2492,622137,C17H15N3O,CNC(=O)C=C(c1ccccc1)c1cccc2[nH]ncc12
C18H16N2O3S2,1,59926,mixed error,Alkane; Amide; Arene; Ester; Ether; Sulfide,Alkane; Amide; Amine; Arene; Nitrile; Sulfide,aligned_chunk_151.parquet,2056,193459,C18H16N2O3S2,COC(=O)Cc1ccc(-c2csc(NC(=O)Cc3ccccc3)n2)s1
C11H13BrFNO,1,48612,correct,Alkane; Amine; Arene; Ether; Haloalkane,Alkane; Amine; Arene; Ether; Haloalkane,aligned_chunk_163.parquet,2616,236357,C11H13BrFNO,N[C@H]1CCC[C@H]1Oc1ccc(Br)c(F)c1
C11H13BrFNO,0,60200,correct,Alkane; Amine; Arene; Ether; Haloalkane,Alkane; Amine; Arene; Ether; Haloalkane,aligned_chunk_109.parquet,2422,41381,C11H13BrFNO,Fc1ccc(Br)c(OC2CCNCC2)c1
C13H14N2O,0,2144,correct,Alkane; Amide; Amine; Arene,Alkane; Amide; Amine; Arene,aligned_chunk_6.parquet,1008,653004,C13H14N2O,CC(N)C(=O)Nc1ccc2ccccc2c1
C13H14N2O,0,2589,mixed error,Alkane; Amine; Arene; Ether,Amine; Arene; Haloalkane,aligned_chunk_92.parquet,2594,770999,C13H14N2O,COc1ccc(N)cc1Nc1ccccc1
C13H14N2O,0,3685,false negative,Alkane; Amine; Arene; Ether,Alkane; Amine; Ether,aligned_chunk_25.parquet,540,529286,C13H14N2O,Cc1cccc(C)c1Oc1ccc(N)cn1
C13H14N2O,1,6472,mixed error,Alkane; Amine; Arene; Ether; Nitrile,Alkane; Arene; Haloalkane; Nitrile; Sulfide,aligned_chunk_211.parquet,696,409543,C13H14N2O,N#CCN1CCOc2ccc(C3CC3)cc21
C13H14N2O,0,7966,correct,Aldehyde; Alkane; Amine; Arene,Aldehyde; Alkane; Amine; Arene,aligned_chunk_240.parquet,2417,514963,C13H14N2O,CCNc1nc2ccc(C)cc2cc1C=O
C13H14N2O,0,14480,correct,Alcohol; Alkane; Arene,Alcohol; Alkane; Arene,aligned_chunk_171.parquet,2971,266125,C13H14N2O,OC1(c2c[nH]cn2)CCCc2ccccc21
C13H14N2O,0,18586,false positive,Alkane; Amine; Arene; Ether,Alkane; Amine; Arene; Ether; Haloalkane; Sulfide,aligned_chunk_141.parquet,1930,157581,C13H14N2O,c1cc2c3c(c1)c1c(n3CCO2)CCNC1
C13H14N2O,0,19004,false positive,Alkane; Arene; Ether,Alkane; Arene; Ether; Sulfide,aligned_chunk_155.parquet,2755,207130,C13H14N2O,COc1ccc(-c2ncc(C)nc2C)cc1
C13H14N2O,0,20370,false negative,Alkane; Alkene; Amine; Arene; Enamine; Ketone; Nitrile,Alkane; Alkene; Amine; Arene; Enamine; Nitrile,aligned_chunk_23.parquet,1178,474897,C13H14N2O,Cc1ccccc1C(=O)/C(C#N)=C/N(C)C
C13H14N2O,0,22992,mixed error,Alkane; Amine; Arene; Ether,Amine; Arene; Sulfide,aligned_chunk_232.parquet,2541,486033,C13H14N2O,COc1ccccc1Nc1ccccc1N
C13H14N2O,0,26247,mixed error,Alcohol; Alkane; Arene; Phenol,Alcohol; Arene; Haloalkane; Phenol,aligned_chunk_112.parquet,1469,53418,C13H14N2O,Oc1ccc2c(c1)C(Cc1c[nH]cn1)CC2
C13H14N2O,0,34801,false positive,Alkane; Arene; Ether,Alkane; Amine; Arene; Ether; Sulfide,aligned_chunk_111.parquet,2885,51624,C13H14N2O,COc1nccc(CCc2ccccc2)n1
C13H14N2O,0,35105,mixed error,Alkane; Amine; Arene; Ketone,Alkane; Haloalkane; Ketone,aligned_chunk_111.parquet,780,49519,C13H14N2O,CC1(C)CN=C2C(=O)c3ccccc3N2C1
C13H14N2O,0,35262,false positive,Alkane; Arene; Nitrile,Alkane; Arene; Ether; Haloalkane; Ketone; Nitrile,aligned_chunk_112.parquet,286,52235,C13H14N2O,N#CC1(N(C=O)c2ccccc2)CCCC1
C13H14N2O,0,47998,false negative,Alcohol; Alkane; Amine; Arene; Phenol,Alcohol; Amine; Arene; Phenol,aligned_chunk_189.parquet,1433,326232,C13H14N2O,Nc1ccccc1CNc1cccc(O)c1
C13H14N2O,0,49884,mixed error,Alkane; Amide; Arene,Amide; Amine; Arene,aligned_chunk_59.parquet,1825,650477,C13H14N2O,C[C@H](NC(=O)c1ccc[nH]1)c1ccccc1
C13H14N2O,0,51378,false negative,Alkane; Alkene; Amide; Amine; Arene,Arene,aligned_chunk_6.parquet,1434,653430,C13H14N2O,CC1c2ccccc2NC(=O)C2C=CCN21
C13H14N2O,0,52496,false negative,Alcohol; Alkane; Alkene; Amine; Arene; Phenol,Alcohol; Alkane; Amine; Arene; Phenol,aligned_chunk_139.parquet,1896,147884,C13H14N2O,Oc1ccc2[nH]cc(C3=CCNCC3)c2c1
C13H14N2O,0,54443,false positive,Alkane; Alkene; Amide; Arene,Alkane; Alkene; Amide; Arene; Ester; Ether,aligned_chunk_232.parquet,2057,485549,C13H14N2O,C=CC(=O)N(C)Cc1c[nH]c2ccccc12
C13H14N2O,0,57230,false positive,Alkane; Amine; Arene,Alkane; Amine; Arene; Ether; Haloalkane,aligned_chunk_219.parquet,1107,435983,C13H14N2O,Cc1cccc(-c2nc3c(o2)CNCC3)c1
C13H14N2O,0,60169,correct,Aldehyde; Alkane; Arene,Aldehyde; Alkane; Arene,aligned_chunk_168.parquet,3131,253181,C13H14N2O,O=CNC1CCc2c([nH]c3ccccc23)C1
C13H14N2O,0,60257,correct,Alkane; Arene; Ether; Nitrile,Alkane; Arene; Ether; Nitrile,aligned_chunk_57.parquet,1673,643922,C13H14N2O,N#CC(C#N)CCOCCc1ccccc1
C13H14N2O,0,60421,false positive,Alkane; Arene; Ether,Alkane; Amine; Arene; Ether; Sulfide,aligned_chunk_85.parquet,2091,744438,C13H14N2O,COc1ccc(-c2cn3c(n2)CCC3)cc1
C13H14N2O,0,72192,false positive,Alkane; Amide; Arene,Alkane; Amide; Amine; Arene,aligned_chunk_231.parquet,1052,481319,C13H14N2O,NC(=O)c1ccc2[nH]c3c(c2c1)CCCC3
C13H14N2O,0,74702,false positive,Alkane; Arene,Alkane; Amine; Arene,aligned_chunk_236.parquet,650,497115,C13H14N2O,Cn1c2c(c3ccccc31)C(=NO)CCC2
C13H10O2S,1,78897,mixed error,Alkane; Arene; Ether; Sulfide,Arene; Haloalkane,aligned_chunk_43.parquet,130,593937,C13H10O2S,COc1ccc2c(c1)Oc1ccccc1S2
C18H18N2O,0,656,correct,Alcohol; Alkane; Arene,Alcohol; Alkane; Arene,aligned_chunk_241.parquet,1928,517752,C18H18N2O,Cc1cc(-c2ccccc2)n(Cc2ccc(CO)cc2)n1
C18H18N2O,0,5710,correct,Alcohol; Alkane; Arene,Alcohol; Alkane; Arene,aligned_chunk_19.parquet,1778,329805,C18H18N2O,OC(c1ccccc1)c1nc(CCc2ccccc2)c[nH]1
C18H18N2O,1,13156,mixed error,Alkane; Alkyne; Amide; Arene,Alkane; Amide; Ether; Sulfide,aligned_chunk_198.parquet,2785,359959,C18H18N2O,CC(C)(C)C(=O)Nc1ccc(C#Cc2ccccc2)cn1
C18H18N2O,0,26915,false positive,Alkane; Alkene; Arene; Ether,Alkane; Alkene; Arene; Ether; Haloalkane; Ketone,aligned_chunk_226.parquet,2693,463504,C18H18N2O,C=CCn1nc(-c2ccc(OC)cc2)c2cccc(C)c21
C18H18N2O,0,33881,correct,Alkane; Arene; Ether,Alkane; Arene; Ether,aligned_chunk_243.parquet,1100,523409,C18H18N2O,Cc1cc(-c2ccc(OCc3ccccc3)cc2)nn1C
C18H18N2O,0,39142,correct,Alkane; Arene; Ether,Alkane; Arene; Ether,aligned_chunk_167.parquet,125,246929,C18H18N2O,COc1ccc2c(c1)C(C)(C)c1[nH]c3ncccc3c1C2
C18H18N2O,0,40169,correct,Alkane; Arene,Alkane; Arene,aligned_chunk_205.parquet,2964,389185,C18H18N2O,O=c1ccc2c(C3CCC3)[nH]n(Cc3ccccc3)c-2c1
C18H18N2O,0,43008,false positive,Alcohol; Alkane; Arene,Alcohol; Alkane; Arene; Ether; Ketone,aligned_chunk_58.parquet,2934,648386,C18H18N2O,OC1CCn2c(CCc3ccccc3)nc3cccc1c32
C18H18N2O,0,47026,false positive,Alcohol; Alkane; Arene; Phenol,Alcohol; Alkane; Arene; Ester; Ether; Phenol,aligned_chunk_41.parquet,700,588122,C18H18N2O,Oc1ccc2c(c1)c(-c1ccncc1)c1n2CCCCC1
C18H18N2O,0,53829,false positive,Alcohol; Alkane; Arene; Phenol,Alcohol; Alkane; Arene; Ester; Ether; Phenol,aligned_chunk_23.parquet,3098,476817,C18H18N2O,Oc1ccc2c(-c3ccncc3)c3n(c2c1)CCCCC3
C18H18N2O,0,58316,mixed error,Alkane; Amide; Amine; Arene,Alkane; Alkene; Amide; Arene,aligned_chunk_204.parquet,1213,384191,C18H18N2O,O=C1C2CCCN2c2ccccc2N1Cc1ccccc1
C18H18N2O,0,69220,mixed error,Alkane; Alkyne; Amide; Arene,Alkyne; Amide; Arene; Isocyanate,aligned_chunk_218.parquet,2602,434220,C18H18N2O,Cc1cccc(C(=O)N(C)CCC#Cc2ccccn2)c1
C18H18N2O,0,70386,mixed error,Alkane; Amine; Arene; Ether,Alkane; Amine; Arene; Haloalkane,aligned_chunk_164.parquet,1250,238236,C18H18N2O,COc1ccc(C2NCCc3c2[nH]c2ccccc32)cc1
C18H18N2O,0,78402,mixed error,Alkane; Alkyne; Amine; Arene; Ether,Alkane; Alkyne; Amine; Arene; Haloalkane,aligned_chunk_99.parquet,2735,793872,C18H18N2O,C(#Cc1ccc(NC2CCOCC2)nc1)c1ccccc1
C14H13ClN2O2,0,32093,false negative,Alkane; Amide; Amine; Arene; Ether; Haloalkane,Alkane; Amide; Amine; Arene; Haloalkane,aligned_chunk_52.parquet,1212,627304,C14H13ClN2O2,CNC(=O)c1ccc(Oc2ccc(Cl)cc2N)cc1
C14H13ClN2O2,0,39057,false negative,Alkane; Amide; Arene; Ether; Haloalkane,Alkane; Amide; Arene; Haloalkane,aligned_chunk_19.parquet,2860,330887,C14H13ClN2O2,CN(C)C(=O)c1cccnc1Oc1ccc(Cl)cc1
C14H13ClN2O2,0,40333,false negative,Alkane; Arene; Ether; Haloalkane,Alkane; Arene,aligned_chunk_164.parquet,433,237419,C14H13ClN2O2,COc1ccccc1C(Cc1cccc(Cl)n1)=NO
C14H13ClN2O2,0,42226,false negative,Alcohol; Alkane; Alkene; Arene; Ether; Haloalkane; Phenol,Alcohol; Alkane; Arene; Ether; Phenol,aligned_chunk_152.parquet,868,195555,C14H13ClN2O2,C=CCCOc1ccc(-c2ccc(Cl)nn2)c(O)c1
C14H13ClN2O2,0,42594,mixed error,Alcohol; Alkane; Amine; Arene; Carboxylic acid; Haloalkane,Alcohol; Amide; Amine; Arene; Carboxylic acid; Haloalkane,aligned_chunk_234.parquet,2824,492800,C14H13ClN2O2,Nc1c(CC(=O)O)cccc1Nc1ccc(Cl)cc1
C14H13ClN2O2,1,46155,mixed error,Alkane; Arene; Ester; Ether; Haloalkane,Alkane; Amide; Arene,aligned_chunk_72.parquet,2561,699702,C14H13ClN2O2,COC(=O)Cc1c(C)nc(Cl)nc1-c1ccccc1
C14H13ClN2O2,0,50787,mixed error,Alkane; Amide; Arene; Haloalkane; Imide; Nitrile,Amide; Arene; Imide; Sulfide,aligned_chunk_68.parquet,1533,682571,C14H13ClN2O2,CC(C)C(C)(C#N)N1C(=O)c2cccc(Cl)c2C1=O
C14H13ClN2O2,0,63617,false negative,Alkane; Alkene; Alkyne; Ether; Haloalkane; Imine,Alkane; Alkene; Haloalkane,aligned_chunk_225.parquet,513,458042,C14H13ClN2O2,COC1(OCC#Cc2ccc(Cl)nc2)C=CC=NC1
C16H14N4O3S,0,11093,false positive,Alcohol; Amine; Arene; Phenol; Sulfonamide,Alcohol; Amine; Arene; Haloalkane; Phenol; Sulfide; Sulfonamide,aligned_chunk_90.parquet,242,762094,C16H14N4O3S,NS(=O)(=O)c1ccc(Nc2nccc(-c3ccc(O)cc3)n2)cc1
C16H14N4O3S,1,11117,mixed error,Alkane; Amide; Amine; Arene; Carbamate; Ether; Thioamide,Alkane; Amine; Arene; Carbamate; Ether; Haloalkane; Thioamide,aligned_chunk_144.parquet,1625,167032,C16H14N4O3S,CN(C(=O)Oc1ccc(N2C(=O)CNC2=S)cn1)c1ccccc1
C16H14N4O3S,0,78739,false negative,Alkane; Arene; Ether,Arene,aligned_chunk_157.parquet,709,211504,C16H14N4O3S,[N-]=[N+]=NCCOc1cccc2c1ccn2S(=O)(=O)c1ccccc1
C5H10O2,1,2943,false negative,Alkane; Ether; Ketone,Alkane; Ketone,aligned_chunk_117.parquet,2767,70931,C5H10O2,COCCC(C)=O
C5H10O2,0,19976,false negative,Alcohol; Alkane; Ether,Alcohol; Alkane,aligned_chunk_43.parquet,2404,596211,C5H10O2,CC1(C)OC1CO
C5H10O2,0,31653,false positive,Alkane; Ether,Alkane; Ether; Haloalkane,aligned_chunk_165.parquet,972,241236,C5H10O2,CCC1OCCO1
C5H10O2,0,76713,false positive,Alkane; Ether,Alkane; Ether; Haloalkane,aligned_chunk_67.parquet,2547,680288,C5H10O2,COC1CCCO1
C11H16N2O4S,0,9459,correct,Alkane; Amine; Arene; Ether; Sulfonamide,Alkane; Amine; Arene; Ether; Sulfonamide,aligned_chunk_81.parquet,1070,730466,C11H16N2O4S,COc1ccc(S(=O)(=O)N2CCOCC2)cc1N
C11H16N2O4S,0,54078,false negative,Alkane; Carbamate; Ester; Ether; Sulfide,Alkane; Carbamate; Ether; Sulfide,aligned_chunk_210.parquet,2465,408070,C11H16N2O4S,COC(=O)c1csc(CNC(=O)OC(C)(C)C)n1
C11H16N2O4S,1,54234,false negative,Alkane; Amine; Carbamate; Ester; Ether; Sulfide,Alkane; Amine; Ether,aligned_chunk_114.parquet,1603,60064,C11H16N2O4S,COC(=O)c1cc(N)c(NC(=O)OC(C)(C)C)s1
C11H16N2O4S,0,59063,false negative,Alkane; Amine; Arene; Ester; Ether; Sulfonamide,Alkane; Amine; Arene; Sulfonamide,aligned_chunk_0.parquet,2640,2640,C11H16N2O4S,CCOC(=O)CNc1ccc(NS(C)(=O)=O)cc1
C9H18O,1,9633,false positive,Alkane; Ketone,Acyl halide; Alkane; Haloalkane; Ketone,aligned_chunk_82.parquet,1023,733686,C9H18O,CC(C)CCC(=O)C(C)C
C9H18O,0,25097,correct,Alcohol; Alkane; Alkene,Alcohol; Alkane; Alkene,aligned_chunk_25.parquet,849,529595,C9H18O,CCCCC/C=C\CCO
C9H18O,0,30276,correct,Alcohol; Alkane,Alcohol; Alkane,aligned_chunk_37.parquet,2941,574090,C9H18O,CC1(C)CCC(C)(C)C1O
C9H18O,0,30975,correct,Alcohol; Alkane; Alkene,Alcohol; Alkane; Alkene,aligned_chunk_120.parquet,2001,83169,C9H18O,CC(=CCCC(C)C)CO
C9H18O,0,31796,correct,Alcohol; Alkane,Alcohol; Alkane,aligned_chunk_77.parquet,2335,715540,C9H18O,CC1CCCC(C)C1(C)O
C9H18O,0,37000,correct,Alcohol; Alkane; Alkene,Alcohol; Alkane; Alkene,aligned_chunk_100.parquet,1258,11010,C9H18O,CCCCC/C(C)=C/CO
C9H18O,0,51991,correct,Alcohol; Alkane,Alcohol; Alkane,aligned_chunk_17.parquet,2339,258835,C9H18O,OCC1CCCCCCC1
C9H18O,0,63462,correct,Alcohol; Alkane; Alkene,Alcohol; Alkane; Alkene,aligned_chunk_2.parquet,978,364656,C9H18O,C=CC(C)CCC[C@@H](C)O
C9H18O,0,71608,correct,Aldehyde; Alkane,Aldehyde; Alkane,aligned_chunk_92.parquet,1177,769582,C9H18O,CC(CCC=O)C(C)(C)C
C16H23NO3,0,8419,false positive,Alkane; Arene; Carbamate; Ether; Ketone,Alkane; Arene; Carbamate; Ester; Ether; Ketone,aligned_chunk_96.parquet,320,781717,C16H23NO3,CC(CCNC(=O)OC(C)(C)C)C(=O)c1ccccc1
C16H23NO3,0,9296,correct,Alkane; Amide; Arene; Ester; Ether,Alkane; Amide; Arene; Ester; Ether,aligned_chunk_167.parquet,2927,249731,C16H23NO3,Cc1ccc(CC(=O)NC(C)C(=O)OCC(C)C)cc1
C16H23NO3,0,12812,correct,Alcohol; Alkane; Arene; Carbamate; Ether,Alcohol; Alkane; Arene; Carbamate; Ether,aligned_chunk_194.parquet,2462,346729,C16H23NO3,CC(C)(C)OC(=O)N1CCCc2ccc(CO)cc2C1
C16H23NO3,0,17443,correct,Alcohol; Alkane; Arene; Carbamate; Ether,Alcohol; Alkane; Arene; Carbamate; Ether,aligned_chunk_70.parquet,661,691317,C16H23NO3,CC(C)(C)OC(=O)N[C@@H]1CCCc2cc(CO)ccc21
C16H23NO3,0,21756,correct,Alkane; Amide; Arene; Ether,Alkane; Amide; Arene; Ether,aligned_chunk_130.parquet,2784,119710,C16H23NO3,CCC(C)Oc1ccc(OCCNC(=O)C2CC2)cc1
C16H23NO3,0,22306,false negative,Alcohol; Alkane; Alkene; Amine; Arene; Carboxylic acid,Alcohol; Alkane; Amine; Arene; Carboxylic acid,aligned_chunk_223.parquet,1134,452172,C16H23NO3,C=CCCCC[C@H](CNOCc1ccccc1)C(=O)O
C16H23NO3,1,25428,mixed error,Alcohol; Alkane; Arene; Carbamate; Ether,Alcohol; Alkane; Amide; Arene; Sulfide,aligned_chunk_98.parquet,1390,789272,C16H23NO3,CC1(C)CC(NC(=O)OCc2ccccc2)CCC1O
C16H23NO3,0,28430,correct,Alkane; Amine; Arene; Ester; Ether,Alkane; Amine; Arene; Ester; Ether,aligned_chunk_22.parquet,2867,440973,C16H23NO3,CCOC(=O)C(NCc1ccccc1)C1CCOCC1
C16H23NO3,0,33350,correct,Alkane; Amide; Arene; Ether,Alkane; Amide; Arene; Ether,aligned_chunk_15.parquet,2016,187007,C16H23NO3,COCC(=O)NCCC1CCCc2ccc(OC)cc21
C16H23NO3,0,35943,correct,Alcohol; Alkane; Arene; Carbamate; Ether,Alcohol; Alkane; Arene; Carbamate; Ether,aligned_chunk_57.parquet,2778,645027,C16H23NO3,CC(C)(C)OC(=O)N1CCc2cc(CCO)ccc2C1
C16H23NO3,0,44119,correct,Alkane; Amine; Arene; Ester; Ether,Alkane; Amine; Arene; Ester; Ether,aligned_chunk_219.parquet,1946,436822,C16H23NO3,COC(=O)C(C)(C)Oc1cccc(C2CCCNC2)c1
C16H23NO3,0,44457,correct,Alcohol; Alkane; Arene; Carbamate; Ether,Alcohol; Alkane; Arene; Carbamate; Ether,aligned_chunk_232.parquet,3062,486554,C16H23NO3,CC(C)(C)OC(=O)N1CC(O)CC1(C)c1ccccc1
C16H23NO3,0,45954,false positive,Alcohol; Alkane; Arene; Carbamate; Ether,Alcohol; Alkane; Amine; Arene; Carbamate; Ether,aligned_chunk_198.parquet,3146,360320,C16H23NO3,CC(C)(C)OC(=O)NC1CCc2cccc(CO)c2C1
C16H23NO3,0,65342,false positive,Alcohol; Alkane; Arene; Carbamate; Ether,Alcohol; Alkane; Arene; Carbamate; Ester; Ether,aligned_chunk_243.parquet,3133,525442,C16H23NO3,C[C@@H]1c2ccccc2C[C@@H](NC(=O)OC(C)(C)C)[C@H]1O
C16H23NO3,0,71577,correct,Alcohol; Alkane; Arene; Carbamate; Ether,Alcohol; Alkane; Arene; Carbamate; Ether,aligned_chunk_28.parquet,609,539101,C16H23NO3,CC(C)(C)OC(=O)N1CC[C@@H](c2ccccc2)[C@H](O)C1
C16H23NO3,0,73922,false negative,Aldehyde; Alkane; Amine; Arene; Ester; Ether,Alkane; Amine; Arene; Ester; Ether,aligned_chunk_221.parquet,2845,447406,C16H23NO3,CCN(CC)c1ccc(C=O)c(OC(=O)C(C)(C)C)c1
C7H14N2O3,1,7682,false negative,Alkane; Amine; Ether,Alkane; Amine,aligned_chunk_208.parquet,3093,398967,C7H14N2O3,CCC1(CC(=N)NO)OCCO1
C7H14N2O3,0,35489,correct,Alcohol; Alkane; Carboxylic acid,Alcohol; Alkane; Carboxylic acid,aligned_chunk_93.parquet,421,772068,C7H14N2O3,CC[C@H](C)[C@@H](NC(N)=O)C(=O)O
C7H14N2O3,0,46000,correct,Alkane; Ester; Ether,Alkane; Ester; Ether,aligned_chunk_133.parquet,373,126943,C7H14N2O3,CCOC(=O)CNC(=O)N(C)C
C7H14N2O3,0,76136,false positive,Alkane; Amine; Carbamate; Ether; Hydrazine,Alkane; Amide; Amine; Carbamate; Ether; Hydrazine,aligned_chunk_56.parquet,2871,641915,C7H14N2O3,CC1(OC(=O)NN)CCOCC1
C8H9BrO3S,1,24010,false negative,Alcohol; Alkane; Ester; Ether; Haloalkane; Sulfide,Alcohol; Alkane; Ester; Ether; Sulfide,aligned_chunk_142.parquet,750,159619,C8H9BrO3S,CCOC(=O)C(O)c1ccc(Br)s1
C8H9BrO3S,0,28563,false negative,Alkane; Ester; Ether; Haloalkane; Sulfide,Alkane; Ester; Ether; Sulfide,aligned_chunk_138.parquet,1447,144193,C8H9BrO3S,CCOc1cc(Br)sc1C(=O)OC
C16H18O4,0,257,correct,Alcohol; Alkane; Arene; Ester; Ether,Alcohol; Alkane; Arene; Ester; Ether,aligned_chunk_29.parquet,2537,544358,C16H18O4,CCOC(=O)C(C)(O)c1ccc2cc(OC)ccc2c1
C16H18O4,0,10210,false positive,Alkane; Alkene; Alkyne; Arene; Ester; Ether,Alkane; Alkene; Alkyne; Arene; Ester; Ether; Haloalkane,aligned_chunk_21.parquet,893,403257,C16H18O4,CCOC(=O)C#C/C=C(\C)c1cccc(OCOC)c1
C16H18O4,0,13876,false positive,Alkane; Arene; Ester; Ether,Alkane; Arene; Ester; Ether; Haloalkane,aligned_chunk_140.parquet,1158,153641,C16H18O4,COC(=O)c1ccc(Cc2c(C)cc(OC)cc2C)o1
C16H18O4,0,22060,false positive,Alcohol; Alkane; Arene; Ether,Alcohol; Alkane; Arene; Ether; Haloalkane,aligned_chunk_191.parquet,817,335352,C16H18O4,OCC(CO)Oc1ccc(OCc2ccccc2)cc1
C16H18O4,1,34729,false positive,Alkane; Arene; Ester; Ether,Alkane; Amine; Arene; Ester; Ether; Haloalkane; Ketone,aligned_chunk_9.parquet,521,759151,C16H18O4,COC(=O)CC(Cc1ccc(OC)cc1)c1ccco1
C16H18O4,0,55103,false positive,Alkane; Arene; Ether,Alkane; Arene; Ether; Haloalkane,aligned_chunk_168.parquet,1655,251705,C16H18O4,CCOCc1oc(C)cc(=O)c1OCc1ccccc1
C16H18O4,0,58002,correct,Alcohol; Alkane; Arene; Ether,Alcohol; Alkane; Arene; Ether,aligned_chunk_94.parquet,3129,778046,C16H18O4,COc1cc(-c2ccccc2CO)cc(OC)c1OC
C16H18O4,0,65551,false positive,Alcohol; Alkane; Arene; Ether,Alcohol; Alkane; Arene; Ester; Ether; Haloalkane,aligned_chunk_164.parquet,2269,239255,C16H18O4,CCC(O)c1oc(C)cc(=O)c1OCc1ccccc1
C16H18O4,0,73994,correct,Alkane; Alkene; Arene; Ester; Ether,Alkane; Alkene; Arene; Ester; Ether,aligned_chunk_49.parquet,1654,614729,C16H18O4,C=CCOC(=O)c1cc(OCC=C)cc(OCC=C)c1
C16H18O4,0,78208,false positive,Alkane; Arene; Ether,Alkane; Arene; Ether; Haloalkane,aligned_chunk_140.parquet,1863,154346,C16H18O4,COCOc1ccccc1-c1ccccc1OCOC
C7H13N,1,23138,false positive,Alkane; Amine,Alkane; Amine; Haloalkane,aligned_chunk_87.parquet,541,749417,C7H13N,C1CC2CNCC1C2
C7H13N,0,65335,correct,Alkane; Nitrile,Alkane; Nitrile,aligned_chunk_122.parquet,921,88582,C7H13N,CCC(CC)CC#N
C13H11NO5S,0,33964,false negative,Alcohol; Alkane; Amide; Arene; Carboxylic acid; Phenol; Sulfide,Alcohol; Amide; Arene; Carboxylic acid; Phenol; Sulfide,aligned_chunk_34.parquet,2827,564247,C13H11NO5S,Cc1cccc2c(O)c(C(=O)NCC(=O)O)c(=O)sc12
C13H11NO5S,0,71482,false negative,Aldehyde; Alkane; Arene; Ester; Ether,Alkane; Arene; Ester; Ether,aligned_chunk_98.parquet,584,788466,C13H11NO5S,COC(=O)c1c(C=O)ccn1S(=O)(=O)c1ccccc1
C13H11NO5S,1,74213,false negative,Alcohol; Alkane; Arene; Carboxylic acid; Ether; Sulfone,Alcohol; Alkane; Arene; Carboxylic acid,aligned_chunk_63.parquet,2309,667215,C13H11NO5S,O=C(O)c1ccc(OCS(=O)(=O)c2ccccn2)cc1
C16H23NO,0,1720,false positive,Alcohol; Alkane; Arene,Alcohol; Alkane; Arene; Haloalkane,aligned_chunk_113.parquet,2842,58044,C16H23NO,Cc1cn(C(C(C)C)C(C)O)c2c(C)cccc12
C16H23NO,0,3975,correct,Alcohol; Alkane; Amine; Arene; Phenol,Alcohol; Alkane; Amine; Arene; Phenol,aligned_chunk_143.parquet,1386,163519,C16H23NO,CCCN1CCC[C@@H]2Cc3c(O)cccc3C[C@H]21
C16H23NO,0,4580,false negative,Alkane; Amine; Arene; Ketone,Alkane; Arene; Ketone,aligned_chunk_216.parquet,2912,428063,C16H23NO,CN(C)C1(CCc2ccccc2)CCC(=O)CC1
C16H23NO,0,17062,correct,Alkane; Amide; Arene,Alkane; Amide; Arene,aligned_chunk_122.parquet,2377,90038,C16H23NO,C[C@@H]1CC[C@@H](C(=O)NCCc2ccccc2)CC1
C16H23NO,0,27124,correct,Alkane; Amide; Arene,Alkane; Amide; Arene,aligned_chunk_220.parquet,177,441523,C16H23NO,CC(CC(N)=O)c1ccc(C2CCCCC2)cc1
C16H23NO,0,38697,correct,Alkane; Arene; Ether; Nitrile,Alkane; Arene; Ether; Nitrile,aligned_chunk_67.parquet,3164,680905,C16H23NO,N#CCCCCCOCCCCc1ccccc1
C16H23NO,1,78434,false negative,Alkane; Alkene; Amine; Arene; Ether,Alkane; Amine; Arene,aligned_chunk_200.parquet,1906,371967,C16H23NO,CNCCC1(c2cccc(OC)c2)C=CCCC1
C15H21N5,1,39295,mixed error,Alkane; Amine; Arene,Alkane; Amine; Haloalkane,aligned_chunk_57.parquet,1093,643342,C15H21N5,Cc1cccc(-c2cc(NCCCN)nc(N)n2)c1C
C22H30N2O4,0,15425,correct,Alkane; Amide; Arene; Carbamate; Ether; Imide,Alkane; Amide; Arene; Carbamate; Ether; Imide,aligned_chunk_129.parquet,2592,113061,C22H30N2O4,CC(C)(C)OC(=O)N1CCC(CCCCN2C(=O)c3ccccc3C2=O)CC1
C22H30N2O4,0,25836,false negative,Alkane; Alkene; Amide; Arene; Ether,Alkane; Alkene; Amide; Arene,aligned_chunk_217.parquet,1810,430207,C22H30N2O4,CC(C)C[C@H]1CN(C(=O)/C=C/c2ccc3c(c2)OCO3)[C@@H](CC(C)C)C(=O)N1
C22H30N2O4,0,29714,correct,Alcohol; Alkane; Amide; Arene; Carbamate; Ether,Alcohol; Alkane; Amide; Arene; Carbamate; Ether,aligned_chunk_236.parquet,426,496891,C22H30N2O4,O=C(OCc1ccccc1)N1CCC2(CC1)CCN([C@@H]1CC[C@@H](O)CC1)C2=O
C22H30N2O4,0,33500,false positive,Alkane; Alkene; Amide; Arene; Ester; Ether,Alkane; Alkene; Amide; Arene; Carbamate; Ester; Ether,aligned_chunk_141.parquet,381,156032,C22H30N2O4,CC(C)CNC(=O)C[C@@H]1CC=CCCC(=O)O[C@H](c2ccccc2)CNC1=O
C22H30N2O4,1,34629,mixed error,Alcohol; Alkane; Alkene; Amide; Arene; Carboxylic acid,Alcohol; Alkene; Amide; Carboxylic acid; Haloalkane,aligned_chunk_5.parquet,1358,617711,C22H30N2O4,CCCCCCCCNC(=O)[C@@H]1C[C@H]1c1ccc(NC(=O)/C=C\C(=O)O)cc1
C22H30N2O4,0,55437,false positive,Alcohol; Alkane; Amide; Arene; Carbamate; Ether,Alcohol; Alkane; Amide; Arene; Carbamate; Ether; Phenol,aligned_chunk_63.parquet,902,665808,C22H30N2O4,O=C(OCc1ccccc1)N1CCC2(CC1)CCN([C@@H]1CC[C@H](O)CC1)C2=O
C22H30N2O4,0,56234,correct,Alcohol; Alkane; Amide; Arene,Alcohol; Alkane; Amide; Arene,aligned_chunk_188.parquet,1743,323373,C22H30N2O4,Cc1ccc2c(=O)n([C@H](C)CO)ccc2c1NC(=O)CC1(O)CCCCCC1
C22H30N2O4,0,64423,correct,Alcohol; Alkane; Arene; Carbamate; Ether; Nitrile,Alcohol; Alkane; Arene; Carbamate; Ether; Nitrile,aligned_chunk_15.parquet,3158,188149,C22H30N2O4,COc1ccccc1C1(O)CC(CC#N)CC2CN(C(=O)OC(C)(C)C)CC21
C22H30N2O4,0,74931,correct,Alcohol; Alkane; Amine; Arene; Carbamate; Ether,Alcohol; Alkane; Amine; Arene; Carbamate; Ether,aligned_chunk_206.parquet,2990,392465,C22H30N2O4,CC(C)(C)OC(=O)N(CCc1ccc(N)cc1)C[C@H](O)COc1ccccc1
C22H30N2O4,0,79088,correct,Alcohol; Alkane; Arene; Ether; Phenol,Alcohol; Alkane; Arene; Ether; Phenol,aligned_chunk_152.parquet,875,195562,C22H30N2O4,CCCCC[C@H](COc1cnc(-c2ccc(O)cc2)nc1)OC1CCCCO1
C14H20N2O2,0,1517,false negative,Alkane; Amine; Arene; Ester; Ether,Alkane; Amine; Arene; Ether,aligned_chunk_91.parquet,2215,767357,C14H20N2O2,CCOC(=O)CCN1CCc2ccc(N)cc2C1
C14H20N2O2,0,2730,correct,Alkane; Amine; Arene; Carbamate; Ether,Alkane; Amine; Arene; Carbamate; Ether,aligned_chunk_243.parquet,581,522890,C14H20N2O2,C[C@H]1[C@H](N)CCCN1C(=O)OCc1ccccc1
C14H20N2O2,0,8474,false negative,Alcohol; Alkane; Amide; Amine; Arene,Alcohol; Alkane; Amine; Arene,aligned_chunk_29.parquet,2656,544477,C14H20N2O2,CN(CCO)CC(=O)N1CCc2ccccc2C1
C14H20N2O2,0,18195,false negative,Alcohol; Alkane; Amide; Amine; Arene,Alkane; Amide; Amine,aligned_chunk_5.parquet,2657,619010,C14H20N2O2,CC(C(=O)Nc1ccccc1)C1(O)CCNCC1
C14H20N2O2,0,20493,false positive,Alkane; Alkyne; Ether,Alkane; Alkyne; Ether; Haloalkane,aligned_chunk_180.parquet,312,295933,C14H20N2O2,CCC#CCOc1cc(OC(C)C(C)C)ncn1
C14H20N2O2,0,23332,correct,Alkane; Amine; Arene; Carbamate; Ether,Alkane; Amine; Arene; Carbamate; Ether,aligned_chunk_179.parquet,2187,291326,C14H20N2O2,C[C@@H]1CN(C(=O)OCc2ccccc2)C[C@@H](C)N1
C14H20N2O2,0,25502,false positive,Alcohol; Aldehyde; Alkane; Amine; Arene; Phenol,Alcohol; Aldehyde; Alkane; Amine; Arene; Ether; Ketone; Phenol,aligned_chunk_169.parquet,2662,255951,C14H20N2O2,CCN1CCN(Cc2cc(C=O)ccc2O)CC1
C14H20N2O2,0,29035,correct,Alcohol; Alkane; Amine; Arene; Carboxylic acid,Alcohol; Alkane; Amine; Arene; Carboxylic acid,aligned_chunk_174.parquet,1718,274676,C14H20N2O2,CN(C)C1CCN(c2ccc(C(=O)O)cc2)CC1
C14H20N2O2,0,35227,correct,Alkane; Amide,Alkane; Amide,aligned_chunk_217.parquet,219,428616,C14H20N2O2,O=C1CC[C@H]2N1CCN1C(=O)C[C@H]3CCCC[C@@]321
C14H20N2O2,0,35834,correct,Alkane; Amide; Arene,Alkane; Amide; Arene,aligned_chunk_123.parquet,2377,93311,C14H20N2O2,CC(=O)N[C@@H](C)C(=O)N[C@@H](C)c1ccc(C)cc1
C14H20N2O2,0,36570,correct,Alkane; Arene; Ether,Alkane; Arene; Ether,aligned_chunk_79.parquet,2993,722718,C14H20N2O2,COc1ccc(CN2C[C@H](C(C)C)NC2=O)cc1
C14H20N2O2,0,37336,correct,Alkane; Amine; Arene; Carbamate; Ether,Alkane; Amine; Arene; Carbamate; Ether,aligned_chunk_32.parquet,2212,557052,C14H20N2O2,CC1CCC(N)CN1C(=O)OCc1ccccc1
C14H20N2O2,0,40084,correct,Alkane; Ester; Ether,Alkane; Ester; Ether,aligned_chunk_229.parquet,788,471272,C14H20N2O2,CCOC(=O)C1CCc2nc(C(C)C)ncc2C1
C14H20N2O2,0,42807,correct,Alkane; Amine; Arene; Ester; Ether,Alkane; Amine; Arene; Ester; Ether,aligned_chunk_36.parquet,2683,570616,C14H20N2O2,CCOC(=O)c1ccc(N2CCN(C)CC2)cc1
C14H20N2O2,1,47592,mixed error,Alkane; Alkene; Ether,Alkane; Amine,aligned_chunk_85.parquet,751,743098,C14H20N2O2,COC1(OC)C=CC=C(CCCn2cccn2)C1
C14H20N2O2,0,48829,false positive,Alkane; Amine; Arene; Carbamate; Ether,Alkane; Amide; Amine; Arene; Carbamate; Ether,aligned_chunk_199.parquet,2966,363354,C14H20N2O2,CC(C)(C)OC(=O)N[C@@H]1C[C@H]1c1ccc(N)cc1
C14H20N2O2,0,51197,correct,Alkane; Amine; Arene; Ester; Ether,Alkane; Amine; Arene; Ester; Ether,aligned_chunk_132.parquet,636,123979,C14H20N2O2,COC(=O)c1ccc(N2CCN(C)[C@@H](C)C2)cc1
C14H20N2O2,0,53037,correct,Alkane; Amine; Arene; Ether,Alkane; Amine; Arene; Ether,aligned_chunk_155.parquet,2652,207027,C14H20N2O2,Cc1ccc(N)cc1N1CCC2(CC1)OCCO2
C14H20N2O2,0,55043,false negative,Alkane; Amine; Arene; Ester; Ether,Alkane; Amine; Arene,aligned_chunk_91.parquet,140,765282,C14H20N2O2,CCOC(=O)C1CNCCN1Cc1ccccc1
C14H20N2O2,0,61836,mixed error,Alkane; Amide; Amine; Arene; Ether,Alkane; Amide; Amine; Arene; Haloalkane,aligned_chunk_140.parquet,1918,154401,C14H20N2O2,CN(C)C(=O)C1CN(Cc2ccccc2)CCO1
C14H20N2O2,0,67118,correct,Alkane; Amine; Arene; Ether; Nitrile,Alkane; Amine; Arene; Ether; Nitrile,aligned_chunk_26.parquet,1762,533768,C14H20N2O2,COc1ccc(CCNC(C)CC#N)cc1OC
C14H20N2O2,0,67882,false negative,Alcohol; Alkane; Amide; Amine; Arene; Phenol,Alcohol; Alkane; Amide; Arene; Phenol,aligned_chunk_57.parquet,2194,644443,C14H20N2O2,CN1CCN(C(=O)CCc2cccc(O)c2)CC1
C18H15N5OS,1,59153,false negative,Alcohol; Alkane; Amine; Arene; Phenol; Sulfide,Alcohol; Amine; Arene; Phenol; Sulfide,aligned_chunk_162.parquet,1423,231904,C18H15N5OS,Cc1c(-c2ccnc(N)n2)sc2ccc(Nc3cncc(O)c3)cc12
C18H15N5OS,0,60041,false negative,Alkane; Amide; Amine; Arene; Sulfide,Alkane; Amide; Amine; Arene,aligned_chunk_118.parquet,1391,72776,C18H15N5OS,Nc1cccc(CC(=O)Nc2nc(-c3c[nH]c4ncccc34)cs2)c1
C14H16N2O3,0,1617,false negative,Alkane; Arene; Carbamate; Ether,Alkane; Carbamate; Ether,aligned_chunk_93.parquet,2279,773926,C14H16N2O3,CC(C)(C)c1cc(NC(=O)Oc2ccccc2)no1
C14H16N2O3,0,4847,false positive,Alkane; Arene; Ester; Ether,Alkane; Arene; Ester; Ether; Sulfide,aligned_chunk_105.parquet,2359,28314,C14H16N2O3,CCOC(=O)COc1ccc(Cn2cccn2)cc1
C14H16N2O3,0,8158,correct,Alcohol; Alkane; Amine; Arene; Ester; Ether,Alcohol; Alkane; Amine; Arene; Ester; Ether,aligned_chunk_114.parquet,2411,60872,C14H16N2O3,COC(=O)[C@@H]1Cc2c([nH]c3ccccc23)[C@H](CO)N1
C14H16N2O3,0,9117,mixed error,Alcohol; Alkane; Amine; Arene; Ether; Phenol,Alcohol; Alkane; Amine; Arene; Phenol; Sulfide,aligned_chunk_18.parquet,1354,293694,C14H16N2O3,COc1ccc2c(O)ncc(N3CCOCC3)c2c1
C14H16N2O3,0,13426,false negative,Alkane; Amide; Arene; Ester; Ether; Nitrile,Alkane; Amide; Ester; Ether; Nitrile,aligned_chunk_162.parquet,1195,231676,C14H16N2O3,COC(=O)c1ccc(C#N)cc1NC(=O)C(C)(C)C
C14H16N2O3,0,20128,correct,Alkane; Arene; Carbamate; Ether; Nitrile,Alkane; Arene; Carbamate; Ether; Nitrile,aligned_chunk_241.parquet,460,516284,C14H16N2O3,CO[C@@H]1C[C@@H](C#N)N(C(=O)OCc2ccccc2)C1
C14H16N2O3,0,22408,false negative,Alcohol; Alkane; Arene; Ester; Ether,Alcohol; Alkane; Arene,aligned_chunk_211.parquet,257,409104,C14H16N2O3,CCOC(=O)c1cnn(-c2ccc(CO)cc2)c1C
C14H16N2O3,0,24868,false negative,Alkane; Alkene; Amide; Arene; Carbamate; Ether,Alkane; Amide; Arene; Carbamate; Ether,aligned_chunk_118.parquet,2115,73500,C14H16N2O3,O=C(N[C@H]1CNC1=O)OCC/C=C/c1ccccc1
C14H16N2O3,0,25115,false negative,Alcohol; Alkane; Carboxylic acid; Ketone,Alcohol; Alkane; Carboxylic acid,aligned_chunk_94.parquet,1059,775976,C14H16N2O3,CCc1cc2c(C(=O)C(C)CC(=O)O)cccn2n1
C14H16N2O3,0,34322,correct,Alkane; Amide; Arene; Imide,Alkane; Amide; Arene; Imide,aligned_chunk_225.parquet,1249,458778,C14H16N2O3,CC(C)C1C(=O)NC(=O)N(Cc2ccccc2)C1=O
C14H16N2O3,0,39543,mixed error,Alcohol; Alkane; Carboxylic acid; Ether,Alcohol; Alkane; Amide; Amine; Carboxylic acid,aligned_chunk_75.parquet,2308,709103,C14H16N2O3,COCc1c(C(=O)O)ncc2[nH]c3c(c12)CCCC3
C14H16N2O3,0,42604,correct,Alkane; Ester; Ether,Alkane; Ester; Ether,aligned_chunk_180.parquet,694,296315,C14H16N2O3,CCOC(=O)c1cn(CC)c2nc(C)ccc2c1=O
C14H16N2O3,1,49241,mixed error,Alkane; Ester; Ether; Ketone,Alkane; Alkene,aligned_chunk_7.parquet,3105,690550,C14H16N2O3,CCc1cc2c(C(=O)C(C)C(=O)OC)cccn2n1
C14H16N2O3,0,49890,correct,Alcohol; Alkane; Arene; Ester; Ether; Phenol,Alcohol; Alkane; Arene; Ester; Ether; Phenol,aligned_chunk_77.parquet,2716,715921,C14H16N2O3,CCOC(=O)c1cc(O)c2nc(C3CC3)n(C)c2c1
C14H16N2O3,0,51080,correct,Aldehyde; Alkane; Amine; Arene; Ether; Nitrile,Aldehyde; Alkane; Amine; Arene; Ether; Nitrile,aligned_chunk_55.parquet,2857,638684,C14H16N2O3,N#Cc1cc(C=O)ccc1OCCN1CCOCC1
C14H16N2O3,0,53333,false negative,Alkane; Arene; Ester; Ether,Alkane; Arene; Ether,aligned_chunk_55.parquet,409,636236,C14H16N2O3,CC(C)(C)C(=O)OCc1nc2ccccc2c(=O)[nH]1
C14H16N2O3,0,61291,false negative,Alkane; Amine; Arene; Ester; Ether,Alkane; Amine; Arene,aligned_chunk_127.parquet,1221,105166,C14H16N2O3,COC(=O)c1cc2cc(N3CCNCC3)ccc2o1
C14H16N2O3,0,64066,correct,Alkane; Arene; Ether,Alkane; Arene; Ether,aligned_chunk_176.parquet,554,280026,C14H16N2O3,CCCOc1cc(-c2ccc(=O)[nH]n2)ccc1OC
C14H16N2O3,0,64367,correct,Alkane; Amine; Arene; Ester; Ether,Alkane; Amine; Arene; Ester; Ether,aligned_chunk_121.parquet,1444,85829,C14H16N2O3,CC(=O)OC[C@@H](C)n1ccc2c(N)cccc2c1=O
C14H16N2O3,0,69458,false positive,Alkane; Arene; Ester; Ether,Alkane; Arene; Ester; Ether; Haloalkane; Sulfide,aligned_chunk_151.parquet,2018,193421,C14H16N2O3,CCOC(=O)c1cc(C(C)Oc2ccccc2)n[nH]1
C28H28N4O2,0,7605,false positive,Alkane; Arene; Ether; Nitrile,Alkane; Arene; Ether; Haloalkane; Nitrile,aligned_chunk_230.parquet,872,477887,C28H28N4O2,CCCc1c(Cc2ccc(-c3ccccc3C#N)cc2)c(=O)n(C2CCOCC2)c2ccnn12
C28H28N4O2,1,62282,mixed error,Alcohol; Alkane; Amine; Arene; Carboxylic acid,Alcohol; Alkane; Arene; Carboxylic acid; Ether; Haloalkane,aligned_chunk_32.parquet,2789,557629,C28H28N4O2,CCCc1nc2ccc(C3=NCCN3C)cc2n1Cc1ccc(-c2ccccc2C(=O)O)cc1
C19H22N4O2,1,11717,mixed error,Alkane; Amine; Ketone,Alkane; Amide; Ether,aligned_chunk_56.parquet,2460,641504,C19H22N4O2,CC(=O)c1cnc2c(c(C)nn2Cc2ccco2)c1NC1CCCC1
C19H22N4O2,0,13329,false positive,Alkane; Arene; Carbamate; Ether,Alkane; Amide; Arene; Carbamate; Ether,aligned_chunk_74.parquet,2138,705731,C19H22N4O2,CC(C)(C)OC(=O)N1CCCn2c(nc3cnc4ccccc4c32)C1
C19H22N4O2,0,13542,false negative,Alkane; Amide; Amine; Arene,Alkane; Amide; Amine,aligned_chunk_26.parquet,2974,534980,C19H22N4O2,O=C(Nc1cccc(Cc2n[nH]c(=O)c3c2CCCC3)c1)C1CCN1
C19H22N4O2,0,15154,false positive,Alkane; Amine; Arene; Ether,Alkane; Amine; Arene; Ether; Haloalkane,aligned_chunk_170.parquet,2928,262802,C19H22N4O2,O=C(Nc1ccc(OC2CCNCC2)cc1)N1Cc2ccncc2C1
C19H22N4O2,0,36633,mixed error,Alkane; Arene; Ether,Alkane; Haloalkane,aligned_chunk_99.parquet,2395,793532,C19H22N4O2,COc1nn(-c2ccccc2)c2ncn(C3CCCCCC3)c(=O)c12
C19H22N4O2,0,38060,correct,Alkane; Alkene; Arene,Alkane; Alkene; Arene,aligned_chunk_151.parquet,267,191670,C19H22N4O2,CCn1c(=O)c2[nH]c(/C=C/c3cc(C)ccc3C)nc2n(CC)c1=O
C19H22N4O2,0,51513,false positive,Alkane; Amine; Arene; Carbamate; Ether,Alkane; Amide; Amine; Arene; Carbamate; Ether,aligned_chunk_123.parquet,2151,93085,C19H22N4O2,COC(=O)Nc1cccc(C)c1CNc1cccn2c(C)c(C)nc12
C22H19N3O,0,23466,false positive,Alkane; Amide; Arene; Nitrile,Alkane; Amide; Arene; Nitrile; Sulfide,aligned_chunk_230.parquet,2015,479030,C22H19N3O,CCC(=O)N(Cc1cccc(-c2ccncc2)c1)c1cccc(C#N)c1
C22H19N3O,0,44364,false negative,Alkane; Alkene; Amide; Amine; Arene; Enamine,Alkane; Alkene; Amine; Arene; Enamine,aligned_chunk_149.parquet,2318,184082,C22H19N3O,NCc1cccc(N/C(=C2\C(=O)Nc3ccccc32)c2ccccc2)c1
C22H19N3O,1,73465,false positive,Alkane; Arene,Alkane; Amide; Amine; Arene,aligned_chunk_125.parquet,799,98196,C22H19N3O,O=c1[nH]c2c(n3ccnc13)C(CCCc1ccccc1)c1ccccc1-2
C20H20Cl2N4O3,1,35347,false negative,Alkane; Amide; Amine; Arene; Ether; Haloalkane,Alkane; Amide; Arene; Haloalkane,aligned_chunk_80.parquet,1435,727595,C20H20Cl2N4O3,COc1cc(N2CCN(C(=O)Cn3c(=O)[nH]c4cc(Cl)ccc43)CC2)ccc1Cl
C20H20Cl2N4O3,0,45442,correct,Alkane; Arene; Carbamate; Ether; Haloalkane,Alkane; Arene; Carbamate; Ether; Haloalkane,aligned_chunk_134.parquet,2849,132677,C20H20Cl2N4O3,CC(C)(C)OC(=O)N1C[C@@H](CN=[N+]=[N-])Oc2c(-c3cc(Cl)ccc3Cl)cccc21
C17H13N7O2,1,24963,false positive,Alkane; Arene,Alkane; Amine; Arene,aligned_chunk_213.parquet,2557,417932,C17H13N7O2,CCc1coc(-c2cnn3c(=O)cc(-c4ccc5[nH]nnc5c4)[nH]c23)n1
C25H21F3N2O2S,1,60787,false negative,Alcohol; Alkane; Amide; Arene; Haloalkane; Nitrile; Sulfide,Alcohol; Alkane; Amide; Arene; Haloalkane; Nitrile,aligned_chunk_50.parquet,1597,621242,C25H21F3N2O2S,CC(O)(CSc1ccccc1Cc1ccccc1)C(=O)Nc1ccc(C#N)c(C(F)(F)F)c1
C13H23NO3,0,6875,correct,Alcohol; Alkane; Amine; Ester; Ether,Alcohol; Alkane; Amine; Ester; Ether,aligned_chunk_87.parquet,2793,751669,C13H23NO3,CCCCOC(=O)CC1(O)CN2CCC1CC2
C13H23NO3,0,13032,correct,Alkane; Alkene; Amide; Enamine; Ester; Ether,Alkane; Alkene; Amide; Enamine; Ester; Ether,aligned_chunk_10.parquet,223,6731,C13H23NO3,CCOC(=O)/C=C(\NC(C)=O)[C@H](C)[C@H](C)CC
C13H23NO3,0,27318,correct,Alkane; Amide; Ester; Ether,Alkane; Amide; Ester; Ether,aligned_chunk_174.parquet,1318,274276,C13H23NO3,CCOC(=O)[C@@H]1CCCN1C(=O)C(CC)CC
C13H23NO3,0,29325,correct,Alkane; Amide; Ester; Ether,Alkane; Amide; Ester; Ether,aligned_chunk_138.parquet,1867,144613,C13H23NO3,COC(=O)[C@@H]1CC[C@@H](C(C)(C)NC(C)=O)CC1
C13H23NO3,0,30114,false negative,Alcohol; Alkane; Amide; Ether,Alcohol; Alkane; Amide,aligned_chunk_199.parquet,1164,361552,C13H23NO3,CCCC[C@H]1O[C@@H]1C(=O)N[C@H]1CCCC[C@@H]1O
C13H23NO3,1,30592,false negative,Aldehyde; Alkane; Carbamate; Ether,Alkane; Ether,aligned_chunk_221.parquet,648,445209,C13H23NO3,CN(C(=O)OC(C)(C)C)[C@@H]1CC[C@@H](C=O)CC1
C13H23NO3,0,64436,false negative,Alkane; Amine; Ester; Ether,Alkane; Amine,aligned_chunk_118.parquet,1139,72524,C13H23NO3,CCOC(=O)C1(C2NC(C)(C)CC(C)O2)CC1
C23H23N3O3,1,11198,mixed error,Alkane; Amide; Amine; Arene; Ether,Alkane; Amide; Amine; Arene; Haloalkane,aligned_chunk_120.parquet,1464,82632,C23H23N3O3,O=C(NC1CN2CCC1CC2)c1cccc2oc(-c3ccc4c(c3)CCO4)nc12
C23H23N3O3,0,18473,correct,Alkane; Amide; Arene; Ester; Ether,Alkane; Amide; Arene; Ester; Ether,aligned_chunk_180.parquet,1715,297336,C23H23N3O3,CCOC(=O)c1cc(C(=O)NCc2cnc(C)nc2)cc(-c2ccc(C)cc2)c1
C23H23N3O3,0,32780,false positive,Alkane; Arene; Ether,Alkane; Amide; Arene; Carbamate; Ether,aligned_chunk_12.parquet,430,78349,C23H23N3O3,CC(C)(C)OC(=O)n1c(=O)n(Cc2ccccc2)c2cccc(-c3cc[nH]c3)c21
C23H23N3O3,0,36128,false negative,Alkane; Amide; Arene; Ester; Ether,Alkane; Arene; Ester; Ether,aligned_chunk_34.parquet,869,562289,C23H23N3O3,CCOC(=O)c1ncn(C2CCCN(c3ccccc3)C2=O)c1-c1ccccc1
C23H23N3O3,0,39271,false negative,Alkane; Amide; Amine; Arene; Carbamate; Ether,Alkane; Amide; Amine; Arene,aligned_chunk_60.parquet,1603,656832,C23H23N3O3,CN(C(=O)Oc1ccc(C(=O)NCCNc2ccccc2)cc1)c1ccccc1
C23H23N3O3,0,51795,correct,Alkane; Amide; Amine; Arene; Ether,Alkane; Amide; Amine; Arene; Ether,aligned_chunk_112.parquet,303,52252,C23H23N3O3,NC(=O)c1cc(C2CCNCC2)cnc1Oc1cccc(Oc2ccccc2)c1
C23H23N3O3,0,59593,mixed error,Alcohol; Alkane; Amine; Arene; Ether,Alcohol; Alkane; Arene; Ether; Phenol,aligned_chunk_32.parquet,2907,557747,C23H23N3O3,CN(Cc1ccccc1)C[C@@H](O)COc1cccc(-c2noc3ncccc23)c1
C23H23N3O3,0,60265,correct,Alkane; Amide; Arene; Imide,Alkane; Amide; Arene; Imide,aligned_chunk_182.parquet,1301,303397,C23H23N3O3,Cc1cc(CN2CC(=O)N(C)C2=O)ccc1-c1ccc2c(c1)CN(C1CC1)C2=O
C23H23N3O3,0,73686,mixed error,Alkane; Amide; Arene; Ester; Ether,Alkane; Amide; Arene; Ether; Sulfide,aligned_chunk_183.parquet,2141,307473,C23H23N3O3,CCCc1cccc(-c2cc(NC(=O)C3COC(=O)C3)nn2-c2ccccc2)c1
C18H18Cl2N2O3S,1,21912,false negative,Aldehyde; Alkane; Carbamate; Ether; Haloalkane; Sulfide,Alkane; Carbamate; Ether; Sulfide,aligned_chunk_154.parquet,983,202124,C18H18Cl2N2O3S,CC(C)(C)OC(=O)N1CCc2ccc(Cl)nc2C1c1cc(C=O)sc1Cl
C20H29N3O3,0,6046,false negative,Alkane; Amide; Ether,Alkane; Amide,aligned_chunk_131.parquet,2558,122722,C20H29N3O3,CC(C)CC(CC(N)=O)NC(=O)c1ccc(C2CC2)c(OCC2CC2)n1
C20H29N3O3,0,9592,mixed error,Alkane; Amine; Arene; Carbamate; Ether,Alkane; Amine; Carbamate; Ether; Sulfide,aligned_chunk_156.parquet,1474,209036,C20H29N3O3,CN(C)CCOc1cccc2c3c([nH]c12)CCN(C(=O)OC(C)(C)C)C3
C20H29N3O3,0,34600,false positive,Alcohol; Alkane; Amide; Arene; Ether,Alcohol; Alkane; Amide; Arene; Ether; Haloalkane,aligned_chunk_223.parquet,409,451447,C20H29N3O3,CCN(C(C)=O)c1ccc2c(c1)nc(C(C)(C)O)n2CC1CCOCC1
C20H29N3O3,0,53917,correct,Alkane; Arene; Carbamate; Ether,Alkane; Arene; Carbamate; Ether,aligned_chunk_194.parquet,2250,346517,C20H29N3O3,CCCn1c(=O)n(C2CCN(C(=O)OC(C)(C)C)CC2)c2ccccc21
C20H29N3O3,1,56776,mixed error,Alcohol; Alkane; Amide; Amine; Ether,Alcohol; Alkane; Alkene; Amide,aligned_chunk_215.parquet,833,422714,C20H29N3O3,Cc1cc(N2CCOCC2)nc(C2CC2)c1C(=O)NCC1CCCC1O
C18H20O5,0,31267,correct,Alcohol; Alkane; Arene; Ester; Ether,Alcohol; Alkane; Arene; Ester; Ether,aligned_chunk_211.parquet,2917,411764,C18H20O5,COC(=O)c1cc(OCc2ccccc2)cc(O[C@@H](C)CO)c1
C18H20O5,1,39878,false negative,Alcohol; Alkane; Arene; Ester; Ether,Alcohol; Alkane; Arene; Ether,aligned_chunk_124.parquet,2119,96285,C18H20O5,COC(=O)C(OC)C(O)c1cccc(OCc2ccccc2)c1
C18H20O5,0,47661,false positive,Alkane; Alkene; Arene; Ester; Ether,Alkane; Alkene; Arene; Ester; Ether; Haloalkane,aligned_chunk_77.parquet,2206,715411,C18H20O5,CCOC(=O)/C=C/c1cccc2c1OCCC(C(=O)OCC)=C2
C18H20O5,0,59523,false negative,Alcohol; Alkane; Arene; Ether,Alcohol; Alkane; Arene,aligned_chunk_182.parquet,1197,303293,C18H20O5,CCOc1cc(C(O)c2ccc3c(c2)OCCO3)ccc1OC
C18H20O5,0,66366,false negative,Alcohol; Alkane; Alkene; Arene; Carboxylic acid; Ether,Alcohol; Alkane; Arene; Carboxylic acid; Ether,aligned_chunk_96.parquet,181,781578,C18H20O5,C=CCc1ccc(OCCC(C)C)c2c(=O)cc(C(=O)O)oc12
C18H20O5,0,75785,correct,Alcohol; Alkane; Arene; Ester; Ether,Alcohol; Alkane; Arene; Ester; Ether,aligned_chunk_15.parquet,1509,186500,C18H20O5,CCOc1cc(CO)ccc1Oc1ccccc1CC(=O)OC
C17H21F2NO4,1,13137,false negative,Alkane; Alkene; Arene; Carbamate; Enamine; Ester; Ether; Haloalkane,Alkane; Alkene; Arene; Carbamate; Enamine; Ester; Ether,aligned_chunk_48.parquet,1627,611525,C17H21F2NO4,COC(=O)/C(=C/c1ccc(C(C)(F)F)cc1)NC(=O)OC(C)(C)C
C13H14BrN3O3S,0,36100,correct,Alkane; Amine; Arene; Haloalkane; Sulfonate,Alkane; Amine; Arene; Haloalkane; Sulfonate,aligned_chunk_187.parquet,2524,320871,C13H14BrN3O3S,CS(=O)(=O)OCCc1ccc(Nc2ncc(Br)cn2)cc1
C13H14BrN3O3S,1,69858,false negative,Alkane; Amide; Amine; Arene; Haloalkane; Sulfonamide,Amide; Amine; Arene; Haloalkane; Sulfonamide,aligned_chunk_25.parquet,1394,530140,C13H14BrN3O3S,Cc1c(C(=O)Nc2ccc(S(N)(=O)=O)cc2)cn(C)c1Br
C11H13NO2,0,126,correct,Alkane; Arene; Ether; Nitrile,Alkane; Arene; Ether; Nitrile,aligned_chunk_90.parquet,1271,763123,C11H13NO2,CCOc1ccc(CC#N)cc1OC
C11H13NO2,0,5188,mixed error,Alkane; Ether; Ketone,Alkane; Ester; Ether,aligned_chunk_123.parquet,3155,94089,C11H13NO2,O=C1CCC(Oc2ccncc2)CC1
C11H13NO2,0,6458,false positive,Alkane; Arene; Ether,Alkane; Arene; Ether; Haloalkane,aligned_chunk_65.parquet,395,671673,C11H13NO2,COc1cc2cc(C)[nH]c2cc1OC
C11H13NO2,0,7345,correct,Alcohol; Alkane; Amine; Arene; Carboxylic acid,Alcohol; Alkane; Amine; Arene; Carboxylic acid,aligned_chunk_137.parquet,396,139919,C11H13NO2,O=C(O)c1ccc(N2CCCC2)cc1
C11H13NO2,0,7399,correct,Alkane; Amine; Arene; Ester; Ether,Alkane; Amine; Arene; Ester; Ether,aligned_chunk_110.parquet,2812,48293,C11H13NO2,O=C(Oc1ccccc1)C1CCNC1
C11H13NO2,0,8315,mixed error,Alkane; Amide; Arene; Ether,Alkane; Amide; Arene; Haloalkane,aligned_chunk_222.parquet,3095,450892,C11H13NO2,COc1ccc2c(c1)CCN2C(C)=O
C11H13NO2,0,9302,mixed error,Alcohol; Alkane; Alkene; Amine; Arene; Carboxylic acid,Alcohol; Alkane; Amine; Arene; Carboxylic acid; Ester; Ether,aligned_chunk_38.parquet,2534,576908,C11H13NO2,C=CCNc1cccc(CC(=O)O)c1
C11H13NO2,0,12186,mixed error,Alkane; Amide; Arene; Ketone,Alkane; Amide; Amine; Arene,aligned_chunk_197.parquet,2647,356584,C11H13NO2,CC(=O)CC(=O)N(C)c1ccccc1
C11H13NO2,0,12571,mixed error,Alkane; Arene; Ether; Nitrile,Alkane; Arene; Haloalkane; Nitrile,aligned_chunk_71.parquet,1250,695145,C11H13NO2,COCc1cc(C#N)cc(COC)c1
C11H13NO2,0,12762,mixed error,Aldehyde; Alkane; Amide; Arene,Alkane; Amide; Arene; Haloalkane,aligned_chunk_138.parquet,918,143664,C11H13NO2,CC(=O)Nc1cc(C)c(C=O)c(C)c1
C11H13NO2,0,13281,mixed error,Alcohol; Alkane; Amide; Arene,Alcohol; Alkane; Arene; Haloalkane,aligned_chunk_162.parquet,1204,231685,C11H13NO2,CN1C(=O)C(CO)Cc2ccccc21
C11H13NO2,0,15794,false negative,Alkane; Arene; Carbamate; Ether,Alkane; Arene; Ether,aligned_chunk_74.parquet,1969,705562,C11H13NO2,CC1(c2ccccc2)CCNC(=O)O1
C11H13NO2,0,16959,mixed error,Alkane; Amine; Arene; Ether; Ketone,Alkane; Amide; Amine; Arene; Ether,aligned_chunk_78.parquet,2728,719209,C11H13NO2,COc1ccc2c(c1)C(=O)C(N)CC2
C11H13NO2,0,17209,correct,Alkane; Arene; Ether; Nitrile,Alkane; Arene; Ether; Nitrile,aligned_chunk_122.parquet,1217,88878,C11H13NO2,COc1ccc(OCCC#N)cc1C
C11H13NO2,0,17639,false negative,Alkane; Amide; Arene; Ether,Alkane; Amide; Arene,aligned_chunk_6.parquet,2156,654152,C11H13NO2,CC(=O)Nc1ccc2c(c1)CCCO2
C11H13NO2,0,19698,correct,Alcohol; Alkane; Amine; Arene; Carboxylic acid,Alcohol; Alkane; Amine; Arene; Carboxylic acid,aligned_chunk_159.parquet,1821,219236,C11H13NO2,O=C(O)C1CCC(c2ccccc2)N1
C11H13NO2,0,22592,mixed error,Alcohol; Alkane; Amine; Arene; Carboxylic acid,Alcohol; Amine; Arene; Carboxylic acid; Haloalkane,aligned_chunk_179.parquet,518,289657,C11H13NO2,Cc1ccc2c(c1)CCC(C(=O)O)N2
C11H13NO2,0,25726,correct,Alcohol; Alkane; Ketone; Phenol,Alcohol; Alkane; Ketone; Phenol,aligned_chunk_92.parquet,2928,771333,C11H13NO2,O=C1CCC(c2cnccc2O)CC1
C11H13NO2,0,26086,correct,Alkane; Amine; Arene; Ester; Ether,Alkane; Amine; Arene; Ester; Ether,aligned_chunk_26.parquet,2960,534966,C11H13NO2,CCOC(=O)C1Cc2ccccc2N1
C11H13NO2,0,26986,false positive,Alkane; Arene; Ether,Alkane; Arene; Ether; Haloalkane,aligned_chunk_3.parquet,488,545599,C11H13NO2,COc1cccc2c1CCC/C2=N/O
C11H13NO2,0,27935,false positive,Alcohol; Alkane; Arene; Ether; Phenol,Alcohol; Alkane; Arene; Ester; Ether; Phenol,aligned_chunk_12.parquet,1460,79379,C11H13NO2,CC1=Nc2cccc(O)c2C(C)(C)O1
C11H13NO2,0,33547,false negative,Alkane; Alkene; Ketone,Alkane,aligned_chunk_216.parquet,2265,427416,C11H13NO2,CC1=C(c2cc(C)no2)C(=O)CCC1
C11H13NO2,0,36264,false negative,Alcohol; Alkane; Amide; Arene; Phenol,Alcohol; Amide; Arene; Phenol,aligned_chunk_38.parquet,2544,576918,C11H13NO2,CN1CCC(c2cccc(O)c2)C1=O
C11H13NO2,0,38083,correct,Alcohol; Alkane; Amide; Arene,Alcohol; Alkane; Amide; Arene,aligned_chunk_72.parquet,2634,699775,C11H13NO2,O=C1NC[C@H](CO)[C@H]1c1ccccc1
C11H13NO2,0,38166,correct,Alkane; Amine; Arene; Ester; Ether,Alkane; Amine; Arene; Ester; Ether,aligned_chunk_227.parquet,1526,465600,C11H13NO2,C[C@@H]1N[C@H](c2ccccc2)COC1=O
C11H13NO2,0,38536,mixed error,Alkane; Alkene; Amine; Arene; Ester; Ether,Alcohol; Alkane; Alkene; Amine; Arene,aligned_chunk_25.parquet,708,529454,C11H13NO2,C=CC(=O)OCCNc1ccccc1
C11H13NO2,0,43544,false positive,Alcohol; Alkane; Amine; Arene; Carboxylic acid,Alcohol; Alkane; Amine; Arene; Carboxylic acid; Ether,aligned_chunk_238.parquet,90,502975,C11H13NO2,CN1Cc2ccccc2CC1C(=O)O
C11H13NO2,0,46701,correct,Alkane; Amine; Arene; Ester; Ether,Alkane; Amine; Arene; Ester; Ether,aligned_chunk_204.parquet,2700,385678,C11H13NO2,COC(=O)c1ccc2c(c1)NCCC2
C11H13NO2,1,49089,mixed error,Alkane; Ketone,Alkane; Alkene; Ester; Ether,aligned_chunk_233.parquet,329,487093,C11H13NO2,Cc1cc2c(n(C)c1=O)CCCC2=O
C11H13NO2,0,50186,false negative,Alkane; Alkene; Amine; Arene; Ester; Ether,Alkane; Amine; Arene; Ester; Ether,aligned_chunk_42.parquet,1507,592140,C11H13NO2,CCOC(=O)/C=C/c1cccc(N)c1
C11H13NO2,0,52850,false positive,Alkane; Ester; Ether,Alkane; Amine; Ester; Ether,aligned_chunk_238.parquet,909,503794,C11H13NO2,CCOC(=O)c1cc2c(cn1)CCC2
C11H13NO2,0,54525,correct,Aldehyde; Alkane; Amine; Arene; Ether,Aldehyde; Alkane; Amine; Arene; Ether,aligned_chunk_115.parquet,2860,64582,C11H13NO2,O=Cc1ccc(N2CCOCC2)cc1
C11H13NO2,0,54932,false negative,Alcohol; Alkane; Arene; Ether,Alcohol; Alkane; Arene,aligned_chunk_192.parquet,766,338573,C11H13NO2,COc1ccc2c(CCO)c[nH]c2c1
C11H13NO2,0,55506,false negative,Alkane; Amine; Arene; Ester; Ether,Alkane; Amine; Arene; Ether,aligned_chunk_138.parquet,630,143376,C11H13NO2,CC(=O)OC1Cc2cccc(N)c2C1
C11H13NO2,0,60604,correct,Alkane; Arene; Ether; Nitrile,Alkane; Arene; Ether; Nitrile,aligned_chunk_8.parquet,2056,724991,C11H13NO2,COCOc1cc(CC#N)ccc1C
C11H13NO2,0,61963,correct,Alkane; Amine; Arene; Ester; Ether,Alkane; Amine; Arene; Ester; Ether,aligned_chunk_200.parquet,1463,371524,C11H13NO2,COC(=O)C1CCc2ccccc2N1
C11H13NO2,0,63088,false positive,Alkane; Arene; Ether,Alkane; Arene; Ether; Haloalkane,aligned_chunk_143.parquet,101,162234,C11H13NO2,COc1cc(C)cc2c1C(=NO)CC2
C11H13NO2,0,66978,correct,Alkane; Alkene; Arene; Carbamate; Ether,Alkane; Alkene; Arene; Carbamate; Ether,aligned_chunk_105.parquet,3144,29099,C11H13NO2,C=CCNC(=O)OCc1ccccc1
C11H13NO2,0,67934,correct,Alkane; Amine; Arene; Ester; Ether,Alkane; Amine; Arene; Ester; Ether,aligned_chunk_198.parquet,2818,359992,C11H13NO2,COC(=O)C1CNc2ccccc2C1
C11H13NO2,0,71642,correct,Alkane; Amide; Arene; Ether,Alkane; Amide; Arene; Ether,aligned_chunk_238.parquet,718,503603,C11H13NO2,CCOc1ccc2c(c1)CCC(=O)N2
C11H13NO2,0,71650,false negative,Alkane; Alkene; Amine; Arene; Ester; Ether,Alkane; Alkene; Amine; Arene; Ether,aligned_chunk_70.parquet,2684,693340,C11H13NO2,COC(=O)/C=C(\C)c1ccc(N)cc1
C11H13NO2,0,73178,mixed error,Alkane; Alkene; Amine; Arene; Enamine; Ester; Ether,Alkane; Alkene; Amide; Arene; Ester; Ether; Haloalkane,aligned_chunk_118.parquet,1608,72993,C11H13NO2,CCOC(=O)C=CNc1ccccc1
C11H13NO2,0,74782,mixed error,Alkane; Amide; Arene; Ether,Amide; Arene; Haloalkane,aligned_chunk_3.parquet,1159,546270,C11H13NO2,COc1cccc(C2(C(N)=O)CC2)c1
C11H13NO2,0,78025,mixed error,Alkane; Amide; Arene; Ether,Alkane; Amide; Arene; Haloalkane,aligned_chunk_208.parquet,2105,397979,C11H13NO2,COCCc1cccc2c1CC(=O)N2
C19H20N2O5S,0,2432,correct,Alkane; Amide; Amine; Arene; Ester; Ether; Sulfonamide,Alkane; Amide; Amine; Arene; Ester; Ether; Sulfonamide,aligned_chunk_39.parquet,879,578513,C19H20N2O5S,CCc1ccc(C(=O)Nc2ccc(S(=O)(=O)N[C@H]3CCOC3=O)cc2)cc1
C19H20N2O5S,1,11216,mixed error,Alkane; Alkene; Amide; Arene; Enamine; Ester; Ether; Sulfide,Alkane; Alkene; Amide; Arene; Carbamate; Ester; Ether; Sulfide,aligned_chunk_128.parquet,2374,109592,C19H20N2O5S,C=CCOC(=O)C1=C(C)CS[C@@H]2C(NC(=O)COc3ccccc3)C(=O)N12
C19H20N2O5S,0,49693,correct,Alkane; Amine; Arene; Ester; Ether; Nitrile; Sulfonamide,Alkane; Amine; Arene; Ester; Ether; Nitrile; Sulfonamide,aligned_chunk_37.parquet,2956,574105,C19H20N2O5S,CCOC(=O)c1ccc(CCNS(=O)(=O)c2cc(C#N)ccc2OC)cc1
C19H20N2O5S,0,74919,false negative,Alcohol; Alkane; Amide; Amine; Arene; Ketone; Phenol,Alcohol; Alkane; Amide; Amine; Arene; Phenol,aligned_chunk_78.parquet,987,717468,C19H20N2O5S,CC(C)(Cc1ccc(N2CC(=O)NS2(=O)=O)c(O)c1)C(=O)c1ccccc1
C13H13BrO2,1,24036,false negative,Alcohol; Alkane; Alkene; Arene; Carboxylic acid; Haloalkane,Alcohol; Alkene; Arene; Carboxylic acid,aligned_chunk_182.parquet,2228,304324,C13H13BrO2,O=C(O)[C@@H]1CC=CC[C@H]1c1ccccc1Br
C15H18N2O2,0,722,correct,Alkane; Alkene; Ester; Ether; Nitrile,Alkane; Alkene; Ester; Ether; Nitrile,aligned_chunk_47.parquet,637,607286,C15H18N2O2,COC(=O)C(CC=Cc1cccnc1)CCCC#N
C15H18N2O2,0,4189,mixed error,Alkane; Amine; Arene; Ether,Alkane; Amine; Arene; Sulfide,aligned_chunk_4.parquet,2796,583622,C15H18N2O2,COc1ccc2[nH]c(=O)c(C3CCNCC3)cc2c1
C15H18N2O2,0,5052,false negative,Alcohol; Alkane; Alkene; Ether,Alcohol; Alkane; Alkene,aligned_chunk_38.parquet,1822,576196,C15H18N2O2,CCOC1=C2C=c3c(cnn3CC(C)O)=C2CC=C1
C15H18N2O2,0,6868,false positive,Alkane; Arene; Ether; Ketone,Alkane; Arene; Ester; Ether; Haloalkane; Ketone,aligned_chunk_186.parquet,2147,317200,C15H18N2O2,CCC(=O)c1ccc2c(c1)ncn2C1CCCCO1
C15H18N2O2,0,8764,false positive,Alkane; Amine; Arene; Ester; Ether,Alkane; Amine; Arene; Ester; Ether; Haloalkane,aligned_chunk_19.parquet,2441,330468,C15H18N2O2,CCOC(=O)C1Cc2c([nH]c3cccc(C)c23)CN1
C15H18N2O2,0,9054,correct,Alkane; Arene; Ester; Ether,Alkane; Arene; Ester; Ether,aligned_chunk_120.parquet,242,81410,C15H18N2O2,CCOC(=O)c1cc(CC(C)c2ccccc2)[nH]n1
C15H18N2O2,0,9893,correct,Alkane; Amine; Arene; Ether,Alkane; Amine; Arene; Ether,aligned_chunk_63.parquet,2702,667608,C15H18N2O2,Nc1ccc(OCCCOc2ccc(N)cc2)cc1
C15H18N2O2,0,10170,correct,Alcohol; Alkane; Arene; Carboxylic acid,Alcohol; Alkane; Arene; Carboxylic acid,aligned_chunk_7.parquet,2275,689720,C15H18N2O2,Cc1nn(CCc2ccccc2)c(C)c1CC(=O)O
C15H18N2O2,0,13065,mixed error,Alkane; Amine; Arene; Ether,Alkane; Arene; Ether; Haloalkane,aligned_chunk_162.parquet,3231,233712,C15H18N2O2,COc1ccc2c(c1)OCC21CCCN2C=NCC21
C15H18N2O2,0,14033,correct,Alkane; Amide; Arene,Alkane; Amide; Arene,aligned_chunk_131.parquet,1001,121165,C15H18N2O2,CC(=O)Nc1ccc(C23CC2CN(C(C)=O)C3)cc1
C15H18N2O2,0,14230,false negative,Alkane; Amide; Arene; Ether,Alkane; Amide; Arene,aligned_chunk_99.parquet,1540,792677,C15H18N2O2,CC(=O)NCC1(C)OCCc2c1[nH]c1ccccc21
C15H18N2O2,1,15609,mixed error,Alcohol; Alkane; Alkene; Carboxylic acid,Arene; Haloalkane,aligned_chunk_109.parquet,940,39899,C15H18N2O2,O=C(O)C=CCCCCCc1cccc2cncn12
C15H18N2O2,0,16989,false negative,Alkane; Arene; Carbamate; Ether; Nitrile,Alkane; Carbamate; Ether; Nitrile,aligned_chunk_0.parquet,437,437,C15H18N2O2,CC(C)(C)OC(=O)N1CCc2c(C#N)cccc2C1
C15H18N2O2,0,24088,false positive,Alkane; Amide; Arene; Ether,Alkane; Amide; Amine; Arene; Ether,aligned_chunk_235.parquet,1652,494871,C15H18N2O2,COc1ccc2[nH]c3c(c2c1)CCC(NC(C)=O)C3
C15H18N2O2,0,37785,false negative,Alkane; Ether; Ketone; Nitrile,Alkane; Ketone; Nitrile,aligned_chunk_104.parquet,2831,25542,C15H18N2O2,N#CCC(=O)c1cccc(OC2CCCCCC2)n1
C15H18N2O2,0,42427,mixed error,Alcohol; Alkane; Arene; Ether,Alcohol; Alkane; Arene; Haloalkane,aligned_chunk_63.parquet,2725,667631,C15H18N2O2,COc1cc2c(c(C)c1C)C(O)CC2c1c[nH]cn1
C15H18N2O2,0,47601,false positive,Alcohol; Alkane; Amide; Arene,Alcohol; Alkane; Amide; Arene; Ether,aligned_chunk_30.parquet,2200,550537,C15H18N2O2,Cc1ccc2c(C(=O)NCCCCO)cccc2n1
C15H18N2O2,0,47610,mixed error,Alkane; Arene,Aldehyde; Alkane; Alkene; Ester; Ether,aligned_chunk_146.parquet,1012,172955,C15H18N2O2,Cc1cc2[nH]c(=O)c(=O)n3c2c(c1C)C(C)(C)CC3
C15H18N2O2,0,49068,false positive,Alkane; Amine; Arene; Ester; Ether,Alkane; Amine; Arene; Ester; Ether; Haloalkane,aligned_chunk_189.parquet,2358,327157,C15H18N2O2,CCOC(=O)CCNc1cc2ccccc2cc1N
C15H18N2O2,0,53075,mixed error,Alkane; Amine; Arene; Ether,Alkane; Amine; Ether; Ketone,aligned_chunk_138.parquet,2875,145621,C15H18N2O2,Cc1c(C)c2c3c(cc(C)c2[nH]c1=O)CC(CN)O3
C15H18N2O2,0,56841,false negative,Alkane; Alkene; Amide; Arene; Enamine; Imide,Alkane; Alkene; Amide; Arene; Imide,aligned_chunk_0.parquet,941,941,C15H18N2O2,CN1C(=O)NC(=Cc2ccc(C(C)(C)C)cc2)C1=O
C15H18N2O2,0,59162,correct,Alkane; Amide; Amine; Arene; Imide,Alkane; Amide; Amine; Arene; Imide,aligned_chunk_148.parquet,1105,179638,C15H18N2O2,O=C1c2ccccc2C(=O)N1CCCN1CCCC1
C15H18N2O2,0,60955,mixed error,Alkane; Alkene; Amine; Arene; Carbamate; Enamine; Ether,Alkane; Alkene; Amide; Arene; Ether; Haloalkane,aligned_chunk_219.parquet,441,435317,C15H18N2O2,C=C1NC(=O)OC12CCN(Cc1ccccc1)CC2
C15H18N2O2,0,61367,false positive,Alcohol; Alkane; Amine; Arene; Carboxylic acid,Alcohol; Alkane; Alkene; Amine; Arene; Carboxylic acid; Ether,aligned_chunk_51.parquet,345,623184,C15H18N2O2,Cn1cc(CC(=O)O)c2ccc(N3CCCC3)cc21
C15H18N2O2,0,62122,false negative,Alkane; Alkene; Arene,Alkane; Arene,aligned_chunk_94.parquet,516,775433,C15H18N2O2,CC(C)=CCn1c(=O)c(=O)[nH]c2cc(C)c(C)cc21
C15H18N2O2,0,64845,correct,Alkane; Ether,Alkane; Ether,aligned_chunk_40.parquet,2658,586764,C15H18N2O2,CC(C)(C)C1Cc2[nH]c(=O)c3cccnc3c2CO1
C15H18N2O2,0,71998,correct,Alkane; Amine; Arene; Ether,Alkane; Amine; Arene; Ether,aligned_chunk_157.parquet,1926,212721,C15H18N2O2,Cc1cc2c3c(cc(C)c2[nH]c1=O)CC(C)(CN)O3
C15H18N2O2,0,73545,correct,Alkane; Arene; Ester; Ether,Alkane; Arene; Ester; Ether,aligned_chunk_167.parquet,969,247773,C15H18N2O2,CCOC(=O)c1cnn(CCCc2ccccc2)c1
C15H18N2O2,0,75458,false positive,Alkane; Arene,Aldehyde; Alkane; Arene; Haloalkane,aligned_chunk_105.parquet,748,26703,C15H18N2O2,CCc1c(Cc2cc(C)cc(C)c2)[nH]c(=O)[nH]c1=O
C12H17NO2,0,1207,false negative,Alcohol; Alkane; Amine; Arene; Ketone; Phenol,Alcohol; Alkane; Arene; Ketone; Phenol,aligned_chunk_194.parquet,2054,346321,C12H17NO2,CC(CN(C)C)C(=O)c1cccc(O)c1
C12H17NO2,0,2009,correct,Alkane; Amine; Arene; Ester; Ether,Alkane; Amine; Arene; Ester; Ether,aligned_chunk_58.parquet,954,646406,C12H17NO2,COC(=O)CCc1ccc(CN)cc1C
C12H17NO2,0,5030,correct,Alkane; Ester; Ether,Alkane; Ester; Ether,aligned_chunk_7.parquet,1925,689370,C12H17NO2,Cc1cc(C(=O)OC(C)(C)C)cc(C)n1
C12H17NO2,0,6312,correct,Alkane; Amine; Arene; Ester; Ether,Alkane; Amine; Arene; Ester; Ether,aligned_chunk_234.parquet,2456,492432,C12H17NO2,CNCCc1cccc(CC(=O)OC)c1
C12H17NO2,0,18205,correct,Alkane; Amine; Arene; Ester; Ether,Alkane; Amine; Arene; Ester; Ether,aligned_chunk_6.parquet,2069,654065,C12H17NO2,CCOC(=O)C(N)(CC)c1ccccc1
C12H17NO2,0,19474,correct,Alcohol; Alkane; Amide; Arene; Phenol,Alcohol; Alkane; Amide; Arene; Phenol,aligned_chunk_25.parquet,844,529590,C12H17NO2,CC(C)(C)CC(=O)Nc1ccc(O)cc1
C12H17NO2,0,20518,correct,Alkane; Amine; Arene; Ether,Alkane; Amine; Arene; Ether,aligned_chunk_221.parquet,3211,447772,C12H17NO2,Cc1cccc(C)c1NCC1OCCO1
C12H17NO2,0,21055,false negative,Alkane; Amine; Arene; Ether,Alkane; Amine; Arene,aligned_chunk_64.parquet,1597,669646,C12H17NO2,CNCC1CCOC(c2ccccc2)O1
C12H17NO2,0,27687,false negative,Alkane; Amine; Arene; Ester; Ether,Alkane; Amine; Arene,aligned_chunk_15.parquet,292,185283,C12H17NO2,CCOC(=O)C(C)CNc1ccccc1
C12H17NO2,0,27730,false negative,Alkane; Amine; Arene; Ether,Alkane; Amine; Arene,aligned_chunk_28.parquet,3104,541596,C12H17NO2,COC1(c2cccc(N)c2)CCOCC1
C12H17NO2,0,27884,false positive,Alcohol; Alkane; Amine; Arene; Ether,Alcohol; Alkane; Amine; Arene; Ether; Haloalkane,aligned_chunk_238.parquet,1914,504799,C12H17NO2,COc1ccc2c(c1)C(C)NC(CO)C2
C12H17NO2,0,28390,correct,Alkane; Alkene; Amide; Ketone,Alkane; Alkene; Amide; Ketone,aligned_chunk_176.parquet,1819,281291,C12H17NO2,CN1CCCC(C2=CC(=O)CCC2)C1=O
C12H17NO2,0,30503,correct,Alkane; Amide; Arene; Ether,Alkane; Amide; Arene; Ether,aligned_chunk_154.parquet,990,202131,C12H17NO2,COc1ccc(C(C)CNC(C)=O)cc1
C12H17NO2,0,32242,false positive,Alkane; Amine; Arene; Ester; Ether,Alkane; Amine; Arene; Ester; Ether; Haloalkane,aligned_chunk_99.parquet,1302,792439,C12H17NO2,COC(=O)Cc1c(C)cc(C)c(N)c1C
C12H17NO2,0,34463,false negative,Alkane; Amine; Arene; Ester; Ether,Alkane; Arene; Ester; Ether,aligned_chunk_116.parquet,1351,66313,C12H17NO2,CCc1ccc(C(=O)OC)c(N(C)C)c1
C12H17NO2,0,39785,mixed error,Alkane; Amine; Arene; Ether,Alkane; Amine; Arene; Haloalkane,aligned_chunk_106.parquet,2330,31543,C12H17NO2,CC1(C)Cc2cccc(OCCN)c2O1
C12H17NO2,0,44428,correct,Alkane; Amine; Arene; Ester; Ether,Alkane; Amine; Arene; Ester; Ether,aligned_chunk_34.parquet,2159,563579,C12H17NO2,COC(=O)CCNCCc1ccccc1
C12H17NO2,0,49203,false positive,Alcohol; Alkane; Ether,Alcohol; Alkane; Amine; Ether; Haloalkane,aligned_chunk_129.parquet,2377,112846,C12H17NO2,Cc1nc(C2CCOCC2)ccc1CO
C12H17NO2,0,49940,false negative,Alcohol; Alkane; Amine; Arene; Ether; Phenol,Alcohol; Alkane; Amine; Arene; Phenol,aligned_chunk_172.parquet,1212,267603,C12H17NO2,Cc1cc(CN2CCOCC2)ccc1O
C12H17NO2,0,52559,correct,Alkane; Amine; Arene; Ester; Ether,Alkane; Amine; Arene; Ester; Ether,aligned_chunk_157.parquet,992,211787,C12H17NO2,CCC(N)(Cc1ccccc1)C(=O)OC
C12H17NO2,0,57680,correct,Alcohol; Alkane; Amide; Arene,Alcohol; Alkane; Amide; Arene,aligned_chunk_217.parquet,3120,431517,C12H17NO2,Cc1ccc(C(=O)NCC(C)O)c(C)c1
C12H17NO2,0,57683,correct,Alkane; Amine; Arene; Ester; Ether,Alkane; Amine; Arene; Ester; Ether,aligned_chunk_33.parquet,1308,559432,C12H17NO2,CCCCNc1ccc(C(=O)OC)cc1
C12H17NO2,1,57940,mixed error,Alcohol; Alkane; Amine; Arene; Ether,Alkane; Alkene; Amine; Arene,aligned_chunk_191.parquet,912,335447,C12H17NO2,COc1cccc(C2(O)CCNCC2)c1
C12H17NO2,0,62408,correct,Alkane; Alkene; Ester; Ether; Nitrile,Alkane; Alkene; Ester; Ether; Nitrile,aligned_chunk_160.parquet,2726,226650,C12H17NO2,C=CCC(C)(C)C=C(C#N)C(=O)OCC
C12H17NO2,0,65092,false positive,Alkane; Amide; Arene; Ether,Alkane; Amide; Arene; Ester; Ether; Haloalkane,aligned_chunk_143.parquet,589,162722,C12H17NO2,COCc1ccc(CC(C)C(N)=O)cc1
C12H17NO2,0,65682,false positive,Alcohol; Alkane; Phenol,Alcohol; Alkane; Ester; Ether; Phenol,aligned_chunk_172.parquet,610,267001,C12H17NO2,CCCn1c2c(c(O)cc1=O)CCCC2
C12H17NO2,0,66019,false negative,Alcohol; Alkane; Amine; Arene; Ether,Alcohol; Alkane; Amine; Arene,aligned_chunk_9.parquet,68,758698,C12H17NO2,COc1cccc2c1CCCC2(O)CN
C12H17NO2,0,66225,correct,Alcohol; Aldehyde; Alkane; Amine; Arene,Alcohol; Aldehyde; Alkane; Amine; Arene,aligned_chunk_13.parquet,149,113832,C12H17NO2,CN(CCCCO)c1ccc(C=O)cc1
C12H17NO2,0,68421,mixed error,Alcohol; Alkane; Amine; Arene; Ether; Phenol,Alcohol; Aldehyde; Arene; Ether; Phenol,aligned_chunk_184.parquet,2471,311023,C12H17NO2,COc1ccc(O)cc1CN1CCCC1
C12H17NO2,0,69791,correct,Alkane; Amine; Arene; Ether,Alkane; Amine; Arene; Ether,aligned_chunk_112.parquet,1028,52977,C12H17NO2,CCCCNc1ccc2c(c1)OCCO2
C12H17NO2,0,71248,correct,Alkane; Amine; Arene; Ester; Ether,Alkane; Amine; Arene; Ester; Ether,aligned_chunk_194.parquet,2748,347015,C12H17NO2,COC(=O)C(C)(C)C(N)c1ccccc1
C12H17NO2,0,71948,correct,Alkane; Amine; Arene; Ester; Ether,Alkane; Amine; Arene; Ester; Ether,aligned_chunk_27.parquet,159,535410,C12H17NO2,COC(=O)CNC(C)(C)c1ccccc1
C12H17NO2,0,73500,correct,Alcohol; Aldehyde; Alkane; Amine; Arene,Alcohol; Aldehyde; Alkane; Amine; Arene,aligned_chunk_180.parquet,2138,297759,C12H17NO2,CCN(CCO)c1ccc(C=O)c(C)c1
C12H17NO2,0,73573,correct,Alcohol; Alkane; Amine; Arene; Ether,Alcohol; Alkane; Amine; Arene; Ether,aligned_chunk_40.parquet,180,584286,C12H17NO2,OCC1CN(Cc2ccccc2)CCO1
C12H17NO2,0,76022,correct,Alkane; Ester; Ether,Alkane; Ester; Ether,aligned_chunk_176.parquet,246,279718,C12H17NO2,CCC(CC)c1cc(C(=O)OC)ccn1
C12H17NO2,0,77448,correct,Alkane; Amine; Arene; Ester; Ether,Alkane; Amine; Arene; Ester; Ether,aligned_chunk_104.parquet,1790,24501,C12H17NO2,CCCCc1ccc(N)c(C(=O)OC)c1
C12H17NO2,0,79293,mixed error,Alkane; Alkene; Alkyne; Carbamate; Ether,Alkane; Alkyne; Carbamate; Ester; Ether,aligned_chunk_5.parquet,2499,618852,C12H17NO2,CC#CC1=CCN(C(=O)OC(C)C)CC1
C16H22N4O5S,1,55462,correct,Alkane; Arene; Carbamate; Ether; Sulfonate,Alkane; Arene; Carbamate; Ether; Sulfonate,aligned_chunk_181.parquet,2134,301021,C16H22N4O5S,Cc1ccc(S(=O)(=O)O[C@@H]2CN(C(=O)OC(C)(C)C)C[C@H]2N=[N+]=[N-])cc1
C12H10ClN3,0,15092,false negative,Alkane; Haloalkane; Nitrile,Haloalkane; Nitrile,aligned_chunk_71.parquet,2792,696687,C12H10ClN3,N#Cc1cn(C2CCC2)c2cnc(Cl)cc12
C12H10ClN3,1,50581,mixed error,Alkane; Arene; Haloalkane,Alkane; Amide; Arene; Ether,aligned_chunk_150.parquet,497,188692,C12H10ClN3,Cc1cc(Cl)c2c(ccc3nc(C)[nH]c32)n1
C12H10ClN3,0,65904,false negative,Alkane; Alkyne; Arene; Haloalkane,Alkane; Alkyne; Arene,aligned_chunk_32.parquet,2195,557035,C12H10ClN3,C#CCCn1ncc(-c2ccccc2Cl)n1
C18H22O3,0,33198,false negative,Alcohol; Alkane; Alkyne; Arene; Carboxylic acid; Ether,Alcohol; Alkane; Arene; Carboxylic acid; Ether,aligned_chunk_40.parquet,38,584144,C18H22O3,COCC#Cc1ccc(C(CC2CCCC2)C(=O)O)cc1
C18H22O3,1,35058,mixed error,Alcohol; Alkane; Arene; Ether,Alcohol; Alkane; Amine; Arene; Haloalkane,aligned_chunk_209.parquet,2446,401607,C18H22O3,COCOc1c(C2(O)CCCCC2)ccc2ccccc12
C18H22O3,0,39498,correct,Alcohol; Alkane; Arene; Ether,Alcohol; Alkane; Arene; Ether,aligned_chunk_237.parquet,1612,501254,C18H22O3,CCCCOc1cc(CO)ccc1-c1cccc(OC)c1
C18H22O3,0,44451,false positive,Alcohol; Alkane; Arene; Ether,Alcohol; Alkane; Arene; Ester; Ether; Haloalkane,aligned_chunk_78.parquet,700,717181,C18H22O3,CC(C)(CO)COCc1cccc(Oc2ccccc2)c1
C18H22O3,0,46544,false negative,Alkane; Arene; Ether; Ketone,Alkane; Arene; Ketone,aligned_chunk_4.parquet,2980,583806,C18H22O3,CC(C)COc1ccc2c(c1)C(=O)C1(CCC(=O)CC1)C2
C18H22O3,0,66424,mixed error,Alkane; Arene; Ether; Ketone,Alkane; Arene; Ester; Ether; Haloalkane,aligned_chunk_88.parquet,665,752800,C18H22O3,O=C1CCC(=O)C12CCC(COCc1ccccc1)CC2
C14H17N3O,0,6006,correct,Alkane; Amine; Arene; Ether,Alkane; Amine; Arene; Ether,aligned_chunk_125.parquet,1172,98569,C14H17N3O,c1cn(-c2ccc(OC3CCCNC3)cc2)cn1
C14H17N3O,0,6474,false positive,Alkane; Amine; Arene,Alkane; Amine; Arene; Ester; Ether,aligned_chunk_26.parquet,85,532091,C14H17N3O,N[C@H]1CC[C@H](c2nnc(Cc3ccccc3)o2)C1
C14H17N3O,0,7196,correct,Alcohol; Alkane; Amine; Arene,Alcohol; Alkane; Amine; Arene,aligned_chunk_164.parquet,1294,238280,C14H17N3O,OCc1cc2n(n1)CCN(Cc1ccccc1)C2
C14H17N3O,0,10790,false positive,Alkane; Arene,Alkane; Arene; Ester; Ether,aligned_chunk_96.parquet,85,781482,C14H17N3O,C[C@H](Cc1ccccc1)N(C)C(=O)n1ccnc1
C14H17N3O,0,23225,false negative,Alkane; Amine; Arene,Alkane; Arene,aligned_chunk_22.parquet,2996,441102,C14H17N3O,CC(C)(C)[N+]([O-])=Cc1ccccc1-n1cccn1
C14H17N3O,0,23229,false negative,Alcohol; Alkane; Amine; Arene; Phenol,Alcohol; Amine; Arene; Phenol,aligned_chunk_60.parquet,2854,658083,C14H17N3O,CCc1cnc(NCCc2ccc(O)cc2)nc1
C14H17N3O,0,24230,correct,Alkane; Amine; Arene,Alkane; Amine; Arene,aligned_chunk_140.parquet,1350,153833,C14H17N3O,O=c1[nH]c(-c2ccccc2)cn1C1CCNCC1
C14H17N3O,0,27125,false negative,Alkane; Amine; Arene,Alkane; Arene,aligned_chunk_191.parquet,1108,335643,C14H17N3O,CN1CCC(c2nc(=O)[nH]c3ccccc23)CC1
C14H17N3O,0,34955,false positive,Alkane,Alkane; Amide,aligned_chunk_118.parquet,2470,73855,C14H17N3O,CCCc1nc(C)c(Cc2ccccn2)c(=O)[nH]1
C14H17N3O,0,42084,false positive,Alcohol; Alkane; Arene; Nitrile,Alcohol; Alkane; Alkene; Arene; Haloalkane; Nitrile,aligned_chunk_21.parquet,807,403171,C14H17N3O,CC(C)CCn1c(CO)nc2ccc(C#N)cc21
C14H17N3O,0,57525,false negative,Alcohol; Alkane; Amine; Arene; Phenol,Alcohol; Arene; Phenol,aligned_chunk_72.parquet,1106,698247,C14H17N3O,CN1CCN(c2nccc3ccc(O)cc23)CC1
C14H17N3O,0,57960,false positive,Alcohol; Alkane; Amine; Arene,Alcohol; Alkane; Amine; Arene; Ketone,aligned_chunk_23.parquet,458,474177,C14H17N3O,CN(CCO)c1cccnc1-c1ccc(N)cc1
C14H17N3O,1,58798,mixed error,Alkane; Alkene; Amine; Enamine; Ketone,Alkane; Alkene; Enamine; Haloalkane; Ketone,aligned_chunk_127.parquet,61,104006,C14H17N3O,CCn1cc(C(=O)/C=C/N(C)C)c2cccnc21
C14H17N3O,0,60878,false negative,Alkane; Amide; Amine; Arene,Alkane; Amide; Amine,aligned_chunk_59.parquet,1550,650202,C14H17N3O,Cc1cccc2[nH]c(C(=O)N[C@H]3CCNC3)cc12
C14H17N3O,0,66293,false negative,Alkane; Amine; Arene; Ether,Alkane; Amine; Arene,aligned_chunk_232.parquet,440,483932,C14H17N3O,COc1cccc2ccc(N3CCNCC3)nc12
C14H17N3O,0,78530,false negative,Alkane; Amine; Arene; Ether,Alkane; Amine; Arene,aligned_chunk_151.parquet,2019,193422,C14H17N3O,Nc1nccc2cc(OC3CCCNC3)ccc12
C25H23N5O3,0,27773,false negative,Alcohol; Alkane; Amide; Amine; Arene; Hydrazone; Phenol,Alcohol; Alkane; Amide; Amine; Arene; Phenol,aligned_chunk_76.parquet,1548,711565,C25H23N5O3,CC1=NN(c2ccc(C)c(C)c2)C(=O)C1=NNc1cccc(-c2cccc(C(N)=O)c2)c1O
C25H23N5O3,0,43405,correct,Alcohol; Alkane; Amide; Arene; Carboxylic acid,Alcohol; Alkane; Amide; Arene; Carboxylic acid,aligned_chunk_143.parquet,460,162593,C25H23N5O3,CCCN(Cc1ccc(-c2ccccc2-c2nnn[nH]2)cc1)C(=O)c1cccc(C(=O)O)c1
C25H23N5O3,1,55971,mixed error,Alcohol; Alkane; Amine; Arene; Ether; Ketone,Amine; Arene; Ester; Ether; Haloalkane,aligned_chunk_214.parquet,1712,420355,C25H23N5O3,COc1cncc(NC(C(=O)c2c[nH]c3c(CCO)cccc23)c2cc3ccccn3n2)c1
C25H23N5O3,0,75206,false negative,Alcohol; Alkane; Amine; Arene; Carboxylic acid,Alcohol; Alkane; Arene; Carboxylic acid,aligned_chunk_218.parquet,1723,433341,C25H23N5O3,Cc1nc(N2CCN(c3ccccc3)CC2)nc2c1ccc(=O)n2-c1ccc(C(=O)O)cc1
C21H28N6O3S,1,33303,false negative,Alkane; Amine; Ether; Sulfone,Alkane; Amine; Sulfone,aligned_chunk_159.parquet,1315,218730,C21H28N6O3S,COC1CCN(c2nccc(Nc3cc4c(cn3)c(S(C)(=O)=O)cn4C(C)C)n2)CC1
C17H28O3,0,4859,false negative,Alcohol; Alkane; Arene; Phenol,Alcohol; Alkane,aligned_chunk_16.parquet,2151,222799,C17H28O3,OCC(CO)CCCCCCCCc1ccccc1O
C17H28O3,0,17871,false negative,Alcohol; Alkane; Arene; Ether; Phenol,Alcohol; Alkane; Arene; Phenol,aligned_chunk_39.parquet,1927,579561,C17H28O3,CCCCCCC(C)(C)c1cc(OC)c(O)c(OC)c1
C17H28O3,0,25505,false positive,Alcohol; Alkane; Arene; Phenol,Alcohol; Alkane; Arene; Ether; Phenol,aligned_chunk_89.parquet,2291,757685,C17H28O3,OCCCCCCCCCCCc1ccc(O)c(O)c1
C17H28O3,1,75822,mixed error,Aldehyde; Alkane; Alkene; Ether,Alkane; Alkene; Arene; Ether,aligned_chunk_17.parquet,1947,258443,C17H28O3,COCOCC(C)=CCCC(C)=CCCC(C)=CC=O
C14H12BrNO3,1,23408,false negative,Alkane; Arene; Ester; Ether; Haloalkane,Alkane; Arene; Ester; Ether,aligned_chunk_239.parquet,2610,508696,C14H12BrNO3,COC(=O)c1ccc(OCc2ncccc2Br)cc1
C14H11ClN2S,1,52396,mixed error,Alkane; Amine; Arene; Haloalkane; Sulfide,Alkane; Amine; Arene; Ether,aligned_chunk_47.parquet,194,606843,C14H11ClN2S,Cc1ccc(N)cc1-c1nc2cc(Cl)ccc2s1
C13H17NO4,0,2798,false positive,Alkane; Arene; Ether,Alkane; Arene; Ether; Haloalkane; Ketone,aligned_chunk_213.parquet,2261,417636,C13H17NO4,CCOC(C)=NC(=O)c1cc(OC)cc(OC)c1
C13H17NO4,0,3855,false negative,Aldehyde; Alkane; Arene; Carbamate; Ether,Alkane; Carbamate; Ether,aligned_chunk_165.parquet,2975,243239,C13H17NO4,COc1cc(C=O)cc(NC(=O)OC(C)(C)C)c1
C13H17NO4,0,4318,false negative,Alcohol; Alkane; Amide; Arene; Ether,Alcohol; Alkane; Arene; Ether,aligned_chunk_35.parquet,744,565431,C13H17NO4,COc1ccc2c(c1)N(C[C@H](C)CO)C(=O)CO2
C13H17NO4,0,4852,false negative,Alcohol; Alkane; Amine; Arene; Carboxylic acid; Ester; Ether,Alcohol; Alkane; Amine; Arene; Carboxylic acid,aligned_chunk_17.parquet,1636,258132,C13H17NO4,CC(CC(N)C(=O)O)C(=O)OCc1ccccc1
C13H17NO4,1,6993,mixed error,Alcohol; Aldehyde; Alkane; Amine; Arene; Phenol,Alcohol; Alkane; Amine; Haloalkane; Phenol,aligned_chunk_23.parquet,94,473813,C13H17NO4,O=Cc1cc(CN2CCCCC2)c(O)c(O)c1O
C13H17NO4,0,11669,correct,Alcohol; Alkane; Arene; Carbamate; Carboxylic acid; Ether,Alcohol; Alkane; Arene; Carbamate; Carboxylic acid; Ether,aligned_chunk_112.parquet,1350,53299,C13H17NO4,CC(C)(C)OC(=O)Nc1ccc(CC(=O)O)cc1
C13H17NO4,0,12612,correct,Alkane; Amine; Arene; Ester; Ether,Alkane; Amine; Arene; Ester; Ether,aligned_chunk_167.parquet,2790,249594,C13H17NO4,COC(=O)CN(CC(=O)OC)c1ccc(C)cc1
C13H17NO4,0,15637,false positive,Alkane; Amide; Arene,Alcohol; Alkane; Amide; Arene,aligned_chunk_206.parquet,38,389513,C13H17NO4,O=C(CCCCCNC(=O)c1ccccc1)OO
C13H17NO4,0,20297,false negative,Alcohol; Alkane; Arene; Carbamate; Carboxylic acid; Ether,Alcohol; Arene; Carbamate; Carboxylic acid; Ether,aligned_chunk_97.parquet,565,785202,C13H17NO4,CC[C@H](C)[C@H](NC(=O)Oc1ccccc1)C(=O)O
C13H17NO4,0,28322,correct,Alcohol; Alkane; Arene; Carbamate; Ether,Alcohol; Alkane; Arene; Carbamate; Ether,aligned_chunk_169.parquet,2649,255938,C13H17NO4,COc1ccc(CN2C(=O)OC[C@@H]2[C@@H](C)O)cc1
C13H17NO4,0,31255,false positive,Alkane; Alkene; Amine; Arene; Enamine; Ester; Ether,Alkane; Alkene; Amine; Arene; Enamine; Ester; Ether; Haloalkane,aligned_chunk_191.parquet,1858,336393,C13H17NO4,COc1ccc(COC(=O)/C=C(/C)N)cc1OC
C13H17NO4,0,38935,correct,Alkane; Arene; Carbamate; Ester; Ether,Alkane; Arene; Carbamate; Ester; Ether,aligned_chunk_228.parquet,2999,470283,C13H17NO4,CC(=O)OCCCNC(=O)OCc1ccccc1
C13H17NO4,0,39038,correct,Alcohol; Alkane; Arene; Carbamate; Carboxylic acid; Ether,Alcohol; Alkane; Arene; Carbamate; Carboxylic acid; Ether,aligned_chunk_44.parquet,1822,598775,C13H17NO4,CC(C)(CNC(=O)OCc1ccccc1)C(=O)O
C13H17NO4,0,41823,correct,Alcohol; Alkane; Amide; Arene; Ester; Ether; Phenol,Alcohol; Alkane; Amide; Arene; Ester; Ether; Phenol,aligned_chunk_136.parquet,2593,138911,C13H17NO4,CCOC(=O)CNC(=O)CCc1ccc(O)cc1
C13H17NO4,0,51027,false negative,Alcohol; Alkane; Amine; Arene; Ester; Ether,Alcohol; Alkane; Arene; Ester; Ether,aligned_chunk_112.parquet,429,52378,C13H17NO4,COC(=O)COc1cccc2c1CCN2CCO
C13H17NO4,0,56815,mixed error,Alcohol; Alkane; Arene; Carbamate; Carboxylic acid; Ether,Alcohol; Alkane; Amine; Arene; Carboxylic acid,aligned_chunk_164.parquet,274,237260,C13H17NO4,CN(C(=O)OC(C)(C)C)c1ccc(C(=O)O)cc1
C13H17NO4,0,57539,false positive,Alcohol; Alkane; Amide; Arene; Ester; Ether; Phenol,Alcohol; Alkane; Amide; Arene; Ester; Ether; Haloalkane; Phenol,aligned_chunk_93.parquet,2103,773750,C13H17NO4,CC(C)(C)OC(=O)CNC(=O)c1ccc(O)cc1
C13H17NO4,0,61362,false positive,Alkane; Alkene; Ester; Ether,Alkane; Alkene; Amide; Ester; Ether,aligned_chunk_0.parquet,1260,1260,C13H17NO4,CC=CC=CC(=O)OC(C)C1=NC(C)(C)C(=O)O1
C13H17NO4,0,63508,false negative,Alcohol; Alkane; Amine; Arene; Ester; Ether; Phenol,Alcohol; Alkane; Arene; Ester; Ether; Phenol,aligned_chunk_9.parquet,2837,761467,C13H17NO4,COC(=O)c1ccc(CN2CCOCC2)c(O)c1
C13H17NO4,0,69520,false positive,Alcohol; Alkane; Amide; Arene; Carboxylic acid; Ether,Alcohol; Alkane; Amide; Arene; Carbamate; Carboxylic acid; Ether,aligned_chunk_170.parquet,2575,262449,C13H17NO4,COc1cccc(C(=O)O)c1NC(=O)C(C)(C)C
C13H17NO4,0,71231,correct,Alcohol; Alkane; Arene; Carbamate; Ether,Alcohol; Alkane; Arene; Carbamate; Ether,aligned_chunk_205.parquet,2557,388778,C13H17NO4,O=C(OCc1ccccc1)N1C[C@H](O)C[C@@H]1CO
C13H17NO4,0,77912,mixed error,Aldehyde; Alkane; Arene; Carbamate; Ether,Alkane; Arene; Carbamate; Ether; Haloalkane,aligned_chunk_192.parquet,2925,340732,C13H17NO4,COc1cc(C=O)ccc1NC(=O)OC(C)(C)C
C13H17NO4,0,78350,correct,Alcohol; Alkane; Arene; Carbamate; Carboxylic acid; Ether,Alcohol; Alkane; Arene; Carbamate; Carboxylic acid; Ether,aligned_chunk_26.parquet,3178,535184,C13H17NO4,Cc1cc(C(=O)O)ccc1NC(=O)OC(C)(C)C
C11H20O3,0,6024,false negative,Alcohol; Alkane; Ether; Ketone,Alcohol; Alkane; Ketone,aligned_chunk_33.parquet,1831,559955,C11H20O3,CC(=O)C1(O)CC(C)(C)OC(C)(C)C1
C11H20O3,0,8399,false positive,Alkane; Alkene; Ether,Alkane; Alkene; Ester; Ether,aligned_chunk_171.parquet,2450,265604,C11H20O3,C=CCOC(=O)OC(C)(CC)C(C)C
C11H20O3,0,8873,correct,Alkane; Ester; Ether,Alkane; Ester; Ether,aligned_chunk_93.parquet,1372,773019,C11H20O3,CCCC(C)C(=O)OCC1(C)COC1
C11H20O3,0,19704,correct,Aldehyde; Alkane; Ether,Aldehyde; Alkane; Ether,aligned_chunk_107.parquet,1540,34011,C11H20O3,CCCCC(C=O)O[C@H]1CCCCO1
C11H20O3,0,29522,correct,Alcohol; Alkane; Ether,Alcohol; Alkane; Ether,aligned_chunk_56.parquet,1055,640099,C11H20O3,CCC1(CO)CCC2(CCCCO2)O1
C11H20O3,0,39921,false negative,Alcohol; Alkane; Ether,Alcohol; Alkane,aligned_chunk_55.parquet,1536,637363,C11H20O3,OCCC1CC(OC2CCCCO2)C1
C11H20O3,1,40202,false positive,Alkane; Ether,Aldehyde; Alkane; Ether; Haloalkane,aligned_chunk_170.parquet,1633,261507,C11H20O3,CC1(C)OCC(C2(C(C)(C)C)CO2)O1
C11H20O3,0,64291,false negative,Alkane; Ester; Ether; Ketone,Alkane; Ketone,aligned_chunk_237.parquet,3240,502882,C11H20O3,CCOC(=O)CC(=O)[C@H](C)[C@H](C)CC
C11H20O3,0,66436,correct,Alkane; Ester; Ether; Ketone,Alkane; Ester; Ether; Ketone,aligned_chunk_108.parquet,2033,37765,C11H20O3,CCCC(=O)C(CC)CC(=O)OCC
C11H20O3,0,73138,correct,Aldehyde; Alkane; Ester; Ether,Aldehyde; Alkane; Ester; Ether,aligned_chunk_117.parquet,2301,70465,C11H20O3,CCOC(=O)CCCCCCCC=O
C11H20O3,0,76146,false negative,Alcohol; Alkane; Carboxylic acid; Ether,Alcohol; Alkane; Carboxylic acid,aligned_chunk_213.parquet,532,415907,C11H20O3,CO[C@H]1CC[C@@H](C(C)(C)C(=O)O)CC1
C13H24N2O3,0,11346,correct,Alkane; Amide; Carbamate; Ether,Alkane; Amide; Carbamate; Ether,aligned_chunk_221.parquet,1503,446064,C13H24N2O3,CN(C)C(=O)C1CCN(C(=O)OC(C)(C)C)CC1
C13H24N2O3,0,29736,correct,Alkane; Amide; Carbamate; Ether,Alkane; Amide; Carbamate; Ether,aligned_chunk_96.parquet,2895,784292,C13H24N2O3,CCCC(=O)N1CCN(C(=O)OC(C)(C)C)CC1
C13H24N2O3,0,51404,correct,Alkane; Amide; Amine; Ester; Ether,Alkane; Amide; Amine; Ester; Ether,aligned_chunk_242.parquet,1612,520659,C13H24N2O3,CC1CCCC(N)C(=O)N1CC(=O)OC(C)(C)C
C13H24N2O3,1,60549,mixed error,Alkane; Amide; Carbamate; Ether,Aldehyde; Alkane; Alkene; Carbamate; Ether,aligned_chunk_56.parquet,2354,641398,C13H24N2O3,CCN(CC)C(=O)C1CCN1C(=O)OC(C)(C)C
C10H12N2O3,0,9125,false negative,Alkane; Amide; Amine; Arene,Alkane; Amide; Arene,aligned_chunk_244.parquet,2408,527953,C10H12N2O3,Cc1ccc([N+](=O)[O-])cc1C(=O)N(C)C
C10H12N2O3,0,19701,false positive,Alkane; Amide; Arene; Ether; Hydrazine,Alkane; Amide; Arene; Ester; Ether; Hydrazine,aligned_chunk_162.parquet,1893,232374,C10H12N2O3,COc1ccc(C(=O)NNC(C)=O)cc1
C10H12N2O3,0,26228,false positive,Alkane; Amide; Amine; Arene; Ester; Ether,Alkane; Alkene; Amide; Amine; Arene; Ester; Ether,aligned_chunk_11.parquet,359,42570,C10H12N2O3,CNC(=O)c1ccc(C(=O)OC)cc1N
C10H12N2O3,1,27198,mixed error,Alcohol; Alkane; Amine; Arene; Carbamate; Ether; Hydrazine,Alcohol; Alkane; Alkene; Arene; Phenol; Sulfide,aligned_chunk_142.parquet,2049,160918,C10H12N2O3,CN1C(=O)OC(O)N1Cc1ccccc1
C10H12N2O3,0,28347,correct,Alcohol; Alkane; Amide; Amine; Arene; Carboxylic acid,Alcohol; Alkane; Amide; Amine; Arene; Carboxylic acid,aligned_chunk_93.parquet,699,772346,C10H12N2O3,Nc1ccccc1C(=O)NCCC(=O)O
C10H12N2O3,0,38128,false positive,Alkane; Alkene; Ester; Ether,Alkane; Alkene; Ester; Ether; Haloalkane,aligned_chunk_214.parquet,3128,421771,C10H12N2O3,C=C(OCC)c1ccc(C(=O)OC)nn1
C10H12N2O3,0,39545,false positive,Alcohol; Alkane; Alkene; Enol; Ester; Ether,Alcohol; Alkane; Alkene; Enol; Ester; Ether; Phenol,aligned_chunk_124.parquet,1249,95415,C10H12N2O3,CCOC(=O)/C(=C\O)Cc1cncnc1
C10H12N2O3,0,42348,false negative,Alcohol; Alkane; Alkene; Amine; Carboxylic acid; Ether,Alcohol; Amine; Carboxylic acid,aligned_chunk_190.parquet,1319,332608,C10H12N2O3,C=CCNc1cc(C(=O)O)cc(OC)n1
C10H12N2O3,0,51169,correct,Alcohol; Alkane; Amide; Carboxylic acid,Alcohol; Alkane; Amide; Carboxylic acid,aligned_chunk_204.parquet,196,383174,C10H12N2O3,O=C(O)CC(=O)NCCc1ccccn1
C10H12N2O3,0,57400,correct,Alkane; Amine; Arene; Ether,Alkane; Amine; Arene; Ether,aligned_chunk_108.parquet,1842,37574,C10H12N2O3,CCC1COc2cc([N+](=O)[O-])ccc2N1
C10H12N2O3,0,58125,false positive,Alcohol; Alkane; Amide; Carboxylic acid,Alcohol; Alkane; Amide; Amine; Carboxylic acid,aligned_chunk_124.parquet,2879,97045,C10H12N2O3,CNC(=O)c1ccc(CCC(=O)O)cn1
C10H12N2O3,0,60708,false negative,Alcohol; Alkane; Amide; Amine; Arene; Carboxylic acid,Alcohol; Amide; Amine; Arene; Carboxylic acid,aligned_chunk_117.parquet,2800,70964,C10H12N2O3,C[C@H](NC(=O)c1ccc(N)cc1)C(=O)O
C10H12N2O3,0,68610,false negative,Alkane; Amine; Arene; Ester; Ether,Alkane; Amine; Arene,aligned_chunk_228.parquet,218,467502,C10H12N2O3,COC(=O)c1ccc(CC(N)=NO)cc1
C10H12N2O3,0,73479,mixed error,Alkane; Arene; Ester; Ether,Alkane; Arene; Sulfide,aligned_chunk_208.parquet,3062,398936,C10H12N2O3,COC(=O)CNC(=O)Nc1ccccc1
C25H27F3N2O5,1,645,correct,Alkane; Arene; Ester; Ether; Haloalkane,Alkane; Arene; Ester; Ether; Haloalkane,aligned_chunk_41.parquet,1687,589109,C25H27F3N2O5,CCOC(=O)C(C)(C)Oc1cccc(OCCc2cc(-c3ccc(OC(F)(F)F)cc3)nn2C)c1
C23H23N3O4,0,22753,false positive,Alkane; Amide; Arene; Ester; Ether,Alkane; Amide; Amine; Arene; Ester; Ether,aligned_chunk_221.parquet,644,445205,C23H23N3O4,CCOC(=O)[C@@H]1CN(c2ccccc2)C(=O)[C@@H]1NC(=O)Cc1c[nH]c2ccccc12
C23H23N3O4,1,31101,mixed error,Alkane; Amide; Arene; Carbamate; Ether,Alkane; Amine; Arene; Haloalkane,aligned_chunk_190.parquet,1457,332746,C23H23N3O4,CCOC(=O)NC1CCCc2ccc(NC(=O)c3c[nH]c4ccccc4c3=O)cc21
C23H23N3O4,0,44973,false negative,Alkane; Amide; Arene; Ether; Imide,Alkane; Amide; Arene; Imide,aligned_chunk_154.parquet,617,201758,C23H23N3O4,COc1ccc(COCC(C)(C)c2cc(N3C(=O)c4ccccc4C3=O)n[nH]2)cc1
C23H23N3O4,0,62850,false negative,Alkane; Arene; Ester; Ether,Arene; Ether,aligned_chunk_201.parquet,2616,375912,C23H23N3O4,CCOC(=O)c1cc(C2CC2)c2c(C)c(-c3ccc(NC(N)=O)cc3)ccn2c1=O
C14H21N3O2,0,9129,correct,Alkane; Amide; Amine; Arene; Ether,Alkane; Amide; Amine; Arene; Ether,aligned_chunk_91.parquet,2401,767543,C14H21N3O2,COc1cc2c(cc1N)N(C(=O)CN(C)C)[C@@H](C)C2
C14H21N3O2,0,19864,mixed error,Aldehyde; Alkane; Amide; Amine,Alkane; Amide; Amine; Ester; Ether,aligned_chunk_19.parquet,175,328202,C14H21N3O2,Cc1[nH]c(C=O)c(C)c1C(=O)N1C[C@@H](C)N[C@@H](C)C1
C14H21N3O2,0,30695,correct,Alkane; Amine; Ester; Ether,Alkane; Amine; Ester; Ether,aligned_chunk_194.parquet,663,344930,C14H21N3O2,CCOC(=O)c1cnc(NC2CCCCC2)c(N)c1
C14H21N3O2,0,38913,false negative,Alkane; Amine; Arene; Ether,Alkane; Amine; Arene,aligned_chunk_171.parquet,1918,265072,C14H21N3O2,CCOC(CNCc1cccc2cn[nH]c12)OCC
C14H21N3O2,1,48768,mixed error,Aldehyde; Alkane; Amide; Amine,Alkane; Amide; Ether; Haloalkane,aligned_chunk_140.parquet,1406,153889,C14H21N3O2,Cc1cc(C(=O)N2CC(C)N(C)C(C)C2)[nH]c1C=O
C14H21N3O2,0,74940,correct,Alkane; Amide; Amine; Arene; Ether,Alkane; Amide; Amine; Arene; Ether,aligned_chunk_81.parquet,2932,732328,C14H21N3O2,COCc1cc(N2CCN(C(C)=O)CC2)ccc1N
C13H17NO,0,2967,false positive,Alcohol; Alkane; Alkene; Amine; Arene,Alcohol; Alkane; Alkene; Amine; Arene; Phenol,aligned_chunk_179.parquet,91,289230,C13H17NO,CN(C)c1ccc2c(c1)C=CCCC2O
C13H17NO,0,12499,correct,Alkane; Ketone,Alkane; Ketone,aligned_chunk_170.parquet,3137,263011,C13H17NO,O=C(Cc1ccccn1)C1CCCCC1
C13H17NO,0,14973,mixed error,Alcohol; Alkane; Arene; Imine; Phenol,Alcohol; Alkane; Arene; Ether; Phenol,aligned_chunk_172.parquet,1762,268153,C13H17NO,Cc1cc2c(c(C)c1O)CC(C)(C)N=C2
C13H17NO,0,17150,mixed error,Alkane; Amine; Arene; Ether,Alkane; Amine; Arene; Haloalkane,aligned_chunk_186.parquet,2767,317820,C13H17NO,CCc1ccc2c(c1)CO[C@H]1CNC[C@@H]21
C13H17NO,0,18587,false negative,Alkane; Amine; Arene; Ether,Alkane; Amine; Arene,aligned_chunk_148.parquet,1024,179557,C13H17NO,NCCC1CCc2ccc3c(c21)CCO3
C13H17NO,0,21326,correct,Alkane; Amide; Arene,Alkane; Amide; Arene,aligned_chunk_36.parquet,1006,568939,C13H17NO,CN(C)C(=O)C1CCc2ccccc2C1
C13H17NO,0,22699,false positive,Alkane; Amide; Arene,Alkane; Amide; Arene; Haloalkane,aligned_chunk_98.parquet,3164,791046,C13H17NO,CCCC(=O)NC1CCc2ccccc21
C13H17NO,0,28140,false negative,Alkane; Amide; Arene,Amide; Arene,aligned_chunk_12.parquet,2802,80721,C13H17NO,CCC(=O)NC1CCc2ccccc2C1
C13H17NO,0,34330,false positive,Alkane; Amide; Arene,Alkane; Alkene; Amide; Arene; Carbamate; Ether; Imide,aligned_chunk_219.parquet,1328,436204,C13H17NO,O=C1NCCCCC1Cc1ccccc1
C13H17NO,0,37320,false positive,Alkane; Alkene; Ketone,Alkane; Alkene; Ester; Ether; Ketone,aligned_chunk_7.parquet,1298,688743,C13H17NO,C=C(CCCCC)C(=O)c1cccnc1
C13H17NO,0,37704,false positive,Alkane; Amide; Arene,Alkane; Alkene; Amide; Arene,aligned_chunk_63.parquet,105,665011,C13H17NO,CC(=O)N(C)C1CCCc2ccccc21
C13H17NO,0,38527,false positive,Alcohol; Alkane,Alcohol; Alkane; Amide; Ester; Ether,aligned_chunk_65.parquet,2029,673307,C13H17NO,OC1CCCc2cc3c(nc21)CCCC3
C13H17NO,1,41717,mixed error,Alcohol; Alkane; Amine; Arene; Phenol,Alcohol; Amine; Arene; Haloalkane; Phenol; Sulfide,aligned_chunk_25.parquet,2328,531074,C13H17NO,Oc1cccc(C2C3CCC2CNC3)c1
C13H17NO,0,43262,false positive,Alcohol; Alkane; Alkyne; Amine; Arene,Alcohol; Alkane; Alkyne; Amine; Arene; Ether,aligned_chunk_185.parquet,2848,314668,C13H17NO,C#CCN(C)[C@H](CO)Cc1ccccc1
C13H17NO,0,46064,correct,Alkane; Amide; Arene,Alkane; Amide; Arene,aligned_chunk_87.parquet,2426,751302,C13H17NO,NC(=O)c1ccccc1C1CCCCC1
C13H17NO,0,51756,correct,Alkane; Amine; Arene; Ketone,Alkane; Amine; Arene; Ketone,aligned_chunk_65.parquet,1628,672906,C13H17NO,CC(c1ccccc1)N1CCC(=O)CC1
C13H17NO,0,57091,false positive,Alkane; Amide; Arene,Alkane; Amide; Arene; Ketone,aligned_chunk_9.parquet,211,758841,C13H17NO,CC(=O)N1CCC(c2ccccc2)CC1
C13H17NO,0,59089,false negative,Alkane; Alkene; Amine; Arene; Ether,Alkane; Amine; Arene; Ether,aligned_chunk_195.parquet,2140,349658,C13H17NO,COc1cccc(C2=CCN(C)CC2)c1
C13H17NO,0,62572,false positive,Alkane; Amide; Arene,Alkane; Amide; Arene; Sulfide,aligned_chunk_61.parquet,2860,661296,C13H17NO,CC(=O)N1CCC(C)(C)c2ccccc21
C13H17NO,0,65079,false negative,Alkane; Alkene; Amine; Arene; Ketone,Alkane; Alkene; Amine; Arene,aligned_chunk_211.parquet,2854,411701,C13H17NO,CN(C)CCC(=O)C=Cc1ccccc1
C13H17NO,0,68492,correct,Alkane; Amide; Arene,Alkane; Amide; Arene,aligned_chunk_27.parquet,244,535495,C13H17NO,CCc1ccc2c(c1)NC(=O)CC2(C)C
C13H17NO,0,68877,correct,Alkane; Arene; Isocyanate,Alkane; Arene; Isocyanate,aligned_chunk_25.parquet,1812,530558,C13H17NO,O=C=NCCCCCCc1ccccc1
C13H17NO,0,72083,correct,Alkane; Amide; Arene,Alkane; Amide; Arene,aligned_chunk_164.parquet,2861,239847,C13H17NO,O=C1CCCCN1CCc1ccccc1
C13H17NO,0,72946,false negative,Alkane; Alkene; Amine; Arene; Ether,Alkane; Alkene; Amine; Ether,aligned_chunk_43.parquet,2064,595871,C13H17NO,C=CCO[C@@H]1C[C@H](N)c2cc(C)ccc21
C13H17NO,0,77557,false negative,Alkane; Alkene; Amine; Arene,Alkene; Arene,aligned_chunk_72.parquet,2248,699389,C13H17NO,CC(C)(C)[N+]([O-])=CC=Cc1ccccc1
C14H8ClF3N4O,1,5981,false positive,Alcohol; Arene; Haloalkane; Phenol,Alcohol; Amine; Arene; Carbamate; Ether; Haloalkane; Phenol,aligned_chunk_92.parquet,1796,770201,C14H8ClF3N4O,Oc1ccc(Cl)cc1-c1nc(-c2ccc(C(F)(F)F)cn2)n[nH]1
C14H8ClF3N4O,0,8539,correct,Amine; Arene; Haloalkane,Amine; Arene; Haloalkane,aligned_chunk_130.parquet,476,117402,C14H8ClF3N4O,O=c1[nH]cnc2cc(Cl)nc(Nc3cccc(C(F)(F)F)c3)c12
C14H8ClF3N4O,0,69820,correct,Amide; Haloalkane,Amide; Haloalkane,aligned_chunk_121.parquet,2311,86696,C14H8ClF3N4O,O=C(Nc1c[nH]c2ncc(C(F)(F)F)c(Cl)c12)c1ccccn1
C14H11NO2,0,22,false negative,Alkane; Amine; Arene; Ether; Ketone,Alkane; Amine; Arene,aligned_chunk_166.parquet,1185,244745,C14H11NO2,Nc1ccc2c(c1)CC(=O)c1ccccc1O2
C14H11NO2,0,6016,mixed error,Alcohol; Alkane; Arene; Ether; Nitrile; Phenol,Alcohol; Arene; Haloalkane; Nitrile; Phenol,aligned_chunk_211.parquet,942,409789,C14H11NO2,N#Cc1ccc(OCc2ccccc2)cc1O
C14H11NO2,1,7486,mixed error,Alkane; Alkyne; Amide; Arene,Alkyne; Amide; Amine; Arene; Ketone; Sulfide,aligned_chunk_222.parquet,1383,449180,C14H11NO2,C#Cc1ccccc1NC(=O)c1occc1C
C14H11NO2,0,31625,correct,Alcohol; Alkane; Arene,Alcohol; Alkane; Arene,aligned_chunk_244.parquet,1079,526624,C14H11NO2,OCc1ccc(-c2nc3ccccc3o2)cc1
C14H11NO2,0,40290,mixed error,Alcohol; Alkane; Arene; Phenol,Alcohol; Alkene; Arene; Phenol,aligned_chunk_79.parquet,2952,722677,C14H11NO2,Cc1cc(-c2nc3ccccc3o2)ccc1O
C14H11NO2,0,44019,false positive,Alcohol; Alkane; Arene; Carboxylic acid; Nitrile,Alcohol; Alkane; Arene; Carboxylic acid; Ether; Nitrile,aligned_chunk_64.parquet,232,668281,C14H11NO2,CCc1c(C#N)cc2ccccc2c1C(=O)O
C14H11NO2,0,68217,correct,Alkane; Arene; Ester; Ether; Nitrile,Alkane; Arene; Ester; Ether; Nitrile,aligned_chunk_160.parquet,3200,227124,C14H11NO2,COC(=O)C(C#N)c1cccc2ccccc12
C14H11NO2,0,69835,correct,Alcohol; Alkene; Arene; Carboxylic acid,Alcohol; Alkene; Arene; Carboxylic acid,aligned_chunk_54.parquet,1609,634199,C14H11NO2,O=C(O)C=Cc1cnccc1-c1ccccc1
C14H11NO2,0,71601,mixed error,Alcohol; Alkane; Carboxylic acid; Nitrile,Alcohol; Carboxylic acid; Haloalkane; Nitrile; Sulfide,aligned_chunk_114.parquet,1069,59530,C14H11NO2,CCc1c(C#N)c2cccccc-2c1C(=O)O
C14H11NO2,0,76285,mixed error,Alcohol; Arene; Ether; Nitrile,Alcohol; Alkane; Arene; Ether,aligned_chunk_73.parquet,528,700882,C14H11NO2,N#CC(O)c1cccc(Oc2ccccc2)c1
C17H14F2O,1,19333,correct,Aldehyde; Alkane; Alkene; Arene; Haloalkane,Aldehyde; Alkane; Alkene; Arene; Haloalkane,aligned_chunk_190.parquet,1312,332601,C17H14F2O,CCC(C=O)=C(c1ccc(F)cc1)c1ccc(F)cc1
C15H25NO3,1,10459,mixed error,Alkane; Alkyne; Amide; Ester; Ether,Alkane; Alkyne; Ether; Ketone,aligned_chunk_179.parquet,1844,290983,C15H25NO3,C#CCCCCCN(C(=O)C(=O)OCC)C(C)(C)C
C15H25NO3,0,56056,correct,Alkane; Carbamate; Ether; Ketone,Alkane; Carbamate; Ether; Ketone,aligned_chunk_132.parquet,2527,125870,C15H25NO3,CC(C)(C)OC(=O)N1CCC[C@H]1C(=O)C1CCCC1
C15H25NO3,0,59161,correct,Alcohol; Alkane; Amide; Carboxylic acid,Alcohol; Alkane; Amide; Carboxylic acid,aligned_chunk_10.parquet,2531,9039,C15H25NO3,CC(C)(C)C1CCCCC1N1CC(C(=O)O)CC1=O
C15H25NO3,0,61629,false positive,Alcohol; Alkane; Carbamate; Ether,Alcohol; Alkane; Amine; Carbamate; Ether,aligned_chunk_45.parquet,2791,602910,C15H25NO3,CC1(OC(=O)N2CCC([C@H]3C[C@H]3CCO)CC2)CC1
C15H25NO3,0,70289,correct,Alkane; Alkene; Amide; Ester; Ether,Alkane; Alkene; Amide; Ester; Ether,aligned_chunk_96.parquet,1065,782462,C15H25NO3,CC(=O)OC(C)C(=O)NC/C=C(\C)CCC=C(C)C
C13H16N4S,1,3470,false negative,Alkane; Amine; Sulfide,Alkane,aligned_chunk_67.parquet,2801,680542,C13H16N4S,CC1CCN(c2nsnc2-c2cccnc2)CC1
C14H21N3O2,0,9129,correct,Alkane; Amide; Amine; Arene; Ether,Alkane; Amide; Amine; Arene; Ether,aligned_chunk_91.parquet,2401,767543,C14H21N3O2,COc1cc2c(cc1N)N(C(=O)CN(C)C)[C@@H](C)C2
C14H21N3O2,0,19864,mixed error,Aldehyde; Alkane; Amide; Amine,Alkane; Amide; Amine; Ester; Ether,aligned_chunk_19.parquet,175,328202,C14H21N3O2,Cc1[nH]c(C=O)c(C)c1C(=O)N1C[C@@H](C)N[C@@H](C)C1
C14H21N3O2,0,30695,correct,Alkane; Amine; Ester; Ether,Alkane; Amine; Ester; Ether,aligned_chunk_194.parquet,663,344930,C14H21N3O2,CCOC(=O)c1cnc(NC2CCCCC2)c(N)c1
C14H21N3O2,0,38913,false negative,Alkane; Amine; Arene; Ether,Alkane; Amine; Arene,aligned_chunk_171.parquet,1918,265072,C14H21N3O2,CCOC(CNCc1cccc2cn[nH]c12)OCC
C14H21N3O2,1,48768,mixed error,Aldehyde; Alkane; Amide; Amine,Alkane; Amide; Ether; Haloalkane,aligned_chunk_140.parquet,1406,153889,C14H21N3O2,Cc1cc(C(=O)N2CC(C)N(C)C(C)C2)[nH]c1C=O
C14H21N3O2,0,74940,correct,Alkane; Amide; Amine; Arene; Ether,Alkane; Amide; Amine; Arene; Ether,aligned_chunk_81.parquet,2932,732328,C14H21N3O2,COCc1cc(N2CCN(C(C)=O)CC2)ccc1N
C14H11NO4,0,15148,false positive,Aldehyde; Alkane; Arene; Ester; Ether,Aldehyde; Alkane; Arene; Ester; Ether; Sulfide,aligned_chunk_151.parquet,2633,194036,C14H11NO4,COC(=O)c1noc2c1CCc1cc(C=O)ccc1-2
C14H11NO4,0,20169,correct,Alcohol; Amide; Arene; Carboxylic acid; Phenol,Alcohol; Amide; Arene; Carboxylic acid; Phenol,aligned_chunk_209.parquet,2706,401867,C14H11NO4,O=C(O)c1ccc(NC(=O)c2ccccc2)c(O)c1
C14H11NO4,0,35779,false positive,Alcohol; Alkane; Alkene; Arene; Carboxylic acid; Ether,Alcohol; Alkane; Alkene; Arene; Carboxylic acid; Ether; Sulfide,aligned_chunk_235.parquet,1382,494601,C14H11NO4,COc1ccc2ncc3c(c2c1)C=C(C(=O)O)CO3
C14H11NO4,1,52763,mixed error,Alkane; Arene; Ester; Ether; Ketone,Amide; Arene,aligned_chunk_176.parquet,234,279706,C14H11NO4,COC(=O)c1ccc(=O)[nH]c1C(=O)c1ccccc1
C14H20N2O2,0,1517,false negative,Alkane; Amine; Arene; Ester; Ether,Alkane; Amine; Arene; Ether,aligned_chunk_91.parquet,2215,767357,C14H20N2O2,CCOC(=O)CCN1CCc2ccc(N)cc2C1
C14H20N2O2,0,2730,correct,Alkane; Amine; Arene; Carbamate; Ether,Alkane; Amine; Arene; Carbamate; Ether,aligned_chunk_243.parquet,581,522890,C14H20N2O2,C[C@H]1[C@H](N)CCCN1C(=O)OCc1ccccc1
C14H20N2O2,0,8474,false negative,Alcohol; Alkane; Amide; Amine; Arene,Alcohol; Alkane; Amine; Arene,aligned_chunk_29.parquet,2656,544477,C14H20N2O2,CN(CCO)CC(=O)N1CCc2ccccc2C1
C14H20N2O2,0,18195,false negative,Alcohol; Alkane; Amide; Amine; Arene,Alkane; Amide; Amine,aligned_chunk_5.parquet,2657,619010,C14H20N2O2,CC(C(=O)Nc1ccccc1)C1(O)CCNCC1
C14H20N2O2,0,20493,false positive,Alkane; Alkyne; Ether,Alkane; Alkyne; Ether; Haloalkane,aligned_chunk_180.parquet,312,295933,C14H20N2O2,CCC#CCOc1cc(OC(C)C(C)C)ncn1
C14H20N2O2,0,23332,correct,Alkane; Amine; Arene; Carbamate; Ether,Alkane; Amine; Arene; Carbamate; Ether,aligned_chunk_179.parquet,2187,291326,C14H20N2O2,C[C@@H]1CN(C(=O)OCc2ccccc2)C[C@@H](C)N1
C14H20N2O2,0,25502,false positive,Alcohol; Aldehyde; Alkane; Amine; Arene; Phenol,Alcohol; Aldehyde; Alkane; Amine; Arene; Ether; Ketone; Phenol,aligned_chunk_169.parquet,2662,255951,C14H20N2O2,CCN1CCN(Cc2cc(C=O)ccc2O)CC1
C14H20N2O2,0,29035,correct,Alcohol; Alkane; Amine; Arene; Carboxylic acid,Alcohol; Alkane; Amine; Arene; Carboxylic acid,aligned_chunk_174.parquet,1718,274676,C14H20N2O2,CN(C)C1CCN(c2ccc(C(=O)O)cc2)CC1
C14H20N2O2,0,35227,correct,Alkane; Amide,Alkane; Amide,aligned_chunk_217.parquet,219,428616,C14H20N2O2,O=C1CC[C@H]2N1CCN1C(=O)C[C@H]3CCCC[C@@]321
C14H20N2O2,0,35834,correct,Alkane; Amide; Arene,Alkane; Amide; Arene,aligned_chunk_123.parquet,2377,93311,C14H20N2O2,CC(=O)N[C@@H](C)C(=O)N[C@@H](C)c1ccc(C)cc1
C14H20N2O2,0,36570,correct,Alkane; Arene; Ether,Alkane; Arene; Ether,aligned_chunk_79.parquet,2993,722718,C14H20N2O2,COc1ccc(CN2C[C@H](C(C)C)NC2=O)cc1
C14H20N2O2,0,37336,correct,Alkane; Amine; Arene; Carbamate; Ether,Alkane; Amine; Arene; Carbamate; Ether,aligned_chunk_32.parquet,2212,557052,C14H20N2O2,CC1CCC(N)CN1C(=O)OCc1ccccc1
C14H20N2O2,0,40084,correct,Alkane; Ester; Ether,Alkane; Ester; Ether,aligned_chunk_229.parquet,788,471272,C14H20N2O2,CCOC(=O)C1CCc2nc(C(C)C)ncc2C1
C14H20N2O2,0,42807,correct,Alkane; Amine; Arene; Ester; Ether,Alkane; Amine; Arene; Ester; Ether,aligned_chunk_36.parquet,2683,570616,C14H20N2O2,CCOC(=O)c1ccc(N2CCN(C)CC2)cc1
C14H20N2O2,1,47592,mixed error,Alkane; Alkene; Ether,Alkane; Amine,aligned_chunk_85.parquet,751,743098,C14H20N2O2,COC1(OC)C=CC=C(CCCn2cccn2)C1
C14H20N2O2,0,48829,false positive,Alkane; Amine; Arene; Carbamate; Ether,Alkane; Amide; Amine; Arene; Carbamate; Ether,aligned_chunk_199.parquet,2966,363354,C14H20N2O2,CC(C)(C)OC(=O)N[C@@H]1C[C@H]1c1ccc(N)cc1
C14H20N2O2,0,51197,correct,Alkane; Amine; Arene; Ester; Ether,Alkane; Amine; Arene; Ester; Ether,aligned_chunk_132.parquet,636,123979,C14H20N2O2,COC(=O)c1ccc(N2CCN(C)[C@@H](C)C2)cc1
C14H20N2O2,0,53037,correct,Alkane; Amine; Arene; Ether,Alkane; Amine; Arene; Ether,aligned_chunk_155.parquet,2652,207027,C14H20N2O2,Cc1ccc(N)cc1N1CCC2(CC1)OCCO2
C14H20N2O2,0,55043,false negative,Alkane; Amine; Arene; Ester; Ether,Alkane; Amine; Arene,aligned_chunk_91.parquet,140,765282,C14H20N2O2,CCOC(=O)C1CNCCN1Cc1ccccc1
C14H20N2O2,0,61836,mixed error,Alkane; Amide; Amine; Arene; Ether,Alkane; Amide; Amine; Arene; Haloalkane,aligned_chunk_140.parquet,1918,154401,C14H20N2O2,CN(C)C(=O)C1CN(Cc2ccccc2)CCO1
C14H20N2O2,0,67118,correct,Alkane; Amine; Arene; Ether; Nitrile,Alkane; Amine; Arene; Ether; Nitrile,aligned_chunk_26.parquet,1762,533768,C14H20N2O2,COc1ccc(CCNC(C)CC#N)cc1OC
C14H20N2O2,0,67882,false negative,Alcohol; Alkane; Amide; Amine; Arene; Phenol,Alcohol; Alkane; Amide; Arene; Phenol,aligned_chunk_57.parquet,2194,644443,C14H20N2O2,CN1CCN(C(=O)CCc2cccc(O)c2)CC1
C10H11BrN4O,0,32722,false negative,Alkane; Amine; Haloalkane,Alkane; Amine,aligned_chunk_38.parquet,2181,576555,C10H11BrN4O,Cc1cc(Nc2cc(Br)cn(C)c2=O)n[nH]1
C10H11BrN4O,0,63750,false negative,Alkane; Amine; Ether; Haloalkane,Alkane; Amine; Haloalkane,aligned_chunk_103.parquet,2494,21930,C10H11BrN4O,Brc1cnc2ccc(N3CCOCC3)nn12
C10H11BrN4O,1,74693,mixed error,Alkane; Amide; Amine; Arene; Haloalkane,Amide; Amine; Haloalkane; Hydrazine,aligned_chunk_242.parquet,953,520000,C10H11BrN4O,Nc1ccc(Br)cc1C(=O)NC1=NCCN1
C25H25N3O4,0,10346,correct,Alcohol; Alkane; Arene; Ether,Alcohol; Alkane; Arene; Ether,aligned_chunk_89.parquet,56,755450,C25H25N3O4,COc1cc2c(Oc3cc(C)c(C)nc3-c3cccc(C)n3)ccnc2cc1OCCO
C25H25N3O4,1,15269,mixed error,Alkane; Amide; Amine; Arene; Ester; Ether,Alkane; Amide; Amine; Arene; Haloalkane; Sulfide,aligned_chunk_12.parquet,298,78217,C25H25N3O4,O=C1O[C@]2(CCN(C(=O)C3(c4ccc(N5CCNCC5=O)cc4)CC3)C2)c2ccccc21
C25H25N3O4,0,34273,false negative,Alkane; Amide; Arene; Ether,Alkane; Amide; Arene,aligned_chunk_73.parquet,1316,701670,C25H25N3O4,COc1cc(-c2cnc3[nH]cc(-c4ccc(CNC(C)=O)cc4)c3c2)cc(OC)c1OC
C25H25N3O4,0,51280,correct,Alkane; Amide; Arene; Ester; Ether,Alkane; Amide; Arene; Ester; Ether,aligned_chunk_27.parquet,2306,537557,C25H25N3O4,CCOC(=O)c1ccc2c3cc(-c4c(C)noc4C)cc(C(N)=O)c3n(CC3CC3)c2c1
C25H25N3O4,0,60175,false positive,Alkane; Amide; Amine; Arene; Ester; Ether,Alkane; Alkene; Amide; Amine; Arene; Ester; Ether,aligned_chunk_227.parquet,1487,465561,C25H25N3O4,COC(=O)c1ccc(O[C@H]2CCN(c3ccc(C(=O)Nc4ccccc4N)cc3)C2)cc1
C25H25N3O4,0,60584,mixed error,Alkane; Arene; Ester; Ether; Nitrile,Alkane; Arene; Ether; Ketone; Nitrile,aligned_chunk_163.parquet,1066,234807,C25H25N3O4,COC(=O)CC1CCc2cc(-c3noc(-c4ccc(OC(C)C)c(C#N)c4)n3)c(C)cc21
C17H18O,0,17331,correct,Alkane; Alkene; Arene; Ether,Alkane; Alkene; Arene; Ether,aligned_chunk_103.parquet,1993,21429,C17H18O,C=CCc1ccc(OC)cc1Cc1ccccc1
C17H18O,1,21845,false positive,Alcohol; Alkane; Arene,Alcohol; Alkane; Arene; Haloalkane,aligned_chunk_71.parquet,212,694107,C17H18O,OCc1ccc(C2(Cc3ccccc3)CC2)cc1
C17H18O,0,27312,false positive,Alcohol; Alkane; Arene,Alcohol; Alkane; Alkene; Arene,aligned_chunk_60.parquet,2778,658007,C17H18O,Cc1cc(C)cc(C2(O)Cc3ccccc3C2)c1
C17H18O,0,47573,false positive,Alcohol; Alkane; Arene,Alcohol; Alkane; Amine; Arene,aligned_chunk_181.parquet,144,299031,C17H18O,CC1(O)CCCc2c1cc1c3c(cccc23)CC1
C17H18O,0,57407,false positive,Alkane; Arene; Ether,Alkane; Arene; Ether; Haloalkane,aligned_chunk_200.parquet,3004,373065,C17H18O,c1ccc(-c2ccc(COCC3CC3)cc2)cc1
C17H18O,0,70636,correct,Alkane; Arene; Ketone,Alkane; Arene; Ketone,aligned_chunk_11.parquet,1098,43309,C17H18O,Cc1cc(C)cc(C(C)C(=O)c2ccccc2)c1
C17H18O,0,78168,correct,Aldehyde; Alkane; Arene,Aldehyde; Alkane; Arene,aligned_chunk_0.parquet,2914,2914,C17H18O,O=CC1(c2ccc3ccccc3c2)CCCCC1
C19H25N3O3S,1,11150,mixed error,Alcohol; Alkane; Arene; Ketone; Phenol; Sulfide,Alcohol; Alkane; Amine; Ether; Phenol,aligned_chunk_168.parquet,33,250083,C19H25N3O3S,CC(C)(C)c1cc(C(=O)CSc2nc(=O)cn[nH]2)cc(C(C)(C)C)c1O
C19H25N3O3S,0,58051,mixed error,Alkane; Amide; Amine; Arene; Sulfoxide,Alkane; Amide; Amine; Arene; Ester; Ether; Sulfide,aligned_chunk_152.parquet,915,195602,C19H25N3O3S,Cc1ccccc1N1CCN(C(=O)CS(=O)Cc2c(C)noc2C)CC1
C12H15BrO2,0,9289,correct,Alkane; Arene; Ether; Haloalkane,Alkane; Arene; Ether; Haloalkane,aligned_chunk_155.parquet,1963,206338,C12H15BrO2,CCOC1Oc2ccc(Br)cc2C1(C)C
C12H15BrO2,0,14174,false negative,Alcohol; Alkane; Arene; Ether; Haloalkane,Alcohol; Alkane; Arene; Ether,aligned_chunk_201.parquet,538,373834,C12H15BrO2,Cc1cc2c(cc1Br)C(O)CC(C)(C)O2
C12H15BrO2,0,16730,correct,Alcohol; Alkane; Arene; Ether; Haloalkane,Alcohol; Alkane; Arene; Ether; Haloalkane,aligned_chunk_190.parquet,2954,334243,C12H15BrO2,C[C@H]1C[C@@](O)(c2cccc(Br)c2)CCO1
C12H15BrO2,1,33330,mixed error,Alkane; Arene; Ether; Haloalkane; Ketone,Alkane; Amine; Arene; Haloalkane; Ketone,aligned_chunk_233.parquet,2547,489311,C12H15BrO2,C[C@@H](CC(=O)CBr)OCc1ccccc1
C12H15BrO2,0,34588,correct,Alkane; Arene; Ether; Haloalkane,Alkane; Arene; Ether; Haloalkane,aligned_chunk_214.parquet,159,418802,C12H15BrO2,COc1ccc(Br)c2c1C(OC)C(C)C2
C12H15BrO2,0,36380,false negative,Alkane; Arene; Ether; Haloalkane,Alkane; Arene; Haloalkane,aligned_chunk_118.parquet,922,72307,C12H15BrO2,Cc1ccc(OC2CCCCO2)c(Br)c1
C12H15BrO2,0,41955,false negative,Alkane; Arene; Ether; Haloalkane; Ketone,Alkane; Arene; Haloalkane,aligned_chunk_75.parquet,620,707415,C12H15BrO2,CCC(C)C(=O)c1cc(OC)ccc1Br
C12H15BrO2,0,43996,correct,Alcohol; Alkane; Arene; Haloalkane; Ketone; Phenol,Alcohol; Alkane; Arene; Haloalkane; Ketone; Phenol,aligned_chunk_232.parquet,2123,485615,C12H15BrO2,CC(=O)c1cc(Br)c(O)c(C(C)(C)C)c1
C12H15BrO2,0,51531,false negative,Alkane; Arene; Ester; Ether; Haloalkane,Alkane; Arene; Ester; Ether,aligned_chunk_62.parquet,57,661739,C12H15BrO2,CC(C)(C)OC(=O)C(Br)c1ccccc1
C12H15BrO2,0,57855,correct,Alkane; Arene; Ester; Ether; Haloalkane,Alkane; Arene; Ester; Ether; Haloalkane,aligned_chunk_9.parquet,1345,759975,C12H15BrO2,Cc1ccc(Br)cc1C(=O)OC(C)(C)C
C12H15BrO2,0,59744,correct,Alkane; Arene; Ester; Ether; Haloalkane,Alkane; Arene; Ester; Ether; Haloalkane,aligned_chunk_4.parquet,2535,583361,C12H15BrO2,CC(=O)Oc1c(C)cccc1CCCBr
C12H15BrO2,0,77502,mixed error,Alcohol; Alkane; Arene; Carboxylic acid; Haloalkane,Alcohol; Arene; Carboxylic acid; Haloalkane; Sulfide,aligned_chunk_55.parquet,2176,638003,C12H15BrO2,CC(C)CC(C(=O)O)c1cccc(Br)c1
C12H15BrO2,0,78295,false negative,Alkane; Arene; Ether; Haloalkane; Ketone,Alkane; Arene; Ether; Ketone,aligned_chunk_11.parquet,2625,44836,C12H15BrO2,CC(=O)c1ccc(OCCCBr)c(C)c1
C13H11F3N2O,0,675,false negative,Alkane; Amine; Arene; Ether; Haloalkane,Alkane; Amine; Arene; Haloalkane,aligned_chunk_55.parquet,774,636601,C13H11F3N2O,NCc1ccnc(-c2ccc(OC(F)(F)F)cc2)c1
C13H11F3N2O,0,49005,false negative,Alcohol; Amine; Arene; Haloalkane,Alcohol; Amine; Arene,aligned_chunk_163.parquet,3162,236903,C13H11F3N2O,Nc1ccc(C(O)c2ccccn2)c(C(F)(F)F)c1
C13H11F3N2O,1,61036,false negative,Alkane; Amine; Arene; Ether; Haloalkane,Amine; Arene; Haloalkane,aligned_chunk_30.parquet,1774,550111,C13H11F3N2O,FC(F)(F)Oc1cccc(NCc2cccnc2)c1
C24H29NO3S2,1,7725,mixed error,Alcohol; Alkane; Amide; Arene; Carboxylic acid; Sulfide,Alcohol; Alkane; Alkene; Amide; Arene; Carboxylic acid,aligned_chunk_113.parquet,3060,58262,C24H29NO3S2,CC(C)(SCc1ccccc1)[C@@H]1C[C@H](CSCc2ccccc2)C(=O)N1CC(=O)O
C21H21F3N2O2,1,14939,mixed error,Alkane; Alkene; Amide; Amine; Arene; Ether; Haloalkane,Alkane; Alkene; Amide; Amine; Arene; Haloalkane; Sulfide,aligned_chunk_153.parquet,2527,200408,C21H21F3N2O2,Nc1cc(-c2ccccc2C(F)(F)F)ccc1NC(=O)/C=C/C1CCOCC1
C14H20ClNO,1,8685,false negative,Alkane; Amine; Arene; Ether; Haloalkane,Alkane; Amine; Arene; Haloalkane,aligned_chunk_162.parquet,1828,232309,C14H20ClNO,COCCc1ccc(Cl)c(CNCC2CC2)c1
C14H20ClNO,0,31347,correct,Alkane; Amine; Arene; Ether; Haloalkane,Alkane; Amine; Arene; Ether; Haloalkane,aligned_chunk_143.parquet,2461,164594,C14H20ClNO,CCNCc1cc(Cl)ccc1OC1CCCC1
C14H20ClNO,0,35170,false negative,Alcohol; Alkane; Amine; Arene; Haloalkane,Alcohol; Alkane; Amine; Arene,aligned_chunk_129.parquet,2878,113347,C14H20ClNO,NC[C@@H](c1ccc(Cl)cc1)[C@@H]1CCCC[C@H]1O
C27H29N3O2,1,10758,false positive,Alkane; Amide; Arene,Alkane; Amide; Arene; Ether,aligned_chunk_148.parquet,2274,180807,C27H29N3O2,Cc1ccc(-c2cc(C(=O)N[C@H](C)c3ccc(C)nc3)cc(N3CCCCC3=O)c2)cc1
C27H29N3O2,0,14813,false positive,Alkane; Amide; Arene; Ether,Alkane; Amide; Arene; Ether; Imine,aligned_chunk_239.parquet,612,506698,C27H29N3O2,CC(C)(CCCCOc1ccc2nc(-c3ccccc3)n(-c3ccccc3)c2c1)C(N)=O
C27H29N3O2,0,38342,correct,Alkane; Arene; Ester; Ether,Alkane; Arene; Ester; Ether,aligned_chunk_216.parquet,104,425255,C27H29N3O2,CCCC(C(=O)OCC)c1c(C)nc2c(-c3ccccc3)cnn2c1-c1ccc(C)cc1
C27H29N3O2,0,42352,correct,Alkane; Amine; Arene; Ether,Alkane; Amine; Arene; Ether,aligned_chunk_239.parquet,2789,508875,C27H29N3O2,CC(C)N1CCc2c(n(C)c3cc(-n4ccc(OCc5ccccc5)cc4=O)ccc23)C1
C27H29N3O2,0,54535,false positive,Alkane; Arene; Ether,Alkane; Arene; Ether; Haloalkane,aligned_chunk_24.parquet,1297,510648,C27H29N3O2,Cc1c(C2CC2)nc2ccc(-n3ccc(OCc4ccc(C(C)(C)C)cc4)cc3=O)cn12
C12H14ClNO2,0,5350,false negative,Alkane; Amide; Arene; Ether; Haloalkane,Alkane; Amide; Arene,aligned_chunk_21.parquet,129,402493,C12H14ClNO2,CC(C)NC(=O)C1OC1c1cccc(Cl)c1
C12H14ClNO2,0,6306,false negative,Alkane; Arene; Carbamate; Ether; Haloalkane,Alkane; Arene; Carbamate; Ether,aligned_chunk_228.parquet,1941,469225,C12H14ClNO2,O=C(Oc1ccccc1)N1CCC(Cl)CC1
C12H14ClNO2,0,31549,false negative,Alkane; Amide; Arene; Ether; Haloalkane,Alkane; Arene; Ether,aligned_chunk_232.parquet,596,484088,C12H14ClNO2,CC(Cl)C(=O)N1c2ccccc2OCC1C
C12H14ClNO2,1,33029,mixed error,Alcohol; Alkane; Amide; Arene; Haloalkane,Alcohol; Amide; Arene; Haloalkane; Phenol,aligned_chunk_102.parquet,66,16249,C12H14ClNO2,CC(C)CN1C(=O)c2ccc(Cl)cc2C1O
C12H14ClNO2,0,50159,correct,Alkane; Alkene; Arene; Carbamate; Ether; Haloalkane,Alkane; Alkene; Arene; Carbamate; Ether; Haloalkane,aligned_chunk_101.parquet,1870,14838,C12H14ClNO2,C=C(C)CNC(=O)OCc1ccc(Cl)cc1
C18H20N6O2,1,6800,mixed error,Alkane; Amine; Arene; Ether,Alkane; Amine; Haloalkane,aligned_chunk_125.parquet,467,97864,C18H20N6O2,O=c1[nH]c2ccc(-c3nc4c(c(N5CCOCC5)n3)CCNC4)cc2[nH]1
C18H20N6O2,0,15424,mixed error,Alkane; Ketone,Alkane; Sulfide,aligned_chunk_109.parquet,1858,40817,C18H20N6O2,CCCC(=O)c1cc(-c2cccnc2)cc2nc(NC(=O)NCC)nn12
C18H20N6O2,0,19136,correct,Alcohol; Alkane; Amide; Amine,Alcohol; Alkane; Amide; Amine,aligned_chunk_135.parquet,3068,136128,C18H20N6O2,O=C(Nc1nc2cccc(N[C@@H]3CC[C@@H](O)CC3)n2n1)c1cccnc1
C18H20N6O2,0,22429,false negative,Alkane; Amide; Amine,Amide,aligned_chunk_117.parquet,2312,70476,C18H20N6O2,Cc1cc(C)c(CNC(=O)c2cc(C3CC3)nc3c2cnn3N)c(=O)[nH]1
C18H20N6O2,0,31667,correct,Alkane; Amide; Ether,Alkane; Amide; Ether,aligned_chunk_199.parquet,897,361285,C18H20N6O2,COc1ccc(-n2nc(C(=O)N(C)C(C)C)cc2-c2ccccn2)nn1
C18H20N6O2,0,32869,mixed error,Alkane; Amine; Arene; Ether; Nitrile,Alkane; Arene; Ether; Haloalkane; Nitrile,aligned_chunk_234.parquet,2801,492777,C18H20N6O2,N#Cc1ccc(-c2nc(N3CCOCC3)nc(N3CCOCC3)n2)cc1
C18H20N6O2,0,35351,mixed error,Alkane; Amide; Arene; Ether,Alkane; Amide; Arene; Haloalkane,aligned_chunk_70.parquet,2306,692962,C18H20N6O2,CC(C)n1ncnc1-c1cn2c(n1)-c1ccc(CC(N)=O)cc1OCC2
C18H20N6O2,0,59289,mixed error,Alkane; Amide; Ether,Alkane; Amide; Haloalkane,aligned_chunk_170.parquet,2550,262424,C18H20N6O2,COc1ccc(-n2nc(C(=O)NC(C)(C)C)nc2-c2ccccn2)cn1
C20H22N2O4,0,2956,mixed error,Alcohol; Alkane; Amide; Amine; Arene; Ether; Imide,Alcohol; Alkane; Amide; Arene; Ether; Haloalkane; Imide,aligned_chunk_50.parquet,38,619683,C20H22N2O4,CN(C)Cc1cccc(OCC(O)CN2C(=O)c3ccccc3C2=O)c1
C20H22N2O4,1,9641,mixed error,Alcohol; Alkane; Amide; Arene; Ether; Hydrazone; Phenol,Alcohol; Alkane; Arene; Nitrile; Phenol,aligned_chunk_153.parquet,27,197908,C20H22N2O4,COc1ccc(C2=NN(c3ccc(O)cc3)C(=O)C(C)(C)C2)cc1OC
C20H22N2O4,0,21729,mixed error,Alkane; Amide; Amine; Arene; Ester; Ether; Hydrazine,Alkane; Amide; Arene; Carbamate; Ether,aligned_chunk_170.parquet,541,260415,C20H22N2O4,COc1cccc(C(=O)NN2CCC[C@H]2C(=O)OCc2ccccc2)c1
C20H22N2O4,0,23500,false positive,Alkane; Amide; Arene; Ester; Ether; Imide,Alkane; Amide; Arene; Ester; Ether; Imide; Sulfide,aligned_chunk_13.parquet,1147,114830,C20H22N2O4,CCOC(=O)CCCn1c(C)ccc1CN1C(=O)c2ccccc2C1=O
C20H22N2O4,0,23704,false negative,Alcohol; Alkane; Alkene; Amine; Arene; Ester; Ether; Phenol,Alcohol; Alkane; Amine; Arene; Phenol,aligned_chunk_63.parquet,383,665289,C20H22N2O4,CCc1c(-c2ccc(C3=CCNCC3)cc2)[nH]c(=O)c(C(=O)OC)c1O
C20H22N2O4,0,32950,mixed error,Alcohol; Alkane; Amine; Arene; Ether; Phenol,Alcohol; Alkane; Alkene; Amine; Arene; Phenol,aligned_chunk_69.parquet,1364,685591,C20H22N2O4,Oc1ccc2c(c1)OC(CNCCCc1c[nH]c3ccc(O)cc13)CO2
C20H22N2O4,0,59005,mixed error,Alkane; Amine; Arene; Ester; Ether,Alkane; Amine; Arene; Ether; Haloalkane,aligned_chunk_142.parquet,2528,161397,C20H22N2O4,COC(=O)Cc1ccc(COc2ccc3[nH]c(C)cc3c2N)c(OC)c1
C20H22N2O4,0,59638,correct,Alcohol; Alkane; Arene; Carboxylic acid; Ether,Alcohol; Alkane; Arene; Carboxylic acid; Ether,aligned_chunk_104.parquet,1161,23872,C20H22N2O4,O=C(O)c1cc(CCCCCCCOc2ccc3ccccc3n2)on1
C20H22N2O4,0,77525,false negative,Alcohol; Alkane; Alkene; Amine; Arene; Ether; Nitrile,Alcohol; Alkane; Alkene; Arene; Ether; Nitrile,aligned_chunk_54.parquet,216,632806,C20H22N2O4,COc1ccc(/C(C#N)=C/c2ccc(N3CCC(O)CC3)o2)cc1OC
C15H15BrN2O2S,0,27463,correct,Alkane; Amine; Arene; Haloalkane,Alkane; Amine; Arene; Haloalkane,aligned_chunk_110.parquet,1071,46552,C15H15BrN2O2S,O=S1(=O)N(CCCBr)c2ccccc2N1c1ccccc1
C15H15BrN2O2S,0,55810,false positive,Alkane; Amine; Arene; Haloalkane; Sulfonamide,Alkane; Amine; Arene; Ether; Haloalkane; Sulfonamide,aligned_chunk_190.parquet,442,331731,C15H15BrN2O2S,O=S(=O)(NC1CNc2ccc(Br)cc2C1)c1ccccc1
C15H15BrN2O2S,1,58168,mixed error,Alkane; Arene; Carbamate; Ether; Haloalkane; Sulfide,Alkane; Amine; Arene; Ether; Haloalkane; Sulfide,aligned_chunk_161.parquet,3015,230210,C15H15BrN2O2S,Cc1sc(N2C(=O)OCC2(C)C)nc1-c1ccc(Br)cc1
C18H22O2,0,6450,correct,Alcohol; Alkane; Alkene; Arene; Phenol,Alcohol; Alkane; Alkene; Arene; Phenol,aligned_chunk_41.parquet,1597,589019,C18H22O2,C[C@@]12C=CC[C@H]1[C@@H]1C[C@@H](O)c3cc(O)ccc3[C@H]1CC2
C18H22O2,0,9078,false positive,Alcohol; Alkane; Arene; Ether,Alcohol; Alkane; Arene; Ether; Haloalkane,aligned_chunk_55.parquet,1772,637599,C18H22O2,CC(C)(C)c1ccc(OCc2ccccc2)c(CO)c1
C18H22O2,0,9809,mixed error,Alcohol; Alkane; Arene; Ketone,Alcohol; Alkane; Arene; Haloalkane; Sulfide,aligned_chunk_39.parquet,2127,579761,C18H22O2,O=C(CCCCCCCO)c1ccc2ccccc2c1
C18H22O2,0,16740,correct,Alkane; Arene; Ether,Alkane; Arene; Ether,aligned_chunk_56.parquet,3,639047,C18H22O2,CCCOc1ccc(CC)c(OCc2ccccc2)c1
C18H22O2,0,18890,false negative,Alcohol; Alkane; Arene; Ether; Phenol,Alcohol; Alkane; Arene; Phenol,aligned_chunk_143.parquet,217,162350,C18H22O2,Oc1cccc(CCCCCOCc2ccccc2)c1
C18H22O2,0,35349,correct,Alkane; Arene; Ether,Alkane; Arene; Ether,aligned_chunk_115.parquet,1571,63293,C18H22O2,COc1ccc(CCCCCOc2ccccc2)cc1
C18H22O2,0,42446,correct,Alcohol; Alkane; Arene; Ether,Alcohol; Alkane; Arene; Ether,aligned_chunk_124.parquet,3230,97396,C18H22O2,OCCCCCCOc1ccc(-c2ccccc2)cc1
C18H22O2,0,43762,correct,Alcohol; Alkane; Arene; Ether,Alcohol; Alkane; Arene; Ether,aligned_chunk_168.parquet,2589,252639,C18H22O2,OCc1ccc(CCCCCOc2ccccc2)cc1
C18H22O2,0,64417,mixed error,Alcohol; Alkane; Arene; Ether,Alcohol; Alkane; Amine; Arene,aligned_chunk_106.parquet,36,29249,C18H22O2,COCC(CO)(Cc1ccccc1)Cc1ccccc1
C18H22O2,0,66404,correct,Alcohol; Alkane; Alkene; Arene; Ketone; Phenol,Alcohol; Alkane; Alkene; Arene; Ketone; Phenol,aligned_chunk_163.parquet,669,234410,C18H22O2,CCCCC12CCC(=O)C=C1c1ccc(O)cc1CC2
C18H22O2,1,68288,mixed error,Alkane; Alkene; Arene; Ether; Ketone,Alkane; Arene; Ester; Ether; Hydrazone; Ketone; Sulfide,aligned_chunk_71.parquet,2953,696848,C18H22O2,CCCC1c2cc(OC)ccc2C2=C(C)C(=O)CCC21
C14H19NO3,0,2705,false negative,Alcohol; Alkane; Arene; Carbamate; Ether,Alcohol; Alkane; Arene; Ether,aligned_chunk_187.parquet,284,318631,C14H19NO3,CC(C)(C)OC(=O)N1CCc2c(CO)cccc21
C14H19NO3,0,6548,false positive,Aldehyde; Alkane; Arene; Carbamate; Ether,Aldehyde; Alkane; Amide; Arene; Carbamate; Ether,aligned_chunk_20.parquet,49,366856,C14H19NO3,CC(C)(C)OC(=O)N[C@@H](C=O)Cc1ccccc1
C14H19NO3,0,9483,correct,Alcohol; Alkane; Amide; Arene; Ether,Alcohol; Alkane; Amide; Arene; Ether,aligned_chunk_147.parquet,3084,178336,C14H19NO3,CC(CO)CCOc1ccc2c(c1)NC(=O)CC2
C14H19NO3,0,9564,false positive,Alkane; Arene; Carbamate; Ether,Alkane; Amine; Arene; Carbamate; Ether,aligned_chunk_91.parquet,1345,766487,C14H19NO3,COc1cccc2c1CN(C(=O)OC(C)(C)C)C2
C14H19NO3,0,17778,correct,Alkane; Amine; Arene; Ester; Ether,Alkane; Amine; Arene; Ester; Ether,aligned_chunk_148.parquet,1663,180196,C14H19NO3,COC(=O)c1cccc(OCC2CCNCC2)c1
C14H19NO3,0,26410,correct,Alkane; Arene; Ether,Alkane; Arene; Ether,aligned_chunk_238.parquet,2223,505108,C14H19NO3,COc1ccc(C(C)=NO)cc1OC1CCCC1
C14H19NO3,0,27620,correct,Alcohol; Alkane; Amide; Arene; Carboxylic acid,Alcohol; Alkane; Amide; Arene; Carboxylic acid,aligned_chunk_30.parquet,1300,549637,C14H19NO3,CC(C)(CCC(=O)NCc1ccccc1)C(=O)O
C14H19NO3,1,29789,mixed error,Alcohol; Alkane; Amine; Arene; Ester; Ether; Phenol,Alcohol; Alkane; Arene; Ether; Phenol; Sulfide,aligned_chunk_137.parquet,3069,142592,C14H19NO3,CCC(=O)OCCN1CCCc2ccc(O)cc21
C14H19NO3,0,30925,false positive,Alkane; Arene; Carbamate; Ether,Alkane; Arene; Carbamate; Ether; Haloalkane,aligned_chunk_234.parquet,327,490303,C14H19NO3,COc1ccc2c(c1)CCN2C(=O)OC(C)(C)C
C14H19NO3,0,33620,false positive,Alkane; Ester; Ether,Alkane; Ester; Ether; Haloalkane,aligned_chunk_16.parquet,511,221159,C14H19NO3,COC(=O)[C@@H]1CC[C@@H](Oc2cccc(C)n2)CC1
C14H19NO3,0,34385,false negative,Alkane; Amine; Arene; Ester; Ether,Alkane; Amine; Arene; Ether,aligned_chunk_97.parquet,1782,786419,C14H19NO3,COC(=O)CCN1COC(c2ccccc2)C1C
C14H19NO3,0,34504,correct,Alkane; Ester; Ether,Alkane; Ester; Ether,aligned_chunk_174.parquet,1329,274287,C14H19NO3,CCOC(=O)[C@@H]1CC[C@H](Oc2ccncc2)CC1
C14H19NO3,0,36399,false negative,Alkane; Amine; Arene; Ester; Ether; Ketone,Alkane; Arene; Ester; Ether; Ketone,aligned_chunk_131.parquet,1804,121968,C14H19NO3,CC(=O)CC(=O)OCCN(C)Cc1ccccc1
C14H19NO3,0,40724,false negative,Alcohol; Alkane; Amide; Arene; Carboxylic acid,Alcohol; Alkane; Amide; Carboxylic acid,aligned_chunk_112.parquet,1885,53834,C14H19NO3,Cc1cc(C)c(CC(=O)N(C)CC(=O)O)c(C)c1
C14H19NO3,0,41507,correct,Alcohol; Alkane; Arene; Carbamate; Ether,Alcohol; Alkane; Arene; Carbamate; Ether,aligned_chunk_4.parquet,1406,582232,C14H19NO3,CC1(O)CCCN(C(=O)OCc2ccccc2)C1
C14H19NO3,0,41523,mixed error,Aldehyde; Alkane; Arene; Carbamate; Ether,Alkane; Arene; Carbamate; Ether; Sulfide,aligned_chunk_204.parquet,798,383776,C14H19NO3,CC(C)(C)OC(=O)N[C@H](CC=O)c1ccccc1
C14H19NO3,0,47561,false positive,Alkane; Ester; Ether,Alkane; Arene; Ester; Ether; Haloalkane,aligned_chunk_88.parquet,2050,754185,C14H19NO3,CCOC(=O)c1cc2c([n+]([O-])c1C)CCCCC2
C14H19NO3,0,50605,correct,Alkane; Amine; Arene; Ester; Ether,Alkane; Amine; Arene; Ester; Ether,aligned_chunk_135.parquet,1482,134542,C14H19NO3,CCOC(=O)[C@H]1CN(Cc2ccccc2)CCO1
C14H19NO3,0,51135,false positive,Alcohol; Alkane; Arene; Carbamate; Ether,Alcohol; Alkane; Arene; Carbamate; Ether; Ketone,aligned_chunk_203.parquet,3035,382782,C14H19NO3,CC1(O)CCN(C(=O)OCc2ccccc2)CC1
C14H19NO3,0,52290,correct,Alkane; Amine; Arene; Ester; Ether; Ketone,Alkane; Amine; Arene; Ester; Ether; Ketone,aligned_chunk_1.parquet,2670,5905,C14H19NO3,COC(=O)C(NCC(=O)c1ccccc1)C(C)C
C14H19NO3,0,58655,false negative,Alkane; Amide; Arene; Ester; Ether,Alkane; Amide; Arene,aligned_chunk_97.parquet,868,785505,C14H19NO3,COC(=O)CCc1ccc(CCNC(C)=O)cc1
C14H19NO3,0,62743,false positive,Alcohol; Alkane; Arene; Carbamate; Ether,Alcohol; Alkane; Arene; Carbamate; Ester; Ether,aligned_chunk_4.parquet,808,581634,C14H19NO3,CC(O)C1CCN(C(=O)OCc2ccccc2)C1
C14H19NO3,0,62760,false positive,Alcohol; Alkane; Ester; Ether,Alcohol; Alkane; Ester; Ether; Haloalkane,aligned_chunk_85.parquet,1435,743782,C14H19NO3,CCOC(=O)c1cc2c(nc1C)CCCCC2O
C14H19NO3,0,64195,correct,Alkane; Arene; Carbamate; Ether; Ketone,Alkane; Arene; Carbamate; Ether; Ketone,aligned_chunk_203.parquet,3080,382827,C14H19NO3,CC(NC(=O)OC(C)(C)C)C(=O)c1ccccc1
C14H19NO3,0,64216,false positive,Alcohol; Alkane; Arene; Carbamate; Ether,Alcohol; Alkane; Arene; Carbamate; Ester; Ether,aligned_chunk_77.parquet,3249,716454,C14H19NO3,O=C(N[C@H](CO)CC1CC1)OCc1ccccc1
C14H19NO3,0,66665,false positive,Alkane; Arene; Carbamate; Ether; Ketone,Alkane; Arene; Carbamate; Ester; Ether; Ketone,aligned_chunk_27.parquet,1478,536729,C14H19NO3,CC(=O)[C@@H](NC(=O)OC(C)(C)C)c1ccccc1
C14H19NO3,0,67671,correct,Alkane; Alkene; Amine; Arene; Enamine; Ester; Ether,Alkane; Alkene; Amine; Arene; Enamine; Ester; Ether,aligned_chunk_148.parquet,587,179120,C14H19NO3,CCOC(=O)C(=CN(C)C)c1ccc(OC)cc1
C14H19NO3,0,68230,false negative,Alcohol; Alkane; Amide; Arene; Ether,Alcohol; Alkane; Amide; Arene,aligned_chunk_184.parquet,1576,310128,C14H19NO3,CC1(CCO)OCCN(Cc2ccccc2)C1=O
C14H19NO3,0,68378,false positive,Alkane; Amine; Arene; Ester; Ether,Alkane; Amine; Arene; Ester; Ether; Sulfoxide,aligned_chunk_207.parquet,2681,395392,C14H19NO3,COC(=O)c1ccc2c(c1)OCCN[C@@H]2C(C)C
C14H19NO3,0,69581,mixed error,Alkane; Amide; Arene; Ether; Ketone,Alkane; Arene; Haloalkane; Ketone,aligned_chunk_8.parquet,2105,725040,C14H19NO3,CCN(CC)C(=O)COc1ccc(C(C)=O)cc1
C14H19NO3,0,70758,mixed error,Alcohol; Alkane; Amide; Arene; Ether,Alcohol; Alkane; Amide; Arene; Phenol,aligned_chunk_50.parquet,1291,620936,C14H19NO3,O=C(CCOc1ccccc1)N1CCC[C@H]1CO
C14H19NO3,0,72328,correct,Alcohol; Alkane; Amide; Arene; Carboxylic acid,Alcohol; Alkane; Amide; Arene; Carboxylic acid,aligned_chunk_105.parquet,2632,28587,C14H19NO3,CC(NC(=O)c1ccc(C(C)(C)C)cc1)C(=O)O
C14H19NO3,0,77594,mixed error,Alcohol; Alkane; Amine; Arene; Ester; Ether; Phenol,Alcohol; Alkane; Alkene; Amine; Arene; Ether; Ketone; Phenol,aligned_chunk_200.parquet,2242,372303,C14H19NO3,CCOC(=O)C[C@@H]1CCCN1c1ccc(O)cc1
C14H19NO3,0,79386,false positive,Aldehyde; Alkane; Arene; Carbamate; Ether,Aldehyde; Alkane; Arene; Carbamate; Ether; Haloalkane,aligned_chunk_228.parquet,585,467869,C14H19NO3,CC(C)(C)OC(=O)NCCc1ccc(C=O)cc1
C7H6BrF3N2,1,26699,correct,Amine; Arene; Haloalkane,Amine; Arene; Haloalkane,aligned_chunk_95.parquet,2022,780164,C7H6BrF3N2,Nc1cc(Br)c(N)c(C(F)(F)F)c1
C7H6BrF3N2,0,65767,correct,Amine; Arene; Haloalkane,Amine; Arene; Haloalkane,aligned_chunk_105.parquet,3082,29037,C7H6BrF3N2,Nc1cc(Br)c(C(F)(F)F)cc1N
C9H10ClNO3S,0,11804,false negative,Alkane; Amide; Ester; Ether; Haloalkane; Sulfide,Alkane; Ester; Ether; Haloalkane; Sulfide,aligned_chunk_203.parquet,3127,382874,C9H10ClNO3S,COC(=O)c1cscc1NC(=O)C(C)Cl
C9H10ClNO3S,1,62030,mixed error,Alkane; Arene; Haloalkane; Sulfone,Alkane; Sulfide; Sulfone,aligned_chunk_202.parquet,2349,378853,C9H10ClNO3S,Cc1c(Cl)ccc(S(C)(=O)=O)c1C=NO
C9H10ClNO3S,0,68654,false negative,Alkane; Amine; Arene; Haloalkane; Ketone; Sulfonamide,Alkane; Amine; Arene; Haloalkane; Sulfonamide,aligned_chunk_241.parquet,2738,518562,C9H10ClNO3S,CC(=O)c1ccc(NS(C)(=O)=O)c(Cl)c1
C17H24Cl2N2O2,1,14216,correct,Alkane; Amine; Arene; Carbamate; Ether; Haloalkane,Alkane; Amine; Arene; Carbamate; Ether; Haloalkane,aligned_chunk_33.parquet,639,558763,C17H24Cl2N2O2,CCN(C(=O)OC(C)(C)C)[C@@H]1CNC[C@H]1c1ccc(Cl)c(Cl)c1
C21H23N7O,1,10724,mixed error,Alkane; Arene; Ether,Arene; Haloalkane; Sulfide,aligned_chunk_27.parquet,951,536202,C21H23N7O,Cc1nc(-c2cn3c(n2)-c2cc(-c4cnn(C)c4)ccc2OCC3)n(C(C)C)n1
C21H23N7O,0,10795,mixed error,Alkane; Alkene; Amide; Amine; Arene,Alkene; Amine; Arene; Haloalkane,aligned_chunk_9.parquet,2608,761238,C21H23N7O,CN(C)C/C=C/C(=O)Nc1cccc(Nc2cc(Nc3ccccc3)ncn2)n1
C21H23N7O,0,17208,false positive,Alkane,Alkane; Amine,aligned_chunk_112.parquet,1258,53207,C21H23N7O,CCc1[nH]n(C2CCCC2)c2nc(-c3cc(C)nc(-n4ccnc4)c3)nc(=O)c1-2
C21H23N7O,0,21205,mixed error,Alkane; Amine,Alkane; Amide; Arene; Haloalkane,aligned_chunk_218.parquet,3013,434631,C21H23N7O,Cc1cc(-c2ccc3c(n2)N(C(=O)Nc2cnn(C)c2)[C@H]2CCCN3C2)ccn1
C21H23N7O,0,22549,mixed error,Alkane; Amide; Amine; Arene,Alkane; Amide; Haloalkane,aligned_chunk_204.parquet,1769,384747,C21H23N7O,CCc1cc(-c2cnn(CC(N)=O)c2)ccc1N(C)c1cc2c(cn1)ncn2C
C21H23N7O,0,32170,false negative,Alkane; Amide; Amine; Nitrile,Alkane; Amine; Nitrile,aligned_chunk_180.parquet,970,296591,C21H23N7O,N#Cc1cc2c(cn1)[nH]c1nccc(N3CCN(C(=O)C[C@@H]4CCCN4)CC3)c12
C21H23N7O,0,46237,false negative,Alkane; Arene; Ether,Alkane; Arene,aligned_chunk_230.parquet,1774,478789,C21H23N7O,COCc1nc(C)nn1-c1cc([C@@H]2C[C@H]2c2nc3ccccc3n2C)nc(C)n1
C21H23N7O,0,50707,false positive,Alkane; Amine; Arene,Alkane; Amine; Arene; Ether; Haloalkane,aligned_chunk_34.parquet,622,562042,C21H23N7O,CN(C)C1CCN(c2ccc3[nH]c(-c4c(N)c5ncccc5[nH]c4=O)nc3c2)C1
C13H15NO3,0,1388,false negative,Alkane; Arene; Carbamate; Ether; Ketone,Alkane; Arene; Carbamate; Ether,aligned_chunk_45.parquet,344,600463,C13H15NO3,CC1(NC(=O)OCc2ccccc2)CC(=O)C1
C13H15NO3,0,1580,false positive,Alkane; Arene; Ether; Nitrile,Alkane; Alkene; Arene; Ether; Haloalkane; Nitrile,aligned_chunk_158.parquet,219,214346,C13H15NO3,CC1(C)OC[C@@H](COc2ccccc2C#N)O1
C13H15NO3,0,2727,false negative,Alkane; Alkene; Amide; Arene; Ester; Ether,Alkane; Amide; Arene; Ester; Ether,aligned_chunk_125.parquet,2007,99404,C13H15NO3,C=CCCC(=O)Nc1cccc(C(=O)OC)c1
C13H15NO3,0,7191,false positive,Alcohol; Alkane; Arene; Carboxylic acid; Ether,Alcohol; Alkane; Arene; Carboxylic acid; Ester; Ether,aligned_chunk_37.parquet,2918,574067,C13H15NO3,CC(C)[C@H]1COC(c2ccc(C(=O)O)cc2)=N1
C13H15NO3,0,7392,correct,Alkane; Amide; Arene; Ester; Ether,Alkane; Amide; Arene; Ester; Ether,aligned_chunk_149.parquet,848,182612,C13H15NO3,CCOC(=O)c1ccc(N2CCCC2=O)cc1
C13H15NO3,0,7972,false negative,Alkane; Amide; Arene; Ether; Ketone,Alkane; Arene; Ether; Ketone,aligned_chunk_210.parquet,2472,408077,C13H15NO3,COc1cc2c(cc1C(=O)N(C)C)C(=O)CC2
C13H15NO3,0,14424,mixed error,Alkane; Arene,Arene; Haloalkane,aligned_chunk_40.parquet,2859,586965,C13H15NO3,CCCCCc1ccc2[nH]c(=O)oc(=O)c2c1
C13H15NO3,0,16522,mixed error,Alcohol; Alkane; Alkyne; Ester; Ether; Phenol,Alcohol; Alkane; Ester; Ether; Ketone; Phenol,aligned_chunk_123.parquet,647,91581,C13H15NO3,CC#C[C@H](CC(=O)OCC)c1ccc(O)nc1
C13H15NO3,0,18272,correct,Alkane; Arene; Ester; Ether,Alkane; Arene; Ester; Ether,aligned_chunk_193.parquet,2062,343087,C13H15NO3,CCOC(=O)c1[nH]c2cc(OC)ccc2c1C
C13H15NO3,0,20100,mixed error,Alkane; Alkene; Amine; Arene; Enamine; Ester; Ether,Alkane; Alkene; Amine; Arene; Enamine; Ether; Haloalkane,aligned_chunk_56.parquet,124,639168,C13H15NO3,COc1ccccc1NC=C1CCCOC1=O
C13H15NO3,0,20541,false negative,Alcohol; Alkane; Arene; Carboxylic acid; Ether,Alcohol; Arene; Carboxylic acid,aligned_chunk_201.parquet,2186,375482,C13H15NO3,COCCCn1ccc2ccc(C(=O)O)cc21
C13H15NO3,0,27270,false positive,Alcohol; Alkane; Amide; Arene; Carboxylic acid,Alcohol; Alkane; Amide; Arene; Carboxylic acid; Ether,aligned_chunk_162.parquet,2406,232887,C13H15NO3,Cc1cc(C(=O)O)ccc1N1CCCCC1=O
C13H15NO3,0,28131,false negative,Alkane; Amide; Arene; Ether; Ketone,Alkane; Amide; Arene,aligned_chunk_156.parquet,1927,209489,C13H15NO3,NC(=O)c1ccc(OC2CCC(=O)CC2)cc1
C13H15NO3,0,29420,false positive,Alkane; Arene,Alkane; Amide; Arene,aligned_chunk_228.parquet,2562,469846,C13H15NO3,CCCCCn1c(=O)oc(=O)c2ccccc21
C13H15NO3,0,37006,false positive,Alcohol; Alkane; Arene; Ether; Nitrile,Alcohol; Alkane; Arene; Ether; Haloalkane; Nitrile,aligned_chunk_137.parquet,1431,140954,C13H15NO3,COc1cc2c(cc1OC)C(O)(C#N)CCC2
C13H15NO3,1,37369,mixed error,Alkane; Alkene; Amide; Arene; Ether,Alkane; Amide; Amine; Arene; Ether; Haloalkane,aligned_chunk_100.parquet,1193,10945,C13H15NO3,COC1=CC(=O)N(Cc2ccc(OC)cc2)C1
C13H15NO3,0,37765,mixed error,Aldehyde; Alkane; Amide; Arene; Ether,Alkane; Amide; Arene; Carbamate; Ether; Haloalkane,aligned_chunk_153.parquet,1709,199590,C13H15NO3,COc1cc2c(cc1C=O)N(C)C(=O)CC2C
C13H15NO3,0,39363,false negative,Alcohol; Alkane; Alkyne; Amine; Arene; Carboxylic acid; Ether,Alcohol; Alkane; Amine; Arene; Carboxylic acid; Ether,aligned_chunk_193.parquet,2811,343836,C13H15NO3,CC#CCOc1ccc(C[C@H](N)C(=O)O)cc1
C13H15NO3,0,40777,false positive,Alcohol; Alkane; Amide; Arene; Carboxylic acid,Alcohol; Alkane; Amide; Arene; Carboxylic acid; Sulfide,aligned_chunk_73.parquet,1045,701399,C13H15NO3,CN1C(=O)C(CCCC(=O)O)c2ccccc21
C13H15NO3,0,43261,correct,Alkane; Alkene; Amide; Arene; Ester; Ether,Alkane; Alkene; Amide; Arene; Ester; Ether,aligned_chunk_146.parquet,2265,174208,C13H15NO3,C=CC(=O)N[C@@H](Cc1ccccc1)C(=O)OC
C13H15NO3,0,43277,mixed error,Aldehyde; Alkane; Arene; Carbamate; Ether,Alkane; Arene; Carbamate; Ester; Ether,aligned_chunk_53.parquet,2432,631808,C13H15NO3,C[C@@H](C=O)[C@H]1COC(=O)N1Cc1ccccc1
C13H15NO3,0,45017,mixed error,Alkane; Amide; Arene,Alkane; Amine; Arene,aligned_chunk_57.parquet,1009,643258,C13H15NO3,CON(C)C(=O)c1oc2cc(C)ccc2c1C
C13H15NO3,0,48416,mixed error,Alcohol; Alkane; Amide; Arene; Ketone; Phenol,Alcohol; Alkane; Alkene; Arene; Ketone; Phenol,aligned_chunk_181.parquet,1641,300528,C13H15NO3,CC(=O)c1cc(C(=O)N2CCCC2)ccc1O
C13H15NO3,0,49150,correct,Alkane; Arene; Carbamate; Ether; Ketone,Alkane; Arene; Carbamate; Ether; Ketone,aligned_chunk_30.parquet,2192,550529,C13H15NO3,CC(C)(C)OC(=O)N1CC(=O)c2ccccc21
C13H15NO3,0,52597,correct,Alkane; Amide; Arene; Ether,Alkane; Amide; Arene; Ether,aligned_chunk_111.parquet,356,49095,C13H15NO3,O=C1CC(c2cccc(OCC3CO3)c2)CN1
C13H15NO3,0,57110,false positive,Alkane; Amide; Arene; Ether,Alkane; Amide; Amine; Arene; Ether,aligned_chunk_139.parquet,2188,148176,C13H15NO3,Cc1ccc2c(c1)NC(=O)C1(CCOCC1)O2
C13H15NO3,0,61139,correct,Alkane; Ester; Ether,Alkane; Ester; Ether,aligned_chunk_179.parquet,1754,290893,C13H15NO3,COC(=O)C1C2CCC(O2)C1c1ccncc1
C13H15NO3,0,66290,correct,Alkane; Amide; Arene; Ester; Ether,Alkane; Amide; Arene; Ester; Ether,aligned_chunk_92.parquet,1670,770075,C13H15NO3,CCOC(=O)C1Cc2ccccc2N(C)C1=O
C13H15NO3,0,68084,false positive,Alcohol; Alkane; Arene; Ester; Ether; Nitrile; Phenol,Alcohol; Alkane; Arene; Ester; Ether; Ketone; Nitrile; Phenol,aligned_chunk_142.parquet,716,159585,C13H15NO3,CCOC(=O)CCCc1ccc(C#N)c(O)c1
C20H15ClFN7,1,37,correct,Alkane; Amine; Arene; Haloalkane,Alkane; Amine; Arene; Haloalkane,aligned_chunk_152.parquet,2631,197318,C20H15ClFN7,CC(Nc1ncnc2[nH]cnc12)c1cc(Cl)c2cncn2c1-c1cccc(F)c1
C11H15NO2,0,200,correct,Alkane; Amine; Arene; Ester; Ether,Alkane; Amine; Arene; Ester; Ether,aligned_chunk_125.parquet,2620,100017,C11H15NO2,CCN(CC(=O)OC)c1ccccc1
C11H15NO2,0,1847,correct,Alkane; Amine; Arene; Ester; Ether,Alkane; Amine; Arene; Ester; Ether,aligned_chunk_12.parquet,1120,79039,C11H15NO2,CC(C)(C)OC(=O)c1ccccc1N
C11H15NO2,0,2187,correct,Alkane; Amine; Arene; Ester; Ether,Alkane; Amine; Arene; Ester; Ether,aligned_chunk_144.parquet,2411,167818,C11H15NO2,CCCOC(=O)[C@H](N)c1ccccc1
C11H15NO2,0,2593,correct,Alkane; Amide; Arene; Ether,Alkane; Amide; Arene; Ether,aligned_chunk_17.parquet,1035,257531,C11H15NO2,CC(=O)NCCOc1ccc(C)cc1
C11H15NO2,0,6562,false negative,Alcohol; Alkane; Amine; Arene; Ether,Alcohol; Alkane; Amine; Arene,aligned_chunk_243.parquet,1442,523751,C11H15NO2,COc1cccc2c1C[C@@H](O)[C@H](N)C2
C11H15NO2,0,10728,correct,Alkane; Amine; Arene; Ester; Ether,Alkane; Amine; Arene; Ester; Ether,aligned_chunk_136.parquet,1204,137522,C11H15NO2,CC[C@H](N)C(=O)OCc1ccccc1
C11H15NO2,0,14404,false negative,Alcohol; Alkane; Amine; Arene; Ether,Alcohol; Alkane; Amine; Arene,aligned_chunk_124.parquet,2805,96971,C11H15NO2,OCc1ccc(N2CCOCC2)cc1
C11H15NO2,0,15683,correct,Alcohol; Alkane; Amine; Arene; Ether,Alcohol; Alkane; Amine; Arene; Ether,aligned_chunk_46.parquet,2405,605793,C11H15NO2,COc1ccc2c(c1)C(O)(CN)CC2
C11H15NO2,0,16817,false negative,Alkane; Amide; Arene; Ether,Alkane; Amide; Arene,aligned_chunk_5.parquet,1098,617451,C11H15NO2,COCc1ccccc1CNC(C)=O
C11H15NO2,0,18614,false negative,Alkane; Amine; Arene; Ether,Alkane; Amine; Arene,aligned_chunk_90.parquet,3165,765017,C11H15NO2,CC1(C)OC[C@H](c2ccc(N)cc2)O1
C11H15NO2,0,20241,false positive,Alkane; Amine; Arene; Ether,Alkane; Amine; Arene; Ether; Haloalkane,aligned_chunk_76.parquet,392,710409,C11H15NO2,CC(C)(C)c1cc2c(cc1N)OCO2
C11H15NO2,0,22025,false positive,Alkane; Ester; Ether,Alkane; Ester; Ether; Haloalkane; Ketone,aligned_chunk_63.parquet,236,665142,C11H15NO2,CCOC(=O)c1cc(CC)cnc1C
C11H15NO2,0,22045,false negative,Alkane; Alkene; Amine; Arene; Ether,Alkane; Amine; Arene; Ether,aligned_chunk_145.parquet,432,169107,C11H15NO2,C=C(C)c1c(OC)cc(N)cc1OC
C11H15NO2,0,22490,correct,Alcohol; Alkane; Amine; Arene; Carboxylic acid,Alcohol; Alkane; Amine; Arene; Carboxylic acid,aligned_chunk_135.parquet,2998,136058,C11H15NO2,CC(C)CNc1ccccc1C(=O)O
C11H15NO2,0,23764,false negative,Alkane; Ether,Alkane,aligned_chunk_222.parquet,1044,448841,C11H15NO2,c1cc(OCC2CCOCC2)ccn1
C11H15NO2,0,24253,mixed error,Alkane; Amine; Arene; Ether,Alkane; Amine; Arene; Haloalkane,aligned_chunk_108.parquet,2219,37951,C11H15NO2,Cc1ccc(C2(C)OCCO2)cc1N
C11H15NO2,0,25117,correct,Alkane; Ester; Ether,Alkane; Ester; Ether,aligned_chunk_29.parquet,2032,543853,C11H15NO2,CCOC(=O)C(C)Cc1ccncc1
C11H15NO2,0,25259,false negative,Alcohol; Alkane; Amide; Arene; Phenol,Alcohol; Amide; Arene; Phenol,aligned_chunk_108.parquet,1608,37340,C11H15NO2,CC(=O)Nc1c(C)cc(O)c(C)c1C
C11H15NO2,0,26586,mixed error,Alcohol; Alkane; Arene; Phenol,Alcohol; Alkane; Arene; Ether,aligned_chunk_34.parquet,1036,562456,C11H15NO2,CCN(C=O)CCc1ccc(O)cc1
C11H15NO2,0,27326,mixed error,Alkane; Amide; Arene; Ether,Alkane; Amide; Arene; Haloalkane,aligned_chunk_79.parquet,3126,722851,C11H15NO2,COc1c(C)cc(NC(C)=O)cc1C
C11H15NO2,0,30312,correct,Alkane; Amine; Arene; Ester; Ether,Alkane; Amine; Arene; Ester; Ether,aligned_chunk_158.parquet,1053,215180,C11H15NO2,CC(C)COC(=O)c1ccccc1N
C11H15NO2,0,30450,false positive,Alcohol; Alkane; Carboxylic acid,Alcohol; Alkane; Amide; Amine; Carboxylic acid,aligned_chunk_74.parquet,1298,704891,C11H15NO2,Cc1cc(C(=O)O)cnc1CC(C)C
C11H15NO2,0,30724,correct,Alcohol; Alkane; Amine; Arene; Carboxylic acid,Alcohol; Alkane; Amine; Arene; Carboxylic acid,aligned_chunk_235.parquet,2112,495331,C11H15NO2,CC(C(=O)O)c1ccccc1N(C)C
C11H15NO2,0,33903,correct,Alkane; Amine; Arene; Ester; Ether,Alkane; Amine; Arene; Ester; Ether,aligned_chunk_120.parquet,561,81729,C11H15NO2,CNC(CC(=O)OC)c1ccccc1
C11H15NO2,0,36272,correct,Alkane; Amine; Arene; Ether,Alkane; Amine; Arene; Ether,aligned_chunk_59.parquet,1000,649652,C11H15NO2,Nc1cccc(OC2CCCCO2)c1
C11H15NO2,1,38495,mixed error,Alkane; Alkene; Ether; Imine,Alkane; Alkene; Ester; Ether; Ketone,aligned_chunk_193.parquet,2224,343249,C11H15NO2,CCOC1(C=NC(C)=O)C=CC=CC1
C11H15NO2,0,40192,mixed error,Alcohol; Alkane; Amine; Arene; Ether; Phenol,Alcohol; Amine; Arene; Phenol; Sulfide,aligned_chunk_146.parquet,1255,173198,C11H15NO2,Oc1ccccc1NC1CCOCC1
C11H15NO2,0,42174,correct,Alkane; Amine; Arene; Ether,Alkane; Amine; Arene; Ether,aligned_chunk_65.parquet,846,672124,C11H15NO2,COCOc1cc2c(cc1N)CCC2
C11H15NO2,0,42249,correct,Alkane; Amine; Arene; Ester; Ether,Alkane; Amine; Arene; Ester; Ether,aligned_chunk_220.parquet,1533,442879,C11H15NO2,NCCCC(=O)OCc1ccccc1
C11H15NO2,0,43913,mixed error,Alcohol; Alkane; Amine; Arene,Alcohol; Alkane; Arene; Ether,aligned_chunk_168.parquet,672,250722,C11H15NO2,OC[C@@]1(c2ccccc2)CC(O)CN1
C11H15NO2,0,48328,false negative,Alcohol; Alkane; Amide; Arene; Phenol,Alcohol; Amide; Arene; Phenol,aligned_chunk_39.parquet,219,577853,C11H15NO2,CCN(CC)C(=O)c1ccc(O)cc1
C11H15NO2,0,48575,correct,Alcohol; Alkane; Amide; Arene; Phenol,Alcohol; Alkane; Amide; Arene; Phenol,aligned_chunk_12.parquet,1711,79630,C11H15NO2,CCC(=O)NCCc1ccc(O)cc1
C11H15NO2,0,56955,false positive,Alkane; Amide; Arene; Ether,Aldehyde; Alkane; Amide; Arene; Ether; Haloalkane,aligned_chunk_134.parquet,402,130230,C11H15NO2,CCc1cc(CC(N)=O)ccc1OC
C11H15NO2,0,61220,false positive,Alkane; Arene; Ether,Alcohol; Alkane; Alkene; Arene; Ether,aligned_chunk_231.parquet,885,481152,C11H15NO2,CC(COc1cc(C)cc(C)c1)=NO
C11H15NO2,0,65538,false positive,Alkane; Ester; Ether,Alkane; Ester; Ether; Ketone,aligned_chunk_28.parquet,618,539110,C11H15NO2,CCOC(=O)C(C)(C)c1cccnc1
C11H15NO2,0,68828,false positive,Alcohol; Alkane; Ketone,Alcohol; Alkane; Arene; Ether; Ketone,aligned_chunk_16.parquet,2827,223475,C11H15NO2,CC(C)CC(=O)c1ccc(CO)nc1
C11H15NO2,0,72560,correct,Alcohol; Alkane; Amine; Arene; Carboxylic acid,Alcohol; Alkane; Amine; Arene; Carboxylic acid,aligned_chunk_9.parquet,2375,761005,C11H15NO2,CCC(N)(Cc1ccccc1)C(=O)O
C11H15NO2,0,76556,correct,Alkane; Amine; Arene; Ester; Ether,Alkane; Amine; Arene; Ester; Ether,aligned_chunk_231.parquet,2011,482278,C11H15NO2,CCOC(=O)[C@](C)(N)c1ccccc1
C11H15NO2,0,76941,false negative,Alkane; Amide; Arene; Ether,Alkane; Amide,aligned_chunk_189.parquet,2434,327233,C11H15NO2,CCCOc1ccc(C)cc1C(N)=O
C21H23FN4O2,0,55263,false positive,Alkane; Amine; Arene; Ether; Haloalkane,Alkane; Amine; Arene; Ether; Haloalkane; Ketone,aligned_chunk_160.parquet,284,224208,C21H23FN4O2,COc1ccc(F)cc1-c1noc(-c2ccc(N3CCCCC3C)c(N)c2)n1
C21H23FN4O2,1,62007,false negative,Alkane; Amide; Arene; Ether; Haloalkane,Alkane; Arene; Ether,aligned_chunk_199.parquet,2435,362823,C21H23FN4O2,COc1ccc(F)cc1CN(C)C(=O)CCCn1cc(-c2ccncc2)cn1
C16H16F2N2O4S,1,46327,mixed error,Alkane; Amine; Arene; Carbamate; Ether; Haloalkane; Sulfonamide,Alkane; Amide; Amine; Arene; Ether; Haloalkane; Sulfonamide,aligned_chunk_141.parquet,686,156337,C16H16F2N2O4S,CCCS(=O)(=O)Nc1ccc(F)c(NC(=O)Oc2ccccc2)c1F
C11H12F3NO,0,20891,mixed error,Alkane; Amide; Arene; Haloalkane,Amide; Arene; Ether; Haloalkane,aligned_chunk_16.parquet,1007,221655,C11H12F3NO,CC(C)(C)NC(=O)c1cc(F)c(F)cc1F
C11H12F3NO,0,53625,false negative,Aldehyde; Alkane; Amine; Arene; Haloalkane,Aldehyde; Alkane; Haloalkane,aligned_chunk_123.parquet,302,91236,C11H12F3NO,CN(C)Cc1cc(C=O)cc(C(F)(F)F)c1
C11H12F3NO,1,72558,mixed error,Aldehyde; Alkane; Amine; Arene; Haloalkane,Alkane; Amine; Arene; Ester; Ether; Haloalkane,aligned_chunk_225.parquet,1627,459156,C11H12F3NO,CCCNc1cc(C(F)(F)F)ccc1C=O
C25H25F2N3O3,1,18628,mixed error,Alkane; Amide; Arene; Carbamate; Ether; Haloalkane,Alkane; Amide; Amine; Arene; Carbamate; Ether,aligned_chunk_203.parquet,1229,380976,C25H25F2N3O3,CC(C)(C)OC(=O)N[C@@H](Cc1cccc(F)c1)c1ncccc1-c1ccc(F)c(C(N)=O)c1
C16H14F2O3,1,11097,mixed error,Alkane; Arene; Ether; Haloalkane,Alkane; Arene; Ether; Sulfide,aligned_chunk_67.parquet,1592,679333,C16H14F2O3,Fc1ccc(OCC2CO2)c(OCc2ccccc2)c1F
C16H14F2O3,0,60643,false negative,Alcohol; Alkane; Arene; Ester; Ether; Haloalkane; Phenol,Alcohol; Alkane; Arene; Ether; Haloalkane; Phenol,aligned_chunk_80.parquet,2220,728380,C16H14F2O3,CCCOC(=O)c1cc(-c2ccc(F)cc2F)ccc1O
C19H28N4O2S,1,29735,mixed error,Alkane; Amine; Arene; Carbamate; Ether; Sulfide,Alkane; Amine; Arene; Carbamate; Ester; Ether,aligned_chunk_162.parquet,3156,233637,C19H28N4O2S,Cc1nn(CCN(C)C(=O)OC(C)(C)C)c(C)c1Sc1ccc(N)cc1
C17H26ClN5O4,1,37444,false negative,Alkane; Amide; Amine; Arene; Ether; Haloalkane,Alkane; Amine; Ether; Haloalkane,aligned_chunk_175.parquet,1538,277761,C17H26ClN5O4,COc1cc(N)c(Cl)cc1C(=O)N[C@H]1CCN(CCC(N)=NO)C[C@H]1OC
C16H23N3O3,1,691,mixed error,Alkane; Carbamate; Ether; Imine,Alkane; Amine; Carbamate; Ether,aligned_chunk_0.parquet,1681,1681,C16H23N3O3,COC(=O)NCCCc1cc(C(C)=NC2CC2)cc(OC)n1
C16H23N3O3,0,10059,false positive,Alkane; Amine; Arene; Carbamate; Ether,Alkane; Amine; Arene; Carbamate; Ester; Ether,aligned_chunk_17.parquet,2655,259151,C16H23N3O3,CC(C)(C)OC(=O)N[C@H]1CCCc2c(C(=N)NO)cccc21
C16H23N3O3,0,17913,correct,Alkane; Amide; Carbamate; Ether,Alkane; Amide; Carbamate; Ether,aligned_chunk_243.parquet,1864,524173,C16H23N3O3,CC(C)(C)OC(=O)N1CCC(C(N)=O)(c2cccnc2)CC1
C16H23N3O3,0,24152,mixed error,Alcohol; Alkane; Amine; Arene; Carbamate; Ether,Alkane; Amine; Arene; Carbamate; Ether; Sulfide,aligned_chunk_5.parquet,229,616582,C16H23N3O3,CC(C)(C)OC(=O)N1CC(NCCO)=Nc2ccccc2C1
C16H23N3O3,0,38144,false positive,Alkane; Arene; Carbamate; Ether,Alkane; Alkene; Arene; Carbamate; Ether,aligned_chunk_183.parquet,694,306026,C16H23N3O3,CC(C)NC(=O)N1CCN(C(=O)OCc2ccccc2)CC1
C16H23N3O3,0,58891,false negative,Alkane; Amide; Amine; Arene; Ether,Alkane; Amine; Arene; Ether,aligned_chunk_138.parquet,132,142878,C16H23N3O3,COc1cc2c(cc1N)N(C(=O)CCN1CCOCC1)CC2
C16H23N3O3,0,59178,correct,Alkane; Amine; Arene; Carbamate; Ether,Alkane; Amine; Arene; Carbamate; Ether,aligned_chunk_114.parquet,2724,61185,C16H23N3O3,CC(C)(C)OC(=O)N1CCCc2cc(C(=N)NO)ccc2C1
C16H23N3O3,0,60445,false positive,Alcohol; Alkane; Carboxylic acid,Alcohol; Alkane; Carboxylic acid; Sulfide,aligned_chunk_192.parquet,1212,339019,C16H23N3O3,Cc1ncccc1CN1CCN([C@H](C(=O)O)C(C)(C)C)C1=O
C16H23N3O3,0,63580,false positive,Alkane; Amine; Arene; Carbamate; Ether,Alkane; Amine; Arene; Carbamate; Ester; Ether,aligned_chunk_63.parquet,3012,667918,C16H23N3O3,Cc1c(C(=N)NO)ccc2c1CCN(C(=O)OC(C)(C)C)C2
C16H23N3O3,0,64959,false negative,Alkane; Amide; Amine; Arene; Carbamate; Ether,Alkane; Amine; Arene; Carbamate; Ether,aligned_chunk_200.parquet,312,370373,C16H23N3O3,CC(=O)N1c2ccc(N)cc2[C@H](NC(=O)OC(C)C)C[C@@H]1C
C16H23N3O3,0,68362,mixed error,Alkane; Amine; Carbamate; Ether; Ketone,Alkane; Amine; Carbamate; Ether; Haloalkane,aligned_chunk_32.parquet,1548,556388,C16H23N3O3,CC(C)(C)OC(=O)N1CCN(CC(=O)c2ccccn2)CC1
C16H23N3O3,0,74588,false negative,Alcohol; Alkane; Amide; Amine; Arene; Ether; Phenol,Alcohol; Alkane; Arene; Ether; Phenol,aligned_chunk_89.parquet,2140,757534,C16H23N3O3,O=C(CN1CCOCC1)N1CCN(c2ccc(O)cc2)CC1
C16H23N3O3,0,75098,false negative,Alkane; Amine; Ester; Ether,Alkane; Amine; Ether,aligned_chunk_126.parquet,2275,102934,C16H23N3O3,COC(=O)c1cnc(N2CCOCC2)nc1C1CCCCC1
C17H15BrFN3O3,1,7750,false negative,Alkane; Alkene; Amine; Arene; Enamine; Ether; Haloalkane; Ketone,Alkane; Alkene; Amine; Arene; Enamine; Haloalkane; Ketone,aligned_chunk_40.parquet,629,584735,C17H15BrFN3O3,CC1OCC2=C(C1=O)C(c1ccc(F)c(Br)c1)c1c(n(C)[nH]c1=O)N2
C17H15BrFN3O3,0,27413,correct,Alcohol; Alkane; Arene; Carboxylic acid; Ether; Haloalkane,Alcohol; Alkane; Arene; Carboxylic acid; Ether; Haloalkane,aligned_chunk_238.parquet,2643,505528,C17H15BrFN3O3,C[C@@H](c1cc(Br)c(OCc2ccccc2)cc1F)[C@H](N=[N+]=[N-])C(=O)O
C20H32N2O2,0,32111,correct,Alkane; Arene; Carbamate; Ether; Hydrazone,Alkane; Arene; Carbamate; Ether; Hydrazone,aligned_chunk_72.parquet,2803,699944,C20H32N2O2,CCCCCCCCc1ccc(C=NNC(=O)OC(C)(C)C)cc1
C20H32N2O2,0,39735,correct,Alkane; Amine; Arene; Carbamate; Ether,Alkane; Amine; Arene; Carbamate; Ether,aligned_chunk_204.parquet,636,383614,C20H32N2O2,CC[C@@H]1CN(C(=O)OC(C)(C)C)CC[C@H]1N[C@H](C)c1ccccc1
C20H32N2O2,1,61591,false negative,Alkane; Amide; Amine; Arene; Ether; Hydrazine,Alkane; Amide; Amine; Arene; Hydrazine,aligned_chunk_14.parquet,1622,150866,C20H32N2O2,NNC(=O)c1cccc(CCCCCCOCC2CCCCC2)c1
C20H32N2O2,0,63596,correct,Alkane; Amine; Arene; Ester; Ether,Alkane; Amine; Arene; Ester; Ether,aligned_chunk_139.parquet,2480,148468,C20H32N2O2,CNCc1cccc(CN[C@@H](CC(C)C)C(=O)OC2CCCC2)c1
C15H10FN7O,1,34468,false positive,Amide; Arene; Haloalkane,Amide; Amine; Arene; Haloalkane,aligned_chunk_198.parquet,2434,359608,C15H10FN7O,O=C(Nc1cccc(-c2nnn[nH]2)c1)c1cc(F)cc2nc[nH]c12
C21H22N4O3,0,8708,mixed error,Alkane; Amide; Amine; Arene; Ether,Alkane; Amide; Amine; Arene; Sulfide,aligned_chunk_180.parquet,1375,296996,C21H22N4O3,CCOC(=O)n1nc(NC(=O)C(C)c2ccc3ccccc3c2)c2c1CNC2
C21H22N4O3,0,11604,false negative,Alkane; Amide; Amine; Arene; Ether,Alkane; Amide; Amine; Arene,aligned_chunk_35.parquet,1408,566095,C21H22N4O3,CCc1oc(-c2ccccc2)nc1C(=O)Nc1ccc(N2CCOCC2)nc1
C21H22N4O3,0,15860,false positive,Alcohol; Alkane; Amide; Arene; Carboxylic acid,Alcohol; Alkane; Amide; Arene; Carboxylic acid; Ketone,aligned_chunk_134.parquet,263,130091,C21H22N4O3,CCCc1c(C(=O)O)nnn1-c1ccc(C(=O)NCCc2ccccc2)cc1
C21H22N4O3,1,26523,mixed error,Alcohol; Alkane; Amine; Arene; Ester; Ether; Nitrile,Alcohol; Alkane; Amide; Amine; Arene; Nitrile; Phenol,aligned_chunk_157.parquet,2519,213314,C21H22N4O3,COC(=O)c1cccc2c1c(C)nn2-c1ccc(C#N)c(NCC(C)(C)O)c1
C21H22N4O3,0,32796,mixed error,Alkane; Amide; Arene; Ether,Alkane; Amide; Arene; Hydrazone,aligned_chunk_14.parquet,2677,151921,C21H22N4O3,CCNC(=O)Nc1cc2cc(NC(=O)c3ccc(OC)cc3)cc(C)c2cn1
C21H22N4O3,0,34310,mixed error,Aldehyde; Alkane; Amide; Arene; Ether,Alkane; Amide; Arene; Ether; Haloalkane; Sulfoxide,aligned_chunk_93.parquet,2566,774213,C21H22N4O3,COc1ccc([C@H]2C=NN=N2)cc1C(=O)N(C)CC(CC=O)c1ccccc1
C21H22N4O3,0,34666,false negative,Alcohol; Alkane; Amide; Arene; Ether; Phenol,Alcohol; Alkane; Amide; Arene; Phenol,aligned_chunk_129.parquet,1888,112357,C21H22N4O3,Cc1cc(C)c(CNC(=O)c2ccc(C(C)Oc3ccccc3)nn2)c(O)n1
C21H22N4O3,0,38371,mixed error,Alkane; Alkene; Amide; Amine; Arene; Ketone,Alcohol; Alkane; Alkene; Amide; Amine; Arene; Phenol,aligned_chunk_173.parquet,1564,271289,C21H22N4O3,O=C(/C=C/c1ccc(/C=C/C(=O)c2ccc(N3CCNCC3)cc2)cn1)NO
C21H22N4O3,0,38829,mixed error,Alkane; Amine; Arene; Ester; Ether,Alkane; Amine; Arene; Ether; Imine; Sulfide,aligned_chunk_111.parquet,1603,50342,C21H22N4O3,COC(=O)CCc1cccc(-c2cc(C)cc(Nc3nccc(OC)n3)c2)n1
C21H22N4O3,0,46769,mixed error,Alcohol; Alkane; Amide; Ether; Phenol,Alcohol; Alkane; Amide; Amine; Arene; Phenol,aligned_chunk_177.parquet,2754,285480,C21H22N4O3,Cc1cc(C)c(CNC(=O)c2ccc(C(C)Oc3cccnc3)nc2)c(O)n1
C21H22N4O3,0,62951,mixed error,Alkane; Arene; Ether; Ketone,Alkane; Arene; Ether; Haloalkane,aligned_chunk_26.parquet,722,532728,C21H22N4O3,CC(=O)c1ccc(OCc2c(C)cccc2-n2nnn(C)c2=O)c(C2CC2)c1
C21H22N4O3,0,67884,false positive,Alkane; Alkene; Amide; Amine; Arene,Alkane; Alkene; Amide; Amine; Arene; Haloalkane,aligned_chunk_96.parquet,2552,783949,C21H22N4O3,O=C(/C=C/c1cccc(/C=C/C(=O)N2CCN(c3ccccc3)CC2)n1)NO
C21H22N4O3,0,71336,false positive,Alcohol; Alkane; Arene,Alcohol; Alkane; Arene; Ether,aligned_chunk_114.parquet,1140,59601,C21H22N4O3,Cc1noc(C)c1-c1cc(C(O)(c2ccccn2)C(C)C)c2[nH]c(=O)[nH]c2c1
C21H22N4O3,0,72442,correct,Alcohol; Alkane; Alkyne; Amide; Arene,Alcohol; Alkane; Alkyne; Amide; Arene,aligned_chunk_217.parquet,1133,429530,C21H22N4O3,CN1CC[C@@](O)(C#Cc2cccc(-n3nc(C(N)=O)c4c3CCCC4)c2)C1=O
C21H22N4O3,0,74762,false positive,Alcohol; Alkane; Amide; Amine; Arene; Carboxylic acid,Alcohol; Alkane; Amide; Amine; Arene; Carboxylic acid; Haloalkane,aligned_chunk_146.parquet,681,172624,C21H22N4O3,CC(=O)Nc1ccc(-c2nc3ccc(C(=O)O)cc3nc2N(C)C(C)C)cc1
C21H23NO4,1,13548,mixed error,Alcohol; Alkane; Amide; Arene; Carboxylic acid; Ether,Alcohol; Alkane; Arene; Carboxylic acid; Ether; Ketone,aligned_chunk_208.parquet,887,396761,C21H23NO4,CC(C)(C)c1cccc2c1OC(c1ccccc1)C(=O)N2CCC(=O)O
C21H23NO4,0,15013,correct,Alkane; Amide; Arene; Ether; Imide,Alkane; Amide; Arene; Ether; Imide,aligned_chunk_215.parquet,1665,423546,C21H23NO4,CCCCC(c1ccc(OC)c(OC)c1)N1C(=O)c2ccccc2C1=O
C21H23NO4,0,18330,correct,Alcohol; Alkane; Arene; Ester; Ether; Phenol,Alcohol; Alkane; Arene; Ester; Ether; Phenol,aligned_chunk_33.parquet,2408,560532,C21H23NO4,CCC(CC)(c1ccc(O)c(C)c1)c1nc2cc(C(=O)OC)ccc2o1
C21H23NO4,0,23331,correct,Alcohol; Alkane; Arene; Carbamate; Carboxylic acid; Ether,Alcohol; Alkane; Arene; Carbamate; Carboxylic acid; Ether,aligned_chunk_181.parquet,2405,301292,C21H23NO4,CC(C)[C@@](C)(NC(=O)OCC1c2ccccc2-c2ccccc21)C(=O)O
C21H23NO4,0,26481,correct,Alcohol; Alkane; Alkene; Amide; Arene; Carboxylic acid; Ether,Alcohol; Alkane; Alkene; Amide; Arene; Carboxylic acid; Ether,aligned_chunk_51.parquet,36,622875,C21H23NO4,CC(C)(C)c1ccc(/C=C/C(=O)Nc2cccc(OCC(=O)O)c2)cc1
C21H23NO4,0,46228,correct,Alcohol; Alkane; Arene; Carbamate; Carboxylic acid; Ether,Alcohol; Alkane; Arene; Carbamate; Carboxylic acid; Ether,aligned_chunk_24.parquet,3037,512388,C21H23NO4,CC(C)C[C@@H](NC(=O)OCC1c2ccccc2-c2ccccc21)C(=O)O
C21H23NO4,0,48603,correct,Alcohol; Alkane; Arene; Carbamate; Carboxylic acid; Ether,Alcohol; Alkane; Arene; Carbamate; Carboxylic acid; Ether,aligned_chunk_136.parquet,2430,138748,C21H23NO4,CC(C)C[C@H](NC(=O)OCC1c2ccccc2-c2ccccc21)C(=O)O
C21H23NO4,0,50431,false positive,Alkane; Arene; Ester; Ether,Alkane; Amide; Arene; Ester; Ether,aligned_chunk_139.parquet,2639,148627,C21H23NO4,CCCCOC(=O)COc1ccc(-c2noc3ccccc23)c(C)c1C
C21H23NO4,0,57969,false positive,Alkane; Alkene; Amide; Arene; Enamine; Ester; Ether,Alkane; Alkene; Amide; Arene; Enamine; Ester; Ether; Ketone; Sulfide,aligned_chunk_196.parquet,2331,353067,C21H23NO4,COC(=O)C(=Cc1cc(C)c(OCc2ccccc2)c(C)c1)NC(C)=O
C21H23NO4,0,60827,mixed error,Aldehyde; Alkane; Arene; Carbamate; Ether,Aldehyde; Alkane; Amide; Arene; Ether,aligned_chunk_47.parquet,2496,609145,C21H23NO4,COc1ccc([C@H](C)N2CCC(C)(c3ccc(C=O)cc3)OC2=O)cc1
C21H23NO4,0,71494,false negative,Alcohol; Alkane; Amide; Arene; Ester; Ether; Phenol,Alcohol; Alkane; Arene; Ester; Ether; Phenol,aligned_chunk_237.parquet,1433,501075,C21H23NO4,COC(=O)C[C@@H]1Cc2ccc(O)cc2CN(CCc2ccccc2)C1=O
C9H10ClNO2,0,1577,false negative,Alkane; Amine; Arene; Ester; Ether; Haloalkane,Amine; Arene; Haloalkane,aligned_chunk_15.parquet,2596,187587,C9H10ClNO2,CNc1cccc(Cl)c1C(=O)OC
C9H10ClNO2,0,3424,mixed error,Alkane; Amine; Arene; Ester; Ether; Haloalkane,Alkane; Amine; Arene; Ester; Ether; Sulfide,aligned_chunk_58.parquet,3166,648618,C9H10ClNO2,CNc1ccc(C(=O)OC)c(Cl)c1
C9H10ClNO2,1,4342,mixed error,Alkane; Alkene; Ether; Haloalkane,Acyl halide; Alkene,aligned_chunk_149.parquet,2409,184173,C9H10ClNO2,COC=Cc1c(OC)ccnc1Cl
C9H10ClNO2,0,4531,mixed error,Alkane; Amide; Arene; Ether; Haloalkane,Alkane; Amide; Arene; Ketone,aligned_chunk_90.parquet,1257,763109,C9H10ClNO2,COC(Cl)C(=O)Nc1ccccc1
C9H10ClNO2,0,16922,false negative,Alcohol; Alkane; Amine; Arene; Carboxylic acid; Haloalkane,Alcohol; Amine; Arene; Carboxylic acid; Haloalkane,aligned_chunk_70.parquet,3222,693878,C9H10ClNO2,CC(C(=O)O)c1ccc(N)c(Cl)c1
C9H10ClNO2,0,18831,false negative,Alkane; Amine; Arene; Ether; Haloalkane,Alkane; Amine; Arene; Haloalkane,aligned_chunk_55.parquet,908,636735,C9H10ClNO2,NCC1COc2ccc(Cl)cc2O1
C9H10ClNO2,0,19989,mixed error,Alcohol; Alkane; Amine; Arene; Carboxylic acid; Haloalkane,Alcohol; Amide; Amine; Arene; Carboxylic acid,aligned_chunk_115.parquet,32,61754,C9H10ClNO2,CNC(C(=O)O)c1ccc(Cl)cc1
C9H10ClNO2,0,21362,false negative,Alkane; Ester; Ether; Haloalkane,Alkane; Ester; Ether,aligned_chunk_49.parquet,468,613543,C9H10ClNO2,CCOC(=O)c1ccc(CCl)nc1
C9H10ClNO2,0,22099,false positive,Alcohol; Alkane; Carboxylic acid; Haloalkane,Alcohol; Alkane; Arene; Carboxylic acid; Haloalkane,aligned_chunk_204.parquet,873,383851,C9H10ClNO2,CC(C)c1cc(Cl)ncc1C(=O)O
C9H10ClNO2,0,44847,correct,Alkane; Ester; Ether; Haloalkane,Alkane; Ester; Ether; Haloalkane,aligned_chunk_119.parquet,1648,76272,C9H10ClNO2,CC(C)OC(=O)c1cc(Cl)ccn1
C9H10ClNO2,0,48109,false negative,Alcohol; Alkane; Amine; Arene; Carboxylic acid; Haloalkane,Alcohol; Amine; Arene; Carboxylic acid; Haloalkane,aligned_chunk_170.parquet,774,260648,C9H10ClNO2,Nc1cc(CCC(=O)O)ccc1Cl
C9H10ClNO2,0,51909,correct,Alcohol; Alkane; Amine; Arene; Carboxylic acid; Haloalkane,Alcohol; Alkane; Amine; Arene; Carboxylic acid; Haloalkane,aligned_chunk_136.parquet,1070,137388,C9H10ClNO2,O=C(O)CCNc1ccc(Cl)cc1
C9H10ClNO2,0,55724,false negative,Alcohol; Alkane; Amine; Arene; Carboxylic acid; Haloalkane,Alcohol; Alkane; Amine; Arene; Carboxylic acid,aligned_chunk_190.parquet,1937,333226,C9H10ClNO2,Cc1cc(C(N)C(=O)O)ccc1Cl
C9H10ClNO2,0,68179,correct,Alkane; Amine; Arene; Ether; Haloalkane,Alkane; Amine; Arene; Ether; Haloalkane,aligned_chunk_227.parquet,3017,467091,C9H10ClNO2,CN[C@@H]1COc2ccc(Cl)cc2O1
C9H10ClNO2,0,69781,mixed error,Alcohol; Alkane; Amide; Arene; Haloalkane; Phenol,Alcohol; Amide; Arene; Ether; Phenol,aligned_chunk_76.parquet,2882,712899,C9H10ClNO2,CNC(=O)Cc1ccc(O)cc1Cl
C10H15NO3,0,5303,mixed error,Alkane; Ester; Ether,Alkane; Ether; Ketone,aligned_chunk_133.parquet,706,127276,C10H15NO3,COC(=O)c1onc(C(C)(C)C)c1C
C10H15NO3,0,17607,mixed error,Alcohol; Alkane; Amine; Arene; Ether; Phenol,Alcohol; Alkane; Amine; Arene; Ether; Haloalkane,aligned_chunk_226.parquet,261,461072,C10H15NO3,COCCOc1ccc(CN)cc1O
C10H15NO3,0,38326,false positive,Alcohol; Alkane; Ether,Alcohol; Alkane; Alkene; Ester; Ether,aligned_chunk_190.parquet,2477,333766,C10H15NO3,OC[C@@H]1ON=C2CO[C@@H](C3CC3)C[C@H]21
C10H15NO3,1,47452,mixed error,Alkane; Carbamate; Ether; Ketone,Alkane; Amide; Ester; Ether; Ketone,aligned_chunk_58.parquet,237,645689,C10H15NO3,O=C1CCC(C2CCOC(=O)N2)CC1
C10H15NO3,0,56039,mixed error,Alkane; Amide; Ester; Ether,Aldehyde; Alkane; Amide,aligned_chunk_63.parquet,1245,666151,C10H15NO3,CCOC(=O)C1CCC2CCC(=O)N21
C10H15NO3,0,68519,false negative,Alcohol; Alkane; Amine; Arene; Ether,Alcohol; Alkane; Amine; Arene,aligned_chunk_72.parquet,2373,699514,C10H15NO3,COc1ccc(OC)c(C(O)CN)c1
C8H8O2,1,6040,mixed error,Aldehyde; Alkane,Haloalkane,aligned_chunk_138.parquet,3009,145755,C8H8O2,O=Cc1cc(C2CC2)co1
C8H8O2,0,47866,mixed error,Alcohol; Alkane; Alkene; Alkyne; Ketone,Alcohol; Alkane; Alkyne; Ketone; Sulfide,aligned_chunk_187.parquet,2616,320963,C8H8O2,C#CCC1C(=O)C=CC1O
C8H8O2,0,58094,false negative,Aldehyde; Alkane; Arene; Ether,Aldehyde; Alkane; Arene,aligned_chunk_49.parquet,2749,615824,C8H8O2,COc1ccccc1C=O
C8H8O2,0,66160,false positive,Alkane; Ether,Alkane; Arene; Ether; Haloalkane,aligned_chunk_115.parquet,593,62315,C8H8O2,COc1cccccc1=O
C8H8O2,0,68037,false negative,Alcohol; Aldehyde; Alkane; Arene; Phenol,Alcohol; Alkane; Arene; Phenol,aligned_chunk_234.parquet,919,490895,C8H8O2,O=CCc1cccc(O)c1
C12H11BrN2OS,1,7286,mixed error,Alkane; Amide; Haloalkane; Sulfide,Alkane; Amide; Arene; Sulfide,aligned_chunk_146.parquet,3122,175065,C12H11BrN2OS,Cc1cc(Br)sc1C(=O)NCc1cccnc1
C12H11BrN2OS,0,48054,false negative,Alkane; Arene; Haloalkane; Sulfide,Arene; Sulfide,aligned_chunk_68.parquet,3172,684210,C12H11BrN2OS,CSc1ncc(Cc2ccc(Br)cc2)c(=O)[nH]1
C12H11BrN2OS,0,55032,false negative,Alkane; Amide; Amine; Arene; Haloalkane; Sulfide,Alkane; Amide; Amine; Arene; Sulfide,aligned_chunk_36.parquet,2116,570049,C12H11BrN2OS,Cc1cc(NC(=O)c2sccc2N)ccc1Br
C14H20BrNO3,1,67131,false negative,Alkane; Amide; Arene; Ether; Haloalkane,Amide; Arene; Haloalkane,aligned_chunk_237.parquet,253,499895,C14H20BrNO3,COc1cc(Br)cc(OC)c1C(C(N)=O)C(C)(C)C
C17H18O5,1,3816,mixed error,Alcohol; Alkane; Alkene; Arene; Enol; Ether; Ketone,Alcohol; Alkane; Alkene; Arene; Enol; Ketone; Sulfide,aligned_chunk_42.parquet,2070,592703,C17H18O5,CCCC(=O)C1=C(O)CC(c2cccc3c2OCO3)CC1=O
C17H18O5,0,6853,false negative,Alkane; Arene; Ester; Ether; Ketone,Alkane; Arene; Ester; Ether,aligned_chunk_140.parquet,469,152952,C17H18O5,COC(=O)CCCc1ccccc1CC1C(=O)CC(=O)C1=O
C17H18O5,0,26675,correct,Alcohol; Alkane; Arene; Carboxylic acid; Ether,Alcohol; Alkane; Arene; Carboxylic acid; Ether,aligned_chunk_156.parquet,3019,210581,C17H18O5,COc1ccc(C(=O)O)cc1OCCOCc1ccccc1
C17H18O5,0,39689,false positive,Alkane; Arene; Ester; Ether,Alkane; Arene; Ester; Ether; Haloalkane,aligned_chunk_222.parquet,3234,451031,C17H18O5,COC(=O)c1ccc(-c2ccc(OC)c(OC)c2)cc1OC
C17H18O5,0,45710,correct,Alcohol; Alkane; Arene; Carboxylic acid; Ether; Phenol,Alcohol; Alkane; Arene; Carboxylic acid; Ether; Phenol,aligned_chunk_50.parquet,898,620543,C17H18O5,COc1cc(CC(C)(Oc2ccccc2)C(=O)O)ccc1O
C17H18O5,0,47436,false negative,Alkane; Arene; Ester; Ether,Alkane; Ester; Ether,aligned_chunk_10.parquet,2753,9261,C17H18O5,CC(=O)Oc1c(C)c(COCc2ccccc2)oc(=O)c1C
C27H20O,1,3656,false negative,Alkane; Arene; Ether,Arene,aligned_chunk_65.parquet,779,672057,C27H20O,COc1ccc(-c2ccc(-c3cccc4ccccc34)cc2)c2ccccc12
C21H28N4O3,1,235,mixed error,Alkane; Arene; Carbamate; Ether,Alkane; Amide; Arene; Ether,aligned_chunk_207.parquet,2163,394874,C21H28N4O3,CC1(C)[C@@H](c2ncn(C3CCCCO3)n2)C[C@H]1NC(=O)OCc1ccccc1
C21H28N4O3,0,5258,false negative,Alkane; Amide; Arene; Carbamate; Ether,Alkane; Arene; Carbamate; Ether,aligned_chunk_178.parquet,0,285957,C21H28N4O3,CC(=O)N1c2ccc(-n3cnc(C)c3)cc2[C@H](NC(=O)OC(C)(C)C)C[C@@H]1C
C21H28N4O3,0,5280,mixed error,Alkane; Amide; Amine; Arene; Ether,Alkane; Alkene; Amide; Amine; Arene,aligned_chunk_104.parquet,778,23489,C21H28N4O3,O=C([C@@H]1CCCO1)N1CC[C@H](N2CCC(n3c(=O)[nH]c4ccccc43)CC2)C1
C21H28N4O3,0,19910,mixed error,Alkane; Amine; Arene; Carbamate; Ether,Alkane; Amide; Amine; Arene; Ether,aligned_chunk_237.parquet,2503,502145,C21H28N4O3,CC(C)(C)OC(=O)N1CCC[C@H](c2ccccc2)[C@@H]1c1nnc(C2CNC2)o1
C21H28N4O3,0,26196,false negative,Alkane; Amide; Amine; Arene; Ether,Alkane; Amine; Arene; Ether,aligned_chunk_225.parquet,1842,459371,C21H28N4O3,CC(=O)N[C@@H]1CC[C@@H](Nc2ncc3cccc(OC4CCOCC4)c3n2)CC1
C21H28N4O3,0,41670,false positive,Alkane; Amine; Arene; Ether,Alkane; Amine; Arene; Ether; Haloalkane,aligned_chunk_225.parquet,1355,458884,C21H28N4O3,CCc1cc(NC(=O)N2CCN(c3ccccc3OC)CC2)c(OC)nc1C
C21H28N4O3,0,54323,false negative,Alcohol; Alkane; Arene,Alkane; Arene,aligned_chunk_137.parquet,1386,140909,C21H28N4O3,CCn1c(=O)n(CCCCC(C)(C)O)c(=O)c2c1ncn2Cc1ccccc1
C21H28N4O3,0,65926,correct,Alcohol; Alkane; Amide; Amine; Arene; Carboxylic acid,Alcohol; Alkane; Amide; Amine; Arene; Carboxylic acid,aligned_chunk_238.parquet,355,503240,C21H28N4O3,CN1CCC[C@H]1C(=O)N1CCN(Cc2cccc3cc(C(=O)O)n(C)c23)CC1
C15H12O4,0,9130,false negative,Alcohol; Alkane; Arene; Ether; Ketone; Phenol,Alcohol; Alkane; Arene; Ketone; Phenol,aligned_chunk_118.parquet,2159,73544,C15H12O4,O=C1CC(c2cccc(O)c2)Oc2cccc(O)c21
C15H12O4,0,11005,correct,Alcohol; Aldehyde; Alkane; Arene; Ester; Ether; Phenol,Alcohol; Aldehyde; Alkane; Arene; Ester; Ether; Phenol,aligned_chunk_144.parquet,1043,166450,C15H12O4,O=Cc1ccc(O)c(C(=O)OCc2ccccc2)c1
C15H12O4,0,15382,false negative,Alcohol; Alkane; Arene; Carboxylic acid; Ketone; Phenol,Alcohol; Arene; Carboxylic acid; Ketone; Phenol,aligned_chunk_180.parquet,1524,297145,C15H12O4,O=C(O)Cc1cccc(C(=O)c2ccc(O)cc2)c1
C15H12O4,1,21592,mixed error,Alcohol; Alkane; Arene; Carboxylic acid; Ether; Ketone,Alcohol; Arene; Carboxylic acid; Ketone; Sulfide,aligned_chunk_23.parquet,1716,475435,C15H12O4,COc1ccccc1C(=O)c1ccccc1C(=O)O
C15H12O4,0,38943,false negative,Alcohol; Alkane; Arene; Ether; Ketone; Phenol,Alcohol; Arene; Phenol,aligned_chunk_206.parquet,121,389596,C15H12O4,O=C1CC(c2ccc(O)cc2)Oc2cccc(O)c21
C15H12O4,0,45943,correct,Alkane; Arene; Ether; Ketone,Alkane; Arene; Ether; Ketone,aligned_chunk_130.parquet,2329,119255,C15H12O4,O=C(COc1ccc2c(c1)OCO2)c1ccccc1
C15H12O4,0,50189,mixed error,Alcohol; Alkane; Arene; Carboxylic acid,Alcohol; Arene; Carboxylic acid; Sulfide,aligned_chunk_7.parquet,3167,690612,C15H12O4,Cc1cccc(-c2ccc(C(=O)O)cc2C(=O)O)c1
C15H12O4,0,56195,false negative,Alcohol; Aldehyde; Alkane; Arene; Carboxylic acid; Ether,Alcohol; Aldehyde; Alkane; Arene; Carboxylic acid,aligned_chunk_93.parquet,1778,773425,C15H12O4,O=Cc1ccc(Oc2ccc(CC(=O)O)cc2)cc1
C15H12O4,0,65150,false positive,Alcohol; Alkane; Arene; Ether; Ketone; Phenol,Alcohol; Alkane; Arene; Ester; Ether; Ketone; Phenol,aligned_chunk_37.parquet,1145,572294,C15H12O4,COc1cc(OC)c2c(c1)C(=O)c1cccc(O)c1-2
C16H28N2O3,0,33592,correct,Alkane; Amide; Carbamate; Ether,Alkane; Amide; Carbamate; Ether,aligned_chunk_222.parquet,11,447808,C16H28N2O3,CC(C)(C)OC(=O)N1CCC(C)(C(=O)N2CCCC2)CC1
C16H28N2O3,0,45791,false negative,Alkane; Amide; Amine; Ether,Alkane; Amide; Amine,aligned_chunk_12.parquet,2573,80492,C16H28N2O3,N[C@H]1CO[C@H]2[C@@H]1OC[C@@H]2NC(=O)CCCC1CCCCC1
C16H28N2O3,1,63894,mixed error,Alcohol; Alkane; Ether; Phenol,Alcohol; Alkane; Ester; Ether,aligned_chunk_203.parquet,1045,380792,C16H28N2O3,COc1nc(C)c(O)c(CCCCCCCCCCO)n1
C7H5Cl2NO,0,7049,correct,Amide; Arene; Haloalkane,Amide; Arene; Haloalkane,aligned_chunk_136.parquet,1333,137651,C7H5Cl2NO,NC(=O)c1ccc(Cl)c(Cl)c1
C7H5Cl2NO,1,17713,mixed error,Acyl halide; Alkane; Haloalkane,Alkane; Haloalkane; Sulfone,aligned_chunk_214.parquet,3209,421852,C7H5Cl2NO,Cc1cc(Cl)cnc1C(=O)Cl
C7H5Cl2NO,0,55639,correct,Aldehyde; Arene; Haloalkane,Aldehyde; Arene; Haloalkane,aligned_chunk_206.parquet,1456,390931,C7H5Cl2NO,O=CNc1ccc(Cl)c(Cl)c1
C11H15NO,0,850,correct,Alcohol; Alkane; Amine; Arene,Alcohol; Alkane; Amine; Arene,aligned_chunk_191.parquet,182,334717,C11H15NO,N[C@H](CO)C1Cc2ccccc2C1
C11H15NO,0,1137,correct,Alcohol; Alkane; Amine; Arene,Alcohol; Alkane; Amine; Arene,aligned_chunk_148.parquet,2085,180618,C11H15NO,OCc1cccc(N2CCCC2)c1
C11H15NO,0,7485,mixed error,Alcohol; Alkane; Amine; Arene,Alcohol; Alkane; Amine; Ether,aligned_chunk_134.parquet,1983,131811,C11H15NO,OC[C@H]1NCC[C@@H]1c1ccccc1
C11H15NO,0,7956,false negative,Alkane; Amine; Arene; Ether,Alkane; Amine; Arene,aligned_chunk_222.parquet,473,448270,C11H15NO,COCC1NCCc2ccccc21
C11H15NO,0,9672,correct,Alkane; Amine; Arene; Ether,Alkane; Amine; Arene; Ether,aligned_chunk_119.parquet,2304,76928,C11H15NO,COc1cccc2c1CCNC2C
C11H15NO,0,13062,correct,Alkane; Amine; Arene; Ether,Alkane; Amine; Arene; Ether,aligned_chunk_18.parquet,1259,293599,C11H15NO,CC1(c2ccccc2)CNCCO1
C11H15NO,0,15998,mixed error,Alcohol; Alkane; Amine; Arene; Phenol,Alcohol; Amine; Arene; Haloalkane; Phenol,aligned_chunk_89.parquet,811,756205,C11H15NO,Cc1cc2c(c(C)c1O)C(C)CN2
C11H15NO,0,18310,false negative,Alkane; Ketone,Alkane,aligned_chunk_137.parquet,1928,141451,C11H15NO,CC(=O)c1cnccc1C(C)(C)C
C11H15NO,0,19674,false positive,Alcohol; Alkane; Amine; Arene; Phenol,Alcohol; Alkane; Amine; Arene; Imide; Phenol,aligned_chunk_153.parquet,3093,200974,C11H15NO,Oc1cccc(CN2CCCC2)c1
C11H15NO,0,21141,false positive,Alkane; Amide; Arene,Alkane; Alkene; Amide; Arene,aligned_chunk_121.parquet,1349,85734,C11H15NO,NC(=O)CCCCc1ccccc1
C11H15NO,0,22601,false negative,Alcohol; Alkane; Alkene; Amine; Arene,Alcohol; Alkane; Amine; Arene,aligned_chunk_112.parquet,1513,53462,C11H15NO,CC(=Cc1ccccc1)[C@H](N)CO
C11H15NO,0,27075,false negative,Alkane; Ketone,Alkane,aligned_chunk_140.parquet,2118,154601,C11H15NO,CCCCC(=O)Cc1cccnc1
C11H15NO,0,36390,mixed error,Alkane; Amine; Arene; Ether,Alkane; Amine; Arene; Haloalkane,aligned_chunk_88.parquet,282,752417,C11H15NO,COc1ccc2c(c1)C(C)(C)NC2
C11H15NO,0,37625,false negative,Alkane; Amine; Arene; Ether,Alkane; Amine; Arene,aligned_chunk_29.parquet,32,541853,C11H15NO,CCCC1CNc2ccccc2O1
C11H15NO,0,39753,false positive,Alkane; Amine; Arene; Ether,Alkane; Amine; Arene; Ether; Sulfide,aligned_chunk_121.parquet,312,84697,C11H15NO,Cc1ccccc1N1CCOCC1
C11H15NO,0,42501,false positive,Alcohol; Alkane; Amine; Arene,Alcohol; Alkane; Alkene; Amine; Arene,aligned_chunk_228.parquet,1327,468611,C11H15NO,NC1CCC(O)(c2ccccc2)C1
C11H15NO,0,43674,false negative,Alkane; Amine; Arene; Ether,Alkane; Amine; Arene,aligned_chunk_127.parquet,882,104827,C11H15NO,COc1ccccc1C1CCCN1
C11H15NO,0,45901,correct,Alkane; Amine; Arene; Ether,Alkane; Amine; Arene; Ether,aligned_chunk_51.parquet,495,623334,C11H15NO,COc1cc2c(cc1N)CCCC2
C11H15NO,0,48563,false positive,Alkane; Arene,Aldehyde; Alkane; Arene,aligned_chunk_30.parquet,1660,549997,C11H15NO,CCN(C=O)CCc1ccccc1
C11H15NO,0,52613,correct,Alkane; Amine; Arene; Ether,Alkane; Amine; Arene; Ether,aligned_chunk_94.parquet,2889,777806,C11H15NO,Cc1cccc(OC2CCNC2)c1
C11H15NO,0,55961,mixed error,Alkane; Alkene; Amide,Alkane; Amide; Hydrazone,aligned_chunk_130.parquet,1646,118572,C11H15NO,CC1=C(C)CC2CCNC(=O)C2=C1
C11H15NO,0,56797,correct,Alkane; Amide; Arene,Alkane; Amide; Arene,aligned_chunk_98.parquet,442,788324,C11H15NO,CC(C)(CC(N)=O)c1ccccc1
C11H15NO,0,57661,mixed error,Alkane; Amine; Arene; Ether,Alkane; Amine; Arene; Haloalkane,aligned_chunk_75.parquet,1119,707914,C11H15NO,NCCC1CCc2ccccc2O1
C11H15NO,1,58374,mixed error,Alcohol; Alkane; Amine; Arene,Alcohol; Alkane; Arene; Ether; Phenol,aligned_chunk_239.parquet,2068,508154,C11H15NO,CN1CCCc2cccc(CO)c21
C11H15NO,0,60559,false negative,Alkane; Arene; Ether,Arene,aligned_chunk_100.parquet,2949,12701,C11H15NO,CCOC(=N)c1ccccc1CC
C11H15NO,0,62526,false negative,Alkane; Amine; Arene; Ether,Alkane; Amine; Arene,aligned_chunk_204.parquet,2818,385796,C11H15NO,NC1CCOC(c2ccccc2)C1
C11H15NO,0,65384,false negative,Alkane; Amine; Arene; Ether,Alkane; Amine; Arene,aligned_chunk_37.parquet,107,571256,C11H15NO,COc1ccc2c(c1)C(N)CCC2
C11H15NO,0,72213,correct,Alkane; Amine; Arene; Ether,Alkane; Amine; Arene; Ether,aligned_chunk_14.parquet,754,149998,C11H15NO,CC1(C)CCOc2cc(N)ccc21
C11H15NO,0,73313,correct,Alkane; Amine; Arene; Ether,Alkane; Amine; Arene; Ether,aligned_chunk_148.parquet,1216,179749,C11H15NO,c1ccc(CO[C@@H]2CCNC2)cc1
C11H15NO,0,73662,correct,Alcohol; Alkane; Amine; Arene,Alcohol; Alkane; Amine; Arene,aligned_chunk_67.parquet,1925,679666,C11H15NO,OC1CCN(c2ccccc2)CC1
C11H15NO,0,75057,correct,Alcohol; Alkane; Amine; Arene,Alcohol; Alkane; Amine; Arene,aligned_chunk_93.parquet,863,772510,C11H15NO,OC1CCCNC1c1ccccc1
C26H24F3N3O2,0,27470,false negative,Alkane; Amide; Arene; Ether; Haloalkane; Imine,Alkane; Amide; Arene; Haloalkane; Imine,aligned_chunk_185.parquet,2831,314651,C26H24F3N3O2,CCOc1cc2c(cc1C(F)(F)F)NC(=O)CC(c1cccc(-c3cc(C)ncc3CC)c1)=N2
C26H24F3N3O2,1,37571,false positive,Alkane; Alkene; Arene; Enamine; Haloalkane; Ketone; Nitrile,Alkane; Alkene; Arene; Enamine; Ester; Ether; Haloalkane; Ketone; Nitrile,aligned_chunk_34.parquet,889,562309,C26H24F3N3O2,CCCCN1C(=O)N(c2cccc(C(F)(F)F)c2)C2=C(C(=O)CCC2)C1c1ccc(C#N)cc1
C14H11NO3,1,41473,mixed error,Alcohol; Aldehyde; Amide; Arene; Phenol,Alcohol; Amide; Arene; Haloalkane; Phenol,aligned_chunk_64.parquet,679,668728,C14H11NO3,O=Cc1ccc(C(=O)Nc2ccccc2O)cc1
C14H11NO3,0,57458,false positive,Alcohol; Arene; Carboxylic acid,Alcohol; Amine; Arene; Carboxylic acid,aligned_chunk_232.parquet,2865,486357,C14H11NO3,O=C(O)C(=NOc1ccccc1)c1ccccc1
C18H21NO2,0,6877,mixed error,Alcohol; Alkane; Amine; Arene; Ketone,Alcohol; Alkane; Arene; Haloalkane; Ketone,aligned_chunk_118.parquet,2132,73517,C18H21NO2,Cc1cc(CC(O)C(=O)c2ccccc2)ccc1N(C)C
C18H21NO2,0,11334,correct,Alcohol; Aldehyde; Alkane; Arene,Alcohol; Aldehyde; Alkane; Arene,aligned_chunk_129.parquet,707,111176,C18H21NO2,O=CNCC(CCCO)(c1ccccc1)c1ccccc1
C18H21NO2,0,18292,correct,Alkane; Amine; Arene; Ester; Ether,Alkane; Amine; Arene; Ester; Ether,aligned_chunk_11.parquet,524,42735,C18H21NO2,COC(=O)CCN(Cc1ccccc1)Cc1ccccc1
C18H21NO2,0,24815,mixed error,Alkane; Alkene; Arene; Ether,Alkane; Alkene; Amide; Arene,aligned_chunk_228.parquet,1374,468658,C18H21NO2,C=Cc1c(Oc2cc(C)cc(C)c2)c(CC)c(C)[nH]c1=O
C18H21NO2,0,32908,correct,Alkane; Amine; Arene; Ester; Ether,Alkane; Amine; Arene; Ester; Ether,aligned_chunk_58.parquet,1867,647319,C18H21NO2,CCOC(=O)CCCNc1ccccc1-c1ccccc1
C18H21NO2,0,34614,correct,Alkane; Amine; Arene; Ether,Alkane; Amine; Arene; Ether,aligned_chunk_130.parquet,2697,119623,C18H21NO2,CC1(C)CC(N)c2cc(OCc3ccccc3)ccc2O1
C18H21NO2,0,36544,false positive,Alcohol; Alkane; Arene,Alcohol; Alkane; Amine; Arene,aligned_chunk_59.parquet,2803,651455,C18H21NO2,O=c1ccc(C2(O)CCCCC2)cn1Cc1ccccc1
C18H21NO2,0,57488,correct,Alkane; Amine; Arene; Ether,Alkane; Amine; Arene; Ether,aligned_chunk_87.parquet,1523,750399,C18H21NO2,CNCC1Cc2cc(C)cc(-c3ccccc3OC)c2O1
C18H21NO2,0,59546,false positive,Alcohol; Alkane; Arene; Phenol,Alcohol; Alkane; Arene; Haloalkane; Phenol,aligned_chunk_153.parquet,2342,200223,C18H21NO2,CCCCc1ccc(-n2cc(O)c(=O)c(C3CC3)c2)cc1
C18H21NO2,1,62558,mixed error,Alkane; Alkene; Arene; Enamine; Ether,Aldehyde; Alkane; Amine; Arene; Ester; Ether; Haloalkane,aligned_chunk_210.parquet,3154,408759,C18H21NO2,COc1ccc(/C=C2/C3=C(CCCC3)CCN2C=O)cc1
C18H21NO2,0,64579,false positive,Alkane; Amine; Arene; Ether; Ketone,Alkane; Amine; Arene; Ester; Ether; Ketone,aligned_chunk_118.parquet,1856,73241,C18H21NO2,C[C@H]1CC(=O)[C@@H]2Oc3cccc4c3[C@@]23CCN(C)[C@H](C4)[C@H]13
C18H21NO2,0,64789,correct,Alkane; Amine; Arene; Ether,Alkane; Amine; Arene; Ether,aligned_chunk_241.parquet,1974,517798,C18H21NO2,COc1ccc(C2CNCc3cc(C)ccc32)cc1OC
C10H14O,0,8204,correct,Alcohol; Alkane; Arene,Alcohol; Alkane; Arene,aligned_chunk_113.parquet,622,55824,C10H14O,C[C@@H](O)CCc1ccccc1
C10H14O,0,20430,false positive,Alcohol; Alkane; Arene,Alcohol; Alkane; Alkene; Arene,aligned_chunk_50.parquet,2955,622600,C10H14O,CC(O)C(C)c1ccccc1
C10H14O,0,39805,false positive,Alcohol; Alkane; Arene; Phenol,Alcohol; Alkane; Arene; Ether; Phenol,aligned_chunk_237.parquet,1418,501060,C10H14O,CC(C)Cc1ccc(O)cc1
C10H14O,0,44046,correct,Aldehyde; Alkane; Alkene,Aldehyde; Alkane; Alkene,aligned_chunk_165.parquet,1723,241987,C10H14O,C=C1C2CCC(C2)C1(C)C=O
C10H14O,0,47076,correct,Alcohol; Alkane; Arene,Alcohol; Alkane; Arene,aligned_chunk_237.parquet,3035,502677,C10H14O,CC(O)CCc1ccccc1
C10H14O,0,50357,correct,Aldehyde; Alkane; Alkene,Aldehyde; Alkane; Alkene,aligned_chunk_181.parquet,1903,300790,C10H14O,CC(C)=C1CC=C(C=O)CC1
C10H14O,0,50478,false negative,Alcohol; Alkane; Arene; Phenol,Alcohol; Arene; Phenol,aligned_chunk_226.parquet,1634,462445,C10H14O,Cc1ccc(C(C)C)c(O)c1
C10H14O,0,52664,correct,Alcohol; Alkane; Arene,Alcohol; Alkane; Arene,aligned_chunk_46.parquet,669,604057,C10H14O,C[C@H](CCO)c1ccccc1
C10H14O,0,59752,correct,Alkane; Alkene; Ketone,Alkane; Alkene; Ketone,aligned_chunk_31.parquet,2888,554500,C10H14O,C=C(C)C1CC=C(C)C(=O)C1
C10H14O,0,62865,false positive,Aldehyde; Alkane; Alkene,Aldehyde; Alkane; Alkene; Haloalkane,aligned_chunk_154.parquet,1640,202781,C10H14O,C=C(C)C1CC=C(C=O)CC1
C10H14O,0,64509,correct,Alkane; Arene; Ether,Alkane; Arene; Ether,aligned_chunk_113.parquet,2797,57999,C10H14O,CCCc1ccc(OC)cc1
C10H14O,0,64677,correct,Alcohol; Alkane; Arene,Alcohol; Alkane; Arene,aligned_chunk_66.parquet,3197,677738,C10H14O,CC(C)c1ccc(CO)cc1
C10H14O,0,64837,false positive,Alkane; Arene; Ether,Alkane; Arene; Ether; Haloalkane,aligned_chunk_216.parquet,1298,426449,C10H14O,COc1c(C)cc(C)cc1C
C10H14O,0,67394,correct,Alkane; Alkene; Ether,Alkane; Alkene; Ether,aligned_chunk_161.parquet,1970,229165,C10H14O,C1=COC2C3CCC(C3)C2C1
C10H14O,0,68622,mixed error,Alcohol; Alkane; Arene,Alcohol; Arene; Haloalkane,aligned_chunk_147.parquet,2451,177703,C10H14O,CC(C)(O)Cc1ccccc1
C10H14O,1,78297,mixed error,Alkane; Alkene; Ether,Alkane; Amine; Haloalkane; Sulfide,aligned_chunk_203.parquet,257,380004,C10H14O,C1=COC(C2CCCC2)C=C1
C9H9ClN2O2S,1,28070,mixed error,Alkane; Amine; Arene; Haloalkane; Nitrile; Sulfonamide,Alkane; Amine; Arene; Ether; Nitrile; Sulfonamide,aligned_chunk_41.parquet,2853,590275,C9H9ClN2O2S,Cc1cc(C#N)cc(Cl)c1NS(C)(=O)=O
C18H19F3N2O2,0,43427,false positive,Alkane; Arene; Carbamate; Ether; Haloalkane,Alkane; Arene; Carbamate; Ester; Ether; Haloalkane,aligned_chunk_73.parquet,1010,701364,C18H19F3N2O2,CC(C)(C)OC(=O)N[C@@H](c1ccc(C(F)(F)F)cc1)c1ccccn1
C18H19F3N2O2,0,58691,false positive,Alkane; Arene; Haloalkane,Alkane; Amide; Arene; Haloalkane,aligned_chunk_150.parquet,2141,190336,C18H19F3N2O2,CON(C(=O)NC(C)(C)c1cccc(C(F)(F)F)c1)c1ccccc1
C18H19F3N2O2,1,60873,false negative,Alkane; Arene; Ester; Ether; Haloalkane,Alkane; Ester; Ether,aligned_chunk_164.parquet,1043,238029,C18H19F3N2O2,COC(=O)[C@@]1(c2cccc(F)c2C)CCC(c2cnn(C(F)F)c2)C1
C18H19N3O3S,0,27014,false negative,Alkane; Amine; Arene; Ester; Ether; Sulfide,Alkane; Amine; Arene; Ether,aligned_chunk_44.parquet,3042,599995,C18H19N3O3S,CCOC(=O)Cc1csc2cc(OCc3cnc(C)nc3N)ccc12
C18H19N3O3S,0,43473,false positive,Alcohol; Alkane; Amine; Arene; Sulfonamide,Alcohol; Alkane; Alkene; Amine; Arene; Haloalkane; Sulfonamide,aligned_chunk_218.parquet,2914,434532,C18H19N3O3S,O=S(=O)(NCCO)c1ccc(-c2ccnc3[nH]c(C4CC4)cc23)cc1
C18H19N3O3S,0,48887,mixed error,Alcohol; Alkane; Arene; Sulfone,Alcohol; Alkene; Arene; Haloalkane; Sulfone,aligned_chunk_131.parquet,2011,122175,C18H19N3O3S,Cc1cccc(-c2cn(CCO)c(S(=O)(=O)Cc3ccccc3)n2)n1
C18H19N3O3S,1,60659,mixed error,Alkane; Amine; Arene; Ether; Sulfide,Alkane; Amide; Arene; Ether; Haloalkane,aligned_chunk_101.parquet,906,13874,C18H19N3O3S,COc1ccc(OC)c(-c2cnc3c(N4CCOCC4)snc3c2)c1
C18H19N3O3S,0,62581,mixed error,Alkane; Amide; Arene; Ether; Sulfide,Alkane; Amide; Arene; Haloalkane; Sulfide,aligned_chunk_208.parquet,2577,398451,C18H19N3O3S,COc1ccc(Cc2nnc(NC(=O)CCc3ccc(C)o3)s2)cc1
C18H19N3O3S,0,68228,mixed error,Alkane; Arene; Ether; Sulfide,Alkane; Ether; Haloalkane,aligned_chunk_98.parquet,2265,790147,C18H19N3O3S,Cc1nnc(COc2ccc(OCC(C)Oc3ccccn3)cc2)s1
C21H19F2N3O,1,11047,false negative,Alkane; Amine; Arene; Ether; Haloalkane,Amine; Arene; Haloalkane,aligned_chunk_11.parquet,1786,43997,C21H19F2N3O,Nc1cnc(-c2ccc(C3CCC3)c(OCc3ccc(F)cc3)c2F)cn1
C12H14O3,0,3919,false positive,Alkane; Alkene; Arene; Ester; Ether,Alkane; Alkene; Arene; Enamine; Ester; Ether,aligned_chunk_124.parquet,59,94225,C12H14O3,COC(=O)/C=C(/OC)c1ccccc1C
C12H14O3,0,4268,mixed error,Alcohol; Alkane; Alkene; Arene; Ester; Ether; Phenol,Alcohol; Alkane; Arene; Ester; Ether; Haloalkane,aligned_chunk_126.parquet,1793,102452,C12H14O3,CCOC(=O)/C=C/c1cc(C)ccc1O
C12H14O3,0,6452,false positive,Alkane; Arene; Ester; Ether,Alkane; Arene; Ester; Ether; Sulfide,aligned_chunk_112.parquet,748,52697,C12H14O3,COC(=O)CC1CCc2ccccc2O1
C12H14O3,0,11577,false negative,Alcohol; Alkane; Alkene; Arene; Ester; Ether,Alcohol; Alkane; Arene; Ester; Ether,aligned_chunk_59.parquet,2345,650997,C12H14O3,C=CCC(O)c1cccc(C(=O)OC)c1
C12H14O3,0,11911,mixed error,Acid anhydride; Alkane; Alkene; Ester; Ether,Alkane; Alkene; Ester; Ether; Haloalkane,aligned_chunk_86.parquet,578,746218,C12H14O3,C/C=C/C=C/C(=O)OC(=O)/C=C/C=C/C
C12H14O3,0,12079,correct,Alkane; Arene; Ether; Ketone,Alkane; Arene; Ether; Ketone,aligned_chunk_88.parquet,2712,754847,C12H14O3,COc1cc2c(cc1OC)C(C)CC2=O
C12H14O3,0,12644,mixed error,Alkane; Arene; Ester; Ether,Alkane; Amide; Arene; Ether; Haloalkane,aligned_chunk_145.parquet,2089,170764,C12H14O3,COc1ccc2c(c1)OC(=O)CC2(C)C
C12H14O3,0,13730,false positive,Alkane; Arene; Ester; Ether,Alkane; Arene; Ester; Ether; Haloalkane,aligned_chunk_89.parquet,2883,758277,C12H14O3,COC(=O)c1ccc(C2CC2)cc1OC
C12H14O3,0,15356,false positive,Alkane; Arene; Ether; Ketone,Alkane; Alkene; Arene; Ester; Ether; Ketone,aligned_chunk_87.parquet,659,749535,C12H14O3,COc1ccc(OC)c2c1C(=O)CC2C
C12H14O3,0,17305,false positive,Aldehyde; Alkane; Alkene; Arene; Ether,Aldehyde; Alkane; Alkene; Arene; Ester; Ether,aligned_chunk_148.parquet,2335,180868,C12H14O3,C=C(C=O)Cc1ccc(OC)c(OC)c1
C12H14O3,0,18287,false positive,Alcohol; Alkane; Arene; Ether,Alcohol; Alkane; Arene; Ether; Haloalkane,aligned_chunk_203.parquet,2506,382253,C12H14O3,OCc1ccc2c(c1)CCC21OCCO1
C12H14O3,0,19998,false positive,Alkane; Arene; Ester; Ether,Alkane; Arene; Ester; Ether; Ketone,aligned_chunk_199.parquet,3240,363628,C12H14O3,CCOC(=O)C1OC1(C)c1ccccc1
C12H14O3,0,20586,correct,Aldehyde; Alkane; Arene; Ether,Aldehyde; Alkane; Arene; Ether,aligned_chunk_196.parquet,270,351006,C12H14O3,COc1cc(C=O)c2c(c1OC)CCC2
C12H14O3,0,41807,false positive,Alkane; Arene; Ester; Ether; Ketone,Alkane; Alkene; Arene; Ester; Ether; Ketone,aligned_chunk_154.parquet,1919,203060,C12H14O3,CC(=O)C(C)C(=O)OCc1ccccc1
C12H14O3,0,48079,false negative,Alcohol; Alkane; Arene; Ester; Ether; Phenol,Alcohol; Alkane; Arene; Phenol,aligned_chunk_84.parquet,3014,742175,C12H14O3,COC(=O)C1(C)Cc2cccc(O)c2C1
C12H14O3,0,48584,correct,Alcohol; Alkane; Arene; Carboxylic acid; Ether,Alcohol; Alkane; Arene; Carboxylic acid; Ether,aligned_chunk_124.parquet,455,94621,C12H14O3,COc1ccc2c(c1)C(C(=O)O)CCC2
C12H14O3,0,49729,correct,Alkane; Arene; Ester; Ether; Ketone,Alkane; Arene; Ester; Ether; Ketone,aligned_chunk_40.parquet,2941,587047,C12H14O3,COC(=O)C(Cc1ccccc1)C(C)=O
C12H14O3,0,59403,false negative,Alcohol; Alkane; Alkene; Arene; Ester; Ether; Phenol,Alcohol; Alkane; Arene; Ester; Ether; Phenol,aligned_chunk_157.parquet,3105,213900,C12H14O3,C=CCc1cc(C(=O)OC)cc(C)c1O
C12H14O3,0,60494,correct,Alkane; Alkene; Arene; Ether; Ketone,Alkane; Alkene; Arene; Ether; Ketone,aligned_chunk_23.parquet,1397,475116,C12H14O3,COc1cc(C=CC(C)=O)cc(OC)c1
C12H14O3,0,62413,mixed error,Alcohol; Aldehyde; Alkane; Arene; Ketone,Alcohol; Alkane; Arene; Haloalkane,aligned_chunk_186.parquet,3216,318269,C12H14O3,CC(C)(O)c1ccc(CC(=O)C=O)cc1
C12H14O3,0,66191,correct,Aldehyde; Alkane; Arene; Ether,Aldehyde; Alkane; Arene; Ether,aligned_chunk_224.parquet,1046,455315,C12H14O3,O=Cc1ccccc1OCC1CCCO1
C12H14O3,0,67400,correct,Alcohol; Alkane; Alkene; Arene; Ester; Ether; Phenol,Alcohol; Alkane; Alkene; Arene; Ester; Ether; Phenol,aligned_chunk_189.parquet,3127,327926,C12H14O3,CCOC(=O)/C(C)=C/c1ccccc1O
C12H14O3,0,67900,false positive,Alkane; Alkene; Arene; Ether,Alkane; Alkene; Arene; Ether; Haloalkane,aligned_chunk_150.parquet,3006,191201,C12H14O3,C=CCOc1ccc(C2OCCO2)cc1
C12H14O3,0,68196,false positive,Alcohol; Alkane; Arene; Ester; Ether; Phenol,Alcohol; Alkane; Arene; Ester; Ether; Haloalkane; Phenol,aligned_chunk_117.parquet,726,68890,C12H14O3,COC(=O)Cc1cccc(O)c1C1CC1
C12H14O3,0,69040,correct,Alkane; Alkene; Arene; Ester; Ether,Alkane; Alkene; Arene; Ester; Ether,aligned_chunk_130.parquet,847,117773,C12H14O3,C=CCc1cc(C(=O)OC)ccc1OC
C12H14O3,0,69893,mixed error,Alcohol; Alkane; Alkene; Arene; Ester; Ether; Phenol,Alcohol; Alkane; Arene; Ester; Ether; Haloalkane; Phenol,aligned_chunk_213.parquet,1462,416837,C12H14O3,COC(=O)c1ccc(O)c(C=C(C)C)c1
C12H14O3,1,70013,mixed error,Alkane; Alkene; Ester; Ether,Alkane; Ketone,aligned_chunk_209.parquet,450,399611,C12H14O3,O=C1OCC2C3OC(C4=C3CCCC4)C12
C12H14O3,0,72372,false negative,Alcohol; Alkane; Arene; Ester; Ether; Phenol,Alcohol; Arene; Phenol,aligned_chunk_110.parquet,298,45779,C12H14O3,CCOC(=O)[C@H]1C[C@@H]1c1ccc(O)cc1
C12H14O3,0,75792,correct,Alcohol; Alkane; Alkene; Arene; Carboxylic acid; Ether,Alcohol; Alkane; Alkene; Arene; Carboxylic acid; Ether,aligned_chunk_37.parquet,674,571823,C12H14O3,C=CCOC(C)c1ccc(C(=O)O)cc1
C12H14O3,0,75900,correct,Alcohol; Alkane; Arene; Carboxylic acid; Phenol,Alcohol; Alkane; Arene; Carboxylic acid; Phenol,aligned_chunk_50.parquet,829,620474,C12H14O3,O=C(O)CC1CCc2c(O)cccc2C1
C12H14O3,0,79099,false positive,Aldehyde; Alkane; Arene; Ether,Aldehyde; Alkane; Arene; Ether; Haloalkane,aligned_chunk_55.parquet,3077,638904,C12H14O3,COc1cc(C=O)cc2c1OCC2(C)C
C24H22F3N5O3,1,16053,mixed error,Alkane; Amide; Amine; Arene; Ether; Haloalkane,Alkane; Amide; Amine; Arene; Haloalkane; Sulfide; Thioamide,aligned_chunk_82.parquet,2857,735520,C24H22F3N5O3,O=C(COc1ccccc1)Nc1ccc(N2CCN(C(=O)c3ccccc3C(F)(F)F)CC2)nn1
C26H28N2O6,1,1339,false positive,Alkane; Amide; Arene; Carbamate; Ether; Imide,Alkane; Amide; Arene; Carbamate; Ester; Ether; Imide,aligned_chunk_101.parquet,1760,14728,C26H28N2O6,COc1ccc(CN2CC(C(=O)N3C(=O)OC[C@H]3Cc3ccccc3)C3(CC3)C2=O)c(OC)c1
C21H21FN4O3,0,43099,false negative,Alkane; Alkene; Amide; Amine; Arene; Ether; Haloalkane,Alkane; Alkene; Amide; Amine; Arene; Haloalkane,aligned_chunk_122.parquet,1361,89022,C21H21FN4O3,C=COCCONC(=O)c1ccc2cncn2c1Nc1ccc(C2CC2)cc1F
C21H21FN4O3,1,64898,mixed error,Alkane; Arene; Ester; Ether; Haloalkane,Alkane; Amide; Arene; Ether,aligned_chunk_244.parquet,1019,526564,C21H21FN4O3,CCOC(=O)CN1CCCN(c2cccc3c2cnn3-c2ccccc2F)C1=O
C12H15N3,0,6764,correct,Alkane; Amine; Arene,Alkane; Amine; Arene,aligned_chunk_18.parquet,1268,293608,C12H15N3,CN1CCc2c([nH]c3ccc(N)cc23)C1
C12H15N3,0,30327,false positive,Alkane; Amine; Arene,Alkane; Amide; Amine; Arene; Haloalkane,aligned_chunk_221.parquet,1433,445994,C12H15N3,Cc1ccc2[nH]c([C@@H]3CCCN3)nc2c1
C12H15N3,0,32024,false positive,Alkane; Amine; Arene; Nitrile,Alkane; Alkene; Amine; Arene; Nitrile,aligned_chunk_34.parquet,1305,562725,C12H15N3,N#Cc1ccc(N)c(NCCC2CC2)c1
C12H15N3,0,35830,correct,Alkane; Amine,Alkane; Amine,aligned_chunk_118.parquet,1010,72395,C12H15N3,c1cnc2[nH]cc(C3CCCNC3)c2c1
C12H15N3,0,48452,false positive,Alkane; Arene,Alkane; Amide; Arene; Sulfide,aligned_chunk_204.parquet,2869,385847,C12H15N3,CCCc1cn(Cc2ccccc2)nn1
C12H15N3,0,49411,correct,Alkane; Amine,Alkane; Amine,aligned_chunk_104.parquet,2476,25187,C12H15N3,c1ccn2cc(C3CCNCC3)nc2c1
C12H15N3,0,51757,correct,Alkane; Amine; Nitrile,Alkane; Amine; Nitrile,aligned_chunk_132.parquet,117,123460,C12H15N3,Cc1cc(C#N)cnc1N1CCCC1C
C12H15N3,0,60817,correct,Alkane; Amine; Nitrile,Alkane; Amine; Nitrile,aligned_chunk_70.parquet,1750,692406,C12H15N3,N#Cc1c2c(n(C3CC3)c1N)CCCC2
C12H15N3,0,64357,false positive,Alkane; Alkyne; Amine,Alkane; Alkyne; Amine; Arene; Ether; Haloalkane,aligned_chunk_81.parquet,1185,730581,C12H15N3,C#Cc1ccc(N2CCN(C)CC2)nc1
C12H15N3,0,65022,false positive,Alkane; Amine; Nitrile,Alkane; Amine; Arene; Ester; Ether; Nitrile,aligned_chunk_8.parquet,279,723214,C12H15N3,N#Cc1ccc(NC2CCCCC2)nc1
C12H15N3,1,71151,mixed error,Alkane; Amine; Arene,Alkane; Arene; Ether,aligned_chunk_214.parquet,1611,420254,C12H15N3,Cc1ccc(NCc2ncc[nH]2)c(C)c1
C17H18N6O3S,1,44186,false positive,Alkane; Arene; Sulfone,Alkane; Arene; Ether; Sulfone,aligned_chunk_132.parquet,966,124309,C17H18N6O3S,CCN1CCN(c2ccc3c(c2)ncn3-c2ccnc(S(C)(=O)=O)n2)C1=O
C12H11NO3,0,446,false positive,Alkane; Arene; Ester; Ether; Isocyanate,Alkane; Amide; Arene; Ester; Ether; Isocyanate,aligned_chunk_184.parquet,1238,309790,C12H11NO3,COC(=O)[C@]1(N=C=O)CCc2ccccc21
C12H11NO3,0,1244,correct,Alcohol; Alkane; Arene; Ester; Ether; Phenol,Alcohol; Alkane; Arene; Ester; Ether; Phenol,aligned_chunk_111.parquet,1320,50059,C12H11NO3,COC(=O)c1ccc(-n2cccc2)c(O)c1
C12H11NO3,0,5081,correct,Alcohol; Alkane; Alkyne; Amide; Arene; Carboxylic acid,Alcohol; Alkane; Alkyne; Amide; Arene; Carboxylic acid,aligned_chunk_88.parquet,1766,753901,C12H11NO3,C#CCC(NC(=O)c1ccccc1)C(=O)O
C12H11NO3,0,15198,false negative,Alcohol; Alkane; Arene; Carboxylic acid,Alcohol; Arene; Carboxylic acid,aligned_chunk_133.parquet,30,126600,C12H11NO3,O=C(O)c1cccc2oc(C3CCC3)nc12
C12H11NO3,0,20391,mixed error,Alcohol; Alkane; Arene; Ester; Ether; Phenol,Alcohol; Alkane; Alkene; Arene; Ether; Phenol,aligned_chunk_160.parquet,3249,227173,C12H11NO3,COC(=O)c1cc(O)c2ccc(C)cc2n1
C12H11NO3,0,32577,false positive,Alkane; Arene; Ester; Ether,Alkane; Arene; Ester; Ether; Haloalkane,aligned_chunk_90.parquet,1618,763470,C12H11NO3,COC(=O)c1oc(-c2ccccc2)nc1C
C12H11NO3,1,37531,mixed error,Alkane; Arene; Ester; Ether; Ketone; Nitrile,Alkane; Amide; Amine; Arene; Nitrile,aligned_chunk_181.parquet,2336,301223,C12H11NO3,CCOC(=O)C(=O)Cc1ccc(C#N)cc1
C12H11NO3,0,41667,false positive,Alcohol; Alkane; Arene; Carboxylic acid,Alcohol; Alkane; Arene; Carboxylic acid; Ether; Haloalkane,aligned_chunk_167.parquet,1889,248693,C12H11NO3,Cc1cc(C)c2c(=O)cc(C(=O)O)[nH]c2c1
C12H11NO3,0,43305,mixed error,Alkane; Ether; Ketone,Alkane; Amine; Ketone,aligned_chunk_136.parquet,900,137218,C12H11NO3,COc1ccc(CC(=O)c2ccco2)cn1
C12H11NO3,0,44145,false negative,Aldehyde; Alkane; Arene; Ester; Ether,Alkane; Arene; Ester; Ether,aligned_chunk_146.parquet,71,172014,C12H11NO3,CCOC(=O)c1[nH]c2ccccc2c1C=O
C12H11NO3,0,50297,mixed error,Alcohol; Alkane; Alkyne; Amide; Arene; Ether; Phenol,Alcohol; Alkane; Arene; Ether; Haloalkane,aligned_chunk_223.parquet,2285,453323,C12H11NO3,C#CCOc1ccc(O)c2c1NC(=O)CC2
C12H11NO3,0,51517,correct,Aldehyde; Alkane; Arene; Ether,Aldehyde; Alkane; Arene; Ether,aligned_chunk_14.parquet,2598,151842,C12H11NO3,COc1cc(=O)n(CC=O)c2ccccc12
C12H11NO3,0,61695,false negative,Alcohol; Alkane; Arene; Carboxylic acid; Ether,Alcohol; Alkane; Arene; Carboxylic acid,aligned_chunk_130.parquet,1460,118386,C12H11NO3,COc1ncc(C(=O)O)c2c(C)cccc12
C12H11NO3,0,61710,false negative,Alkane; Alkene; Amide; Arene; Ether; Imide,Alkene; Amide; Arene; Imide,aligned_chunk_12.parquet,1283,79202,C12H11NO3,COc1cccc(C2=CC(=O)N(C)C2=O)c1
C12H11NO3,0,65509,false positive,Alkane; Arene; Ester; Ether,Alkane; Arene; Ester; Ether; Haloalkane,aligned_chunk_43.parquet,311,594118,C12H11NO3,CC(=O)OCc1cc2ccccc2[nH]c1=O
C12H11NO3,0,68033,mixed error,Aldehyde; Alkane; Arene; Ether,Aldehyde; Alkane; Alkene; Ester; Ether,aligned_chunk_90.parquet,1704,763556,C12H11NO3,CCOC(=O)n1cc(C=O)c2ccccc21
C12H11NO3,0,71907,mixed error,Aldehyde; Alkane; Alkene; Arene,Alcohol; Alkene; Arene,aligned_chunk_210.parquet,2895,408500,C12H11NO3,C=CCCn1c(=O)oc2cc(C=O)ccc21
C17H19NO2,0,6117,false positive,Alkane; Amide; Arene; Ether,Alkane; Amide; Amine; Arene; Ether,aligned_chunk_73.parquet,1572,701926,C17H19NO2,CC(C)(C(N)=O)c1ccccc1OCc1ccccc1
C17H19NO2,0,7875,false positive,Alkane; Arene; Ester; Ether,Alkane; Arene; Ester; Ether; Haloalkane,aligned_chunk_35.parquet,2100,566787,C17H19NO2,CCOC(=O)c1cc2c([nH]1)C(c1ccc(C)cc1)CC2
C17H19NO2,0,16189,false positive,Alkane; Alkene; Amine; Arene; Ether,Alkane; Alkene; Amine; Arene; Ether; Haloalkane,aligned_chunk_68.parquet,2866,683904,C17H19NO2,COc1ccc(C(=CCN)c2ccc(OC)cc2)cc1
C17H19NO2,0,18168,correct,Alcohol; Alkane; Amine; Arene; Ether; Phenol,Alcohol; Alkane; Amine; Arene; Ether; Phenol,aligned_chunk_17.parquet,1880,258376,C17H19NO2,COc1ccc(CN2CCc3ccc(C)cc32)cc1O
C17H19NO2,0,20467,correct,Alcohol; Alkane; Arene; Carboxylic acid,Alcohol; Alkane; Arene; Carboxylic acid,aligned_chunk_110.parquet,2637,48118,C17H19NO2,CCCCCc1ccc(-c2ccc(C(=O)O)cc2)nc1
C17H19NO2,0,36734,false negative,Alcohol; Alkane; Amine; Arene; Carboxylic acid,Alcohol; Amine; Arene; Carboxylic acid,aligned_chunk_111.parquet,2228,50967,C17H19NO2,CCCCc1ccc(Nc2ccc(C(=O)O)cc2)cc1
C17H19NO2,0,49888,correct,Alkane; Arene; Ester; Ether,Alkane; Arene; Ester; Ether,aligned_chunk_91.parquet,488,765630,C17H19NO2,Cc1cccnc1-c1cccc(C(=O)OC(C)(C)C)c1
C17H19NO2,0,51794,correct,Alkane; Arene; Carbamate; Ether,Alkane; Arene; Carbamate; Ether,aligned_chunk_94.parquet,1319,776236,C17H19NO2,CCOC(=O)NC(Cc1ccccc1)c1ccccc1
C17H19NO2,0,51951,false negative,Alkane; Amine; Arene; Ether,Alkane; Amine; Arene,aligned_chunk_82.parquet,2154,734817,C17H19NO2,CNCC1Cc2cccc(-c3cccc(OC)c3)c2O1
C17H19NO2,1,63012,false negative,Alkane; Arene; Ether; Ketone,Alkane,aligned_chunk_144.parquet,1925,167332,C17H19NO2,Cc1cc(C)c(C(=O)COc2ccc(C)nc2)c(C)c1
C17H19NO2,0,66270,correct,Alkane; Amine; Arene; Ester; Ether,Alkane; Amine; Arene; Ester; Ether,aligned_chunk_176.parquet,2873,282345,C17H19NO2,CCOC(=O)CNC(c1ccccc1)c1ccccc1
C17H19NO2,0,68614,correct,Alkane; Amine; Arene; Ether,Alkane; Amine; Arene; Ether,aligned_chunk_89.parquet,2611,758005,C17H19NO2,COc1ccc(N2CCc3cc(OC)ccc3C2)cc1
C17H19NO2,0,75923,correct,Alkane; Amide; Arene; Ether,Alkane; Amide; Arene; Ether,aligned_chunk_148.parquet,404,178937,C17H19NO2,CC(=O)Nc1cc(C)c(C)cc1OCc1ccccc1
C17H19NO2,0,75984,false positive,Alkane; Arene; Ester; Ether,Alkane; Arene; Ester; Ether; Ketone; Sulfide,aligned_chunk_154.parquet,2283,203424,C17H19NO2,Cc1cnccc1-c1cccc(C(=O)OC(C)(C)C)c1
C14H16O2,0,5570,false positive,Alkane; Alkyne; Arene; Ester; Ether,Alkane; Alkene; Alkyne; Arene; Ester; Ether,aligned_chunk_203.parquet,219,379966,C14H16O2,C#Cc1ccc(C(=O)OC(C)(C)C)c(C)c1
C14H16O2,0,8591,false positive,Alkane; Alkyne; Arene; Ether,Alkane; Alkyne; Arene; Ether; Haloalkane,aligned_chunk_237.parquet,3118,502760,C14H16O2,C#Cc1ccc([C@@H]2OC(C)(C)O[C@@H]2C)cc1
C14H16O2,1,9142,mixed error,Alcohol; Alkane; Arene; Carboxylic acid,Alcohol; Alkene; Amine; Arene; Carboxylic acid,aligned_chunk_233.parquet,1350,488114,C14H16O2,O=C(O)[C@@H]1CC2(CC2)C[C@H]1c1ccccc1
C14H16O2,0,12202,mixed error,Aldehyde; Alkane; Alkene; Arene; Ether,Alkane; Alkene; Amine; Arene; Ether; Haloalkane,aligned_chunk_106.parquet,550,29763,C14H16O2,COc1ccc(C=O)cc1C=C1CCCC1
C14H16O2,0,14299,mixed error,Alkane; Alkene; Arene; Ether; Ketone,Alkane; Arene; Ester; Ether; Haloalkane; Ketone,aligned_chunk_102.parquet,671,16854,C14H16O2,CCCC=C1Cc2cc(OC)ccc2C1=O
C14H16O2,0,18249,false positive,Alkane; Arene; Ether,Alkane; Alkene; Arene; Ether,aligned_chunk_203.parquet,695,380442,C14H16O2,COc1ccc2c(OC(C)C)cccc2c1
C14H16O2,0,18983,mixed error,Alcohol; Alkane; Arene; Ether; Phenol,Alcohol; Alkane; Arene; Ether; Haloalkane,aligned_chunk_134.parquet,3214,133042,C14H16O2,COc1ccc2c(O)c(C(C)C)ccc2c1
C14H16O2,0,22211,false negative,Alcohol; Alkane; Alkene; Arene; Carboxylic acid,Alcohol; Alkane; Arene; Carboxylic acid,aligned_chunk_52.parquet,595,626687,C14H16O2,Cc1cc(C(=O)O)ccc1C1=CCCCC1
C14H16O2,0,32128,false positive,Alcohol; Alkane; Arene,Alcohol; Alkane; Amine; Arene,aligned_chunk_206.parquet,839,390314,C14H16O2,OC(CCCc1ccccc1)c1ccoc1
C14H16O2,0,39138,false positive,Alkane; Arene; Ketone,Alkane; Arene; Ester; Ether; Ketone,aligned_chunk_117.parquet,663,68827,C14H16O2,O=C1CCCCC(=O)C1Cc1ccccc1
C14H16O2,0,41781,false positive,Alcohol; Alkane; Arene; Carboxylic acid,Alcohol; Alkane; Amine; Arene; Carboxylic acid,aligned_chunk_80.parquet,1450,727610,C14H16O2,O=C(O)c1cc2c3c(c1)CCCC3CCC2
C14H16O2,0,42012,false negative,Alkane; Arene; Ether; Ketone,Alkane; Arene; Ether,aligned_chunk_237.parquet,3236,502878,C14H16O2,O=C1CCc2ccc(OC3CCCC3)cc21
C14H16O2,0,43152,false positive,Alcohol; Alkane; Arene,Alcohol; Alkane; Arene; Haloalkane; Sulfide,aligned_chunk_125.parquet,900,98297,C14H16O2,CCC(O)c1cc2ccccc2cc1CO
C14H16O2,0,64104,correct,Alcohol; Alkane; Arene; Ether,Alcohol; Alkane; Arene; Ether,aligned_chunk_141.parquet,89,155740,C14H16O2,COCCc1cc(CO)c2ccccc2c1
C18H20O2,0,15287,mixed error,Alcohol; Alkane; Alkene; Arene; Ether,Alcohol; Alkane; Arene; Ester; Ether,aligned_chunk_72.parquet,1474,698615,C18H20O2,Cc1cccc(C(=CCOCCO)c2ccccc2)c1
C18H20O2,0,18984,mixed error,Alcohol; Alkane; Alkene; Arene,Alcohol; Alkane; Arene; Ketone,aligned_chunk_126.parquet,833,101492,C18H20O2,OCCc1cccc(C=Cc2ccccc2)c1CCO
C18H20O2,1,20595,mixed error,Alcohol; Alkane; Alkene; Arene; Ether; Phenol,Alcohol; Arene; Haloalkane; Phenol,aligned_chunk_220.parquet,1397,442743,C18H20O2,C=CCOc1ccc(C(C)(C)c2ccc(O)cc2)cc1
C18H20O2,0,32257,correct,Alcohol; Alkane; Arene; Ketone,Alcohol; Alkane; Arene; Ketone,aligned_chunk_111.parquet,2217,50956,C18H20O2,CCCCc1ccc(C(O)C(=O)c2ccccc2)cc1
C18H20O2,0,37654,correct,Alkane; Alkene; Arene; Ether,Alkane; Alkene; Arene; Ether,aligned_chunk_196.parquet,243,350979,C18H20O2,C=CCCCOc1cccc(OCc2ccccc2)c1
C18H20O2,0,57850,false positive,Alcohol; Alkane; Arene; Carboxylic acid,Alcohol; Alkane; Arene; Carboxylic acid; Ether; Sulfide,aligned_chunk_101.parquet,759,13727,C18H20O2,Cc1cccc(C(=O)O)c1-c1ccc(C(C)(C)C)cc1
C18H20O2,0,66741,false positive,Aldehyde; Alkane; Arene; Ether,Aldehyde; Alkane; Arene; Ether; Haloalkane,aligned_chunk_11.parquet,1683,43894,C18H20O2,Cc1ccccc1CC(CC=O)OCc1ccccc1
C18H20O2,0,69978,false positive,Alkane; Alkene; Arene; Ketone,Alkane; Alkene; Arene; Ester; Ether; Ketone,aligned_chunk_14.parquet,2208,151452,C18H20O2,CC12CCC(=O)C=C1CCC(Cc1ccccc1)C2=O
C18H20O2,0,75004,mixed error,Alcohol; Alkane; Alkene; Arene; Ether,Alcohol; Alkane; Alkene; Arene; Sulfide,aligned_chunk_177.parquet,3184,285910,C18H20O2,Cc1ccccc1C(=CCOCCO)c1ccccc1
C18H20O2,0,79285,false positive,Alkane; Arene; Ester; Ether,Alkane; Arene; Ester; Ether; Ketone,aligned_chunk_3.parquet,2132,547243,C18H20O2,CCOC(=O)CCCc1ccc(-c2ccccc2)cc1
C25H34N2O,1,38615,mixed error,Alkane; Arene; Ether; Nitrile,Alkane; Arene; Haloalkane; Nitrile; Sulfide,aligned_chunk_3.parquet,2812,547923,C25H34N2O,CCCCCc1ccc(OCC23CCC(CCC)(CC2)CC3)c(C#N)c1C#N
C25H34N2O,0,79294,false positive,Aldehyde; Alkane; Amine; Arene,Aldehyde; Alkane; Amine; Arene; Ether; Haloalkane,aligned_chunk_180.parquet,1724,297345,C25H34N2O,CN(C)c1ccc(C=O)cc1-c1cc2c(cc1N(C)C)C(C)(C)CCC2(C)C
C12H14O4,0,3456,correct,Alcohol; Alkane; Alkene; Arene; Carboxylic acid; Ether,Alcohol; Alkane; Alkene; Arene; Carboxylic acid; Ether,aligned_chunk_188.parquet,1273,322903,C12H14O4,COc1cc(C=CCC(=O)O)cc(OC)c1
C12H14O4,0,4781,correct,Alcohol; Alkane; Alkene; Arene; Ester; Ether; Phenol,Alcohol; Alkane; Alkene; Arene; Ester; Ether; Phenol,aligned_chunk_151.parquet,33,191436,C12H14O4,C=CCOc1cc(O)c(C)c(C(=O)OC)c1
C12H14O4,0,6761,correct,Alkane; Arene; Ester; Ether,Alkane; Arene; Ester; Ether,aligned_chunk_166.parquet,1528,245088,C12H14O4,COC(=O)c1ccc(OC2COC2)c(C)c1
C12H14O4,0,8627,false positive,Alcohol; Alkane; Arene; Carboxylic acid,Alcohol; Alkane; Arene; Carboxylic acid; Ester; Ether,aligned_chunk_108.parquet,2487,38219,C12H14O4,CCc1cc(C(=O)O)c(C(=O)O)cc1CC
C12H14O4,0,9948,correct,Alkane; Arene; Ester; Ether,Alkane; Arene; Ester; Ether,aligned_chunk_200.parquet,2262,372323,C12H14O4,COC(=O)c1ccc(COC(C)=O)c(C)c1
C12H14O4,0,11915,correct,Alkane; Arene; Ester; Ether; Ketone,Alkane; Arene; Ester; Ether; Ketone,aligned_chunk_113.parquet,1338,56540,C12H14O4,COC(=O)COc1ccc(C(C)=O)cc1C
C12H14O4,0,13945,false positive,Alkane; Alkene; Arene; Ester; Ether,Alkane; Alkene; Arene; Ester; Ether; Haloalkane,aligned_chunk_16.parquet,2430,223078,C12H14O4,C=CCOc1ccc(OC)cc1C(=O)OC
C12H14O4,0,15278,false positive,Alcohol; Alkane; Arene; Carboxylic acid; Ether,Alcohol; Alkane; Alkene; Arene; Carboxylic acid; Ether,aligned_chunk_197.parquet,681,354618,C12H14O4,O=C(O)c1ccc(OCC2CCOC2)cc1
C12H14O4,0,15481,correct,Alkane; Alkene; Arene; Ether,Alkane; Alkene; Arene; Ether,aligned_chunk_27.parquet,433,535684,C12H14O4,C=CCc1cc(OC)c2c(c1OC)OCO2
C12H14O4,0,16041,mixed error,Alcohol; Alkane; Arene; Carboxylic acid; Ether; Ketone,Alcohol; Arene; Carboxylic acid; Sulfide,aligned_chunk_243.parquet,259,522568,C12H14O4,CCC(C(=O)O)C(=O)c1ccccc1OC
C12H14O4,0,17518,correct,Alcohol; Alkane; Arene; Ester; Ether; Ketone; Phenol,Alcohol; Alkane; Arene; Ester; Ether; Ketone; Phenol,aligned_chunk_209.parquet,2750,401911,C12H14O4,COC(=O)CC(C)C(=O)c1ccccc1O
C12H14O4,0,17762,correct,Alcohol; Alkane; Arene; Carboxylic acid; Ester; Ether,Alcohol; Alkane; Arene; Carboxylic acid; Ester; Ether,aligned_chunk_174.parquet,445,273403,C12H14O4,COC(=O)c1ccc(C(C)CC(=O)O)cc1
C12H14O4,0,19611,correct,Alcohol; Alkane; Arene; Carboxylic acid; Ether,Alcohol; Alkane; Arene; Carboxylic acid; Ether,aligned_chunk_156.parquet,1492,209054,C12H14O4,COc1cc(OCC2CC2)ccc1C(=O)O
C12H14O4,0,20077,mixed error,Alkane; Arene; Ester; Ether,Alkane; Amide; Amine; Arene; Ether,aligned_chunk_244.parquet,1614,527159,C12H14O4,COc1ccccc1OC(=O)C1CCCO1
C12H14O4,0,21218,correct,Alkane; Arene; Ester; Ether,Alkane; Arene; Ester; Ether,aligned_chunk_60.parquet,955,656184,C12H14O4,CCOC(=O)c1cccc(C(=O)OCC)c1
C12H14O4,0,24877,false negative,Alcohol; Alkane; Arene; Ester; Ether; Ketone; Phenol,Alcohol; Alkane; Arene; Ether; Ketone; Phenol,aligned_chunk_120.parquet,2204,83372,C12H14O4,COC(=O)CCC(=O)c1cc(C)ccc1O
C12H14O4,0,27181,false negative,Alcohol; Alkane; Arene; Ester; Ether; Ketone; Phenol,Alcohol; Alkane; Ester; Ether; Phenol,aligned_chunk_144.parquet,956,166363,C12H14O4,CCOC(=O)c1cccc(C(=O)CC)c1O
C12H14O4,0,50121,correct,Alkane; Arene; Ester; Ether; Ketone,Alkane; Arene; Ester; Ether; Ketone,aligned_chunk_175.parquet,2253,278476,C12H14O4,COc1ccc(COC(=O)CC(C)=O)cc1
C12H14O4,0,50531,correct,Alcohol; Alkane; Arene; Ester; Ether; Phenol,Alcohol; Alkane; Arene; Ester; Ether; Phenol,aligned_chunk_160.parquet,601,224525,C12H14O4,CCOC(=O)C1CCc2cc(O)ccc2O1
C12H14O4,0,51221,false positive,Alkane; Arene; Ester; Ether,Alkane; Alkene; Arene; Ester; Ether,aligned_chunk_164.parquet,1835,238821,C12H14O4,COC(=O)c1cc(C)c(C)cc1C(=O)OC
C12H14O4,0,54627,mixed error,Alcohol; Alkane; Alkene; Arene; Carboxylic acid; Ether,Alcohol; Alkane; Alkene; Arene; Carboxylic acid; Sulfide,aligned_chunk_42.parquet,2162,592795,C12H14O4,C=C(Cc1ccc(OC)c(OC)c1)C(=O)O
C12H14O4,0,62175,mixed error,Alcohol; Alkane; Arene; Carboxylic acid; Ester; Ether,Alcohol; Alkane; Arene; Carboxylic acid; Sulfide,aligned_chunk_114.parquet,1581,60042,C12H14O4,CCOC(=O)CCc1cccc(C(=O)O)c1
C12H14O4,0,64896,false negative,Alcohol; Alkane; Arene; Carboxylic acid; Ester; Ether,Alcohol; Alkane; Arene; Carboxylic acid,aligned_chunk_173.parquet,955,270680,C12H14O4,CCOC(=O)CCc1ccc(C(=O)O)cc1
C12H14O4,0,65577,false positive,Alcohol; Alkane; Arene; Carboxylic acid,Alcohol; Alkane; Arene; Carboxylic acid; Ester; Ether,aligned_chunk_203.parquet,1934,381681,C12H14O4,CC(C)(C)c1cc(C(=O)O)cc(C(=O)O)c1
C12H14O4,0,67174,correct,Alkane; Arene; Ester; Ether,Alkane; Arene; Ester; Ether,aligned_chunk_97.parquet,262,784899,C12H14O4,CC(=O)OCCc1ccc(OC(C)=O)cc1
C12H14O4,0,68959,correct,Alkane; Arene; Ester; Ether; Ketone,Alkane; Arene; Ester; Ether; Ketone,aligned_chunk_214.parquet,56,418699,C12H14O4,COC(=O)COc1ccc(CC(C)=O)cc1
C12H14O4,0,68975,correct,Alcohol; Alkane; Arene; Ester; Ether; Phenol,Alcohol; Alkane; Arene; Ester; Ether; Phenol,aligned_chunk_178.parquet,1352,287309,C12H14O4,COC(=O)CC1COc2cc(O)c(C)cc21
C12H14O4,1,69309,mixed error,Alcohol; Alkane; Alkene; Arene; Ester; Ether,Alcohol; Alkane; Alkene; Amine; Enamine; Ketone,aligned_chunk_78.parquet,1608,718089,C12H14O4,O=C(C=CC(O)CO)OCc1ccccc1
C12H14O4,0,70062,mixed error,Alcohol; Aldehyde; Alkane; Arene; Ester; Ether; Phenol,Alcohol; Aldehyde; Alkane; Arene; Ketone; Phenol,aligned_chunk_15.parquet,494,185485,C12H14O4,CC(C)(C)C(=O)Oc1cccc(C=O)c1O
C12H14O4,0,70796,mixed error,Alcohol; Aldehyde; Alkane; Arene; Carboxylic acid; Ether,Alcohol; Alkane; Amide; Arene; Carboxylic acid; Ether,aligned_chunk_99.parquet,2276,793413,C12H14O4,COc1ccc(C(CC=O)C(=O)O)cc1C
C12H14O4,0,75692,correct,Alcohol; Alkane; Arene; Ester; Ether; Phenol,Alcohol; Alkane; Arene; Ester; Ether; Phenol,aligned_chunk_67.parquet,511,678252,C12H14O4,CCC1(C(=O)OC)Cc2cc(O)ccc2O1
C12H14O4,0,77268,false positive,Alcohol; Alkane; Arene; Carboxylic acid; Ether; Ketone,Alcohol; Alkane; Arene; Carboxylic acid; Ester; Ether; Ketone,aligned_chunk_108.parquet,2547,38279,C12H14O4,COc1ccc(C(=O)CCC(=O)O)cc1C
C12H14O4,0,77641,mixed error,Alkane; Ether; Ketone,Alkane; Haloalkane,aligned_chunk_138.parquet,450,143196,C12H14O4,Cc1cc2c(c(=O)o1)C(=O)CC(C(C)C)O2
C11H12ClN,1,73069,correct,Alkane; Arene; Haloalkane; Nitrile,Alkane; Arene; Haloalkane; Nitrile,aligned_chunk_130.parquet,627,117553,C11H12ClN,CCCCc1ccc(C#N)c(Cl)c1
C22H24F2N4O4S,0,2479,correct,Alkane; Carbamate; Ether; Haloalkane,Alkane; Carbamate; Ether; Haloalkane,aligned_chunk_141.parquet,2898,158549,C22H24F2N4O4S,Cc1cccnc1S(=O)(=O)n1cc(CN(C)C(=O)OC(C)(C)C)c(F)c1-c1cccnc1F
C22H24F2N4O4S,1,17676,false negative,Alkane; Arene; Carbamate; Ether; Haloalkane; Sulfone,Alkane; Carbamate; Ether; Haloalkane; Sulfone,aligned_chunk_200.parquet,2401,372462,C22H24F2N4O4S,Cc1ccc(S(=O)(=O)c2cc(CN(C)C(=O)OC(C)(C)C)nn2-c2cccc(F)c2F)cn1
C25H34N4O2,0,21630,correct,Alkane; Amine; Arene; Carbamate; Ether,Alkane; Amine; Arene; Carbamate; Ether,aligned_chunk_202.parquet,2780,379284,C25H34N4O2,CCCCCCCNC(=O)Oc1ccc2c(c1)c(C)cn2N(CCC)c1ccncc1
C25H34N4O2,1,25729,false negative,Alkane; Amine; Arene; Ester; Ether,Alkane; Amine; Ester; Ether,aligned_chunk_155.parquet,1486,205861,C25H34N4O2,CCOC(=O)c1c(C)nc2c(-c3c(C)cc(C)cc3C)c(C)nn2c1NC(CC)CC
C18H19NO6S,1,72002,mixed error,Alkane; Arene; Ether; Isocyanate; Sulfone,Alkane; Arene; Isocyanate; Sulfonamide; Sulfone,aligned_chunk_108.parquet,2422,38154,C18H19NO6S,COc1cc(C(N=C=O)S(=O)(=O)c2ccc(C)cc2)cc(OC)c1OC
C15H14N2O2,1,11653,mixed error,Alcohol; Alkane; Alkene; Arene; Enol; Ketone,Alcohol; Alkane; Alkene; Arene; Ester; Ether; Haloalkane; Phenol,aligned_chunk_97.parquet,1272,785909,C15H14N2O2,O=C1C(=CO)CCc2c1cnn2Cc1ccccc1
C15H14N2O2,0,13486,false positive,Alkane; Arene; Ester; Ether,Alkane; Amine; Arene; Ester; Ether; Haloalkane,aligned_chunk_127.parquet,433,104378,C15H14N2O2,CCOC(=O)c1ccc2c(c1)[nH]c1ncc(C)cc12
C15H14N2O2,0,15156,false positive,Alcohol; Alkane; Alkyne; Ether,Alcohol; Alkane; Alkyne; Amine; Ether,aligned_chunk_125.parquet,2466,99863,C15H14N2O2,COc1cc(C)nc(-c2cccc(C#CCO)n2)c1
C15H14N2O2,0,31481,false negative,Alcohol; Alkane; Arene; Ether; Phenol,Alcohol; Arene; Phenol,aligned_chunk_241.parquet,2351,518175,C15H14N2O2,COc1cccc2cc(-n3nc(O)cc3C)ccc12
C15H14N2O2,0,35343,false negative,Alcohol; Alkane; Arene; Carboxylic acid,Alcohol; Arene; Carboxylic acid,aligned_chunk_16.parquet,664,221312,C15H14N2O2,CC(C)n1c2ccccc2c2cc(C(=O)O)ncc21
C15H14N2O2,0,41605,false positive,Alkane; Amide; Arene; Ether,Alkane; Amide; Amine; Arene; Ester; Ether,aligned_chunk_188.parquet,832,322462,C15H14N2O2,O=C1NCCc2ncc(OCc3ccccc3)cc21
C15H14N2O2,0,57534,false negative,Alcohol; Alkane; Amine; Arene; Carboxylic acid,Alcohol; Amine; Arene; Carboxylic acid,aligned_chunk_70.parquet,1114,691770,C15H14N2O2,O=C(O)c1ccc(N2CCNc3ccccc32)cc1
C15H14N2O2,0,61315,false negative,Alkane; Amine; Arene; Ether; Nitrile,Alkane; Amine; Arene; Nitrile,aligned_chunk_204.parquet,1039,384017,C15H14N2O2,COc1ccc(COc2cccc(N)c2C#N)cc1
C15H14N2O2,0,62725,correct,Alkane; Amine; Arene; Ether; Nitrile,Alkane; Amine; Arene; Ether; Nitrile,aligned_chunk_5.parquet,1437,617790,C15H14N2O2,COc1cc(N)c(C#N)cc1OCc1ccccc1
C15H14N2O2,0,74408,mixed error,Alkane; Arene; Carbamate; Ether; Hydrazone,Alkane; Arene; Carbamate; Ester; Ether,aligned_chunk_101.parquet,2389,15357,C15H14N2O2,COC(=O)N(N=Cc1ccccc1)c1ccccc1
C23H17N3O,1,68835,correct,Alkane; Arene; Ketone,Alkane; Arene; Ketone,aligned_chunk_146.parquet,1072,173015,C23H17N3O,Cc1ccc2c(c1)ncn2-c1ccc2[nH]cc(C(=O)c3ccccc3)c2c1
C23H18F3N5O,1,1087,false positive,Alkane; Amide; Arene; Haloalkane,Alkane; Amide; Arene; Ether; Haloalkane,aligned_chunk_54.parquet,2475,635065,C23H18F3N5O,C[C@@H](Cn1cc(-c2ccc(F)c(F)c2)cn1)NC(=O)c1cc(F)ccc1-c1ncccn1
C23H18F3N5O,0,35331,false positive,Alkane; Amide; Amine; Arene; Haloalkane,Alkane; Amide; Amine; Arene; Ether; Haloalkane,aligned_chunk_169.parquet,599,253888,C23H18F3N5O,CNc1ncc2cc(-c3cccc(C(=O)Nc4cccc(C(F)(F)F)c4)c3C)cnc2n1
C23H18F3N5O,0,53584,false negative,Alkane; Amide; Amine; Arene; Haloalkane,Alkane; Amine; Arene; Haloalkane,aligned_chunk_158.parquet,1525,215652,C23H18F3N5O,Nc1n[nH]c2cncc(-c3ccc4c(c3)CCN4C(=O)Cc3cccc(C(F)(F)F)c3)c12
C12H12ClNO3,0,16417,false negative,Alcohol; Alkane; Arene; Ether; Haloalkane,Alcohol; Alkane; Arene; Haloalkane,aligned_chunk_174.parquet,1696,274654,C12H12ClNO3,OCc1cc(-c2ccc(OCCCl)cc2)no1
C12H12ClNO3,1,33283,mixed error,Alkane; Amide; Arene; Ether; Haloalkane,Alkane; Amide; Arene; Haloalkane; Imide,aligned_chunk_173.parquet,2439,272164,C12H12ClNO3,CC1CCC2Oc3ccc(Cl)cc3C(=O)N2O1
C12H12ClNO3,0,42514,false negative,Alcohol; Alkane; Amide; Arene; Carboxylic acid; Haloalkane,Alcohol; Amide; Arene; Carboxylic acid; Haloalkane,aligned_chunk_200.parquet,317,370378,C12H12ClNO3,O=C(O)[C@@H]1CCCC(=O)N1c1ccc(Cl)cc1
C12H12ClNO3,0,44642,false negative,Alcohol; Alkane; Amide; Arene; Carboxylic acid; Haloalkane,Alcohol; Arene; Carboxylic acid; Haloalkane,aligned_chunk_139.parquet,2222,148210,C12H12ClNO3,O=C(O)CN1CC(c2ccc(Cl)cc2)CC1=O
C12H12ClNO3,0,67198,correct,Alkane; Arene; Ether; Haloalkane,Alkane; Arene; Ether; Haloalkane,aligned_chunk_170.parquet,3089,262963,C12H12ClNO3,COc1cc2nc(Cl)ccc2c(OC)c1OC
C12H12ClNO3,0,77725,false negative,Alcohol; Alkane; Amide; Arene; Carboxylic acid; Haloalkane,Alcohol; Alkane; Amide; Arene; Carboxylic acid,aligned_chunk_80.parquet,323,726483,C12H12ClNO3,O=C(O)[C@H]1CCC(=O)N1Cc1ccccc1Cl
C16H10BrClFNO,1,78437,mixed error,Alkane; Arene; Haloalkane; Ketone; Nitrile,Alkane; Amide; Arene; Ether; Haloalkane; Nitrile,aligned_chunk_137.parquet,2579,142102,C16H10BrClFNO,CC(=O)c1cc(Cl)c(CBr)c(C#N)c1-c1cccc(F)c1
C18H22ClN3O2,1,37271,mixed error,Alkane; Alkene; Amine; Arene; Enamine; Ether; Haloalkane,Alcohol; Alkane; Alkene; Amine; Sulfide,aligned_chunk_141.parquet,1217,156868,C18H22ClN3O2,CCOC(OCC)C(N)=C(c1ccncc1N)c1ccccc1Cl
C18H22ClN3O2,0,41793,mixed error,Alkane; Amine; Arene; Ether; Haloalkane,Alkane; Amide; Amine; Arene,aligned_chunk_181.parquet,2878,301765,C18H22ClN3O2,NC1CCN(CCc2c(Cl)cnc3ccc4c(c23)OCCO4)CC1
C24H21N5O4S,1,24018,false negative,Alkane; Alkene; Amine; Enamine; Ester; Ether; Ketone; Sulfide,Alkane; Amine; Ester; Ether,aligned_chunk_43.parquet,1761,595568,C24H21N5O4S,CCOC(=O)c1[nH]cc2c1NC1=C(C(=O)CCC1)C2c1ccc(Sc2nc3cccnc3[nH]2)o1
C15H22N2O3,0,2258,false negative,Alkane; Arene; Ester; Ether,Alkane,aligned_chunk_94.parquet,1077,775994,C15H22N2O3,CCOC(=O)C(C)(C)CNC(=O)NCc1ccccc1
C15H22N2O3,0,7894,correct,Alkane; Amine; Arene; Carbamate; Ether,Alkane; Amine; Arene; Carbamate; Ether,aligned_chunk_93.parquet,852,772499,C15H22N2O3,COc1cc2c(cc1N)CN(C(=O)OC(C)(C)C)CC2
C15H22N2O3,0,9758,false negative,Alkane; Alkene; Amide; Amine; Carbamate; Enamine; Ether; Imide,Alkane; Amide; Carbamate; Ether; Imide,aligned_chunk_129.parquet,2800,113269,C15H22N2O3,CN(C)C=C1C(=O)N(C(=O)OC(C)(C)C)C2C=CCC12
C15H22N2O3,0,11120,correct,Alkane; Amide; Amine; Arene; Ester; Ether,Alkane; Amide; Amine; Arene; Ester; Ether,aligned_chunk_140.parquet,2737,155220,C15H22N2O3,CNC(C)(C)C(=O)N[C@@H](Cc1ccccc1)C(=O)OC
C15H22N2O3,0,11504,correct,Alkane; Amide; Arene; Carbamate; Ether,Alkane; Amide; Arene; Carbamate; Ether,aligned_chunk_216.parquet,2417,427568,C15H22N2O3,CC(C)CNC(=O)[C@H](C)NC(=O)OCc1ccccc1
C15H22N2O3,0,14953,correct,Alcohol; Alkane; Amide; Amine; Arene; Carboxylic acid,Alcohol; Alkane; Amide; Amine; Arene; Carboxylic acid,aligned_chunk_216.parquet,1295,426446,C15H22N2O3,CC(C)C[C@H](NC(=O)[C@@H](N)Cc1ccccc1)C(=O)O
C15H22N2O3,1,31336,mixed error,Alcohol; Alkane; Amide; Carboxylic acid,Alcohol; Carboxylic acid; Sulfide,aligned_chunk_154.parquet,2050,203191,C15H22N2O3,CCCC(CCC)N1CCn2c(C(=O)O)ccc2C1=O
C15H22N2O3,0,37842,false negative,Alcohol; Alkane; Carbamate; Ether,Alcohol; Alkane; Ether,aligned_chunk_184.parquet,676,309228,C15H22N2O3,CC(C)(C)OC(=O)N1CCCc2ccc(CCO)nc21
C15H22N2O3,0,42632,false positive,Alkane; Amine; Arene; Ester; Ether,Alkane; Amine; Arene; Ester; Ether; Haloalkane,aligned_chunk_130.parquet,264,117190,C15H22N2O3,COC(=O)c1ccc(CN2CCN(C)CC2)cc1OC
C15H22N2O3,0,44785,false positive,Alkane; Amide; Arene; Ether,Alkane; Amide; Arene; Carbamate; Ether,aligned_chunk_23.parquet,1411,475130,C15H22N2O3,COc1cc(NC(=O)C(C)(C)C)ccc1C(=O)N(C)C
C15H22N2O3,0,45362,correct,Alkane; Amine; Arene; Ester; Ether,Alkane; Amine; Arene; Ester; Ether,aligned_chunk_235.parquet,3181,496400,C15H22N2O3,CCOC(=O)[C@@H]1CC[C@@H](NOCc2ccccc2)CN1
C15H22N2O3,0,45369,false negative,Alcohol; Alkane; Amine; Arene; Carbamate; Ether; Phenol,Alcohol; Alkane; Arene; Carbamate; Ether; Phenol,aligned_chunk_110.parquet,907,46388,C15H22N2O3,CC(C)(C)OC(=O)N1CCN(c2ccc(O)cc2)CC1
C15H22N2O3,0,48349,correct,Alcohol; Alkane; Carbamate; Ether,Alcohol; Alkane; Carbamate; Ether,aligned_chunk_122.parquet,1016,88677,C15H22N2O3,CC(C)(C)OC(=O)N1CCC[C@H]1C(O)c1ccccn1
C15H22N2O3,0,58825,false negative,Alcohol; Alkane; Amine; Arene; Carbamate; Ether,Alcohol; Alkane; Arene; Carbamate; Ether,aligned_chunk_198.parquet,1537,358711,C15H22N2O3,CCOC(=O)N1CCN([C@H](CO)c2ccccc2)CC1
C15H22N2O3,0,60938,false negative,Alcohol; Alkane; Amine; Arene; Phenol,Alcohol; Alkane; Amine; Phenol,aligned_chunk_89.parquet,1921,757315,C15H22N2O3,CC(C)(C)NCC(O)c1ccc(O)c2[nH]c(CO)cc12
C15H22N2O3,0,67571,correct,Alcohol; Alkane; Amide; Amine; Arene,Alcohol; Alkane; Amide; Amine; Arene,aligned_chunk_163.parquet,569,234310,C15H22N2O3,O=C(NCC(O)CO)c1ccccc1C1CCNCC1
C15H22N2O3,0,71794,correct,Alcohol; Alkane; Amine; Arene; Carbamate; Ether; Phenol,Alcohol; Alkane; Amine; Arene; Carbamate; Ether; Phenol,aligned_chunk_218.parquet,1458,433076,C15H22N2O3,CC(C)(C)OC(=O)N1CCc2ccc(O)c(N)c2CC1
C15H22N2O3,0,72719,mixed error,Alkane; Alkene; Amine; Ester; Ether,Alkane; Alkene; Ester; Ether; Ketone,aligned_chunk_92.parquet,3120,771525,C15H22N2O3,C=CCN(C)c1cc(C(=O)OC(C)(C)C)cc(OC)n1
C15H22N2O3,0,74078,correct,Alkane; Carbamate; Ether,Alkane; Carbamate; Ether,aligned_chunk_225.parquet,1651,459180,C15H22N2O3,CC(C)(C)OC(=O)N1CC[C@@H](OCc2cccnc2)C1
C15H22N2O3,0,74949,correct,Alkane; Amine; Arene; Carbamate; Ether,Alkane; Amine; Arene; Carbamate; Ether,aligned_chunk_159.parquet,1653,219068,C15H22N2O3,CC(C)Oc1ccc(NC(=O)OC2CCNCC2)cc1
C15H22N2O3,0,77035,correct,Alcohol; Alkane; Amine; Arene; Carbamate; Ether,Alcohol; Alkane; Amine; Arene; Carbamate; Ether,aligned_chunk_37.parquet,1421,572570,C15H22N2O3,CN[C@H]1CCC[C@H](NC(=O)OCc2ccccc2)[C@@H]1O
C11H12FN3O,1,2515,mixed error,Alkane; Amine; Arene; Haloalkane,Arene; Haloalkane; Nitrile,aligned_chunk_167.parquet,111,246915,C11H12FN3O,Cn1cncc1C(ON)c1ccc(F)cc1
C11H12FN3O,0,3224,mixed error,Alcohol; Alkane; Amine; Haloalkane,Alcohol; Alkane; Amine; Phenol,aligned_chunk_84.parquet,931,740092,C11H12FN3O,OCc1cccn1NCc1ccncc1F
C13H11ClN2O3,0,38873,false negative,Alcohol; Alkane; Amide; Arene; Carboxylic acid; Haloalkane; Nitrile,Alcohol; Amide; Arene; Carboxylic acid; Haloalkane; Nitrile,aligned_chunk_3.parquet,2834,547945,C13H11ClN2O3,N#Cc1ccc(NC(=O)C2CCC2C(=O)O)cc1Cl
C13H11ClN2O3,1,60647,mixed error,Alkane; Arene; Ether; Haloalkane; Ketone,Alkane; Alkene; Arene; Enamine; Ketone,aligned_chunk_218.parquet,2560,434178,C13H11ClN2O3,COc1ccccc1C(=O)Cn1cc(Cl)cnc1=O
C13H11ClN2O3,0,68608,mixed error,Alkane; Amide; Arene; Haloalkane; Imide,Alkane; Amide; Arene; Imide; Sulfide,aligned_chunk_13.parquet,2388,116071,C13H11ClN2O3,O=C1CCC(N2Cc3c(Cl)cccc3C2=O)C(=O)N1
C15H16BrNO2,0,7513,correct,Alcohol; Alkane; Amine; Arene; Ether; Haloalkane,Alcohol; Alkane; Amine; Arene; Ether; Haloalkane,aligned_chunk_31.parquet,1916,553528,C15H16BrNO2,Nc1cc([C@H](O)CBr)ccc1OCc1ccccc1
C15H16BrNO2,1,44972,mixed error,Alkane; Arene; Ester; Ether; Haloalkane,Alkane; Arene; Ester; Ether; Ketone,aligned_chunk_170.parquet,2980,262854,C15H16BrNO2,CCOC(=O)c1c(Br)c(-c2ccccc2)n(C)c1C
C13H14O4,0,1954,false negative,Alcohol; Alkane; Arene; Carboxylic acid; Ester; Ether,Alcohol; Alkane; Arene; Carboxylic acid,aligned_chunk_162.parquet,2814,233295,C13H14O4,O=C(O)[C@@H]1C[C@H](C(=O)OCc2ccccc2)C1
C13H14O4,0,3262,false negative,Alcohol; Alkane; Arene; Carboxylic acid; Ester; Ether,Alcohol; Alkane; Arene; Carboxylic acid; Ether,aligned_chunk_127.parquet,472,104417,C13H14O4,O=C(C[C@@H]1C[C@H]1C(=O)O)OCc1ccccc1
C13H14O4,0,14712,false negative,Alkane; Arene; Ester; Ether; Ketone,Alkane; Arene; Ketone,aligned_chunk_171.parquet,497,263651,C13H14O4,CCOC(=O)C(=O)C(C)C(=O)c1ccccc1
C13H14O4,0,15638,correct,Alcohol; Alkane; Alkene; Arene; Ether; Ketone; Phenol,Alcohol; Alkane; Alkene; Arene; Ether; Ketone; Phenol,aligned_chunk_104.parquet,958,23669,C13H14O4,COc1ccc(C=CC(=O)CC(C)=O)cc1O
C13H14O4,0,19529,false positive,Alkane; Arene; Ester; Ether,Alkane; Arene; Ester; Ether; Haloalkane,aligned_chunk_14.parquet,2200,151444,C13H14O4,O=C1OCCc2cc(CC3OCCO3)ccc21
C13H14O4,1,26184,mixed error,Alcohol; Alkane; Arene; Ester; Ether; Ketone; Phenol,Alcohol; Alkane; Amide; Arene; Phenol,aligned_chunk_133.parquet,150,126720,C13H14O4,COC(=O)C1(c2ccc(O)c(C(C)=O)c2)CC1
C13H14O4,0,27995,correct,Alcohol; Alkane; Alkene; Arene; Ester; Ether; Ketone; Phenol,Alcohol; Alkane; Alkene; Arene; Ester; Ether; Ketone; Phenol,aligned_chunk_60.parquet,875,656104,C13H14O4,CCOC(=O)C(=Cc1ccc(O)cc1)C(C)=O
C13H14O4,0,29198,correct,Alcohol; Alkane; Arene; Carboxylic acid; Ester; Ether,Alcohol; Alkane; Arene; Carboxylic acid; Ester; Ether,aligned_chunk_219.parquet,1006,435882,C13H14O4,CCCC1(CC(=O)O)C(=O)Oc2ccccc21
C13H14O4,0,35185,false positive,Alcohol; Alkane; Alkene; Arene; Enol; Ester; Ether; Ketone,Alcohol; Alkane; Alkene; Arene; Enol; Ester; Ether; Ketone; Phenol,aligned_chunk_40.parquet,1725,585831,C13H14O4,CCOC(=O)C(O)=CC(=O)c1ccccc1C
C13H14O4,0,45657,false positive,Alkane; Arene; Ester; Ether,Alkane; Alkene; Arene; Ester; Ether; Haloalkane,aligned_chunk_50.parquet,2758,622403,C13H14O4,CC(C)(C)OC(=O)c1ccc2c(c1)COC2=O
C13H14O4,0,51595,false positive,Alcohol; Alkane; Arene; Ester; Ether,Alcohol; Alkane; Arene; Ester; Ether; Haloalkane,aligned_chunk_32.parquet,1493,556333,C13H14O4,CCOC(=O)C(O)Cc1cccc2occc12
C13H14O4,0,56153,correct,Alcohol; Alkane; Alkene; Arene; Carboxylic acid; Ester; Ether,Alcohol; Alkane; Alkene; Arene; Carboxylic acid; Ester; Ether,aligned_chunk_3.parquet,1166,546277,C13H14O4,CCOC(=O)C(C)=Cc1ccccc1C(=O)O
C13H14O4,0,61478,false negative,Alcohol; Alkane; Alkene; Arene; Ester; Ether; Phenol,Alcohol; Alkane; Alkene; Arene; Ether; Phenol,aligned_chunk_66.parquet,1953,676494,C13H14O4,C=CCOC(=O)C=Cc1ccc(OC)c(O)c1
C13H14O4,0,63501,correct,Alcohol; Alkane; Alkene; Arene; Ester; Ether; Phenol,Alcohol; Alkane; Alkene; Arene; Ester; Ether; Phenol,aligned_chunk_147.parquet,1801,177053,C13H14O4,C=CCOC(=O)C=Cc1ccc(O)c(OC)c1
C13H14O4,0,65737,false positive,Alkane; Arene; Ester; Ether,Alkane; Alkene; Arene; Ester; Ether; Haloalkane,aligned_chunk_144.parquet,3068,168475,C13H14O4,CCOC(=O)c1coc2cc(OCC)ccc12
C13H14O4,0,67690,false positive,Aldehyde; Alkane; Arene; Ester; Ether,Aldehyde; Alkane; Arene; Ester; Ether; Haloalkane,aligned_chunk_89.parquet,397,755791,C13H14O4,COC(=O)c1ccc(OCC2CC2)c(C=O)c1
C13H14O4,0,72006,correct,Alkane; Alkyne; Arene; Ester; Ether,Alkane; Alkyne; Arene; Ester; Ether,aligned_chunk_231.parquet,2942,483209,C13H14O4,C#CCOc1cccc(COC)c1C(=O)OC
C13H14O4,0,73739,false negative,Alcohol; Alkane; Alkene; Arene; Ether; Ketone; Phenol,Alcohol; Alkane; Arene; Ether; Phenol,aligned_chunk_64.parquet,72,668121,C13H14O4,CC(C)=CCc1c(O)cc2c(c1O)C(=O)CO2
C13H14O4,0,75839,correct,Alkane; Alkene; Arene; Ester; Ether,Alkane; Alkene; Arene; Ester; Ether,aligned_chunk_127.parquet,2908,106853,C13H14O4,COC(=O)c1ccc(C=CC2OCCO2)cc1
C14H18O3,0,1365,false negative,Alcohol; Alkane; Alkene; Arene; Ether; Ketone; Phenol,Alcohol; Alkane; Arene; Ether; Ketone; Phenol,aligned_chunk_1.parquet,49,3284,C14H18O3,COc1ccc(C(C)=O)c(O)c1CC=C(C)C
C14H18O3,0,9426,mixed error,Alcohol; Alkane; Arene; Ether; Ketone,Alcohol; Alkane; Alkene; Arene,aligned_chunk_119.parquet,2741,77365,C14H18O3,O=C1CC(CCCCCO)Oc2ccccc21
C14H18O3,1,15494,mixed error,Alkane; Alkyne; Ester; Ether; Ketone,Alkane; Alkyne; Amide; Haloalkane; Ketone,aligned_chunk_41.parquet,1053,588475,C14H18O3,C#CCCC1(C2CCCC2)CC(=O)CC(=O)O1
C14H18O3,0,15810,correct,Alkane; Alkyne; Arene; Ether,Alkane; Alkyne; Arene; Ether,aligned_chunk_225.parquet,1124,458653,C14H18O3,C#CCOc1cc(OC)c(OC)cc1CCC
C14H18O3,0,16056,false positive,Alcohol; Alkane; Arene; Ester; Ether; Phenol,Alcohol; Alkane; Arene; Ester; Ether; Ketone; Phenol,aligned_chunk_157.parquet,2653,213448,C14H18O3,Cc1c(C)c2c(c(C)c1O)C(C)(C)CC(=O)O2
C14H18O3,0,22130,false negative,Alkane; Alkene; Ether; Ketone,Alkane; Alkene,aligned_chunk_38.parquet,1716,576090,C14H18O3,C=C1C=C[C@H](C(C)C)CC(=O)C(=O)[C@@H]2O[C@@H]2C1
C14H18O3,0,22204,false positive,Alkane; Alkene; Arene; Ester; Ether,Alkane; Alkene; Arene; Ester; Ether; Haloalkane; Ketone,aligned_chunk_158.parquet,2785,216912,C14H18O3,CCOC(=O)/C(=C/c1ccc(OC)cc1)CC
C14H18O3,0,22463,false negative,Alcohol; Alkane; Alkene; Arene; Carboxylic acid,Alcohol; Alkane; Arene; Carboxylic acid,aligned_chunk_178.parquet,953,286910,C14H18O3,O=C(O)CCCC/C=C/c1ccccc1CO
C14H18O3,0,22752,false negative,Alkane; Arene; Ester; Ether; Ketone,Alkane; Arene; Ester; Ether,aligned_chunk_208.parquet,520,396394,C14H18O3,COC(=O)C(C(C)=O)C(C)(C)c1ccccc1
C14H18O3,0,33661,correct,Alkane; Alkene; Arene; Ester; Ether,Alkane; Alkene; Arene; Ester; Ether,aligned_chunk_6.parquet,2280,654276,C14H18O3,COc1ccc(/C=C/C(=O)OC(C)(C)C)cc1
C14H18O3,0,34974,correct,Aldehyde; Alkane; Arene; Ester; Ether,Aldehyde; Alkane; Arene; Ester; Ether,aligned_chunk_107.parquet,706,33177,C14H18O3,CCC(C=O)(CC)C(=O)OCc1ccccc1
C14H18O3,0,35697,correct,Alkane; Arene; Ester; Ether,Alkane; Arene; Ester; Ether,aligned_chunk_160.parquet,181,224105,C14H18O3,COC(=O)c1ccc(C2CC2)cc1OC(C)C
C14H18O3,0,37917,correct,Alkane; Alkene; Arene; Ester; Ether,Alkane; Alkene; Arene; Ester; Ether,aligned_chunk_4.parquet,1888,582714,C14H18O3,CCOC(=O)/C=C/Oc1cccc(C(C)C)c1
C14H18O3,0,39215,correct,Alkane; Alkene; Arene; Ester; Ether,Alkane; Alkene; Arene; Ester; Ether,aligned_chunk_131.parquet,2274,122438,C14H18O3,C=CCC(OCc1ccccc1)C(=O)OCC
C14H18O3,0,39534,correct,Alcohol; Alkane; Arene; Ester; Ether,Alcohol; Alkane; Arene; Ester; Ether,aligned_chunk_136.parquet,2092,138410,C14H18O3,CCOC(=O)Cc1ccc2c(c1)CCC(O)C2
C14H18O3,0,41597,correct,Alcohol; Alkane; Arene; Ester; Ether,Alcohol; Alkane; Arene; Ester; Ether,aligned_chunk_144.parquet,2376,167783,C14H18O3,C[C@@](O)(CC1CC1)C(=O)OCc1ccccc1
C14H18O3,0,45557,false positive,Alkane; Arene; Ether; Ketone,Alkane; Alkene; Arene; Ether; Ketone,aligned_chunk_54.parquet,1356,633946,C14H18O3,COc1ccc(COC[C@@H]2C[C@H]2C(C)=O)cc1
C14H18O3,0,48241,correct,Aldehyde; Alkane; Arene; Ester; Ether,Aldehyde; Alkane; Arene; Ester; Ether,aligned_chunk_49.parquet,1319,614394,C14H18O3,CCCCCCOC(=O)c1ccc(C=O)cc1
C14H18O3,0,52311,correct,Alkane; Alkene; Arene; Ester; Ether,Alkane; Alkene; Arene; Ester; Ether,aligned_chunk_89.parquet,305,755699,C14H18O3,C=C(CC)COc1ccccc1CC(=O)OC
C14H18O3,0,52975,correct,Alcohol; Alkane; Arene; Ester; Ether; Phenol,Alcohol; Alkane; Arene; Ester; Ether; Phenol,aligned_chunk_4.parquet,2116,582942,C14H18O3,COC(=O)C1(Cc2ccc(O)cc2)CCCC1
C14H18O3,0,63644,false negative,Alkane; Arene; Ester; Ether; Ketone,Alkane; Arene; Ketone,aligned_chunk_77.parquet,2616,715821,C14H18O3,Cc1ccc(C(=O)COC(=O)C(C)(C)C)cc1
C14H18O3,0,67426,correct,Alkane; Arene; Ester; Ether,Alkane; Arene; Ester; Ether,aligned_chunk_155.parquet,1579,205954,C14H18O3,CCOC(=O)COc1cccc2c1CCCC2
C14H18O3,0,67461,correct,Alkane; Arene; Ester; Ether,Alkane; Arene; Ester; Ether,aligned_chunk_142.parquet,429,159298,C14H18O3,CCOC(=O)[C@@H]1CCOC[C@H]1c1ccccc1
C14H18O3,0,67495,mixed error,Alcohol; Alkane; Arene; Carboxylic acid; Ketone,Alcohol; Alkane; Arene; Carboxylic acid; Sulfide,aligned_chunk_118.parquet,2568,73953,C14H18O3,CC(=O)CCc1ccccc1CCCC(=O)O
C14H18O3,0,71740,false positive,Alcohol; Alkane; Arene; Carboxylic acid; Ketone,Alcohol; Alkane; Alkene; Arene; Carboxylic acid; Ketone,aligned_chunk_227.parquet,3150,467224,C14H18O3,CC(=O)C(C)(CCCc1ccccc1)C(=O)O
C14H18O3,0,77039,correct,Alkane; Arene; Ester; Ether; Ketone,Alkane; Arene; Ester; Ether; Ketone,aligned_chunk_25.parquet,240,528986,C14H18O3,COC(=O)C(C(C)=O)c1c(C)cc(C)cc1C
C14H18O3,0,77355,false positive,Alcohol; Alkane; Arene; Ester; Ether; Phenol,Alcohol; Alkane; Amine; Arene; Ester; Ether; Phenol,aligned_chunk_43.parquet,2027,595834,C14H18O3,COC(=O)C[C@H](c1cccc(O)c1)C1CCC1
C14H18O3,0,77616,false negative,Alcohol; Alkane; Alkene; Arene; Carboxylic acid; Ether,Alcohol; Alkane; Alkene; Arene; Carboxylic acid,aligned_chunk_190.parquet,2720,334009,C14H18O3,COc1cccc(C=CCCCCC(=O)O)c1
C14H18O3,0,78737,correct,Alcohol; Alkane; Alkene; Arene; Ester; Ether; Phenol,Alcohol; Alkane; Alkene; Arene; Ester; Ether; Phenol,aligned_chunk_29.parquet,343,542164,C14H18O3,CC/C=C\CC(C)OC(=O)c1ccccc1O
C7H12O2,0,1936,correct,Alkane; Alkene; Ether,Alkane; Alkene; Ether,aligned_chunk_187.parquet,1834,320181,C7H12O2,C=C(C)COCC1CO1
C7H12O2,0,2621,false negative,Alkane; Ether; Ketone,Alkane; Ketone,aligned_chunk_21.parquet,892,403256,C7H12O2,COC1CCCC(=O)C1
C7H12O2,0,4066,false negative,Alcohol; Alkane; Alkene; Ether,Alcohol; Alkane; Alkene,aligned_chunk_61.parquet,1428,659864,C7H12O2,OCCCC1=CCCO1
C7H12O2,0,4606,correct,Alkane; Alkene; Ester; Ether,Alkane; Alkene; Ester; Ether,aligned_chunk_198.parquet,2868,360042,C7H12O2,CC/C=C(\C)C(=O)OC
C7H12O2,0,8611,correct,Alkane; Alkene; Ester; Ether,Alkane; Alkene; Ester; Ether,aligned_chunk_70.parquet,1085,691741,C7H12O2,C=CC(=O)OCC(C)C
C7H12O2,0,9475,false positive,Alcohol; Alkane; Carboxylic acid,Alcohol; Alkane; Carboxylic acid; Ketone,aligned_chunk_174.parquet,2286,275244,C7H12O2,CC1(C(=O)O)CCCC1
C7H12O2,0,18468,correct,Alcohol; Alkane; Alkene; Carboxylic acid,Alcohol; Alkane; Alkene; Carboxylic acid,aligned_chunk_240.parquet,2354,514900,C7H12O2,C=CCCCCC(=O)O
C7H12O2,0,19046,false negative,Alcohol; Alkane; Alkene; Carboxylic acid,Alcohol; Alkene; Carboxylic acid,aligned_chunk_52.parquet,163,626255,C7H12O2,CCC(C)/C=C/C(=O)O
C7H12O2,0,30936,correct,Aldehyde; Alkane; Alkene; Ether,Aldehyde; Alkane; Alkene; Ether,aligned_chunk_167.parquet,1840,248644,C7H12O2,C=CCOCCCC=O
C7H12O2,0,35203,correct,Alkane; Alkene; Ester; Ether,Alkane; Alkene; Ester; Ether,aligned_chunk_122.parquet,2819,90480,C7H12O2,C=CC(=O)OC(C)CC
C7H12O2,0,35319,correct,Alcohol; Alkane; Alkene; Carboxylic acid,Alcohol; Alkane; Alkene; Carboxylic acid,aligned_chunk_113.parquet,577,55779,C7H12O2,C=CCC(C)(C)C(=O)O
C7H12O2,0,39157,correct,Alkane; Alkene; Ether,Alkane; Alkene; Ether,aligned_chunk_28.parquet,2168,540660,C7H12O2,CC1(C)OCC=CCO1
C7H12O2,0,41852,correct,Alkane; Alkene; Ester; Ether,Alkane; Alkene; Ester; Ether,aligned_chunk_128.parquet,989,108207,C7H12O2,C=C(CCC)C(=O)OC
C7H12O2,0,47994,false negative,Alcohol; Alkane; Alkene; Carboxylic acid,Alcohol; Alkene; Carboxylic acid,aligned_chunk_239.parquet,3206,509292,C7H12O2,CCC/C(C)=C/C(=O)O
C7H12O2,1,53817,mixed error,Alcohol; Alkane; Ketone,Alcohol; Alkane; Amide,aligned_chunk_171.parquet,2959,266113,C7H12O2,O=C(CCCO)C1CC1
C7H12O2,0,56982,correct,Alcohol; Alkane; Ketone,Alcohol; Alkane; Ketone,aligned_chunk_224.parquet,2345,456614,C7H12O2,O=C1CCCCC(O)C1
C7H12O2,0,66791,correct,Aldehyde; Alkane,Aldehyde; Alkane,aligned_chunk_1.parquet,3235,6470,C7H12O2,CC(C)(C)C(C=O)C=O
C7H12O2,0,76803,false positive,Alcohol; Alkane; Ketone,Alcohol; Alkane; Ester; Ether; Ketone,aligned_chunk_78.parquet,2855,719336,C7H12O2,CC1(O)CCC(=O)CC1
C5H5NOS,0,38301,false positive,Alkane; Ketone; Sulfide,Alkane; Haloalkane; Ketone; Sulfide,aligned_chunk_184.parquet,1402,309954,C5H5NOS,CC(=O)c1cscn1
C5H5NOS,1,60560,mixed error,Alkane; Isothiocyanate,Ester; Ether; Ketone,aligned_chunk_111.parquet,3004,51743,C5H5NOS,O=C(N=C=S)C1CC1
C5H5NOS,0,66727,mixed error,Alkane; Ketone; Nitrile; Sulfide,Alkane; Ester; Ether; Nitrile,aligned_chunk_203.parquet,309,380056,C5H5NOS,N#CC1CSCC1=O
C16H12F3N3O,0,26534,correct,Aldehyde; Alkane; Arene; Haloalkane; Nitrile,Aldehyde; Alkane; Arene; Haloalkane; Nitrile,aligned_chunk_19.parquet,1946,329973,C16H12F3N3O,N#CC(C#N)(CCC(F)(F)F)Cn1cc(C=O)c2ccccc21
C16H12F3N3O,1,38531,mixed error,Alkane; Amide; Arene; Haloalkane,Amide; Amine; Arene; Haloalkane,aligned_chunk_64.parquet,2438,670487,C16H12F3N3O,O=C(NCc1ccc2[nH]ccc2c1)c1ccc(C(F)(F)F)cn1
C21H20O4S,1,39168,mixed error,Alcohol; Alkane; Arene; Ether; Phenol; Sulfide,Alcohol; Arene; Haloalkane; Phenol,aligned_chunk_46.parquet,415,603803,C21H20O4S,COc1ccc(-c2cc(O)c(Sc3ccccc3C(C)C)c(=O)o2)cc1
C21H20O4S,0,78854,mixed error,Alkane; Alkene; Arene; Ester; Ether; Sulfide,Alkane; Arene; Ester; Ether; Haloalkane,aligned_chunk_144.parquet,1282,166689,C21H20O4S,CCC1Sc2cc(OC(C)=O)ccc2C=C1c1ccc(OC(C)=O)cc1
C24H28N4O2,0,25826,mixed error,Alkane; Amine; Arene; Ether; Nitrile,Alkane; Amine; Arene; Haloalkane; Nitrile,aligned_chunk_34.parquet,863,562283,C24H28N4O2,CN(C)Cc1c(Oc2ccc(C#N)cc2)ccc2c(CCC3CCNCC3)noc12
C24H28N4O2,0,27062,false positive,Alkane; Arene,Alkane; Arene; Ether; Haloalkane,aligned_chunk_208.parquet,395,396269,C24H28N4O2,Cc1ccc(-c2cc(C3CCN(C(=O)N(C)O)CC3)nn2-c2ccc(C)cc2)cc1
C24H28N4O2,0,56387,mixed error,Alkane; Amide; Amine; Arene,Alkane; Amine; Sulfide,aligned_chunk_181.parquet,1022,299909,C24H28N4O2,O=C(c1cc2cccc(N3CCN(CCc4ccccn4)CC3)c2o1)N1CCCC1
C24H28N4O2,1,60744,mixed error,Alkane; Amide; Amine; Arene,Alkane; Amide; Arene; Ether; Ketone; Sulfide,aligned_chunk_40.parquet,3154,587260,C24H28N4O2,O=C(N[C@H]1CCN(Cc2ccccc2)C1)[C@@H]1CCCCN1c1nc2ccccc2o1
C24H28N4O2,0,60843,correct,Alcohol; Alkane; Amine; Arene; Ether,Alcohol; Alkane; Amine; Arene; Ether,aligned_chunk_152.parquet,1305,195992,C24H28N4O2,OC1CCN(Cc2ccc(CCc3ccc(OCc4ccccc4)nn3)nc2)CC1
C24H28N4O2,0,62832,mixed error,Alkane; Amide; Amine; Arene; Ether,Alkane; Amine; Arene; Haloalkane,aligned_chunk_46.parquet,3191,606579,C24H28N4O2,COc1ccccc1CNc1ccc2cc(NC(=O)C3CCN(C)CC3)ccc2n1
C24H28N4O2,0,73218,false negative,Alkane; Amide; Amine; Arene; Hydrazine; Nitrile,Alkane; Amide; Amine; Arene; Hydrazine,aligned_chunk_143.parquet,1897,164030,C24H28N4O2,CCc1cc(CC)c(C(=O)N2CCC(c3ccc(C#N)cc3)CC2)cc1C(=O)NN
C17H12Cl2F3N3OS,1,67675,correct,Alkane; Amine; Arene; Haloalkane; Sulfide,Alkane; Amine; Arene; Haloalkane; Sulfide,aligned_chunk_75.parquet,972,707767,C17H12Cl2F3N3OS,CCSc1cc(Cl)c(Cl)cc1Nn1cnc2ccc(C(F)(F)F)cc2c1=O
C22H22N4O2,0,5100,false negative,Alkane; Amine; Arene; Ketone,Alkane; Amine,aligned_chunk_101.parquet,3156,16124,C22H22N4O2,Cn1c(N2CCC(C(=O)c3ccccc3)CC2)nc(-c2ccncc2)cc1=O
C22H22N4O2,1,5654,mixed error,Alkane; Alkyne; Amide; Arene,Alkane; Alkyne; Arene; Ester; Ether; Haloalkane,aligned_chunk_225.parquet,2957,460486,C22H22N4O2,Cc1cccc(C#Cc2cn(-c3ccn(CC(=O)N(C)C)c(=O)c3)c(C)n2)c1
C22H22N4O2,0,23054,mixed error,Alkane; Arene; Carbamate; Ether; Nitrile,Alkane; Amide; Arene; Carbamate; Ether,aligned_chunk_124.parquet,1222,95388,C22H22N4O2,Cc1ccc(-c2cc(NC(=O)OC(C)(C)C)nn2-c2ccc(C#N)cc2)cc1
C22H22N4O2,0,24666,false negative,Alcohol; Alkane; Amine; Arene; Carboxylic acid,Alcohol; Alkane; Arene; Carboxylic acid,aligned_chunk_230.parquet,1214,478229,C22H22N4O2,Cc1cc2cc(-c3nc4ccc(C(=O)O)cc4nc3N(C)C(C)C)ccc2[nH]1
C22H22N4O2,0,29681,mixed error,Alkane; Amide; Amine; Arene; Imide,Alkane; Amide; Amine; Arene; Ketone,aligned_chunk_153.parquet,1475,199356,C22H22N4O2,Nc1ccc2c(c1)C(=O)N(C1CCN(Cc3c[nH]c4ccccc34)CC1)C2=O
C22H22N4O2,0,43978,false positive,Alkane; Alkene; Amide; Arene,Alkane; Alkene; Amide; Arene; Sulfide,aligned_chunk_217.parquet,2356,430753,C22H22N4O2,Cc1[nH]c2ccccc2c1CN(C)C(=O)/C=C/c1cnc2c(c1)CCC(=O)N2
C22H22N4O2,0,58408,correct,Alkane; Amide; Ether,Alkane; Amide; Ether,aligned_chunk_53.parquet,1357,630733,C22H22N4O2,CC(=O)Nc1cncc(-c2cc(OCc3ccccn3)nc3c2CCCC3)c1
C22H22N4O2,0,58513,mixed error,Alcohol; Alkane; Amine; Arene; Carboxylic acid,Alcohol; Amine; Arene; Carboxylic acid; Sulfide,aligned_chunk_71.parquet,2286,696181,C22H22N4O2,O=C(O)c1cnc(N2CC3C(CNCc4ccc5ccccc5c4)C3C2)nc1
C22H22N4O2,0,61654,mixed error,Alcohol; Alkane; Amide; Arene,Alcohol; Alkane; Arene; Ketone,aligned_chunk_44.parquet,2772,599725,C22H22N4O2,O=C(c1cccnc1-c1ccncn1)N1CCC(O)(Cc2ccccc2)CC1
C22H22N4O2,0,66425,correct,Alkane; Amine; Arene; Ether,Alkane; Amine; Arene; Ether,aligned_chunk_28.parquet,343,538835,C22H22N4O2,CCOc1cc2ncc3c(N)nc(-c4cccnc4C)cc3c2cc1OCC
C22H22N4O2,0,74098,false positive,Alkane; Arene,Alkane; Arene; Ketone,aligned_chunk_234.parquet,1701,491677,C22H22N4O2,Cn1c(=O)n(CCCc2ccccc2)c(=O)c2c1ncn2Cc1ccccc1
C22H22N4O2,0,78113,correct,Alkane; Amide; Amine; Arene; Ether,Alkane; Amide; Amine; Arene; Ether,aligned_chunk_134.parquet,2533,132361,C22H22N4O2,COc1cccc2c1ccc1nc3cccc(C(=O)NCCN(C)C)c3nc12
C22H22N4O2,0,79221,correct,Alkane; Amine; Arene; Ether,Alkane; Amine; Arene; Ether,aligned_chunk_55.parquet,80,635907,C22H22N4O2,COc1ccc(Cn2nc(C)c3c(Oc4ccc(N)cc4C)ccnc32)cc1
C22H20ClN5O4,1,43006,false negative,Alkane; Amide; Ester; Ether; Haloalkane; Ketone,Alkane; Amide; Ester; Ether; Haloalkane,aligned_chunk_98.parquet,2333,790215,C22H20ClN5O4,CCOC(=O)C(C(=O)C(C)C)C1c2nccnc2C(=O)N1c1ccc2ccc(Cl)nc2n1
C25H33N5O,1,55332,false negative,Alkane; Amine; Arene; Ether,Alkane; Amine; Arene,aligned_chunk_43.parquet,815,594622,C25H33N5O,CN(Cc1nc2ccccc2n1CCCN1CCOCC1)C1CCCc2cccnc21
C25H33N5O,0,61224,correct,Alkane; Amine; Arene; Ether,Alkane; Amine; Arene; Ether,aligned_chunk_64.parquet,184,668233,C25H33N5O,COc1cc2ccnc(C)c2cc1-c1ccc(N(C)C2CC(C)(C)NC(C)(C)C2)nn1
C13H22O6,1,9940,correct,Alcohol; Alkane; Ester; Ether; Ketone,Alcohol; Alkane; Ester; Ether; Ketone,aligned_chunk_37.parquet,309,571458,C13H22O6,CC(C)OC(=O)C(O)CC(=O)CC(=O)OC(C)(C)C
C13H22O6,0,17173,correct,Alkane; Ester; Ether,Alkane; Ester; Ether,aligned_chunk_169.parquet,59,253348,C13H22O6,CCOC(=O)C(CCCCOC(C)=O)C(=O)OCC
C13H22O6,0,43726,correct,Alcohol; Alkane; Carboxylic acid; Ester; Ether,Alcohol; Alkane; Carboxylic acid; Ester; Ether,aligned_chunk_52.parquet,2439,628531,C13H22O6,CCCCCCC(CC(=O)OCC)(C(=O)O)C(=O)O
C13H22O6,0,54294,correct,Alcohol; Alkane; Carboxylic acid; Ester; Ether,Alcohol; Alkane; Carboxylic acid; Ester; Ether,aligned_chunk_141.parquet,893,156544,C13H22O6,CC(C)C[C@@H](C(=O)O)C(C(=O)O)C(=O)OC(C)(C)C
C13H22O6,0,76375,correct,Alkane; Ester; Ether,Alkane; Ester; Ether,aligned_chunk_39.parquet,3080,580714,C13H22O6,CCOC(=O)CCC(CC(=O)OCC)C(=O)OCC
C13H22O6,0,78039,correct,Aldehyde; Alkane; Ester; Ether,Aldehyde; Alkane; Ester; Ether,aligned_chunk_218.parquet,131,431749,C13H22O6,CCOC(=O)COC[C@@H]1OC(CC)(CC)O[C@@H]1C=O
C11H14N2S2,0,12700,mixed error,Alkane; Amine; Arene; Sulfide; Thiol,Alkane; Amine; Ester; Ether; Sulfide; Thiol,aligned_chunk_100.parquet,2070,11822,C11H14N2S2,Cc1cc(S)c(C(C)C)c2sc(N)nc12
C11H14N2S2,1,15329,mixed error,Alkane; Amine; Sulfide; Thioamide,Alkane; Amide,aligned_chunk_203.parquet,1208,380955,C11H14N2S2,CNC(=S)C1(c2ccccn2)CCCS1
C10H8N2O3S,1,59114,mixed error,Alcohol; Alkane; Amine; Phenol; Sulfide,Alcohol; Alkane; Ether,aligned_chunk_176.parquet,2846,282318,C10H8N2O3S,Cc1cc(-c2cccs2)c([N+](=O)[O-])c(O)n1
C14H22O6,1,11775,correct,Alcohol; Alkane; Alkene; Ether,Alcohol; Alkane; Alkene; Ether,aligned_chunk_72.parquet,1936,699077,C14H22O6,COCOC1CC2=CC(O)OCC2C2OC(C)(C)OC12
C12H12O4,0,8485,correct,Alcohol; Aldehyde; Alkane; Arene; Carboxylic acid; Ether,Alcohol; Aldehyde; Alkane; Arene; Carboxylic acid; Ether,aligned_chunk_241.parquet,249,516073,C12H12O4,O=Cc1cc(C(=O)O)ccc1OCC1CC1
C12H12O4,0,9507,false negative,Aldehyde; Alkane; Alkene; Arene; Ester; Ether,Alkane; Alkene; Arene; Ether,aligned_chunk_107.parquet,1241,33712,C12H12O4,C=C(COc1ccccc1C=O)C(=O)OC
C12H12O4,0,13469,correct,Alcohol; Alkane; Arene; Ester; Ether; Phenol,Alcohol; Alkane; Arene; Ester; Ether; Phenol,aligned_chunk_122.parquet,133,87794,C12H12O4,CCOC(=O)C1C2Oc3ccc(O)cc3C21
C12H12O4,0,19174,mixed error,Alcohol; Alkane; Arene; Ether,Alcohol; Alkane; Arene; Haloalkane; Phenol,aligned_chunk_21.parquet,2918,405282,C12H12O4,Cc1cc2c3c(ccc2o1)OC[C@H](CO)O3
C12H12O4,0,21384,false positive,Alkane; Arene; Ether,Alkane; Arene; Ether; Haloalkane; Nitrile,aligned_chunk_126.parquet,134,100793,C12H12O4,COC(OC)c1cc(=O)c2ccccc2o1
C12H12O4,1,32389,mixed error,Alcohol; Alkane; Arene; Carboxylic acid; Ester; Ether,Alcohol; Arene; Carboxylic acid; Haloalkane,aligned_chunk_175.parquet,1685,277908,C12H12O4,COC(=O)c1cc(C(=O)O)cc(C2CC2)c1
C12H12O4,0,35524,false positive,Alcohol; Alkane; Arene; Ester; Ether; Phenol,Alcohol; Alkane; Arene; Ester; Ether; Phenol; Sulfide,aligned_chunk_170.parquet,1760,261634,C12H12O4,COC(=O)Cc1coc2cc(O)cc(C)c12
C12H12O4,0,37103,correct,Alcohol; Alkane; Alkene; Arene; Carboxylic acid; Ether,Alcohol; Alkane; Alkene; Arene; Carboxylic acid; Ether,aligned_chunk_189.parquet,379,325178,C12H12O4,COc1ccc2c(c1)C=C(C(=O)O)CCO2
C12H12O4,0,40080,correct,Alkane; Arene; Ether; Ketone,Alkane; Arene; Ether; Ketone,aligned_chunk_112.parquet,1090,53039,C12H12O4,COc1cc2cc(C(C)=O)oc2cc1OC
C12H12O4,0,40845,correct,Alcohol; Alkane; Alkene; Arene; Ester; Ether,Alcohol; Alkane; Alkene; Arene; Ester; Ether,aligned_chunk_198.parquet,1345,358519,C12H12O4,COc1ccc(C2=CC(=O)OC2(C)O)cc1
C12H12O4,0,46328,mixed error,Alcohol; Alkane; Alkene; Arene; Carboxylic acid; Ester; Ether,Alcohol; Alkene; Arene; Carboxylic acid; Haloalkane,aligned_chunk_116.parquet,399,65361,C12H12O4,CCOC(=O)c1ccccc1/C=C/C(=O)O
C12H12O4,0,49825,false negative,Alkane; Alkene; Ester; Ether; Ketone,Alkane; Ester; Ether,aligned_chunk_45.parquet,2350,602469,C12H12O4,COC(=O)C1CCC2=C(C1)C(=O)C=CC2=O
C12H12O4,0,50181,mixed error,Alcohol; Alkane; Arene; Ether; Phenol,Alcohol; Alkene; Arene; Ether; Phenol,aligned_chunk_193.parquet,2237,343262,C12H12O4,COc1cc(-c2ccco2)cc(OC)c1O
C12H12O4,0,62056,false negative,Alcohol; Alkane; Arene; Carboxylic acid; Ester; Ether,Alcohol; Arene; Carboxylic acid,aligned_chunk_17.parquet,993,257489,C12H12O4,COC(=O)C1(c2ccc(C(=O)O)cc2)CC1
C12H12O4,0,62722,false negative,Alkane; Arene; Ester; Ether; Ketone,Alkane; Arene; Ketone,aligned_chunk_126.parquet,208,100867,C12H12O4,COC(=O)c1cccc(C(=O)CC(C)=O)c1
C12H12O4,0,66324,false negative,Alcohol; Alkane; Alkene; Arene; Carboxylic acid; Ether; Phenol,Alcohol; Alkene; Arene; Carboxylic acid; Ether; Phenol,aligned_chunk_80.parquet,1926,728086,C12H12O4,C=CCOc1cc(C=CC(=O)O)ccc1O
C12H12O4,0,72183,mixed error,Alcohol; Alkane; Alkene; Arene; Carboxylic acid; Ether,Alcohol; Alkane; Arene; Carboxylic acid; Ether; Haloalkane,aligned_chunk_219.parquet,2743,437619,C12H12O4,O=C(O)CCCc1cccc2c1OC=CO2
C12H12O4,0,74847,correct,Alkane; Arene; Ester; Ether; Ketone,Alkane; Arene; Ester; Ether; Ketone,aligned_chunk_135.parquet,827,133887,C12H12O4,COC(=O)c1ccc2c(c1)C(=O)CC(C)O2
C9H13BrO2,1,66952,false negative,Alkane; Alkyne; Ester; Ether; Haloalkane,Alkane; Alkyne; Ester; Ether,aligned_chunk_10.parquet,1157,7665,C9H13BrO2,CCOC(=O)CCCC#CCBr
C10H20O3,1,52398,correct,Alcohol; Alkane; Alkene,Alcohol; Alkane; Alkene,aligned_chunk_123.parquet,366,91300,C10H20O3,C/C=C/CC[C@H](O)C[C@H](O)CCO
C13H13NO3,0,1420,false positive,Alcohol; Alkane; Arene; Carboxylic acid; Ether,Alcohol; Alkane; Arene; Carboxylic acid; Ether; Haloalkane,aligned_chunk_185.parquet,197,312017,C13H13NO3,COc1ccc2cc(CC(=O)O)c(C)nc2c1
C13H13NO3,0,3988,correct,Alkane; Alkyne; Arene; Carbamate; Ether,Alkane; Alkyne; Arene; Carbamate; Ether,aligned_chunk_87.parquet,1225,750101,C13H13NO3,C#CC[C@@H]1OC(=O)N[C@H]1c1cccc(OC)c1
C13H13NO3,0,12587,mixed error,Alkane; Alkene; Arene; Ester; Ether; Nitrile,Alkane; Amide; Arene; Ester; Ether; Nitrile,aligned_chunk_62.parquet,173,661855,C13H13NO3,CCOC(=O)C=CCOc1cccc(C#N)c1
C13H13NO3,0,13162,false negative,Alcohol; Alkane; Alkene; Amide; Arene; Carboxylic acid,Alcohol; Alkane; Alkene; Arene; Carboxylic acid,aligned_chunk_175.parquet,2422,278645,C13H13NO3,C=CCN1C(=O)CCc2cc(C(=O)O)ccc21
C13H13NO3,0,15855,mixed error,Alcohol; Alkane; Arene; Ester; Ether; Phenol,Alcohol; Alkane; Arene; Ketone; Phenol,aligned_chunk_5.parquet,2922,619275,C13H13NO3,CCOC(=O)c1c(O)c(C)nc2ccccc12
C13H13NO3,0,16061,correct,Alcohol; Alkane; Arene; Ester; Ether; Phenol,Alcohol; Alkane; Arene; Ester; Ether; Phenol,aligned_chunk_147.parquet,2976,178228,C13H13NO3,CCOC(=O)c1cc(O)c2ccc(C)cc2n1
C13H13NO3,0,16212,false positive,Alkane; Arene; Ester; Ether; Ketone,Alkane; Arene; Ester; Ether; Haloalkane; Ketone; Sulfide,aligned_chunk_89.parquet,1226,756620,C13H13NO3,CCn1ccc2cccc(C(=O)C(=O)OC)c21
C13H13NO3,0,18459,false positive,Alkane; Arene; Ester; Ether,Alkane; Arene; Ester; Ether; Sulfide,aligned_chunk_109.parquet,2844,41803,C13H13NO3,CCOC(=O)c1cc(=O)c2ccccc2n1C
C13H13NO3,1,19733,mixed error,Alkane; Alkene; Arene; Carbamate; Enamine; Ether; Ketone,Alkane; Arene; Carbamate; Ester; Ether; Imide,aligned_chunk_87.parquet,1510,750386,C13H13NO3,CC1CC(=O)C=CN1C(=O)Oc1ccccc1
C13H13NO3,0,21247,mixed error,Alkane; Ester; Ether,Alkane; Ether; Ketone; Sulfide,aligned_chunk_205.parquet,3241,389462,C13H13NO3,CCOC(=O)c1ccc2c(C)cccn2c1=O
C13H13NO3,0,22897,mixed error,Alkane; Ester; Ether,Alkane; Ether; Ketone; Sulfide,aligned_chunk_216.parquet,1429,426580,C13H13NO3,CCOC(=O)c1ccc2c(C)cccn2c1=O
C13H13NO3,0,24262,mixed error,Alcohol; Alkane; Arene; Phenol,Alcohol; Amide; Arene; Haloalkane; Phenol,aligned_chunk_5.parquet,897,617250,C13H13NO3,Cn1ccc(=O)c(O)c1C(O)c1ccccc1
C13H13NO3,0,25657,false negative,Alkane; Arene; Ester; Ether; Ketone,Alkane; Arene; Ketone,aligned_chunk_206.parquet,649,390124,C13H13NO3,COC(=O)C(=O)c1cc(C)cc2ccn(C)c12
C13H13NO3,0,28567,mixed error,Alcohol; Alkane; Arene; Carbamate; Ether; Phenol,Alcohol; Arene; Haloalkane; Phenol,aligned_chunk_96.parquet,2689,784086,C13H13NO3,CCOC(=O)Nc1ccc2cc(O)ccc2c1
C13H13NO3,0,29140,false positive,Alcohol; Alkane; Amide; Arene; Imide; Phenol,Alcohol; Alkane; Amide; Arene; Imide; Phenol; Sulfide,aligned_chunk_140.parquet,2408,154891,C13H13NO3,O=C1c2ccc(O)cc2C(=O)N1C1CCCC1
C13H13NO3,0,31373,mixed error,Alcohol; Alkane; Arene; Carboxylic acid; Phenol,Alcohol; Amide; Arene; Carboxylic acid; Phenol; Sulfide,aligned_chunk_28.parquet,989,539481,C13H13NO3,O=C(O)CC(c1ccc(O)cc1)n1cccc1
C13H13NO3,0,39371,false positive,Alkane; Arene; Ester; Ether,Alkane; Alkene; Arene; Ester; Ether; Ketone,aligned_chunk_74.parquet,1301,704894,C13H13NO3,CCc1onc(-c2ccccc2)c1C(=O)OC
C13H13NO3,0,49460,mixed error,Alkane; Alkene; Amide; Arene; Carbamate; Ether; Imide,Alkane; Amide; Amine; Arene; Ether; Haloalkane; Imide,aligned_chunk_202.parquet,165,376669,C13H13NO3,CC(C)=C1OC(=O)N(c2ccc(C)cc2)C1=O
C13H13NO3,0,53141,false negative,Alcohol; Alkane; Arene; Carboxylic acid; Phenol,Alcohol; Arene; Carboxylic acid; Phenol,aligned_chunk_14.parquet,950,150194,C13H13NO3,Cc1ccc(C)n1-c1ccc(C(=O)O)c(O)c1
C13H13NO3,0,56075,mixed error,Alkane; Amine; Arene; Ester; Ether,Alkene; Amide; Amine; Arene,aligned_chunk_228.parquet,408,467692,C13H13NO3,COC(=O)c1cc(-c2ccc(N)cc2)oc1C
C13H13NO3,0,57053,mixed error,Alcohol; Alkane; Arene; Carboxylic acid; Ether,Alcohol; Alkane; Arene; Carboxylic acid; Haloalkane,aligned_chunk_10.parquet,2523,9031,C13H13NO3,CCc1ccc2c(C(=O)O)ccc(OC)c2n1
C13H13NO3,0,57152,false negative,Alcohol; Alkane; Amide; Arene; Ether; Phenol,Alcohol; Amide; Arene; Phenol,aligned_chunk_108.parquet,2442,38174,C13H13NO3,COCNC(=O)c1cc2ccccc2cc1O
C13H13NO3,0,60040,false negative,Alkane; Amine; Arene; Ketone,Alkane; Arene; Ketone,aligned_chunk_138.parquet,1868,144614,C13H13NO3,CC(=O)c1cc2ccc(N(C)C)cc2oc1=O
C13H13NO3,0,62325,false negative,Alkane; Arene; Ether; Ketone,Alkane; Arene; Ketone,aligned_chunk_208.parquet,654,396528,C13H13NO3,O=C1CCC(Oc2noc3ccccc23)CC1
C13H13NO3,0,74808,false positive,Alkane; Arene; Ester; Ether,Alkane; Arene; Ester; Ether; Sulfide,aligned_chunk_118.parquet,138,71523,C13H13NO3,CC(=O)Oc1c(C)c(C)[n+]([O-])c2ccccc12
C13H13NO3,0,78141,false negative,Alkane; Alkene; Ether,Alkane; Ether,aligned_chunk_153.parquet,2501,200382,C13H13NO3,COc1nccc2cc(C3=CCOCC3)oc12
C22H33NO5,1,21940,correct,Alkane; Arene; Carbamate; Ester; Ether,Alkane; Arene; Carbamate; Ester; Ether,aligned_chunk_154.parquet,2983,204124,C22H33NO5,CC[C@H]1CCC[C@H](NC(=O)OC(C)(C)C)C(=O)O[C@@H](C)[C@@H]1Oc1ccccc1
C22H33NO5,0,36911,correct,Alcohol; Alkane; Amide; Arene; Carboxylic acid,Alcohol; Alkane; Amide; Arene; Carboxylic acid,aligned_chunk_152.parquet,1746,196433,C22H33NO5,CCCCCCC(CCCC)C(=O)Nc1c(C)c(C(=O)O)cc(C(=O)O)c1C
C21H27NO2,0,13700,mixed error,Alkane; Amide; Arene; Ether,Alkane; Amide; Arene; Haloalkane; Sulfide,aligned_chunk_85.parquet,1238,743585,C21H27NO2,O=C(COc1ccc(C23CC4CC(CC(C4)C2)C3)cc1)NC1CC1
C21H27NO2,0,25921,false positive,Alkane; Alkene; Arene; Ester; Ether,Aldehyde; Alkane; Alkene; Arene; Ester; Ether,aligned_chunk_68.parquet,2901,683939,C21H27NO2,CCCCCCC/C=C\c1nc2ccccc2c(OC(C)=O)c1C
C21H27NO2,1,26229,mixed error,Alcohol; Alkane; Alkene; Alkyne; Amine; Arene; Carboxylic acid,Alcohol; Alkene; Arene; Carboxylic acid; Ketone,aligned_chunk_79.parquet,1412,721137,C21H27NO2,CCN(CC=CC#CC(C)(C)C)Cc1cccc(/C=C/C(=O)O)c1
C21H27NO2,0,36559,false positive,Alkane; Arene; Carbamate; Ether,Alkane; Amide; Arene; Carbamate; Ether,aligned_chunk_8.parquet,2333,725268,C21H27NO2,C[C@@H]1[C@H](c2ccccc2)OC(=O)N1CC12CC3CC(CC(C3)C1)C2
C21H27NO2,0,42407,false negative,Alcohol; Alkane; Amide; Arene; Phenol,Alcohol; Amide; Arene; Phenol,aligned_chunk_199.parquet,2853,363241,C21H27NO2,CC(C)(C)c1cc(NC(=O)c2ccccc2)cc(C(C)(C)C)c1O
C21H27NO2,0,42833,false positive,Alkane; Amine; Arene; Ether,Alkane; Amine; Arene; Ester; Ether,aligned_chunk_212.parquet,1484,413625,C21H27NO2,CN(C)CCOc1ccc2c(c1)OC(C)(C)CC2c1ccccc1
C21H27NO2,0,43349,false negative,Alkane; Amine; Arene; Ester; Ether,Alkane; Amine; Arene,aligned_chunk_162.parquet,1826,232307,C21H27NO2,C[C@H](N[C@@H](CC(=O)OC(C)(C)C)c1ccccc1)c1ccccc1
C21H27NO2,0,51687,correct,Alkane; Amine; Arene; Ester; Ether,Alkane; Amine; Arene; Ester; Ether,aligned_chunk_142.parquet,1706,160575,C21H27NO2,CCOC(=O)c1ccc(NCCCCCCc2ccccc2)cc1
C21H27NO2,0,52062,false positive,Alkane; Arene; Ester; Ether,Alkane; Arene; Ester; Ether; Haloalkane,aligned_chunk_67.parquet,2869,680610,C21H27NO2,CCOC(=O)c1c(CC)cc(-c2c(CC)cccc2CC)nc1C
C21H27NO2,0,55653,correct,Alkane; Amine; Arene; Ester; Ether,Alkane; Amine; Arene; Ester; Ether,aligned_chunk_237.parquet,2419,502061,C21H27NO2,CCOC(=O)CCCN1CCC(c2cccc3ccccc23)CC1
C21H27NO2,0,57706,correct,Alkane; Alkene; Amine; Arene; Ester; Ether,Alkane; Alkene; Amine; Arene; Ester; Ether,aligned_chunk_235.parquet,1086,494305,C21H27NO2,COC(=O)/C=C/c1ccc(CNC23CC4CC(CC(C4)C2)C3)cc1
C21H27NO2,0,69778,mixed error,Alcohol; Aldehyde; Alkane; Amine; Arene; Phenol,Alcohol; Alkane; Amide; Arene; Phenol,aligned_chunk_23.parquet,2591,476310,C21H27NO2,CC(C)(C)c1cc(Nc2ccccc2C=O)cc(C(C)(C)C)c1O
C21H27NO2,0,70977,correct,Alkane; Arene; Carbamate; Ether,Alkane; Arene; Carbamate; Ether,aligned_chunk_59.parquet,1063,649715,C21H27NO2,CCCCCCCCc1ccc(NC(=O)Oc2ccccc2)cc1
C21H27NO2,0,78137,correct,Alkane; Amine; Arene; Ester; Ether,Alkane; Amine; Arene; Ester; Ether,aligned_chunk_127.parquet,978,104923,C21H27NO2,CC(C)[C@H](NCCCc1ccccc1)C(=O)OCc1ccccc1
C8H8O2S,0,21538,false negative,Alcohol; Alkane; Arene; Carboxylic acid; Thiol,Alcohol; Arene; Carboxylic acid; Thiol,aligned_chunk_212.parquet,2408,414549,C8H8O2S,Cc1ccc(S)c(C(=O)O)c1
C8H8O2S,1,67059,mixed error,Alcohol; Alkane; Arene; Carboxylic acid; Thiol,Alcohol; Arene; Carboxylic acid; Haloalkane; Sulfide; Thiol,aligned_chunk_18.parquet,1703,294043,C8H8O2S,Cc1ccc(S)cc1C(=O)O
C8H8O2S,0,72438,false negative,Alcohol; Alkane; Alkene; Carboxylic acid; Sulfide,Alcohol; Alkene; Carboxylic acid,aligned_chunk_84.parquet,18,739179,C8H8O2S,Cc1ccc(/C=C/C(=O)O)s1
C9H9BrO3,0,220,false negative,Alcohol; Alkane; Arene; Ester; Ether; Haloalkane; Phenol,Alcohol; Arene; Ester; Ether; Haloalkane; Phenol,aligned_chunk_59.parquet,886,649538,C9H9BrO3,COC(=O)c1c(O)ccc(Br)c1C
C9H9BrO3,1,405,false negative,Alcohol; Alkane; Arene; Carboxylic acid; Ether; Haloalkane,Alcohol; Arene; Carboxylic acid; Haloalkane,aligned_chunk_42.parquet,4,590637,C9H9BrO3,COc1c(C)cc(Br)cc1C(=O)O
C9H9BrO3,0,8609,correct,Alcohol; Alkane; Arene; Carboxylic acid; Ether; Haloalkane,Alcohol; Alkane; Arene; Carboxylic acid; Ether; Haloalkane,aligned_chunk_143.parquet,2012,164145,C9H9BrO3,COc1ccc(C(=O)O)c(CBr)c1
C9H9BrO3,0,15698,correct,Alcohol; Alkane; Arene; Carboxylic acid; Ether; Haloalkane,Alcohol; Alkane; Arene; Carboxylic acid; Ether; Haloalkane,aligned_chunk_135.parquet,2061,135121,C9H9BrO3,COc1cc(Br)cc(C)c1C(=O)O
C9H9BrO3,0,16343,false negative,Alcohol; Alkane; Arene; Ester; Ether; Haloalkane,Alcohol; Alkane; Arene; Haloalkane,aligned_chunk_100.parquet,1122,10874,C9H9BrO3,COC(=O)C(O)c1ccccc1Br
C9H9BrO3,0,23639,correct,Alkane; Arene; Ether; Haloalkane,Alkane; Arene; Ether; Haloalkane,aligned_chunk_146.parquet,2408,174351,C9H9BrO3,CCOc1cc2c(cc1Br)OCO2
C9H9BrO3,0,28398,correct,Alcohol; Alkane; Arene; Ester; Ether; Haloalkane; Phenol,Alcohol; Alkane; Arene; Ester; Ether; Haloalkane; Phenol,aligned_chunk_219.parquet,752,435628,C9H9BrO3,COC(=O)Cc1ccc(Br)cc1O
C9H9BrO3,0,45175,correct,Aldehyde; Alkane; Arene; Ether; Haloalkane,Aldehyde; Alkane; Arene; Ether; Haloalkane,aligned_chunk_136.parquet,1324,137642,C9H9BrO3,COCOc1c(Br)cccc1C=O
C9H9BrO3,0,46059,false negative,Alcohol; Alkane; Arene; Carboxylic acid; Ether; Haloalkane,Alcohol; Alkane; Arene; Carboxylic acid; Haloalkane,aligned_chunk_56.parquet,2765,641809,C9H9BrO3,COCc1cc(Br)ccc1C(=O)O
C9H9BrO3,0,47943,correct,Aldehyde; Alkane; Arene; Ether; Haloalkane,Aldehyde; Alkane; Arene; Ether; Haloalkane,aligned_chunk_75.parquet,2984,709779,C9H9BrO3,COCOc1ccc(Br)c(C=O)c1
C9H9BrO3,0,56875,false negative,Alcohol; Alkane; Arene; Ester; Ether; Haloalkane; Phenol,Alcohol; Alkane; Arene; Ester; Ether; Phenol,aligned_chunk_126.parquet,1630,102289,C9H9BrO3,COC(=O)c1cc(Br)c(C)cc1O
C9H9BrO3,0,57049,correct,Alcohol; Alkane; Arene; Ether; Haloalkane; Phenol,Alcohol; Alkane; Arene; Ether; Haloalkane; Phenol,aligned_chunk_211.parquet,1835,410682,C9H9BrO3,Oc1ccc(Br)c(C2OCCO2)c1
C9H9BrO3,0,60760,correct,Alcohol; Alkane; Arene; Ether; Haloalkane,Alcohol; Alkane; Arene; Ether; Haloalkane,aligned_chunk_178.parquet,985,286942,C9H9BrO3,OCC1COc2cc(Br)ccc2O1
C9H9BrO3,0,79123,correct,Alcohol; Alkane; Arene; Carboxylic acid; Ether; Haloalkane,Alcohol; Alkane; Arene; Carboxylic acid; Ether; Haloalkane,aligned_chunk_176.parquet,1245,280717,C9H9BrO3,CC(Oc1ccc(Br)cc1)C(=O)O
C8H6N2O2,1,14881,false positive,Alcohol; Arene; Phenol,Alcohol; Amide; Arene; Imide; Phenol,aligned_chunk_4.parquet,2192,583018,C8H6N2O2,O=c1[nH]cnc2cc(O)ccc12
C8H6N2O2,0,34811,correct,Alcohol; Carboxylic acid,Alcohol; Carboxylic acid,aligned_chunk_97.parquet,2713,787350,C8H6N2O2,O=C(O)c1ccn2nccc2c1
C8H6N2O2,0,45188,false positive,Amide; Arene; Isocyanate,Amide; Amine; Arene; Isocyanate,aligned_chunk_180.parquet,726,296347,C8H6N2O2,NC(=O)c1ccccc1N=C=O
C8H6N2O2,0,73006,false negative,Aldehyde; Alkane; Ether; Nitrile,Aldehyde; Nitrile,aligned_chunk_237.parquet,2337,501979,C8H6N2O2,COc1ncc(C#N)cc1C=O
C19H18BrN3O3,1,36483,false negative,Alkane; Amide; Arene; Carbamate; Ether; Haloalkane; Imine,Alkane; Amide; Carbamate; Ether; Haloalkane,aligned_chunk_223.parquet,2165,453203,C19H18BrN3O3,CC1=NC(NC(=O)OCc2ccccc2)C(=O)N(C)c2cc(Br)ccc21
C25H24N4O,1,592,false positive,Alkane; Amide; Amine; Arene,Alkane; Amide; Amine; Arene; Haloalkane,aligned_chunk_34.parquet,1379,562799,C25H24N4O,CC(=O)N1CCN(c2ccc(Nc3c4ccccc4nc4ccccc34)cc2)CC1
C16H19N3O2S,0,1225,false positive,Alkane; Amine; Arene; Sulfonamide,Alkane; Amine; Arene; Haloalkane; Sulfonamide,aligned_chunk_241.parquet,34,515858,C16H19N3O2S,Nc1ccc(S(=O)(=O)N2CCCCC2c2cccnc2)cc1
C16H19N3O2S,0,10754,false negative,Alkane; Amine; Arene; Ester; Ether; Sulfide,Alkane; Arene; Ester; Ether,aligned_chunk_83.parquet,2386,738220,C16H19N3O2S,CCOC(=O)C1CCN(c2nc(-c3ccccc3)ns2)CC1
C16H19N3O2S,0,32336,false positive,Alkane; Amine; Arene; Sulfonamide,Alkane; Amine; Arene; Ether; Nitrile; Sulfonamide,aligned_chunk_145.parquet,363,169038,C16H19N3O2S,CNS(=O)(=O)c1ncncc1C1c2ccccc2CC1(C)C
C16H19N3O2S,1,55771,false negative,Alkane; Amide; Amine; Arene; Sulfide,Amide; Arene,aligned_chunk_17.parquet,2188,258684,C16H19N3O2S,Cc1cc(NC(=O)C(c2ccsc2)N(C)C)ccc1C(N)=O
C21H19ClN2O4,0,34260,false negative,Alkane; Amide; Arene; Ether; Haloalkane; Ketone,Alkane; Amide; Arene; Haloalkane; Ketone,aligned_chunk_160.parquet,232,224156,C21H19ClN2O4,CCOC(=O)n1c(C(=O)c2cccc(C)c2)c(NC(C)=O)c2ccc(Cl)cc21
C21H19ClN2O4,1,52596,mixed error,Alcohol; Alkane; Amide; Arene; Carboxylic acid; Ether; Haloalkane,Alcohol; Alkane; Amide; Amine; Arene; Carboxylic acid; Ether; Ketone,aligned_chunk_153.parquet,2707,200588,C21H19ClN2O4,COc1ccc(-c2ccc(CCC(=O)O)n2-c2ccc(C(N)=O)c(Cl)c2)cc1
C21H19ClN2O4,0,53402,false negative,Alcohol; Alkane; Amide; Arene; Ether; Haloalkane,Alkane; Arene; Haloalkane,aligned_chunk_29.parquet,1258,543079,C21H19ClN2O4,COc1ccc(-c2nocc2C(=O)N2CCC(O)(c3ccccc3Cl)C2)cc1
C17H25FN2O2,1,33946,false negative,Alkane; Amine; Arene; Carbamate; Ether; Haloalkane,Alkane; Amine; Arene; Carbamate; Ether,aligned_chunk_80.parquet,317,726477,C17H25FN2O2,CC(C)(C)OC(=O)N1CCCC(CNc2ccccc2F)C1
C17H25FN2O2,0,60732,correct,Alkane; Amide; Amine; Arene; Ether; Haloalkane,Alkane; Amide; Amine; Arene; Ether; Haloalkane,aligned_chunk_182.parquet,2445,304541,C17H25FN2O2,O=C(COCc1ccc(F)cc1)NCCCCC1CCNC1
C17H13Cl2NO5,1,62164,correct,Alcohol; Alkane; Amide; Arene; Ester; Ether; Haloalkane; Phenol,Alcohol; Alkane; Amide; Arene; Ester; Ether; Haloalkane; Phenol,aligned_chunk_56.parquet,1312,640356,C17H13Cl2NO5,COC(=O)c1ccc2c(c1)N(C(=O)c1cc(Cl)c(O)c(Cl)c1)CCO2
C10H9ClO,1,793,mixed error,Aldehyde; Alkane; Alkene; Arene; Haloalkane,Aldehyde; Alkane; Alkene; Arene; Ether; Sulfide,aligned_chunk_13.parquet,3002,116685,C10H9ClO,C=CCc1cccc(Cl)c1C=O
C10H9ClO,0,3089,mixed error,Alkane; Arene; Haloalkane,Arene; Haloalkane; Sulfide,aligned_chunk_54.parquet,1012,633602,C10H9ClO,CCc1cc2cc(Cl)ccc2o1
C10H9ClO,0,6056,mixed error,Alcohol; Alkane; Alkyne; Arene; Haloalkane,Alcohol; Alkene; Alkyne; Arene,aligned_chunk_15.parquet,412,185403,C10H9ClO,CC(O)C#Cc1ccc(Cl)cc1
C10H9ClO,0,43483,correct,Alkane; Alkene; Arene; Haloalkane; Ketone,Alkane; Alkene; Arene; Haloalkane; Ketone,aligned_chunk_101.parquet,3075,16043,C10H9ClO,CC(=O)C=Cc1ccccc1Cl
C10H9ClO,0,45330,false negative,Alcohol; Alkane; Alkyne; Arene; Haloalkane,Alcohol; Alkane; Alkyne; Arene,aligned_chunk_146.parquet,1438,173381,C10H9ClO,Cc1c(Cl)cccc1C#CCO
C10H9ClO,0,52492,false negative,Acyl halide; Alkane; Alkene; Arene; Haloalkane,Alkane; Alkene; Arene; Haloalkane,aligned_chunk_52.parquet,104,626196,C10H9ClO,C=Cc1cccc(C)c1C(=O)Cl
C10H9ClO,0,53546,mixed error,Alcohol; Alkane; Alkyne; Arene; Haloalkane; Phenol,Alcohol; Arene; Ether; Haloalkane; Phenol,aligned_chunk_92.parquet,2312,770717,C10H9ClO,CCC#Cc1ccc(Cl)cc1O
C10H9ClO,0,57484,false negative,Acyl halide; Alkane; Alkene; Arene; Haloalkane,Alkane; Alkene; Arene; Haloalkane,aligned_chunk_168.parquet,2340,252390,C10H9ClO,Cc1ccc(C=CC(=O)Cl)cc1
C10H9ClO,0,69437,correct,Alkane; Arene; Haloalkane,Alkane; Arene; Haloalkane,aligned_chunk_216.parquet,1063,426214,C10H9ClO,Cc1c(CCl)oc2ccccc12
C10H9ClO,0,72152,mixed error,Alkane; Arene; Haloalkane,Arene; Haloalkane; Sulfide,aligned_chunk_145.parquet,2201,170876,C10H9ClO,CCc1coc2ccc(Cl)cc12
C21H21NO4,0,5761,false negative,Alcohol; Alkane; Arene; Ether,Alcohol; Alkane; Arene,aligned_chunk_101.parquet,3039,16007,C21H21NO4,COc1ccc(-c2c(CO)c(CO)c3n2-c2ccc(OC)cc2C3)cc1
C21H21NO4,0,27004,false negative,Alcohol; Alkane; Alkene; Amide; Arene; Imide; Phenol,Alcohol; Alkane; Arene; Phenol,aligned_chunk_222.parquet,2978,450775,C21H21NO4,CC(C)=C1C(=O)N(c2ccc(O)cc2)C(=O)/C1=C(\C)c1cc(C)oc1C
C21H21NO4,1,27458,mixed error,Alkane; Amine; Arene; Ester; Ether,Alkane; Amine; Arene; Haloalkane,aligned_chunk_163.parquet,2242,235983,C21H21NO4,CCOC(=O)c1cc2ccc(N(CC)Cc3ccccc3)cc2oc1=O
C21H21NO4,0,28076,correct,Alkane; Amide; Arene; Ester; Ether; Imide,Alkane; Amide; Arene; Ester; Ether; Imide,aligned_chunk_18.parquet,981,293321,C21H21NO4,CC(=O)O[C@H](CCCCN1C(=O)c2ccccc2C1=O)c1ccccc1
C21H21NO4,0,43563,false negative,Alkane; Alkene; Amide; Arene; Ester; Ether,Alkane; Alkene; Arene; Ester; Ether,aligned_chunk_90.parquet,273,762125,C21H21NO4,CCOC(=O)/C=C/C(=O)N1CC(c2ccccc2)Oc2ccc(C)cc21
C21H21NO4,0,64418,false positive,Alkane; Alkene; Arene; Ester; Ether,Alkane; Alkene; Amide; Arene; Ester; Ether,aligned_chunk_45.parquet,1293,601412,C21H21NO4,CC(=O)Oc1ccc(/C=C2\CCCc3cc(C)cnc32)cc1OC(C)=O
C14H21N3OS,1,43662,mixed error,Alkane; Amine; Arene; Thioamide,Alkane; Amide; Arene; Haloalkane; Sulfide,aligned_chunk_179.parquet,2787,291926,C14H21N3OS,CCN(CC)C(=O)NC(=S)Nc1c(C)cccc1C
C24H26F3N3O3,1,45719,false negative,Alkane; Amide; Arene; Ether; Haloalkane,Alkane; Amide; Arene; Haloalkane,aligned_chunk_99.parquet,2292,793429,C24H26F3N3O3,O=C(NC1CC(c2ccc(C(F)(F)F)cc2)CN(C(=O)N2CCOCC2)C1)c1ccccc1
C16H16O3,0,7107,correct,Alkane; Arene; Ester; Ether,Alkane; Arene; Ester; Ether,aligned_chunk_68.parquet,1372,682410,C16H16O3,CC(=O)Oc1ccc(OCc2ccccc2)cc1C
C16H16O3,0,14608,false positive,Alkane; Alkene; Arene; Ether; Ketone,Alkane; Alkene; Arene; Ether; Haloalkane; Ketone,aligned_chunk_1.parquet,2220,5455,C16H16O3,COc1cc(OC)c2cc(/C=C/C(C)=O)ccc2c1
C16H16O3,0,15311,correct,Alcohol; Alkane; Arene; Ester; Ether,Alcohol; Alkane; Arene; Ester; Ether,aligned_chunk_195.parquet,117,347635,C16H16O3,CCOC(=O)c1cccc(-c2cccc(CO)c2)c1
C16H16O3,0,22776,false positive,Alcohol; Alkane; Arene; Ether,Alcohol; Alkane; Arene; Ether; Haloalkane; Phenol,aligned_chunk_43.parquet,249,594056,C16H16O3,CC(CO)c1ccc2c(c1)C(O)c1ccccc1O2
C16H16O3,0,26220,false positive,Alcohol; Alkane; Arene; Ether; Ketone; Phenol,Alcohol; Alkane; Arene; Ester; Ether; Ketone; Phenol,aligned_chunk_236.parquet,252,496717,C16H16O3,CCC(=O)c1ccc(OCc2ccccc2)cc1O
C16H16O3,0,26362,correct,Alkane; Arene; Ether; Ketone,Alkane; Arene; Ether; Ketone,aligned_chunk_89.parquet,3213,758607,C16H16O3,COc1ccc(C(=O)c2ccc(OC)cc2C)cc1
C16H16O3,0,29233,correct,Alcohol; Alkane; Arene; Ester; Ether; Phenol,Alcohol; Alkane; Arene; Ester; Ether; Phenol,aligned_chunk_13.parquet,3067,116750,C16H16O3,CCOC(=O)Cc1ccc(-c2cccc(O)c2)cc1
C16H16O3,0,29458,false positive,Alkane; Arene; Ether; Ketone,Alkane; Arene; Ether; Haloalkane; Ketone,aligned_chunk_76.parquet,1682,711699,C16H16O3,COc1ccc(COCC(=O)c2ccccc2)cc1
C16H16O3,0,39065,false positive,Alkane; Arene; Ester; Ether,Alkane; Arene; Ester; Ether; Haloalkane,aligned_chunk_130.parquet,320,117246,C16H16O3,COC(=O)C(C)c1cccc(Oc2ccccc2)c1
C16H16O3,0,40513,false negative,Alcohol; Alkane; Arene; Ketone; Phenol,Alcohol; Arene; Phenol,aligned_chunk_235.parquet,2962,496181,C16H16O3,CCCc1c(O)ccc(C(=O)c2ccccc2)c1O
C16H16O3,1,40645,mixed error,Alcohol; Alkane; Arene; Ether; Ketone,Alcohol; Alkane; Arene; Ester; Ether,aligned_chunk_171.parquet,809,263963,C16H16O3,CC(=O)c1ccc(OCc2ccccc2)c(CO)c1
C16H16O3,0,41236,false positive,Alcohol; Alkane; Arene; Carboxylic acid; Ether,Alcohol; Alkane; Arene; Carboxylic acid; Ether; Haloalkane,aligned_chunk_47.parquet,106,606755,C16H16O3,COc1ccc(CC(=O)O)c(Cc2ccccc2)c1
C16H16O3,0,41898,correct,Alkane; Arene; Ester; Ether,Alkane; Arene; Ester; Ether,aligned_chunk_150.parquet,3060,191255,C16H16O3,COC(=O)CCc1ccc(Oc2ccccc2)cc1
C16H16O3,0,48750,false positive,Alcohol; Alkane; Arene; Ester; Ether,Alcohol; Alkane; Arene; Ester; Ether; Ketone,aligned_chunk_39.parquet,1735,579369,C16H16O3,COC(=O)c1ccc(Cc2ccccc2CO)cc1
C16H16O3,0,67976,correct,Alkane; Arene; Ester; Ether,Alkane; Arene; Ester; Ether,aligned_chunk_44.parquet,1631,598584,C16H16O3,CCOC(=O)c1cccc(Oc2cccc(C)c2)c1
C16H16O3,0,68292,false positive,Alkane; Arene; Ester; Ether,Alkane; Alkene; Arene; Ester; Ether,aligned_chunk_2.parquet,2670,366348,C16H16O3,CCOC(=O)c1cccc(OCc2ccccc2)c1
C16H16O3,0,68709,correct,Alcohol; Alkane; Arene; Carboxylic acid; Ether,Alcohol; Alkane; Arene; Carboxylic acid; Ether,aligned_chunk_72.parquet,2840,699981,C16H16O3,Cc1cc([C@H](C)Oc2ccccc2)ccc1C(=O)O
C23H21N5O2,0,177,false negative,Aldehyde; Alkane; Amine; Arene; Ether,Alkane; Amine; Arene; Ether,aligned_chunk_238.parquet,2746,505631,C23H21N5O2,O=Cc1cccc(-c2ccc3cnc(Nc4ccc(N5CCOCC5)cc4)nn23)c1
C23H21N5O2,0,25238,false positive,Alkane; Amine; Arene; Ether,Alkane; Amide; Amine; Arene; Ether,aligned_chunk_40.parquet,1014,585120,C23H21N5O2,COc1ccc2c(n1)CNCc1nnc(-c3ccc(-c4ccccc4OC)cc3)n1-2
C23H21N5O2,0,25560,false negative,Alkane; Amide; Amine; Arene; Nitrile,Alkane; Amine; Arene; Nitrile,aligned_chunk_173.parquet,2510,272235,C23H21N5O2,Cc1ccc(C(=O)NC2CC2)cc1-n1cc(C#N)nc(NCc2ccccc2)c1=O
C23H21N5O2,0,37712,mixed error,Alkane; Amide; Arene,Alkane; Arene; Sulfide,aligned_chunk_163.parquet,2796,236537,C23H21N5O2,Cn1cc2c(c(-c3cccnc3)c1=O)C(=O)N(CCc1nc3ccccc3n1C)C2
C23H21N5O2,0,40443,mixed error,Alkane; Amide; Amine; Arene; Ether; Nitrile,Alkane; Amide; Arene; Ether; Haloalkane; Nitrile,aligned_chunk_209.parquet,230,399391,C23H21N5O2,CN(C)CCNC(=O)c1cccc2nc3ccc4c(OCC#N)cccc4c3nc12
C23H21N5O2,0,58328,false negative,Alkane; Amide; Arene,Amide; Arene,aligned_chunk_1.parquet,336,3571,C23H21N5O2,Cc1ccc(C)c(NC(=O)Nc2ccc(-c3c(C(N)=O)[nH]c4cnccc34)cc2)c1
C23H21N5O2,1,58823,mixed error,Alkane; Amide; Amine; Arene,Amide; Arene; Haloalkane,aligned_chunk_184.parquet,3159,311711,C23H21N5O2,CN(C)c1ccc(C(=O)Nc2ccc(NC(=O)c3ccc4[nH]cnc4c3)cc2)cc1
C19H17NO4,0,4643,false negative,Alcohol; Alkane; Amine; Arene; Carboxylic acid; Ester; Ether,Alcohol; Alkane; Amine; Arene; Carboxylic acid,aligned_chunk_153.parquet,1624,199505,C19H17NO4,NC1(C(=O)O)CC1C(=O)OCC1c2ccccc2-c2ccccc21
C19H17NO4,0,5489,false negative,Alcohol; Alkane; Alkene; Amide; Arene; Carboxylic acid; Ketone,Alcohol; Alkene; Amide; Arene; Carboxylic acid,aligned_chunk_1.parquet,2273,5508,C19H17NO4,O=C(O)CCC(=O)c1ccc(NC(=O)C=Cc2ccccc2)cc1
C19H17NO4,0,12548,correct,Alkane; Arene; Ester; Ether,Alkane; Arene; Ester; Ether,aligned_chunk_227.parquet,244,464318,C19H17NO4,COC(=O)c1cc2c(C)ccc(C)c2n1C(=O)Oc1ccccc1
C19H17NO4,0,18230,false positive,Alkane; Arene; Ester; Ether,Alkane; Arene; Ester; Ether; Haloalkane,aligned_chunk_133.parquet,2299,128869,C19H17NO4,CC(=O)Oc1ccc(-c2cc3ccc(OC(C)=O)cc3n2C)cc1
C19H17NO4,0,19192,correct,Alkane; Arene; Ester; Ether,Alkane; Arene; Ester; Ether,aligned_chunk_186.parquet,961,316014,C19H17NO4,COC(=O)C(C)Oc1ccc(Oc2ccc3ccccc3n2)cc1
C19H17NO4,0,32639,false positive,Alkane; Arene; Ester; Ether,Alkane; Arene; Ester; Ether; Haloalkane,aligned_chunk_63.parquet,1361,666267,C19H17NO4,COC(=O)Cc1c(C(=O)OCc2ccccc2)[nH]c2ccccc12
C19H17NO4,0,51455,correct,Alcohol; Alkane; Arene; Carboxylic acid; Ether; Ketone,Alcohol; Alkane; Arene; Carboxylic acid; Ether; Ketone,aligned_chunk_66.parquet,2032,676573,C19H17NO4,CC(=O)c1cn(CC(=O)O)c2cc(OCc3ccccc3)ccc12
C19H17NO4,1,67612,mixed error,Alkane; Amide; Arene; Ether; Imide,Alkane; Amide; Arene; Imide; Nitrile,aligned_chunk_154.parquet,1940,203081,C19H17NO4,COc1cccc2c1OC(CN1C(=O)c3ccccc3C1=O)CC2
C19H17NO4,0,70941,false negative,Alcohol; Alkane; Arene; Ester; Ether; Ketone,Alcohol; Alkane; Arene,aligned_chunk_0.parquet,2406,2406,C19H17NO4,COC(=O)C(O)c1c(C)c(C(=O)c2ccccc2)c2ccccn12
C19H17NO4,0,73182,mixed error,Alkane; Alkene; Arene; Ester; Ether,Alkane; Arene; Ester; Ether; Haloalkane,aligned_chunk_61.parquet,725,659161,C19H17NO4,CCOC(=O)C1=C(c2ccccc2)c2ccc(OC)cc2C1=NO
C19H17NO4,0,74127,correct,Alkane; Amide; Arene; Ester; Ether; Imide,Alkane; Amide; Arene; Ester; Ether; Imide,aligned_chunk_133.parquet,617,127187,C19H17NO4,CCOC(=O)c1ccc(CCN2C(=O)c3ccccc3C2=O)cc1
C9H9BrO4,1,4456,mixed error,Alcohol; Alkane; Arene; Ester; Ether; Haloalkane; Phenol,Alcohol; Arene; Haloalkane; Phenol; Sulfide,aligned_chunk_56.parquet,2787,641831,C9H9BrO4,COC(=O)c1cc(OC)cc(Br)c1O
C9H9BrO4,0,20041,mixed error,Alcohol; Alkane; Arene; Carboxylic acid; Ether; Haloalkane; Phenol,Alcohol; Amide; Arene; Carboxylic acid; Haloalkane; Phenol,aligned_chunk_140.parquet,872,153355,C9H9BrO4,COc1cc(CC(=O)O)c(Br)cc1O
C9H9BrO4,0,39936,correct,Alcohol; Alkane; Arene; Carboxylic acid; Ether; Haloalkane,Alcohol; Alkane; Arene; Carboxylic acid; Ether; Haloalkane,aligned_chunk_34.parquet,475,561895,C9H9BrO4,COc1cc(C(=O)O)c(OC)cc1Br
C9H9BrO4,0,46026,false negative,Alcohol; Alkane; Arene; Carboxylic acid; Haloalkane; Phenol,Alcohol; Alkane; Arene; Carboxylic acid,aligned_chunk_126.parquet,577,101236,C9H9BrO4,O=C(O)[C@H](O)Cc1ccc(O)c(Br)c1
C10H14N2O2S,1,27285,false negative,Alkane; Amine; Ester; Ether; Sulfide,Alkane; Amine; Ester; Ether,aligned_chunk_28.parquet,2699,541191,C10H14N2O2S,COC(=O)[C@@H](N)CCSc1ccccn1
C10H14N2O2S,0,52292,false positive,Alkane; Ester; Ether; Sulfide,Alkane; Amine; Ester; Ether; Sulfide,aligned_chunk_135.parquet,1741,134801,C10H14N2O2S,CCOC(=O)c1cc(CC)nc(SC)n1
C10H14N2O2S,0,71167,false positive,Alkane; Ester; Ether; Sulfide,Alkane; Ester; Ether; Haloalkane; Sulfide,aligned_chunk_28.parquet,889,539381,C10H14N2O2S,CCOC(=O)c1cnc(SC)nc1CC
C8H12N2,0,1111,correct,Alkane; Amine,Alkane; Amine,aligned_chunk_204.parquet,1155,384133,C8H12N2,CC(C)c1ccc(N)nc1
C8H12N2,0,2379,correct,Alkane,Alkane,aligned_chunk_108.parquet,714,36446,C8H12N2,c1cnn(C2CCCC2)c1
C8H12N2,0,4782,false positive,Alkane,Alkane; Haloalkane,aligned_chunk_242.parquet,2269,521316,C8H12N2,Cn1ncc2c1CCCC2
C8H12N2,0,5073,false positive,Alkane; Amine; Arene,Alkane; Amine; Arene; Ether,aligned_chunk_36.parquet,0,567933,C8H12N2,NCCc1ccccc1N
C8H12N2,0,5187,correct,Alkane,Alkane,aligned_chunk_153.parquet,1200,199081,C8H12N2,CC(C)(C)c1ncccn1
C8H12N2,0,5739,correct,Alkane; Amine; Arene; Hydrazine,Alkane; Amine; Arene; Hydrazine,aligned_chunk_128.parquet,1064,108282,C8H12N2,NNCCc1ccccc1
C8H12N2,0,5758,correct,Alkane,Alkane,aligned_chunk_68.parquet,1346,682384,C8H12N2,c1cn(C2CCCC2)cn1
C8H12N2,0,6362,false positive,Alkane; Amine,Alkane; Amine; Arene; Ether; Haloalkane,aligned_chunk_170.parquet,1245,261119,C8H12N2,CCc1cc(CN)ccn1
C8H12N2,0,18002,false negative,Alkane; Alkene; Amine; Nitrile,Alkane; Amine; Nitrile,aligned_chunk_230.parquet,2529,479544,C8H12N2,N#CC(N)C1=CCCCC1
C8H12N2,0,19633,correct,Alkane; Amine; Arene,Alkane; Amine; Arene,aligned_chunk_138.parquet,2079,144825,C8H12N2,NCc1cccc(CN)c1
C8H12N2,0,39035,false negative,Alkane; Amine; Nitrile,Alkane; Nitrile,aligned_chunk_99.parquet,2084,793221,C8H12N2,N#CC12CCN(CC1)CC2
C8H12N2,0,48431,false positive,Alkane; Amine; Arene,Alkane; Amine; Arene; Haloalkane,aligned_chunk_71.parquet,3195,697090,C8H12N2,C[C@H](N)c1ccc(N)cc1
C8H12N2,0,56893,false negative,Alkane; Amine; Arene,Amine; Arene,aligned_chunk_67.parquet,2201,679942,C8H12N2,CCc1ccc(N)c(N)c1
C8H12N2,1,61306,mixed error,Alkane; Amine; Arene,Alkene; Amide; Amine; Arene,aligned_chunk_43.parquet,2804,596611,C8H12N2,CNc1cc(N)ccc1C
C8H12N2,0,62111,correct,Alkane; Amine; Nitrile,Alkane; Amine; Nitrile,aligned_chunk_130.parquet,1849,118775,C8H12N2,N#CC12CCCN1CCC2
C8H12N2,0,66674,false positive,Alkane; Amine; Arene; Hydrazine,Alkane; Amine; Arene; Ester; Ether; Hydrazine,aligned_chunk_32.parquet,1409,556249,C8H12N2,Cc1ccc(N(C)N)cc1
C8H12N2,0,67073,correct,Alkane; Amine,Alkane; Amine,aligned_chunk_159.parquet,823,218238,C8H12N2,Cc1ccc(CCN)nc1
C8H12N2,0,69050,correct,Alkane; Amine,Alkane; Amine,aligned_chunk_188.parquet,554,322184,C8H12N2,CC(C)c1cccc(N)n1
C8H12N2,0,69184,correct,Alkane; Amine,Alkane; Amine,aligned_chunk_20.parquet,1430,368237,C8H12N2,CC(CN)c1cccnc1
C12H13NO3,0,1818,false positive,Alkane; Arene; Ester; Ether; Isocyanate,Alkane; Arene; Ester; Ether; Haloalkane; Isocyanate,aligned_chunk_216.parquet,1135,426286,C12H13NO3,Cc1ccc(N=C=O)cc1C(=O)OC(C)C
C12H13NO3,0,3863,false negative,Alkane; Amide; Arene; Ether,Alkane; Amide; Arene,aligned_chunk_63.parquet,139,665045,C12H13NO3,O=C1CCc2c(cccc2OC[C@@H]2CO2)N1
C12H13NO3,0,5118,false positive,Alkane; Arene; Ether,Alkane; Amide; Arene; Carbamate; Ether,aligned_chunk_152.parquet,10,194697,C12H13NO3,COc1c(OC)c2ccccc2n(C)c1=O
C12H13NO3,0,5992,correct,Alkane; Arene; Ester; Ether,Alkane; Arene; Ester; Ether,aligned_chunk_32.parquet,637,555477,C12H13NO3,CCOC(=O)c1ccc2oc(CC)nc2c1
C12H13NO3,1,7035,mixed error,Alkane; Amine; Arene,Arene; Haloalkane; Ketone,aligned_chunk_206.parquet,371,389846,C12H13NO3,CCCCc1cc2cc([N+](=O)[O-])ccc2o1
C12H13NO3,0,9560,correct,Alkane; Arene; Ester; Ether,Alkane; Arene; Ester; Ether,aligned_chunk_153.parquet,1592,199473,C12H13NO3,CCOC(=O)COc1ccc2[nH]ccc2c1
C12H13NO3,0,10075,false positive,Alkane; Arene; Ester; Ether,Aldehyde; Alkane; Arene; Carbamate; Ester; Ether,aligned_chunk_154.parquet,869,202010,C12H13NO3,CCOC(=O)C1=NOC(c2ccccc2)C1
C12H13NO3,0,10461,mixed error,Alcohol; Alkane; Arene; Ester; Ether; Phenol,Alcohol; Alkane; Arene; Carboxylic acid; Ester; Ether,aligned_chunk_175.parquet,2591,278814,C12H13NO3,CCn1ccc2c(O)cc(C(=O)OC)cc21
C12H13NO3,0,13347,false negative,Alcohol; Alkane; Amine; Arene; Carboxylic acid,Alcohol; Arene; Carboxylic acid,aligned_chunk_26.parquet,1302,533308,C12H13NO3,CN(C)Cc1c(C(=O)O)oc2ccccc12
C12H13NO3,0,18636,mixed error,Aldehyde; Alkane; Alkyne; Ester; Ether,Alkane; Alkyne; Arene; Carbamate; Ester; Ether,aligned_chunk_112.parquet,2000,53949,C12H13NO3,C#CCn1c(C)c(C)c(C=O)c1C(=O)OC
C12H13NO3,0,22670,correct,Alcohol; Alkane; Arene; Ester; Ether; Phenol,Alcohol; Alkane; Arene; Ester; Ether; Phenol,aligned_chunk_168.parquet,1242,251292,C12H13NO3,COC(=O)[C@@H](C)n1ccc2cc(O)ccc21
C12H13NO3,0,28684,false negative,Acid anhydride; Alkane; Amine; Arene; Ester; Ether,Alkane; Amine; Arene; Ester; Ether,aligned_chunk_195.parquet,2034,349552,C12H13NO3,O=C(OC(=O)[C@@H]1CCCN1)c1ccccc1
C12H13NO3,0,31261,false negative,Alkane; Alkene; Amide; Arene; Ether,Alkane; Alkene; Amide; Arene,aligned_chunk_126.parquet,3179,103838,C12H13NO3,COC=Cc1cccc2c1OCC(=O)N2C
C12H13NO3,0,33034,false positive,Alkane; Arene; Ester; Ether,Alkane; Arene; Ester; Ether; Haloalkane,aligned_chunk_230.parquet,565,477580,C12H13NO3,CCCc1noc2ccc(C(=O)OC)cc12
C12H13NO3,0,33461,false negative,Alkane; Alkene; Amine; Arene; Enamine; Ester; Ether; Ketone,Alkane; Amine; Arene; Ester; Ether,aligned_chunk_44.parquet,700,597653,C12H13NO3,COC(=O)C(C(C)=O)=C(N)c1ccccc1
C12H13NO3,0,39185,correct,Alcohol; Alkane; Amide; Arene; Carboxylic acid,Alcohol; Alkane; Amide; Arene; Carboxylic acid,aligned_chunk_17.parquet,1862,258358,C12H13NO3,O=C(O)c1ccc(N2CCCCC2=O)cc1
C12H13NO3,0,42667,false positive,Alkane; Arene; Ether,Alkane; Arene; Ether; Haloalkane,aligned_chunk_46.parquet,122,603510,C12H13NO3,COc1cccc(-c2oc(C)c(C)[n+]2[O-])c1
C12H13NO3,0,43915,mixed error,Alcohol; Alkane; Alkene; Amide; Arene; Carboxylic acid; Enamine,Alcohol; Alkane; Amide; Carboxylic acid; Sulfide,aligned_chunk_234.parquet,240,490216,C12H13NO3,CC(C)=C(NC(=O)c1ccccc1)C(=O)O
C12H13NO3,0,44016,correct,Alcohol; Alkane; Amide; Arene; Carboxylic acid,Alcohol; Alkane; Amide; Arene; Carboxylic acid,aligned_chunk_213.parquet,2822,418197,C12H13NO3,Cc1ccccc1N1CCC(C(=O)O)C1=O
C12H13NO3,0,48435,false positive,Alkane; Arene; Ester; Ether; Nitrile,Alkane; Arene; Ester; Ether; Haloalkane; Nitrile,aligned_chunk_66.parquet,1657,676198,C12H13NO3,CCOC(=O)Cc1ccc(C#N)c(OC)c1
C12H13NO3,0,49428,correct,Alkane; Arene; Ester; Ether,Alkane; Arene; Ester; Ether,aligned_chunk_170.parquet,3082,262956,C12H13NO3,CCOC(=O)c1cc2cc(OC)ccc2[nH]1
C12H13NO3,0,49582,mixed error,Alcohol; Alkane; Amide; Arene; Carboxylic acid,Alcohol; Alkane; Arene; Carboxylic acid; Ether; Haloalkane,aligned_chunk_16.parquet,123,220771,C12H13NO3,O=C(O)Cc1ccc(N2CCCC2=O)cc1
C12H13NO3,0,54899,false positive,Alkane; Arene; Ester; Ether,Alkane; Arene; Ester; Ether; Haloalkane,aligned_chunk_214.parquet,1879,420522,C12H13NO3,CCOC(=O)c1cc2cccc(OC)c2[nH]1
C12H13NO3,0,60275,false negative,Alcohol; Alkane; Amide; Arene; Carboxylic acid,Alcohol; Alkane; Amide; Carboxylic acid,aligned_chunk_153.parquet,603,198484,C12H13NO3,O=C(O)C1CCN(Cc2ccccc2)C1=O
C12H13NO3,0,61205,false positive,Alkane; Amide; Arene; Ether; Ketone,Alkane; Amide; Arene; Ester; Ether; Ketone,aligned_chunk_121.parquet,340,84725,C12H13NO3,COc1ccc(CN2CC(=O)CC2=O)cc1
C12H13NO3,0,64503,mixed error,Alkane; Amide; Arene; Ether; Ketone,Alkane; Arene; Haloalkane,aligned_chunk_216.parquet,781,425932,C12H13NO3,COc1cccc2c1C(CC(C)=O)NC2=O
C12H13NO3,0,67950,false positive,Alcohol; Alkane; Amide; Arene,Alcohol; Alkane; Amide; Arene; Carbamate; Ether,aligned_chunk_47.parquet,1485,608134,C12H13NO3,CC(O)CNC(=O)c1cc2ccccc2o1
C12H13NO3,0,75863,correct,Alkane; Arene; Ester; Ether,Alkane; Arene; Ester; Ether,aligned_chunk_44.parquet,9,596962,C12H13NO3,COC(=O)c1cc2c(OC)cccc2n1C
C12H13NO3,0,78601,correct,Alkane; Ester; Ether,Alkane; Ester; Ether,aligned_chunk_230.parquet,2184,479199,C12H13NO3,CCCCOC(=O)c1cc2ccoc2cn1
C11H13N3O3,0,15534,false positive,Alkane; Amide; Amine,Alkane; Amide; Amine; Ester; Ether; Haloalkane,aligned_chunk_201.parquet,2123,375419,C11H13N3O3,CCc1cc(N2CCCC2=O)ncc1[N+](=O)[O-]
C11H13N3O3,0,16049,false negative,Alcohol; Alkane; Ester; Ether; Phenol,Alcohol; Alkane; Ether,aligned_chunk_51.parquet,411,623250,C11H13N3O3,CCOC(=O)c1cc(O)nc2[nH]nc(CC)c12
C11H13N3O3,1,32382,mixed error,Alkane; Alkyne; Amine; Ether,Alkane; Ester; Ether; Haloalkane,aligned_chunk_171.parquet,1597,264751,C11H13N3O3,COc1ncc(C#CCN(C)C)cc1[N+](=O)[O-]
C11H13N3O3,0,54788,mixed error,Alkane; Amide; Ester; Ether,Alkane; Amide; Haloalkane,aligned_chunk_136.parquet,973,137291,C11H13N3O3,COC(=O)c1cc(C)nc(NC(=O)C2CC2)n1
C11H13N3O3,0,62008,correct,Alkane; Ester; Ether,Alkane; Ester; Ether,aligned_chunk_240.parquet,168,512714,C11H13N3O3,CCOC(=O)c1cc2c(OC)nc(C)cn2n1
C11H13N3O3,0,72218,correct,Alcohol; Alkane; Carboxylic acid,Alcohol; Alkane; Carboxylic acid,aligned_chunk_102.parquet,1233,17416,C11H13N3O3,CN1C(=O)N(Cc2ccccn2)CC1C(=O)O
C11H13N3O3,0,76253,false negative,Alkane; Amide; Ether,Alkane; Amide,aligned_chunk_41.parquet,280,587702,C11H13N3O3,COc1ncccc1CC1NC(=O)CNC1=O
C18H17NO2,0,10803,correct,Alkane; Arene; Ester; Ether,Alkane; Arene; Ester; Ether,aligned_chunk_188.parquet,3142,324772,C18H17NO2,CCOC(=O)c1[nH]c2ccccc2c1Cc1ccccc1
C18H17NO2,1,22055,mixed error,Alkane; Alkene; Arene; Ether; Ketone,Alkane; Amide; Arene; Imide,aligned_chunk_163.parquet,1170,234911,C18H17NO2,COc1ccc(/C=C2\CCc3ncc(C)cc3C2=O)cc1
C18H17NO2,0,25198,false positive,Alkane; Arene; Ether; Nitrile,Alkane; Alkene; Arene; Ether; Nitrile,aligned_chunk_59.parquet,1238,649890,C18H17NO2,COc1ccc(C2(C#N)CC2)cc1OCc1ccccc1
C18H17NO2,0,29120,correct,Alkane; Arene; Ester; Ether,Alkane; Arene; Ester; Ether,aligned_chunk_41.parquet,2735,590157,C18H17NO2,COC(=O)c1ccc2c(Cc3ccccc3)cn(C)c2c1
C18H17NO2,0,44141,false positive,Alkane; Amide; Arene; Ketone,Alkane; Amide; Arene; Ether; Ketone,aligned_chunk_173.parquet,1707,271432,C18H17NO2,CC(C)N1C(=O)Cc2ccc(C(=O)c3ccccc3)cc21
C18H17NO2,0,51646,correct,Alkane; Arene; Ester; Ether,Alkane; Arene; Ester; Ether,aligned_chunk_75.parquet,708,707503,C18H17NO2,COC(=O)Cn1cc(Cc2ccccc2)c2ccccc21
C18H17NO2,0,55178,correct,Alcohol; Alkane; Alkyne; Arene; Carboxylic acid,Alcohol; Alkane; Alkyne; Arene; Carboxylic acid,aligned_chunk_244.parquet,1551,527096,C18H17NO2,CC(C)(C)c1cccc(C#Cc2ccc(C(=O)O)cn2)c1
C18H17NO2,0,62791,false positive,Alkane; Amine; Arene; Ester; Ether,Alkane; Amine; Arene; Ester; Ether; Haloalkane,aligned_chunk_45.parquet,2550,602669,C18H17NO2,O=C1Oc2ccccc2C2CN(Cc3ccccc3)CC12
C18H17NO2,0,63537,mixed error,Alkane; Amide; Arene; Ether,Alkane; Arene; Ketone,aligned_chunk_58.parquet,1145,646597,C18H17NO2,CN1CCC2(CC1=O)c1ccccc1Oc1ccccc12
C18H17NO2,0,69079,correct,Aldehyde; Alkane; Arene,Aldehyde; Alkane; Arene,aligned_chunk_90.parquet,262,762114,C18H17NO2,CCCCn1c(=O)c2ccccc2c2cc(C=O)ccc21
C18H17NO2,0,75185,false positive,Alkane; Arene; Ester; Ether; Nitrile,Alkane; Arene; Ester; Ether; Nitrile; Sulfide,aligned_chunk_146.parquet,260,172203,C18H17NO2,CCCCC(=O)Oc1ccc(-c2ccc(C#N)cc2)cc1
C18H17NO2,0,77020,false positive,Alkane; Arene; Ester; Ether,Alkane; Arene; Ester; Ether; Haloalkane; Sulfide,aligned_chunk_190.parquet,649,331938,C18H17NO2,COC(=O)c1ccc2cc(-c3c(C)cccc3C)[nH]c2c1
C18H17NO2,0,78019,mixed error,Alkane; Alkyne; Amine; Arene; Ester; Ether,Alkane; Amine; Arene; Ester; Ether; Sulfide,aligned_chunk_152.parquet,1723,196410,C18H17NO2,COC(=O)CCc1ccc(C#Cc2cccc(N)c2)cc1
C7H13NO4,0,9067,false negative,Alcohol; Alkane; Amine; Carboxylic acid,Alcohol; Alkane; Carboxylic acid,aligned_chunk_66.parquet,291,674832,C7H13NO4,CN(C)[C@@H](CCC(=O)O)C(=O)O
C7H13NO4,0,36265,correct,Alkane; Amine; Ester; Ether,Alkane; Amine; Ester; Ether,aligned_chunk_171.parquet,101,263255,C7H13NO4,COC(=O)CC(N)CC(=O)OC
C7H13NO4,1,42264,false negative,Alcohol; Alkane; Amine; Carboxylic acid; Ester; Ether,Alcohol; Alkane; Amine; Carboxylic acid,aligned_chunk_231.parquet,557,480824,C7H13NO4,COC(=O)CCC[C@H](N)C(=O)O
C18H24N2O3,0,20272,false positive,Alkane; Amine; Arene; Ester; Ether,Alkane; Alkene; Amine; Arene; Ester; Ether,aligned_chunk_72.parquet,1447,698588,C18H24N2O3,C[C@H]1Cc2cc(C3CN4CCNCC4(C)CO3)ccc2C(=O)O1
C18H24N2O3,0,35664,correct,Alkane; Amine; Arene; Ester; Ether,Alkane; Amine; Arene; Ester; Ether,aligned_chunk_185.parquet,1771,313591,C18H24N2O3,CCOC(=O)c1cc2cc(O[C@H]3CCN(C(C)C)C3)ccc2[nH]1
C18H24N2O3,0,37279,false positive,Alkane; Amide; Arene; Carbamate; Ether,Alkane; Amide; Amine; Arene; Carbamate; Ether,aligned_chunk_169.parquet,949,254238,C18H24N2O3,CC(C)(C)OC(=O)N1CCC2(C1)C(=O)NCC2c1ccccc1
C18H24N2O3,0,41182,correct,Alcohol; Alkane; Amine; Arene; Ester; Ether; Nitrile,Alcohol; Alkane; Amine; Arene; Ester; Ether; Nitrile,aligned_chunk_168.parquet,737,250787,C18H24N2O3,CCOC(=O)C[C@H]1CCCN(CC(O)c2ccc(C#N)cc2)C1
C18H24N2O3,1,47741,mixed error,Alkane; Amide; Arene; Carbamate; Ether,Alkane; Amine; Carbamate; Ether,aligned_chunk_4.parquet,1640,582466,C18H24N2O3,CC(C)(C)OC(=O)N1CCC(N2Cc3ccccc3C2=O)CC1
C18H24N2O3,0,48973,mixed error,Alkane; Arene; Carbamate; Ether; Ketone; Nitrile,Alkane; Arene; Carbamate; Ether; Nitrile; Sulfide,aligned_chunk_46.parquet,648,604036,C18H24N2O3,CCC(C#N)C(=O)C(Cc1ccccc1)NC(=O)OC(C)(C)C
C18H24N2O3,0,54642,correct,Alkane; Amine; Arene; Ester; Ether,Alkane; Amine; Arene; Ester; Ether,aligned_chunk_81.parquet,921,730317,C18H24N2O3,CCc1cccc2c3c([nH]c12)C(CC)(CC(=O)OC)OCC3N
C18H24N2O3,0,58233,mixed error,Alkane; Amide; Arene; Carbamate; Ether,Alkane; Arene; Carbamate; Ether; Haloalkane,aligned_chunk_128.parquet,743,107961,C18H24N2O3,Cc1cccc2c1N(C)C(=O)[C@@H]1CN(C(=O)OC(C)(C)C)C[C@H]21
C18H24N2O3,0,73196,mixed error,Alkane; Arene; Carbamate; Ether,Alkane; Carbamate; Ether; Haloalkane,aligned_chunk_175.parquet,1487,277710,C18H24N2O3,C[C@@H](Cn1ccc2ccc3c(c21)CCO3)NC(=O)OC(C)(C)C
C18H24N2O3,0,73801,correct,Alkane; Amine; Arene; Carbamate; Ether,Alkane; Amine; Arene; Carbamate; Ether,aligned_chunk_140.parquet,1440,153923,C18H24N2O3,CC(C)(C)OC(=O)N1Cc2ccc(N3C[C@@H]4C[C@H]3CO4)cc2C1
C26H25F2N3O2,0,2438,correct,Alkane; Alkene; Amide; Arene; Ether; Haloalkane,Alkane; Alkene; Amide; Arene; Ether; Haloalkane,aligned_chunk_129.parquet,1181,111650,C26H25F2N3O2,COc1cc(/C=C2\CC[C@H]3CC[C@@H](c4ccc(F)cc4F)N3C2=O)ccc1-n1cnc(C)c1
C26H25F2N3O2,1,66106,false negative,Alkane; Amide; Arene; Ether; Haloalkane,Alkane; Amide; Arene; Haloalkane,aligned_chunk_19.parquet,2682,330709,C26H25F2N3O2,COc1ccc2c(C(=O)NCc3ccc(F)c(F)c3)c(C(C)C)n(Cc3ccccn3)c2c1
C24H26N4O2,0,2569,mixed error,Alkane; Amide; Amine; Arene; Ether,Alkane; Amide; Amine; Arene; Sulfide,aligned_chunk_68.parquet,640,681678,C24H26N4O2,COc1ccc(C2Cc3cnc(Nc4ccccc4)nc3N(CC(C)C)C2=O)cc1
C24H26N4O2,0,2803,false positive,Alkane; Amide; Amine; Arene; Ether,Alkane; Alkene; Amide; Amine; Arene; Ether; Haloalkane,aligned_chunk_85.parquet,2195,744542,C24H26N4O2,O=C1COc2ccc(CCCN3CCN(c4ccc5ccccc5n4)CC3)cc2N1
C24H26N4O2,0,3167,mixed error,Alkane; Arene; Ether,Alkane; Amine; Arene,aligned_chunk_212.parquet,481,412622,C24H26N4O2,COc1cccc(C2(NC(=O)Nc3ccc(-c4ccnc(C)c4)cc3)CCCC2)n1
C24H26N4O2,0,11244,false negative,Alkane; Amide; Amine; Arene; Ether,Alkane; Amide; Amine; Arene,aligned_chunk_139.parquet,297,146285,C24H26N4O2,CN1CCN(c2ccc(OCc3ccccc3)c(C(=O)Nc3cccnc3)c2)CC1
C24H26N4O2,0,19760,false negative,Alkane; Amide; Amine; Arene; Ketone,Alkane; Amide; Amine; Arene,aligned_chunk_23.parquet,2008,475727,C24H26N4O2,CC(=O)Nc1cccc(C(=O)CN2CCN(c3cccc4nc(C)ccc34)CC2)c1
C24H26N4O2,0,24166,false positive,Alkane; Amide; Amine; Arene; Nitrile,Alkane; Amide; Amine; Arene; Haloalkane; Nitrile,aligned_chunk_93.parquet,2005,773652,C24H26N4O2,CNC(=O)c1ccc2c(c1)C(Nc1ccc(C#N)cc1)C(C)C(C1CC1)N2C(C)=O
C24H26N4O2,1,29899,mixed error,Alkane; Amide; Amine; Arene; Ketone,Alcohol; Alkane; Amide; Amine; Arene; Ether,aligned_chunk_114.parquet,488,58949,C24H26N4O2,CC(=O)CNC(=O)c1cc2c(nc(C)n2C)c2c1CCC1(Cc3ccccc3C1)N2
C24H26N4O2,0,41074,false positive,Alkane; Amide; Amine; Arene,Alkane; Amide; Amine; Arene; Ester; Ether,aligned_chunk_138.parquet,2440,145186,C24H26N4O2,Nc1ccc(C(=O)Nc2cccnc2C(=O)NCC2CCCCC2)c2ccccc12
C24H26N4O2,0,46340,false negative,Alkane; Amide; Amine; Arene; Ether,Alkane; Amide; Arene; Ether,aligned_chunk_201.parquet,348,373644,C24H26N4O2,COc1cccc(C2(C(=O)NCc3ccccc3)CCN(c3ncccn3)CC2)c1
C24H26N4O2,0,65925,false positive,Alkane; Amide; Amine; Arene,Alkane; Amide; Amine; Arene; Ether,aligned_chunk_153.parquet,1144,199025,C24H26N4O2,Cc1ccc(C(=O)Nc2ccc(N(C=O)CCc3ccccn3)cc2)c(N(C)C)c1
C24H26N4O2,0,68451,correct,Alkane; Amide; Amine; Arene; Nitrile,Alkane; Amide; Amine; Arene; Nitrile,aligned_chunk_229.parquet,2483,472967,C24H26N4O2,CC(C)c1cc(C#N)cc2nc(-c3ccc(C(=O)NCC4CCNCC4)cc3)oc12
C5H12O2,0,13583,correct,Alcohol; Alkane,Alcohol; Alkane,aligned_chunk_124.parquet,122,94288,C5H12O2,CCCC(O)CO
C5H12O2,0,14270,correct,Alcohol; Alkane,Alcohol; Alkane,aligned_chunk_63.parquet,2016,666922,C5H12O2,CCCCC(O)O
C5H12O2,0,23109,correct,Alcohol; Alkane; Ether,Alcohol; Alkane; Ether,aligned_chunk_19.parquet,104,328131,C5H12O2,CC[C@@H](O)COC
C5H12O2,0,23197,correct,Alcohol; Alkane; Ether,Alcohol; Alkane; Ether,aligned_chunk_206.parquet,2491,391966,C5H12O2,CCC(O)COC
C5H12O2,1,61018,false positive,Alcohol; Alkane,Alcohol; Alkane; Ether,aligned_chunk_220.parquet,1198,442544,C5H12O2,CCC(O)C(C)O
C11H11ClN2OS,1,7306,mixed error,Alkane; Arene; Haloalkane; Imine; Sulfide,Alcohol; Alkane; Amide; Arene; Ester; Ether,aligned_chunk_201.parquet,1139,374435,C11H11ClN2OS,CC1(C)SC(=NO)N=C1c1ccc(Cl)cc1
C11H11ClN2OS,0,36245,correct,Alkane; Amine; Arene; Ether; Haloalkane; Isothiocyanate,Alkane; Amine; Arene; Ether; Haloalkane; Isothiocyanate,aligned_chunk_6.parquet,199,652195,C11H11ClN2OS,S=C=Nc1cc(Cl)ccc1N1CCOCC1
C11H11ClN2OS,0,42344,mixed error,Alkane; Haloalkane; Sulfide,Alkane; Amine; Sulfide,aligned_chunk_164.parquet,88,237074,C11H11ClN2OS,CCc1c(C)nc(-c2ccc(Cl)s2)[nH]c1=O
C22H26N4O3,0,3585,false negative,Alcohol; Alkane; Amide; Amine; Arene; Ether,Alcohol; Alkane; Amine; Arene; Ether,aligned_chunk_128.parquet,2365,109583,C22H26N4O3,Cc1nc2c(NC3COCc4ccccc43)cc(C(=O)N(C)CCO)cn2c1C
C22H26N4O3,0,7964,false negative,Alkane; Amide; Amine; Arene; Carbamate; Ether,Alkane; Amine; Arene; Carbamate; Ether,aligned_chunk_173.parquet,2743,272468,C22H26N4O3,Cc1cnc(N2CCN(C(=O)c3ccc(N4CCOC4=O)cc3C)CC2)c(C)c1
C22H26N4O3,0,15128,false positive,Alcohol; Alkane; Arene; Ether,Alcohol; Alkane; Arene; Ether; Haloalkane; Phenol,aligned_chunk_137.parquet,2039,141562,C22H26N4O3,COc1ccc(C[C@@H](NC(=O)N[C@H]2CCC[C@@H]2O)c2nc3ccccc3[nH]2)cc1
C22H26N4O3,1,38109,mixed error,Aldehyde; Alkane; Amine; Arene; Carbamate; Ether,Alkane; Amide; Amine; Sulfide,aligned_chunk_192.parquet,3062,340869,C22H26N4O3,Cc1cccc(NC(=O)OC(C)(C)C)c1CNc1cccn2c(C=O)c(C)nc12
C22H26N4O3,0,74361,correct,Alcohol; Alkane; Amine; Arene; Ether,Alcohol; Alkane; Amine; Arene; Ether,aligned_chunk_132.parquet,3061,126404,C22H26N4O3,Nc1ncnc2c1c(-c1cccc(OCC3CCCO3)c1)cn2[C@@H]1C[C@H](CO)C1
C22H26N4O3,0,76883,false positive,Alkane; Amide; Arene,Alkane; Amide; Arene; Carbamate,aligned_chunk_187.parquet,947,319294,C22H26N4O3,Cc1cccc(NC(=O)NCC(=O)N(CC(=O)NCC2CC2)c2ccccc2)c1
C10H13N3O4S,0,26434,mixed error,Aldehyde; Alkane; Amide; Amine; Arene; Sulfonamide,Alkane; Amide; Amine; Arene; Ether; Sulfonamide,aligned_chunk_42.parquet,828,591461,C10H13N3O4S,CN(C)C(=O)c1ccc(NC=O)cc1S(N)(=O)=O
C10H13N3O4S,1,55785,mixed error,Alkane; Amine; Arene,Aldehyde; Alkane; Arene; Ether; Sulfide,aligned_chunk_107.parquet,2203,34674,C10H13N3O4S,Cc1ccc([N+](=O)[O-])cc1NC(=O)N=S(C)(C)=O
C18H13F3N4O3,1,42612,mixed error,Alcohol; Alkane; Arene; Carboxylic acid; Ether; Haloalkane; Nitrile,Alcohol; Alkane; Amine; Carboxylic acid; Ether; Haloalkane,aligned_chunk_96.parquet,2834,784231,C18H13F3N4O3,CCOc1ccc(-c2cc3c(ncn3CC(=O)O)c(C#N)n2)cc1C(F)(F)F
C18H13F3N4O3,0,77661,false negative,Alkane; Amide; Arene; Ether; Haloalkane; Imide; Nitrile,Alkane; Amide; Arene; Ether; Imide; Nitrile,aligned_chunk_190.parquet,1488,332777,C18H13F3N4O3,CC1(C)NC(=O)N(c2ccc(Oc3ccc(C#N)cc3C(F)(F)F)nc2)C1=O
C25H27N3O,1,38009,false positive,Alkane; Amine; Arene,Alkane; Amine; Arene; Carbamate; Ether,aligned_chunk_135.parquet,2748,135808,C25H27N3O,O=C(NCCN1Cc2ccccc2CC1Cc1ccccc1)Nc1ccccc1
C25H27N3O,0,77534,correct,Alkane; Amine; Arene; Ether; Nitrile,Alkane; Amine; Arene; Ether; Nitrile,aligned_chunk_47.parquet,1389,608038,C25H27N3O,Cc1ccc2c(OCCN3CCC(Cc4cccc(C#N)c4)CC3)cccc2n1
C11H12N2O2,0,768,correct,Alkane; Ester; Ether,Alkane; Ester; Ether,aligned_chunk_114.parquet,877,59338,C11H12N2O2,CCOC(=O)c1cn2c(C)cccc2n1
C11H12N2O2,0,3901,false positive,Alkane; Amide; Arene; Ether; Nitrile,Alkane; Amide; Arene; Ether; Haloalkane; Nitrile,aligned_chunk_118.parquet,1346,72731,C11H12N2O2,COCc1ccc(C(=O)NCC#N)cc1
C11H12N2O2,0,11180,correct,Alkane; Amide; Arene,Alkane; Amide; Arene,aligned_chunk_34.parquet,2471,563891,C11H12N2O2,Cc1ccc2c(c1)C(=O)N(C)CC(=O)N2
C11H12N2O2,0,20962,correct,Alkane; Arene; Ester; Ether,Alkane; Arene; Ester; Ether,aligned_chunk_76.parquet,2578,712595,C11H12N2O2,CCOC(=O)Cc1nc2ccccc2[nH]1
C11H12N2O2,0,26753,false positive,Alkane; Arene; Ether,Alkane; Arene; Ether; Haloalkane,aligned_chunk_231.parquet,3195,483462,C11H12N2O2,Cn1cnc2cccc(OCC3CO3)c21
C11H12N2O2,1,26821,mixed error,Alcohol; Alkane; Arene; Ether,Alcohol; Alkane; Arene; Haloalkane,aligned_chunk_11.parquet,643,42854,C11H12N2O2,COc1ccc(-c2cc(CO)[nH]n2)cc1
C11H12N2O2,0,29596,false negative,Alkane; Amine; Arene; Ester; Ether,Alkane; Amine; Ester; Ether,aligned_chunk_56.parquet,2393,641437,C11H12N2O2,CCOC(=O)c1cc2ccccc2n1N
C11H12N2O2,0,37954,correct,Alkane; Ester; Ether; Nitrile,Alkane; Ester; Ether; Nitrile,aligned_chunk_120.parquet,2461,83629,C11H12N2O2,CC(C)(C)OC(=O)c1cccc(C#N)n1
C11H12N2O2,0,39268,false negative,Alcohol; Alkane; Amine; Arene; Ether,Alcohol; Alkane; Amine; Arene,aligned_chunk_144.parquet,3129,168536,C11H12N2O2,Nc1cc(OCCO)c2ccccc2n1
C11H12N2O2,0,41387,false positive,Alkane; Arene; Ether,Alkane; Arene; Ether; Haloalkane,aligned_chunk_34.parquet,3170,564590,C11H12N2O2,COc1nc(OC)c2cc(C)ccc2n1
C11H12N2O2,0,43793,correct,Aldehyde; Alkane; Amide,Aldehyde; Alkane; Amide,aligned_chunk_97.parquet,2839,787476,C11H12N2O2,O=Cc1cccnc1N1CCCCC1=O
C11H12N2O2,0,44557,mixed error,Alkane; Alkene; Amide; Amine; Arene; Ether,Alkane; Alkene; Amide; Amine; Arene; Haloalkane,aligned_chunk_230.parquet,670,477685,C11H12N2O2,COc1cc(C2=CC(=O)NC2)ccc1N
C11H12N2O2,0,57788,mixed error,Alcohol; Alkane; Arene; Ether,Alcohol; Alkane; Amine; Arene,aligned_chunk_107.parquet,1775,34246,C11H12N2O2,OCCOc1ccc(-n2ccnc2)cc1
C11H12N2O2,0,58562,correct,Alkane; Ester; Ether,Alkane; Ester; Ether,aligned_chunk_174.parquet,2124,275082,C11H12N2O2,CCOC(=O)c1[nH]ccc1-n1cccc1
C11H12N2O2,0,60758,mixed error,Alcohol; Alkane; Amine; Arene; Carboxylic acid,Alcohol; Amine; Arene; Carboxylic acid; Sulfide,aligned_chunk_134.parquet,1730,131558,C11H12N2O2,NCCc1c[nH]c2ccc(C(=O)O)cc12
C11H12N2O2,0,65575,false positive,Alkane; Arene; Ester; Ether,Alkane; Arene; Ester; Ether; Sulfide,aligned_chunk_221.parquet,2815,447376,C11H12N2O2,CCOC(=O)c1ccc2c(c1)ncn2C
C11H12N2O2,0,68244,false negative,Alcohol; Alkane; Arene; Ether; Phenol,Alcohol; Alkane; Arene; Phenol,aligned_chunk_237.parquet,260,499902,C11H12N2O2,Oc1cccc(OCCn2ccnc2)c1
C11H12N2O2,0,74613,mixed error,Alkane; Amide; Arene; Ether; Nitrile,Alkane; Amide; Arene; Haloalkane; Nitrile,aligned_chunk_233.parquet,1318,488082,C11H12N2O2,COCNC(=O)c1cccc(CC#N)c1
C11H12N2O2,0,75162,correct,Alkane; Amine; Arene; Hydrazone; Ketone,Alkane; Amine; Arene; Hydrazone; Ketone,aligned_chunk_101.parquet,1737,14705,C11H12N2O2,CC(=O)C(=NNc1ccccc1)C(C)=O
C11H12N2O2,0,78288,mixed error,Alcohol; Alkane; Arene; Phenol,Alcohol; Arene; Ketone; Phenol,aligned_chunk_150.parquet,1733,189928,C11H12N2O2,CC(C)c1cc(O)c2nc[nH]c(=O)c2c1
C10H9FO3,1,26556,false negative,Aldehyde; Alkane; Arene; Ether; Haloalkane,Aldehyde; Alkane; Arene; Ether,aligned_chunk_118.parquet,583,71968,C10H9FO3,O=Cc1ccc(F)c(C2OCCO2)c1
C10H9FO3,0,32269,false negative,Alkane; Arene; Ether; Haloalkane; Ketone,Alkane; Arene; Ether; Haloalkane,aligned_chunk_113.parquet,776,55978,C10H9FO3,COc1ccc(C(=O)C(C)=O)c(F)c1
C21H19N3O3,0,1057,correct,Aldehyde; Alkane; Arene,Aldehyde; Alkane; Arene,aligned_chunk_208.parquet,1221,397095,C21H19N3O3,CC(C)(C)ON=c1cc(-c2cc3cccn3cn2)oc2ccc(C=O)cc12
C21H19N3O3,0,8229,false negative,Alkane; Amide; Arene; Carbamate; Ether,Alkane; Amide; Arene; Ether,aligned_chunk_229.parquet,2611,473095,C21H19N3O3,CN(C(=O)Oc1ccc(C(=O)NCc2ccccn2)cc1)c1ccccc1
C21H19N3O3,0,62292,correct,Alkane; Alkene; Amide; Arene,Alkane; Alkene; Amide; Arene,aligned_chunk_179.parquet,1414,290553,C21H19N3O3,CN(Cc1ccc2occc2c1)C(=O)/C=C/c1cnc2c(c1)CCC(=O)N2
C21H19N3O3,0,64027,mixed error,Alkane; Amine; Arene; Ester; Ether,Alkane; Amide; Amine; Arene; Ether,aligned_chunk_215.parquet,2272,424153,C21H19N3O3,COC(=O)c1ccc2nc(-c3cc4ccccc4o3)c(NC(C)C)nc2c1
C21H19N3O3,0,66329,mixed error,Alkane; Amide; Amine; Arene; Ether; Imide,Alkane; Alkene; Arene; Ether; Ketone,aligned_chunk_99.parquet,1820,792957,C21H19N3O3,COc1ccc2c3c(ccnc13)C(=O)N(Cc1ccc(N(C)C)cc1)C2=O
C21H19N3O3,0,76121,mixed error,Alcohol; Alkane; Amide; Amine; Arene; Carboxylic acid,Alcohol; Alkane; Amine; Arene; Carboxylic acid; Ether,aligned_chunk_172.parquet,116,266507,C21H19N3O3,N[C@@H](Cc1ccccc1)C(=O)Nc1cc(C(=O)O)cc(-c2ccncc2)c1
C21H19N3O3,1,77126,mixed error,Alkane; Alkene; Amine; Arene; Enamine; Ketone,Alkane; Amine; Arene; Ester; Ether; Haloalkane,aligned_chunk_243.parquet,321,522630,C21H19N3O3,Cc1cc(=O)[nH]c2c1C(=O)C1=C(NC=CC1c1ccc(N(C)C)cc1)C2=O
C21H19N3O3,0,79359,mixed error,Aldehyde; Alkane; Amine; Arene; Ester; Ether,Alkane; Amide; Amine; Arene; Haloalkane,aligned_chunk_86.parquet,120,745760,C21H19N3O3,COC(=O)[C@H](Cc1ccccc1)Nc1cc(-c2ccc(C=O)cc2)ncn1
C14H19N3OS,0,41587,correct,Alcohol; Alkane; Amine; Sulfide,Alcohol; Alkane; Amine; Sulfide,aligned_chunk_126.parquet,1263,101922,C14H19N3OS,Nc1cnc2ccsc2c1N[C@@H]1CC[C@@H](CO)CC1
C14H19N3OS,0,46752,correct,Alkane; Nitrile; Sulfide,Alkane; Nitrile; Sulfide,aligned_chunk_12.parquet,442,78361,C14H19N3OS,CCCCNC(=O)Nc1sc2c(c1C#N)CCCC2
C14H19N3OS,1,50170,mixed error,Alkane; Alkene; Amine; Ether; Sulfide,Alkane; Amine; Ester; Ether,aligned_chunk_177.parquet,91,282817,C14H19N3OS,Nc1cc(N2CCOCC2)ncc1C1=CCSCC1
C11H12BrNO,0,10485,false negative,Alkane; Amide; Arene; Haloalkane,Alkane; Amide; Arene,aligned_chunk_164.parquet,3225,240211,C11H12BrNO,O=C(NCc1ccc(Br)cc1)C1CC1
C11H12BrNO,1,17947,mixed error,Alkane; Amide; Arene; Haloalkane,Alkane; Amide; Arene; Sulfide,aligned_chunk_52.parquet,3246,629338,C11H12BrNO,CCN1Cc2cccc(Br)c2CC1=O
C11H12BrNO,0,23263,correct,Alkane; Amine; Arene; Haloalkane; Ketone,Alkane; Amine; Arene; Haloalkane; Ketone,aligned_chunk_84.parquet,2811,741972,C11H12BrNO,O=C(c1ccc(Br)cc1)C1CCNC1
C11H12BrNO,0,37771,mixed error,Alkane; Amide; Arene; Haloalkane,Amide; Arene; Haloalkane; Sulfide,aligned_chunk_154.parquet,2992,204133,C11H12BrNO,Cc1cc(Br)ccc1NC(=O)C1CC1
C11H12BrNO,0,47233,false negative,Alkane; Amide; Arene; Haloalkane,Alkane; Arene; Haloalkane,aligned_chunk_197.parquet,1884,355821,C11H12BrNO,CN1C(=O)C(C)(C)c2cc(Br)ccc21
C11H12BrNO,0,77404,false positive,Alcohol; Alkane; Arene; Haloalkane; Nitrile,Alcohol; Alkane; Arene; Ester; Ether; Haloalkane; Nitrile,aligned_chunk_43.parquet,693,594500,C11H12BrNO,Cc1cc(Br)ccc1C(C#N)CCO
C11H12BrNO,0,77855,false negative,Alkane; Amide; Arene; Haloalkane,Alkane; Arene; Haloalkane,aligned_chunk_9.parquet,917,759547,C11H12BrNO,CN1C(=O)C(C)(C)c2cccc(Br)c21
C9H15N3O,0,364,correct,Alcohol; Alkane; Amine; Phenol,Alcohol; Alkane; Amine; Phenol,aligned_chunk_58.parquet,1138,646590,C9H15N3O,CCN(CC)c1nc(C)cc(O)n1
C9H15N3O,1,5010,mixed error,Alkane; Amine; Ether,Alkane; Amide; Amine,aligned_chunk_1.parquet,1825,5060,C9H15N3O,COc1ccc(NCCN)c(C)n1
C9H15N3O,0,22071,false positive,Alcohol; Alkane; Amine,Alcohol; Alkane; Amide; Amine,aligned_chunk_151.parquet,446,191849,C9H15N3O,CC(C)(CO)Nc1ccc(N)cn1
C9H15N3O,0,25361,false negative,Alkane; Amine; Ether,Amine,aligned_chunk_7.parquet,3124,690569,C9H15N3O,CN(C)CCOc1ccc(N)cn1
C9H15N3O,0,30001,false negative,Alkane; Alkyne; Amine,Alkane,aligned_chunk_180.parquet,711,296332,C9H15N3O,NC(=O)NCC#CCN1CCCC1
C9H15N3O,0,48909,false negative,Alkane; Amine; Ether,Alkane; Amine,aligned_chunk_236.parquet,2569,499034,C9H15N3O,COCCn1nc(C2CC2)cc1N
C14H9ClFNS2,1,53688,mixed error,Alkane; Arene; Haloalkane; Isothiocyanate; Sulfide,Arene; Ether; Isothiocyanate; Sulfide,aligned_chunk_209.parquet,338,399499,C14H9ClFNS2,CSc1ccc(-c2ccc(N=C=S)cc2Cl)c(F)c1
C28H30N4O2S,0,8422,mixed error,Alkane; Amide; Amine; Arene; Sulfide,Alkane; Amide; Amine; Arene; Ether,aligned_chunk_41.parquet,69,587491,C28H30N4O2S,Cc1ccc(NC(=O)c2ccnc(N3CCSCC3)c2)cc1-c1ccc(C(=O)NCC2CC2)cc1
C28H30N4O2S,1,27199,mixed error,Alkane; Amide; Amine; Arene; Imide; Sulfide,Alkane; Amide; Arene; Ether; Haloalkane; Imide; Sulfide,aligned_chunk_27.parquet,930,536181,C28H30N4O2S,Cc1ccc(-c2nc3c(nc2-c2ccc(C)cc2)N(CCCCC2SC(=O)NC2=O)CCC3)cc1
C21H25N3O2S,0,20724,false positive,Alkane; Amine; Arene; Sulfonamide,Alkane; Amide; Amine; Arene; Sulfonamide,aligned_chunk_38.parquet,781,575155,C21H25N3O2S,CCCCS(=O)(=O)NCCc1nc(-c2ccc(-c3ccccc3)cc2)c[nH]1
C21H25N3O2S,1,27485,mixed error,Alkane; Amide; Arene; Sulfide,Alkane; Alkene; Amide; Arene; Haloalkane,aligned_chunk_156.parquet,2624,210186,C21H25N3O2S,O=C(Nc1nccs1)C(CC1CCCCCC1)N1Cc2ccccc2C1=O
C21H25N3O2S,0,43962,false positive,Alcohol; Alkane; Arene; Ether; Phenol; Sulfide,Alcohol; Alkane; Arene; Ester; Ether; Ketone; Phenol; Sulfide,aligned_chunk_173.parquet,2453,272178,C21H25N3O2S,CCCCc1nnc(SCc2ccc(OC)cc2)n1Cc1ccc(O)cc1
C21H25N3O2S,0,54532,false negative,Alcohol; Alkane; Amine; Arene; Ether; Sulfide,Alcohol; Alkane; Amine; Arene; Ether,aligned_chunk_25.parquet,2012,530758,C21H25N3O2S,CCN1CCN(c2nc(-c3ccc(OCCO)cc3)cc3ccsc23)CC1
C21H25N3O2S,0,58101,mixed error,Alkane; Amine; Arene; Nitrile; Sulfonamide,Amine; Arene; Haloalkane; Nitrile; Sulfonamide,aligned_chunk_67.parquet,2489,680230,C21H25N3O2S,CC(C)S(=O)(=O)Nc1cccc(C2CC(C)(C)c3cc(C#N)ccc3N2)c1
C15H24N2O2,0,3808,correct,Alkane; Amine; Arene; Carbamate; Ether,Alkane; Amine; Arene; Carbamate; Ether,aligned_chunk_220.parquet,1078,442424,C15H24N2O2,CCN(Cc1cccc(N)c1C)C(=O)OC(C)(C)C
C15H24N2O2,1,9392,mixed error,Alcohol; Alkane; Amine; Ether,Alcohol; Alkane; Ether; Haloalkane,aligned_chunk_18.parquet,989,293329,C15H24N2O2,CCN(CC1CCCC1)c1ccc(OC)nc1CO
C15H24N2O2,0,12964,correct,Alcohol; Alkane; Amine; Arene,Alcohol; Alkane; Amine; Arene,aligned_chunk_93.parquet,1267,772914,C15H24N2O2,OCC(CO)NC1CCN(Cc2ccccc2)CC1
C15H24N2O2,0,15343,correct,Alkane; Carbamate; Ether,Alkane; Carbamate; Ether,aligned_chunk_204.parquet,147,383125,C15H24N2O2,CC(C)(C)OC(=O)N1CCC(Cc2ccc[nH]2)CC1
C15H24N2O2,0,19139,correct,Alkane; Alkene; Carbamate; Ether; Nitrile,Alkane; Alkene; Carbamate; Ether; Nitrile,aligned_chunk_208.parquet,1499,397373,C15H24N2O2,CC(C)(C)OC(=O)N1CCC(CC/C=C\C#N)CC1
C15H24N2O2,0,21548,correct,Alkane; Amine; Arene; Ether,Alkane; Amine; Arene; Ether,aligned_chunk_151.parquet,2391,193794,C15H24N2O2,COc1cc(N)ccc1OCC(C)(C)N1CCCC1
C15H24N2O2,0,27723,false positive,Alkane; Amine; Arene; Carbamate; Ether,Alkane; Amide; Amine; Arene; Carbamate; Ether,aligned_chunk_30.parquet,2227,550564,C15H24N2O2,CC(C)(C)OC(=O)NCCCCc1ccc(N)cc1
C15H24N2O2,0,37085,correct,Alkane; Amine; Arene; Carbamate; Ether,Alkane; Amine; Arene; Carbamate; Ether,aligned_chunk_143.parquet,1368,163501,C15H24N2O2,CN(Cc1ccc(CCN)cc1)C(=O)OC(C)(C)C
C15H24N2O2,0,40400,correct,Alcohol; Alkane; Arene,Alcohol; Alkane; Arene,aligned_chunk_70.parquet,1915,692571,C15H24N2O2,CC(CCO)NC(=O)Nc1ccc(C(C)(C)C)cc1
C15H24N2O2,0,48117,false positive,Alkane; Alkene; Carbamate; Ether; Nitrile,Alkane; Alkene; Carbamate; Ester; Ether; Nitrile,aligned_chunk_31.parquet,1256,552868,C15H24N2O2,CC(C)(C)OC(=O)N1CCC(CC/C=C/C#N)CC1
C15H24N2O2,0,48602,correct,Alkane; Amine; Arene; Carbamate; Ether,Alkane; Amine; Arene; Carbamate; Ether,aligned_chunk_36.parquet,287,568220,C15H24N2O2,CN(C)CCC(C)(C)NC(=O)OCc1ccccc1
C15H24N2O2,0,56807,correct,Alcohol; Alkane; Arene,Alcohol; Alkane; Arene,aligned_chunk_107.parquet,1926,34397,C15H24N2O2,C[C@@H](CCO)NC(=O)Nc1ccc(C(C)(C)C)cc1
C15H24N2O2,0,67304,mixed error,Alcohol; Alkane; Amine; Arene; Ether,Alcohol; Alkane; Amine; Arene; Haloalkane,aligned_chunk_91.parquet,482,765624,C15H24N2O2,CN1CCC[C@H]1COc1cccc([C@H](O)CCN)c1
C15H24N2O2,0,68930,correct,Alcohol; Alkane; Amine; Arene; Carboxylic acid,Alcohol; Alkane; Amine; Arene; Carboxylic acid,aligned_chunk_154.parquet,2336,203477,C15H24N2O2,CCN(CC)CCN(C)Cc1cccc(C(=O)O)c1
C15H24N2O2,0,73404,correct,Alkane; Amine; Arene; Carbamate; Ether,Alkane; Amine; Arene; Carbamate; Ether,aligned_chunk_37.parquet,1151,572300,C15H24N2O2,CN(CCC(N)c1ccccc1)C(=O)OC(C)(C)C
C26H30N2O4S,0,680,false positive,Alkane; Amine; Arene; Ester; Ether; Sulfone,Alkane; Amine; Arene; Ester; Ether; Haloalkane; Sulfone,aligned_chunk_58.parquet,1799,647251,C26H30N2O4S,Cc1ccccc1S(=O)(=O)c1ccc2c(c1C(=O)OC(C)(C)C)c1c(n2C)CC2CCC1N2
C26H30N2O4S,1,5135,mixed error,Alkane; Amine; Arene; Carbamate; Ether; Sulfonamide,Alkane; Amide; Amine; Arene; Ether; Sulfonamide,aligned_chunk_223.parquet,1316,452354,C26H30N2O4S,O=C(NC12CC3CC1CC(c1ccc(N4CCCS4(=O)=O)cc1)(C3)C2)OCc1ccccc1
C26H30N2O4S,0,48861,false positive,Alkane; Amine; Arene; Ester; Ether; Sulfone,Alkane; Amine; Arene; Ester; Ether; Sulfide; Sulfone,aligned_chunk_115.parquet,2348,64070,C26H30N2O4S,CCn1c2c(c3c(C(=O)OC(C)(C)C)c(S(=O)(=O)c4ccccc4)ccc31)C1CCC(C2)N1
C22H28N2O2S,1,50629,false positive,Alkane; Amide; Arene; Sulfide,Alkane; Amide; Amine; Arene; Sulfide,aligned_chunk_158.parquet,1940,216067,C22H28N2O2S,CCC(CC)C(=O)Nc1sc2c(c1C(=O)NCc1ccccc1)CCCC2
C15H19N5O2,0,22240,false positive,Alkane; Carbamate; Ether,Alkane; Carbamate; Ether; Haloalkane; Sulfide,aligned_chunk_112.parquet,208,52157,C15H19N5O2,CC(C)(C)OC(=O)NC1(c2ccc(-n3cncn3)cn2)CC1
C15H19N5O2,1,71258,mixed error,Alkane; Amine; Carbamate; Ether,Alkane; Amide; Amine; Ether,aligned_chunk_73.parquet,32,700386,C15H19N5O2,Cc1nc(NC(=O)OC(C)(C)C)cc(-c2ccncc2N)n1
C18H18N4O3S,1,13191,mixed error,Alkane; Amide; Amine; Arene; Nitrile; Sulfonamide,Alkane; Amine; Arene; Ether; Nitrile; Sulfonamide,aligned_chunk_0.parquet,197,197,C18H18N4O3S,C[C@H]1CN(S(=O)(=O)c2ccc(C#N)cc2)CCN1C(=O)c1ccccn1
C18H18N4O3S,0,35034,mixed error,Alkane; Arene; Ether; Sulfide,Alkane; Amine; Arene; Sulfide,aligned_chunk_152.parquet,931,195618,C18H18N4O3S,COC(OC)c1ccncc1N1CCN(c2ccc3ncsc3c2)C1=O
C18H18N4O3S,0,77879,mixed error,Alkane; Amide; Arene; Sulfone,Amide; Arene; Haloalkane; Sulfone,aligned_chunk_229.parquet,1231,471715,C18H18N4O3S,CNC(=O)c1cc(S(=O)(=O)c2ccc(C)nc2)n(-c2ccccc2C)n1
C13H13ClN2O4,0,66445,false negative,Alkane; Alkyne; Amide; Amine; Arene; Ether; Haloalkane,Alkane; Amine; Ether; Haloalkane,aligned_chunk_204.parquet,49,383027,C13H13ClN2O4,CNC(=O)COCC#Cc1cc(Cl)c(N)c2c1OCO2
C13H13ClN2O4,1,76856,mixed error,Alkane; Amine; Arene; Ester; Ether; Haloalkane,Alkane; Amine; Arene; Ester; Ether; Ketone,aligned_chunk_106.parquet,2039,31252,C13H13ClN2O4,CCOC(=O)n1c(C(=O)OC)c(N)c2ccc(Cl)cc21
C8H11N3OS,1,40,false negative,Alcohol; Alkane; Amine; Arene; Hydrazine; Thioamide,Amine; Arene; Hydrazine; Thioamide,aligned_chunk_223.parquet,900,451938,C8H11N3OS,NNC(=S)Nc1cccc(CO)c1
C23H24BrN3O4,1,35149,mixed error,Alkane; Amide; Arene; Ether; Haloalkane,Alkane; Arene; Carbamate; Ether,aligned_chunk_160.parquet,1698,225622,C23H24BrN3O4,Cc1nc(OCc2c(-c3ccccc3)noc2C)c(Br)cc1C(=O)NC1CCOCC1
C13H15ClO3,1,43682,mixed error,Alkane; Arene; Ester; Ether; Haloalkane; Ketone,Alkane; Arene; Ester; Ether; Sulfide,aligned_chunk_189.parquet,862,325661,C13H15ClO3,CCOC(=O)C(C)(C)C(=O)c1ccccc1Cl
C13H15ClO3,0,73608,mixed error,Alcohol; Alkane; Arene; Carboxylic acid; Haloalkane; Ketone,Alcohol; Alkane; Arene; Carboxylic acid; Ketone; Sulfide,aligned_chunk_23.parquet,1497,475216,C13H15ClO3,CC(C(=O)O)c1ccc(C(=O)CCCCl)cc1
C19H20N2O4,1,6520,mixed error,Alcohol; Alkane; Arene; Carboxylic acid; Ether,Alcohol; Alkane; Amide; Arene; Carboxylic acid,aligned_chunk_100.parquet,1029,10781,C19H20N2O4,Cc1ccc(NC(=O)N2CCOCC2)cc1-c1ccc(C(=O)O)cc1
C19H20N2O4,0,15678,false positive,Alcohol; Alkane; Amine; Arene; Carboxylic acid; Ether,Alcohol; Alkane; Amine; Arene; Carboxylic acid; Ether; Haloalkane; Sulfide,aligned_chunk_101.parquet,891,13859,C19H20N2O4,CNc1cccc(CCOc2ccc3c(CCC(=O)O)coc3c2)n1
C19H20N2O4,0,40688,correct,Alcohol; Alkane; Arene; Ether; Phenol,Alcohol; Alkane; Arene; Ether; Phenol,aligned_chunk_199.parquet,792,361180,C19H20N2O4,CCc1cc(-c2n[nH]cc2-c2ccc(OC)c(OC)c2)c(O)cc1O
C19H20N2O4,0,41240,false positive,Alkane; Arene; Carbamate; Ether,Alkane; Arene; Carbamate; Ether; Haloalkane,aligned_chunk_4.parquet,1300,582126,C19H20N2O4,CC(C)(C)OC(=O)NCc1ccc(-c2ccc3oc(=O)[nH]c3c2)cc1
C19H20N2O4,0,42295,correct,Alkane; Amide; Arene; Ether; Imide,Alkane; Amide; Arene; Ether; Imide,aligned_chunk_145.parquet,2737,171412,C19H20N2O4,COc1ccc(CN2C(=O)NC(C)(c3ccccc3OC)C2=O)cc1
C19H20N2O4,0,56751,false positive,Alcohol; Alkane; Ester; Ether,Alcohol; Alkane; Ester; Ether; Ketone,aligned_chunk_53.parquet,2649,632025,C19H20N2O4,CCOC(=O)Cc1cnc2oc(C(C)(O)c3ccnc(C)c3)cc2c1
C19H20N2O4,0,62870,false positive,Alkane; Arene; Ester; Ether,Alkane; Arene; Ester; Ether; Haloalkane,aligned_chunk_6.parquet,1447,653443,C19H20N2O4,COC(=O)Cn1c(Cc2cc(OC)ccc2OC)nc2ccccc21
C19H20N2O4,0,63680,correct,Alkane; Amine; Arene; Ester; Ether,Alkane; Amine; Arene; Ester; Ether,aligned_chunk_163.parquet,1462,235203,C19H20N2O4,COC(=O)Cc1ccc(OCCN(C)c2nc3ccccc3o2)cc1
C19H20N2O4,0,64239,false negative,Alcohol; Alkane; Arene; Ether,Alcohol; Alkane; Arene,aligned_chunk_233.parquet,1035,487799,C19H20N2O4,COc1cccc2nc(-c3cc(C)c(OCCO)c(C)c3)[nH]c(=O)c12
C12H12ClNO2,0,13599,false negative,Alkane; Alkene; Ester; Ether; Haloalkane,Alkane; Alkene; Ether; Haloalkane,aligned_chunk_230.parquet,841,477856,C12H12ClNO2,COC(=O)c1cc(C2C=CCC2)cnc1Cl
C12H12ClNO2,0,17156,false negative,Alkane; Arene; Ester; Ether; Haloalkane; Nitrile,Alkane; Arene; Ester; Ether; Nitrile,aligned_chunk_116.parquet,863,65825,C12H12ClNO2,CC(=O)OC(C)C(C#N)c1ccc(Cl)cc1
C12H12ClNO2,0,17582,false negative,Alcohol; Alkane; Arene; Carboxylic acid; Haloalkane,Alcohol; Arene; Carboxylic acid; Haloalkane,aligned_chunk_235.parquet,2150,495369,C12H12ClNO2,CCCc1cc(C(=O)O)c(Cl)c2cc[nH]c12
C12H12ClNO2,0,29816,false negative,Alkane; Arene; Ether; Haloalkane,Alkane; Arene,aligned_chunk_138.parquet,1844,144590,C12H12ClNO2,O=c1ccc2c(OCCCCl)cccc2[nH]1
C12H12ClNO2,0,30935,mixed error,Alkane; Arene; Ester; Ether; Haloalkane; Nitrile,Alkane; Amide; Arene; Ester; Ether; Nitrile,aligned_chunk_209.parquet,180,399341,C12H12ClNO2,CCOC(=O)CCc1ccc(C#N)cc1Cl
C12H12ClNO2,0,34543,false positive,Alkane; Arene; Haloalkane,Alkane; Amide; Arene; Haloalkane,aligned_chunk_119.parquet,3094,77718,C12H12ClNO2,CCc1oc(-c2ccc(Cl)cc2)[n+]([O-])c1C
C12H12ClNO2,0,34992,false negative,Alkane; Amine; Arene; Ester; Ether; Haloalkane,Alkane; Amine; Arene; Ether,aligned_chunk_41.parquet,1414,588836,C12H12ClNO2,O=C1OCC[C@@H]1N1CCc2c(Cl)cccc21
C12H12ClNO2,0,42509,mixed error,Alkane; Amide; Arene; Haloalkane; Imide,Alkane; Amide; Arene; Ester; Ether; Imide,aligned_chunk_61.parquet,1523,659959,C12H12ClNO2,CCCCN1C(=O)c2ccc(Cl)cc2C1=O
C12H12ClNO2,0,63448,false negative,Alkane; Amide; Arene; Haloalkane; Imide,Alkane; Amide; Arene; Haloalkane,aligned_chunk_4.parquet,1568,582394,C12H12ClNO2,O=C1CC(Cl)CCN1C(=O)c1ccccc1
C12H12ClNO2,0,76148,false positive,Alkane; Arene; Ether; Haloalkane,Alkane; Arene; Ether; Haloalkane; Sulfoxide,aligned_chunk_77.parquet,2353,715558,C12H12ClNO2,COc1ccc2[nH]c(=O)cc(CCCl)c2c1
C12H12ClNO2,1,78793,mixed error,Alkane; Arene; Ester; Ether; Haloalkane; Imine,Alkane; Amine; Arene; Ester; Ether; Sulfide,aligned_chunk_127.parquet,423,104368,C12H12ClNO2,COC(=O)[C@@H]1CCC(c2ccccc2Cl)=N1
C10H10O2S,0,2681,mixed error,Alkane; Arene; Ether; Ketone; Sulfide,Alkane; Arene; Ether; Haloalkane; Sulfide,aligned_chunk_242.parquet,1008,520055,C10H10O2S,COc1cccc2c1SCCC2=O
C10H10O2S,1,3593,mixed error,Alkane; Alkene; Ester; Ether; Sulfide,Alkane; Alkene; Amide; Arene; Ether; Haloalkane; Ketone,aligned_chunk_174.parquet,313,273271,C10H10O2S,C=CCc1sc2c(c1C)COC2=O
C10H10O2S,0,19072,false negative,Alcohol; Alkane; Alkene; Arene; Carboxylic acid; Sulfide,Alcohol; Alkene; Arene; Carboxylic acid,aligned_chunk_34.parquet,2423,563843,C10H10O2S,O=C(O)/C=C\SCc1ccccc1
C10H10O2S,0,50350,false negative,Alkane; Arene; Ether; Ketone; Sulfide,Alkane; Arene; Ketone,aligned_chunk_219.parquet,804,435680,C10H10O2S,COc1ccc2c(c1)CSCC2=O
C10H10O2S,0,64870,mixed error,Alcohol; Alkane; Alkene; Arene; Carboxylic acid; Sulfide,Alcohol; Alkene; Arene; Carboxylic acid; Haloalkane,aligned_chunk_211.parquet,2781,411628,C10H10O2S,CSc1ccc(C=CC(=O)O)cc1
C10H10O2S,0,65728,false positive,Alkane; Ketone; Sulfide,Alkane; Ester; Ether; Ketone; Sulfide,aligned_chunk_124.parquet,676,94842,C10H10O2S,O=C1CC(=O)CC(c2ccsc2)C1
C23H31NO3S,0,50342,mixed error,Alcohol; Alkane; Amine; Arene; Ether; Ketone; Sulfide,Alcohol; Alkane; Amine; Arene; Ester; Ether,aligned_chunk_88.parquet,2489,754624,C23H31NO3S,Cc1sc(C(=O)CCc2ccc(OCC(O)CN)cc2)c2c1CC(C)(C)CC2
C23H31NO3S,0,58375,false negative,Alkane; Alkene; Alkyne; Amide; Ester; Ether; Sulfide,Alkane; Alkyne; Amide; Ester; Ether; Sulfide,aligned_chunk_138.parquet,2047,144793,C23H31NO3S,COC(=O)c1sc(C#CC(C)(C)C)cc1N(C(=O)[C@@H]1CC=C(C)CC1)C(C)C
C23H31NO3S,1,61624,mixed error,Aldehyde; Alkane; Arene; Sulfone,Alkane; Amide; Arene; Haloalkane,aligned_chunk_29.parquet,2265,544086,C23H31NO3S,Cc1ccc(S(=O)(=O)C(NC=O)c2cc(C(C)(C)C)cc(C(C)(C)C)c2)cc1
C14H23NO3,0,2965,correct,Alcohol; Alkane; Ether,Alcohol; Alkane; Ether,aligned_chunk_91.parquet,2841,767983,C14H23NO3,Cc1c(OCCCCCCCO)cc[n+]([O-])c1C
C14H23NO3,1,42023,false positive,Alkane; Amide; Ester; Ether,Alkane; Amide; Ester; Ether; Ketone,aligned_chunk_184.parquet,2190,310742,C14H23NO3,CCOC(=O)CC(=O)N1CCCC2CCCCC21
C14H23NO3,0,69700,correct,Alkane; Amide; Carbamate; Ether; Imide,Alkane; Amide; Carbamate; Ether; Imide,aligned_chunk_185.parquet,1207,313027,C14H23NO3,CC(C)(C)OC(=O)N1CC2CCCCC2(C)C1=O
C14H23NO3,0,72520,false negative,Alcohol; Alkane; Ether,Alcohol; Alkane,aligned_chunk_203.parquet,89,379836,C14H23NO3,CCOC(CC(CCO)c1ccncc1)OCC
C14H23NO3,0,78327,correct,Alcohol; Alkane; Alkene; Amide; Imide,Alcohol; Alkane; Alkene; Amide; Imide,aligned_chunk_180.parquet,107,295728,C14H23NO3,O=C1C=CC(=O)N1CCCCCCCCCCO
C22H24N2O2,0,24820,mixed error,Alkane; Amide; Amine; Arene; Ketone,Alkane; Amine; Arene; Haloalkane; Ketone,aligned_chunk_212.parquet,2016,414157,C22H24N2O2,Cc1ccc(NC(=O)C2CC2)cc1Nc1ccc2c(c1)CC(C)(C)C2=O
C22H24N2O2,1,28050,mixed error,Alcohol; Alkane; Alkyne; Amine; Arene; Ether,Alcohol; Alkane; Haloalkane,aligned_chunk_87.parquet,1074,749950,C22H24N2O2,CO[C@]1(C#C[C@](O)(c2ccccc2)c2cccnc2)CN2CCC1CC2
C22H24N2O2,0,58487,false negative,Alkane; Alkene; Amine; Arene; Ester; Ether,Alkane; Amine; Arene; Ester; Ether,aligned_chunk_53.parquet,1683,631059,C22H24N2O2,Cc1[nH]c2ccc(/C=C\CN(C)C)cc2c1C(=O)OCc1ccccc1
C22H24N2O2,0,64206,false negative,Alkane; Amine; Arene; Ether,Alkane; Arene; Ether,aligned_chunk_44.parquet,1580,598533,C22H24N2O2,CO[C@@H]1CCN(c2cc(C)nc3cc(OCc4ccccc4)ccc23)C1
C22H24N2O2,0,64217,correct,Alcohol; Alkane; Amine; Arene; Phenol,Alcohol; Alkane; Amine; Arene; Phenol,aligned_chunk_84.parquet,1539,740700,C22H24N2O2,Oc1ccccc1CNCc1cccc(CNCc2ccccc2O)c1
C22H24N2O2,0,68933,false positive,Alkane; Amine; Arene; Ether,Alkane; Amine; Arene; Ether; Haloalkane; Ketone,aligned_chunk_21.parquet,387,402751,C22H24N2O2,COc1ccc(-c2cc(CNC(C)c3cccnc3)ccc2OC)cc1
C22H24N2O2,0,74752,false negative,Alkane; Amide; Arene; Ether; Nitrile,Alkane; Arene; Nitrile,aligned_chunk_2.parquet,755,364433,C22H24N2O2,Cc1cccc(OCCCC(=O)N2CCCc3c(C#N)cccc32)c1C
C17H21NO4,0,4164,mixed error,Alkane; Alkene; Amide; Arene; Ether; Ketone,Alkane; Amide; Arene; Haloalkane; Ketone,aligned_chunk_190.parquet,3165,334454,C17H21NO4,CCC(=O)C1=C(OC)C(=O)N(Cc2ccc(OC)cc2)CC1
C17H21NO4,0,5481,false negative,Alkane; Amide; Arene; Ester; Ether; Ketone,Alkane; Arene; Ester; Ether; Ketone,aligned_chunk_61.parquet,1628,660064,C17H21NO4,CC(=O)C(=O)N1Cc2ccccc2CC1C(=O)OC(C)(C)C
C17H21NO4,0,7583,false negative,Alcohol; Alkane; Amide; Arene; Ester; Ether,Alcohol; Alkane; Amide; Arene,aligned_chunk_11.parquet,791,43002,C17H21NO4,COC(=O)[C@@]12CC[C@]1(CO)CN([C@H](C)c1ccccc1)C2=O
C17H21NO4,0,17758,mixed error,Alcohol; Alkane; Alkene; Amide; Arene; Carbamate; Ether; Imide,Alcohol; Alkane; Alkene; Amide; Arene; Ester; Ether,aligned_chunk_223.parquet,377,451415,C17H21NO4,C=C[C@H](C(=O)N1C(=O)OC[C@@H]1Cc1ccccc1)[C@H](O)CC
C17H21NO4,0,18796,false positive,Alkane; Arene; Ester; Ether; Nitrile,Alkane; Arene; Ester; Ether; Ketone; Nitrile; Sulfide,aligned_chunk_223.parquet,14,451052,C17H21NO4,CCCCC(C#N)C(C)OC(=O)c1ccc(OC(C)=O)cc1
C17H21NO4,0,21053,false positive,Alkane; Amide; Arene; Ester; Ether,Alkane; Amide; Arene; Ester; Ether; Haloalkane,aligned_chunk_242.parquet,630,519677,C17H21NO4,COC(=O)c1ccc(OC2CCN(C(=O)C3CC3)CC2)cc1
C17H21NO4,0,25509,correct,Alkane; Arene; Ester; Ether; Nitrile,Alkane; Arene; Ester; Ether; Nitrile,aligned_chunk_201.parquet,2963,376259,C17H21NO4,CCOC(=O)C(C#N)CCCCc1ccc(C(=O)OC)cc1
C17H21NO4,0,26023,correct,Alkane; Arene; Ester; Ether,Alkane; Arene; Ester; Ether,aligned_chunk_211.parquet,1700,410547,C17H21NO4,CCOC(=O)CCc1c(C(=O)OCC)[nH]c2cccc(C)c12
C17H21NO4,0,38622,mixed error,Alkane; Alkene; Amine; Arene; Ester; Ether,Alkane; Amine; Arene; Ester; Ether; Haloalkane,aligned_chunk_61.parquet,1157,659593,C17H21NO4,COC(=O)C(C(=O)OC)c1ccc(N)c(C2=CCCCC2)c1
C17H21NO4,0,40065,correct,Alkane; Arene; Ester; Ether,Alkane; Arene; Ester; Ether,aligned_chunk_52.parquet,1919,628011,C17H21NO4,CCOC(=O)c1cc2cc(C(C)(C)C(=O)OCC)ccc2[nH]1
C17H21NO4,0,41915,false negative,Alkane; Amide; Arene; Ether; Imide,Alkane; Amide; Arene; Imide,aligned_chunk_76.parquet,1862,711879,C17H21NO4,COCCO[C@@H]1CC[C@@H](N2C(=O)c3ccccc3C2=O)CC1
C17H21NO4,0,44834,mixed error,Alkane; Amide; Arene; Ester; Ether; Ketone,Acyl halide; Alkane; Arene,aligned_chunk_61.parquet,1236,659672,C17H21NO4,CCCC(=O)C(=O)N1CCC[C@H]1C(=O)OCc1ccccc1
C17H21NO4,0,50251,mixed error,Alkane; Arene; Carbamate; Ester; Ether,Alkane; Amide; Arene; Ester; Ether,aligned_chunk_14.parquet,2289,151533,C17H21NO4,CCOC(=O)C1(C2CN(C(=O)OCc3ccccc3)C2)CC1
C17H21NO4,0,72062,false negative,Alkane; Amide; Arene; Ester; Ether; Ketone,Alkane; Amide; Arene; Ester; Ether,aligned_chunk_158.parquet,2052,216179,C17H21NO4,COC(=O)C(CC1CCCC1=O)NC(=O)Cc1ccccc1
C17H21NO4,1,75195,mixed error,Alcohol; Alkane; Amine; Arene; Carboxylic acid; Ester; Ether,Alcohol; Alkane; Carboxylic acid; Haloalkane; Sulfide,aligned_chunk_242.parquet,127,519174,C17H21NO4,Cc1c(CCN2CCC(C(=O)O)CC2)ccc2c1COC2=O
C28H30N4O2,0,31412,false positive,Alkane; Amine; Arene; Ether,Alkane; Amide; Amine; Arene; Ether; Sulfonamide,aligned_chunk_25.parquet,2250,530996,C28H30N4O2,CCN(CC)CCOc1ccc2[nH]c(-c3n[nH]c4ccc(OCc5ccccc5)cc34)cc2c1
C28H30N4O2,0,68934,false negative,Alkane; Amine; Arene; Ether,Alkane; Arene; Ether,aligned_chunk_178.parquet,2694,288651,C28H30N4O2,CCc1cc(NC(=O)N2CCN(c3cccc4cc5ccccc5cc34)CC2)c(OC)nc1C
C28H30N4O2,1,71330,mixed error,Alkane; Alkene; Amine; Arene; Ether,Alkane; Alkene; Amine; Arene; Sulfide,aligned_chunk_19.parquet,2246,330273,C28H30N4O2,CCc1nc2ccc3c(c2nc1CC)OC(CN1CC=C(c2c[nH]c4ccccc24)CC1)CO3
C11H12BrClO,1,49205,false positive,Alkane; Arene; Haloalkane; Ketone,Alkane; Arene; Haloalkane; Ketone; Sulfide,aligned_chunk_242.parquet,685,519732,C11H12BrClO,CC(C)(C(=O)CBr)c1ccc(Cl)cc1
C25H24N4O3,1,32902,mixed error,Alkane; Amide; Arene,Amide; Arene; Haloalkane,aligned_chunk_113.parquet,3102,58304,C25H24N4O3,O=C(C1CC1)N1CC[C@@H](Cc2n[nH]c(=O)n2-c2ccc(-c3ccc4occc4c3)cc2)C1
C25H24N4O3,0,40355,false positive,Alkane; Amide; Arene,Alkane; Amide; Arene; Ester; Ether; Haloalkane,aligned_chunk_8.parquet,2318,725253,C25H24N4O3,Cc1ccc(NC(=O)c2ccoc2)cc1-c1ccc(C(=O)NCCCn2ccnc2)cc1
C25H24N4O3,0,63206,correct,Alkane; Alkene; Amide; Amine; Arene; Ether,Alkane; Alkene; Amide; Amine; Arene; Ether,aligned_chunk_87.parquet,89,748965,C25H24N4O3,Cc1c(CN(C)C(=O)/C=C/c2cnc(N)c(OCc3ccccn3)c2)oc2ccccc12
C25H24N4O3,0,69598,mixed error,Alkane; Amide; Amine; Arene; Ester; Ether,Alkane; Amide; Amine; Arene; Ether; Haloalkane,aligned_chunk_62.parquet,2973,664655,C25H24N4O3,CCOC(=O)CC(c1ccccc1)n1cnc2ccc(NC(=O)c3cccc(N)c3)cc21
C25H24N4O3,0,75324,correct,Alkane; Arene; Carbamate; Ether,Alkane; Arene; Carbamate; Ether,aligned_chunk_56.parquet,1840,640884,C25H24N4O3,O=C(NCc1ccncc1)N1CCN2C(=O)OC(c3ccccc3)(c3ccccc3)C2C1
C18H14N4OS,0,41044,false negative,Alcohol; Alkane; Amine; Arene; Nitrile; Sulfide,Alcohol; Amine; Arene; Sulfide,aligned_chunk_154.parquet,538,201679,C18H14N4OS,Cc1c(Nc2c(C#N)cnc3scc(CO)c23)ccc2[nH]ccc12
C18H14N4OS,1,56226,mixed error,Alkane; Amine; Arene; Ether; Isothiocyanate,Alkene; Amide; Amine; Arene; Enamine; Imide; Isothiocyanate,aligned_chunk_29.parquet,432,542253,C18H14N4OS,CNc1nccc(-c2ccccc2Oc2ccc(N=C=S)cc2)n1
C16H24N2O4,1,39089,false positive,Alcohol; Alkane; Carbamate; Ether; Phenol,Alcohol; Alkane; Amide; Arene; Carbamate; Ether; Nitrile; Phenol,aligned_chunk_126.parquet,1423,102082,C16H24N2O4,C[C@@H]1CC[C@@H](Oc2cc(O)ccn2)CN1C(=O)OC(C)(C)C
C16H24N2O4,0,55016,correct,Alkane; Amine; Arene; Carbamate; Ester; Ether,Alkane; Amine; Arene; Carbamate; Ester; Ether,aligned_chunk_181.parquet,1629,300516,C16H24N2O4,CCOC(=O)[C@H](N)CCCCNC(=O)OCc1ccccc1
C16H24N2O4,0,63983,false negative,Alkane; Amide; Amine; Arene; Ester; Ether,Alkane; Amide; Arene; Ester; Ether,aligned_chunk_0.parquet,1939,1939,C16H24N2O4,CCOC(=O)CCCCCOc1cccc(N)c1NC(C)=O
C26H38O5,0,41469,correct,Alcohol; Alkane; Arene; Ester; Ether; Phenol,Alcohol; Alkane; Arene; Ester; Ether; Phenol,aligned_chunk_45.parquet,2620,602739,C26H38O5,CCCCCCCCCCCCCCCC(=O)Oc1cc(O)c2c(=O)cc(C)oc2c1
C26H38O5,0,67117,false negative,Alcohol; Alkane; Alkene; Ester; Ether,Alkane; Alkene; Ester; Ether,aligned_chunk_105.parquet,2591,28546,C26H38O5,CC(=O)O[C@@H]1CC2=CC[C@@H]3[C@H](CC[C@]4(C)C([C@H](C)CO)=CC[C@@H]34)[C@@]2(C)[C@@H](OC(C)=O)C1
C26H38O5,1,71342,mixed error,Alkane; Arene; Ester; Ether,Alkane; Ester; Ether; Ketone,aligned_chunk_104.parquet,2288,24999,C26H38O5,CCCCCCC(C)(C)c1cc(OC(C)=O)c2c(c1)OC(C)(C)[C@@H]1CCC(=O)OC[C@@H]21
C17H14F3N3O2,1,22978,correct,Alcohol; Alkane; Arene; Carboxylic acid; Haloalkane,Alcohol; Alkane; Arene; Carboxylic acid; Haloalkane,aligned_chunk_118.parquet,2005,73390,C17H14F3N3O2,Cc1nc2c(C(=O)O)cnn2c(C)c1Cc1cccc(C(F)(F)F)c1
C13H14ClN3O2S,1,53444,mixed error,Alkane; Amine; Arene; Haloalkane; Sulfone,Alkene; Amide; Arene; Sulfonamide; Sulfone,aligned_chunk_71.parquet,2759,696654,C13H14ClN3O2S,CC(C)S(=O)(=O)c1ccccc1Nc1ccnc(Cl)n1
C20H19N3O,0,7910,correct,Alkane; Amide; Arene,Alkane; Amide; Arene,aligned_chunk_34.parquet,2193,563613,C20H19N3O,O=C(c1nc(-c2ccccc2)nc2ccccc12)N1CCCCC1
C20H19N3O,0,12733,false negative,Alkane; Alkene; Amide; Arene,Alkane; Amide; Arene,aligned_chunk_115.parquet,399,62121,C20H19N3O,CC(=O)N1c2c(ccn3c(C)c(C)nc23)C=CC1c1ccccc1
C20H19N3O,0,19332,correct,Alkane; Ether,Alkane; Ether,aligned_chunk_205.parquet,1904,388125,C20H19N3O,c1ccc(COc2cc(-c3cccnc3)c3c(n2)CCCC3)nc1
C20H19N3O,1,48359,false positive,Alkane; Amide; Arene,Alkane; Amide; Arene; Haloalkane; Sulfide,aligned_chunk_122.parquet,2912,90573,C20H19N3O,O=C(c1ccc2[nH]cnc2c1)N1CCC[C@@H]2c3ccccc3C[C@@H]21
C20H19N3O,0,65207,false negative,Alkane; Amide; Arene; Hydrazone; Imine,Alkane; Amide; Arene; Hydrazone,aligned_chunk_1.parquet,2463,5698,C20H19N3O,CC1(C)C(c2ccccc2)=Nc2ccc(C3=NNC(=O)CC3)cc21
C23H19N3O3,0,972,false positive,Alkane; Arene; Ester; Ether,Alkane; Arene; Ester; Ether; Haloalkane,aligned_chunk_6.parquet,1142,653138,C23H19N3O3,COC(=O)Cc1cccc(-n2c(=O)c(Cc3ccccc3)nc3cccnc32)c1
C23H19N3O3,0,24227,false positive,Alcohol; Alkane; Arene; Ether; Phenol,Alcohol; Alkane; Amine; Arene; Ether; Phenol,aligned_chunk_204.parquet,2851,385829,C23H19N3O3,COc1ccc(-c2nc(-c3ccc(OC)cc3)nc(-c3ccccc3O)n2)cc1
C23H19N3O3,1,24477,mixed error,Alkane; Amine; Arene; Ester; Ether,Alkane; Amide; Arene; Ether; Haloalkane,aligned_chunk_239.parquet,1417,507503,C23H19N3O3,COC(=O)c1cc(OCc2ccccc2)c2cccc(Nc3ccccn3)c2n1
C23H19N3O3,0,40790,false positive,Alkane; Alkene; Arene; Ester; Ether,Alkane; Alkene; Arene; Ester; Ether; Imine,aligned_chunk_49.parquet,120,613195,C23H19N3O3,Cn1c(/C=C/COC(=O)c2ccccc2)cc2ncnc(Oc3ccccc3)c21
C23H19N3O3,0,46998,false negative,Alkane; Alkene; Amide; Arene; Ether; Imide,Alkane; Alkene; Amide; Arene; Imide,aligned_chunk_9.parquet,1031,759661,C23H19N3O3,CCOc1ccc2c(C3=C(c4cccc5ccn(C)c45)C(=O)NC3=O)c[nH]c2c1
C18H16N6O,0,49392,correct,Alkane; Amide; Arene,Alkane; Amide; Arene,aligned_chunk_237.parquet,2390,502032,C18H16N6O,CC(=O)Nc1n[nH]c2ccc(-c3cn(Cc4ccccc4)nn3)cc12
C18H16N6O,1,59270,mixed error,Alkane; Alkene; Amine; Arene; Ether,Alkane; Amine; Arene; Haloalkane; Sulfide,aligned_chunk_64.parquet,2911,670960,C18H16N6O,C1=C(c2cc3c(Nc4ccc5[nH]ncc5c4)ncnc3[nH]2)CCOC1
C18H16N6O,0,71500,false positive,Alkane; Amine,Alkane; Amine; Arene,aligned_chunk_243.parquet,1476,523785,C18H16N6O,Cc1ccnc2cc(C(C)Nc3ncnc4cccnc34)[nH]c(=O)c12
C8H8ClNO,0,1929,correct,Alkane; Amine; Arene; Ether; Haloalkane,Alkane; Amine; Arene; Ether; Haloalkane,aligned_chunk_137.parquet,2591,142114,C8H8ClNO,Clc1ccc2c(c1)NCCO2
C8H8ClNO,0,6345,false negative,Alkane; Arene; Haloalkane,Arene,aligned_chunk_75.parquet,2454,709249,C8H8ClNO,O=CN(CCl)c1ccccc1
C8H8ClNO,0,22072,false positive,Alkane; Arene,Acyl halide; Alkane; Arene,aligned_chunk_98.parquet,14,787896,C8H8ClNO,Cc1ccccc1C=NOCl
C8H8ClNO,0,25417,mixed error,Alkane; Amide; Arene; Haloalkane,Amide; Arene; Haloalkane; Imine,aligned_chunk_69.parquet,196,684423,C8H8ClNO,CNC(=O)c1ccccc1Cl
C8H8ClNO,0,37503,mixed error,Alkane; Amide; Arene; Haloalkane,Alkene; Amide; Arene,aligned_chunk_212.parquet,2530,414671,C8H8ClNO,NC(=O)c1ccccc1CCl
C8H8ClNO,1,67290,mixed error,Alkane; Alkene; Ketone,Haloalkane,aligned_chunk_187.parquet,674,319021,C8H8ClNO,CC1=CC(=O)C=C(C)C1=NCl
C9H10O4,0,5599,false positive,Alcohol; Alkane; Arene; Ester; Ether; Phenol,Alcohol; Alkane; Arene; Ester; Ether; Haloalkane; Phenol,aligned_chunk_214.parquet,2102,420745,C9H10O4,COC(=O)Cc1cc(O)cc(O)c1
C9H10O4,0,9928,correct,Alcohol; Alkane; Arene; Ether; Phenol,Alcohol; Alkane; Arene; Ether; Phenol,aligned_chunk_37.parquet,930,572079,C9H10O4,OCC1COc2cccc(O)c2O1
C9H10O4,0,13958,false positive,Alcohol; Aldehyde; Alkane; Arene; Ether; Phenol,Alcohol; Aldehyde; Alkane; Alkene; Arene; Ether; Phenol,aligned_chunk_86.parquet,660,746300,C9H10O4,COc1cc(C=O)cc(OC)c1O
C9H10O4,0,17206,false positive,Aldehyde; Alkane; Ether,Aldehyde; Alkane; Ether; Ketone,aligned_chunk_130.parquet,1451,118377,C9H10O4,O=CCc1ccc(C2OCCO2)o1
C9H10O4,1,39189,mixed error,Alcohol; Alkane; Arene; Carboxylic acid; Ether,Alcohol; Arene; Carboxylic acid; Haloalkane,aligned_chunk_166.parquet,8,243568,C9H10O4,COc1cc(CO)cc(C(=O)O)c1
C9H10O4,0,44208,false negative,Alcohol; Alkane; Arene; Carboxylic acid; Ether,Alcohol; Arene; Carboxylic acid; Ether,aligned_chunk_153.parquet,3008,200889,C9H10O4,COCOc1ccc(C(=O)O)cc1
C9H10O4,0,45848,false negative,Alcohol; Alkane; Arene; Carboxylic acid; Phenol,Alcohol; Arene; Carboxylic acid; Phenol,aligned_chunk_8.parquet,1493,724428,C9H10O4,CC(C(=O)O)c1ccc(O)c(O)c1
C9H10O4,0,46537,correct,Alcohol; Aldehyde; Alkane; Arene; Ether; Phenol,Alcohol; Aldehyde; Alkane; Arene; Ether; Phenol,aligned_chunk_149.parquet,2105,183869,C9H10O4,CCOc1cc(C=O)cc(O)c1O
C9H10O4,0,47260,correct,Alcohol; Alkane; Arene; Ester; Ether; Phenol,Alcohol; Alkane; Arene; Ester; Ether; Phenol,aligned_chunk_232.parquet,912,484404,C9H10O4,CCOC(=O)c1cccc(O)c1O
C9H10O4,0,54650,false negative,Alcohol; Alkane; Arene; Carboxylic acid; Ether; Phenol,Alcohol; Arene; Carboxylic acid; Phenol,aligned_chunk_113.parquet,2721,57923,C9H10O4,C[C@@H](Oc1ccc(O)cc1)C(=O)O
C9H10O4,0,64671,false negative,Alkane; Ester; Ether,Alkane,aligned_chunk_13.parquet,981,114664,C9H10O4,CCC(=O)Oc1coc(C)cc1=O
C9H10O4,0,76051,correct,Alcohol; Alkane; Arene; Ester; Ether; Phenol,Alcohol; Alkane; Arene; Ester; Ether; Phenol,aligned_chunk_67.parquet,1060,678801,C9H10O4,COC(=O)Cc1ccc(O)c(O)c1
C12H10F3N3O2,1,37798,false negative,Alkane; Amide; Arene; Ether; Haloalkane,Alkane,aligned_chunk_25.parquet,935,529681,C12H10F3N3O2,CC(=O)Nc1nc(-c2ccc(OC(F)(F)F)cc2)c[nH]1
C17H26N2O2,1,4677,mixed error,Alkane; Carbamate,Alkane; Amide,aligned_chunk_107.parquet,137,32608,C17H26N2O2,O=C(NC1CCCCC1)ON=C1C2CC3CC(C2)CC1C3
C17H26N2O2,0,5499,correct,Alkane; Amine; Arene; Ether,Alkane; Amine; Arene; Ether,aligned_chunk_172.parquet,1978,268369,C17H26N2O2,COc1ccc([C@]23CC[C@H](N)C[C@H]2N(C)CC3)cc1OC
C17H26N2O2,0,12223,false negative,Alcohol; Alkane; Amine; Arene; Ether; Phenol,Alcohol; Alkane; Amine; Arene; Phenol,aligned_chunk_123.parquet,3104,94038,C17H26N2O2,CN1CCN(CC2(c3ccc(O)cc3)CCOCC2)CC1
C17H26N2O2,0,15689,correct,Alkane; Amine; Arene; Carbamate; Ether,Alkane; Amine; Arene; Carbamate; Ether,aligned_chunk_57.parquet,1534,643783,C17H26N2O2,CC(C)(C)OC(=O)N1CCC(CN)(c2ccccc2)CC1
C17H26N2O2,0,26132,correct,Alkane; Amine; Arene; Carbamate; Ether,Alkane; Amine; Arene; Carbamate; Ether,aligned_chunk_204.parquet,1394,384372,C17H26N2O2,CCOC(=O)N1CCN(CCCCc2ccccc2)CC1
C17H26N2O2,0,27297,false positive,Alkane; Amine; Arene; Carbamate; Ether,Alkane; Amine; Arene; Carbamate; Ether; Haloalkane,aligned_chunk_220.parquet,769,442115,C17H26N2O2,CC(C)(C)OC(=O)N[C@@H]1CNCC(Cc2ccccc2)C1
C17H26N2O2,0,43704,correct,Alkane; Amine; Arene; Ether,Alkane; Amine; Arene; Ether,aligned_chunk_140.parquet,938,153421,C17H26N2O2,COc1ccc([C@@]23CC[C@@H](N)C[C@@H]2CN(C)C3)cc1OC
C17H26N2O2,0,45187,correct,Alkane; Amide; Amine; Arene; Ether,Alkane; Amide; Amine; Arene; Ether,aligned_chunk_187.parquet,2005,320352,C17H26N2O2,CC(C)(C)c1ccc(NC(=O)CCN2CCOCC2)cc1
C17H26N2O2,0,46287,correct,Alkane; Amine; Arene; Carbamate; Ether,Alkane; Amine; Arene; Carbamate; Ether,aligned_chunk_222.parquet,289,448086,C17H26N2O2,CC(C)(C)OC(=O)N1CCC(C)(c2ccc(N)cc2)CC1
C17H26N2O2,0,49625,false positive,Alkane; Amine; Arene; Carbamate; Ether,Alkane; Amine; Arene; Carbamate; Ether; Haloalkane,aligned_chunk_205.parquet,235,386456,C17H26N2O2,Cc1ccc(NC2CCN(C(=O)OC(C)(C)C)CC2)cc1
C17H26N2O2,0,50219,correct,Alkane; Amine; Arene; Carbamate; Ether,Alkane; Amine; Arene; Carbamate; Ether,aligned_chunk_217.parquet,1368,429765,C17H26N2O2,CC(C)(C)OC(=O)N1CCC(Cc2cccc(N)c2)CC1
C17H26N2O2,0,62863,correct,Alkane; Amine; Arene; Carbamate; Ether,Alkane; Amine; Arene; Carbamate; Ether,aligned_chunk_22.parquet,167,438273,C17H26N2O2,CC(C)(C)OC(=O)N1CCC[C@H](CNc2ccccc2)C1
C17H26N2O2,0,63233,correct,Alkane; Amine; Arene; Carbamate; Ether,Alkane; Amine; Arene; Carbamate; Ether,aligned_chunk_183.parquet,993,306325,C17H26N2O2,CN(C(=O)OC(C)(C)C)[C@@H]1CCN(Cc2ccccc2)C1
C17H26N2O2,0,70674,false negative,Alcohol; Alkane; Amine; Ether,Alcohol; Alkane; Amine,aligned_chunk_78.parquet,828,717309,C17H26N2O2,COCc1ccc(N2CCC([C@H]3C[C@H]3CCO)CC2)nc1
C13H18N2O,0,2322,false negative,Alkane; Amine; Arene; Ether,Alkane; Amine; Arene,aligned_chunk_216.parquet,3162,428313,C13H18N2O,c1ccc(CN2CC3NCCOC3C2)cc1
C13H18N2O,0,4089,false negative,Alkane; Amine; Ether,Alkane; Amine,aligned_chunk_223.parquet,2884,453922,C13H18N2O,c1cncc(OCC[C@@H]2C[C@H]3C[C@H]3CN2)c1
C13H18N2O,1,15707,mixed error,Alkane; Amine; Arene; Ether,Amine; Arene; Haloalkane,aligned_chunk_54.parquet,1770,634360,C13H18N2O,COc1ccc2[nH]cc(CC(C)(C)N)c2c1
C13H18N2O,0,34701,correct,Alkane; Alkene; Amide,Alkane; Alkene; Amide,aligned_chunk_109.parquet,2235,41194,C13H18N2O,C=CC(=O)NC(C)CCCc1cccnc1
C13H18N2O,0,46421,false positive,Alkane; Amine; Arene; Ketone,Alkane; Amine; Arene; Ether; Ketone,aligned_chunk_222.parquet,2812,450609,C13H18N2O,CC(=O)c1cccc(N2CCN(C)CC2)c1
C13H18N2O,0,60704,correct,Alcohol; Alkane; Amine; Arene; Phenol,Alcohol; Alkane; Amine; Arene; Phenol,aligned_chunk_214.parquet,3216,421859,C13H18N2O,CN1CCC2CC1N(C)c1ccc(O)cc12
C13H18N2O,0,62716,false negative,Alkane; Alkene; Amine; Arene; Ether,Alkane; Alkene; Amine; Arene,aligned_chunk_115.parquet,99,61821,C13H18N2O,Nc1ccc(/C=C/CN2CCOCC2)cc1
C13H18N2O,0,64832,false positive,Alkane; Amine; Ketone,Alkane; Amine; Arene; Ether; Haloalkane; Ketone,aligned_chunk_105.parquet,1207,27162,C13H18N2O,Cc1ccc(C(=O)C2CCN(C)CC2)nc1
C13H18N2O,0,65590,correct,Alkane; Amide; Amine; Arene,Alkane; Amide; Amine; Arene,aligned_chunk_183.parquet,1636,306968,C13H18N2O,CCC1CCCN1C(=O)c1ccc(N)cc1
C13H18N2O,0,65640,correct,Alkane; Amide; Arene; Hydrazone,Alkane; Amide; Arene; Hydrazone,aligned_chunk_11.parquet,2557,44768,C13H18N2O,CC(CC(C)C)=NNC(=O)c1ccccc1
C13H18N2O,0,66672,correct,Alkane; Amide; Amine; Arene,Alkane; Amide; Amine; Arene,aligned_chunk_109.parquet,2290,41249,C13H18N2O,CN1C(=O)[C@H](N)CCC[C@@H]1c1ccccc1
C13H18N2O,0,69582,correct,Alkane; Amine; Arene; Ether; Nitrile,Alkane; Amine; Arene; Ether; Nitrile,aligned_chunk_122.parquet,1434,89095,C13H18N2O,CCC(CC)COc1cccc(N)c1C#N
C13H18N2O,0,71435,false positive,Alcohol; Alkane; Arene,Alcohol; Alkane; Alkene; Arene,aligned_chunk_47.parquet,2778,609427,C13H18N2O,CCC(O)(CC)c1ccc2nc(C)[nH]c2c1
C13H18N2O,0,74754,false positive,Alkane; Amide,Alkane; Amide; Haloalkane,aligned_chunk_190.parquet,1450,332739,C13H18N2O,O=C1CCCCC(CCc2ccccn2)N1
C9H8BrNO,0,10498,false negative,Alkane; Amide; Arene; Haloalkane,Alkane; Amide; Arene,aligned_chunk_23.parquet,468,474187,C9H8BrNO,Cc1c(Br)ccc2c1CC(=O)N2
C9H8BrNO,0,10928,false negative,Alcohol; Alkane; Arene; Haloalkane; Nitrile,Alcohol; Arene; Haloalkane; Nitrile,aligned_chunk_160.parquet,436,224360,C9H8BrNO,CC(O)c1ccc(Br)c(C#N)c1
C9H8BrNO,0,13635,false negative,Alkane; Arene; Haloalkane; Isocyanate,Arene; Haloalkane; Isocyanate,aligned_chunk_210.parquet,2268,407873,C9H8BrNO,C[C@H](N=C=O)c1ccc(Br)cc1
C9H8BrNO,0,22651,false negative,Alkane; Amine; Arene; Haloalkane; Ketone,Alkane; Amine; Arene; Ketone,aligned_chunk_37.parquet,1143,572292,C9H8BrNO,Nc1cc2c(cc1Br)C(=O)CC2
C9H8BrNO,0,29793,false negative,Alkane; Arene; Ether; Haloalkane; Nitrile,Alkane; Arene; Haloalkane; Nitrile,aligned_chunk_46.parquet,3190,606578,C9H8BrNO,COc1ccc(Br)cc1CC#N
C9H8BrNO,1,47241,mixed error,Alcohol; Alkane; Arene; Haloalkane,Alcohol; Arene; Carboxylic acid; Haloalkane; Sulfide,aligned_chunk_149.parquet,509,182273,C9H8BrNO,OC1=NCCc2cc(Br)ccc21
C9H8BrNO,0,57257,false negative,Alkane; Arene; Ether; Haloalkane; Nitrile,Alkane; Arene; Haloalkane; Nitrile,aligned_chunk_153.parquet,1505,199386,C9H8BrNO,COc1ccc(Br)c(C)c1C#N
C9H8BrNO,0,59478,false positive,Alkane; Amide; Arene; Haloalkane,Alkane; Amide; Arene; Ether; Haloalkane,aligned_chunk_153.parquet,2897,200778,C9H8BrNO,Cc1c(Br)ccc2c1NC(=O)C2
C9H8BrNO,0,61054,false negative,Alkane; Amide; Arene; Haloalkane,Amide; Arene; Haloalkane,aligned_chunk_61.parquet,756,659192,C9H8BrNO,CN1Cc2cc(Br)ccc2C1=O
C20H15ClN4O,0,35305,false negative,Alcohol; Amine; Arene; Haloalkane; Phenol,Alcohol; Amine; Arene; Haloalkane,aligned_chunk_3.parquet,1692,546803,C20H15ClN4O,Oc1c(C(Nc2ccc(Cl)cn2)c2ccccn2)ccc2cccnc12
C20H15ClN4O,1,50137,mixed error,Arene; Haloalkane,Arene; Sulfide,aligned_chunk_198.parquet,1841,359015,C20H15ClN4O,O=C(Nc1ccccc1)Nc1n[nH]c2cc(Cl)c(-c3ccccc3)cc12
C14H21NO2,0,2082,correct,Alkane; Amine; Arene; Ester; Ether,Alkane; Amine; Arene; Ester; Ether,aligned_chunk_106.parquet,2601,31814,C14H21NO2,CC(C)(C)OC(=O)C[C@H](N)Cc1ccccc1
C14H21NO2,0,2808,correct,Alkane; Arene; Carbamate; Ether,Alkane; Arene; Carbamate; Ether,aligned_chunk_127.parquet,1757,105702,C14H21NO2,C[C@@H](CNC(=O)OC(C)(C)C)c1ccccc1
C14H21NO2,0,2894,correct,Alkane; Amine; Arene; Ester; Ether,Alkane; Amine; Arene; Ester; Ether,aligned_chunk_25.parquet,794,529540,C14H21NO2,CCOC(=O)CN(CC)c1c(C)cccc1C
C14H21NO2,0,7484,correct,Alkane; Amine; Arene; Ether,Alkane; Amine; Arene; Ether,aligned_chunk_118.parquet,1837,73222,C14H21NO2,COCN1CCC(c2ccc(OC)cc2)CC1
C14H21NO2,0,8777,correct,Alkane; Amine; Arene; Ether; Ketone,Alkane; Amine; Arene; Ether; Ketone,aligned_chunk_194.parquet,3203,347470,C14H21NO2,CC(=O)c1ccc(OCCNC(C)(C)C)cc1
C14H21NO2,0,9003,false positive,Alkane; Ester; Ether,Alkane; Ester; Ether; Haloalkane,aligned_chunk_57.parquet,538,642787,C14H21NO2,CCc1cc(C(=O)OC(C)(C)C)cc(CC)n1
C14H21NO2,1,15767,mixed error,Alcohol; Alkane; Amine; Arene; Ether,Alcohol; Alkane; Alkene; Arene; Phenol,aligned_chunk_153.parquet,2992,200873,C14H21NO2,COc1cccc([C@H](O)C[C@@H]2CCCN2C)c1
C14H21NO2,0,17722,correct,Alkane; Amine; Arene; Ester; Ether,Alkane; Amine; Arene; Ester; Ether,aligned_chunk_112.parquet,602,52551,C14H21NO2,CC(C)(C)OC(=O)[C@@H](N)CCc1ccccc1
C14H21NO2,0,19076,false negative,Alkane; Amine; Arene; Ether,Alkane; Amine; Arene,aligned_chunk_224.parquet,1724,455993,C14H21NO2,COc1ccc(C(C)N)cc1OC1CCCC1
C14H21NO2,0,24609,correct,Alkane; Amine; Arene; Ester; Ether,Alkane; Amine; Arene; Ester; Ether,aligned_chunk_170.parquet,1613,261487,C14H21NO2,CC(CC(=O)OC(C)(C)C)Nc1ccccc1
C14H21NO2,0,27753,mixed error,Alkane; Alkene; Amide; Ether,Alkane; Alkene; Amide; Enamine,aligned_chunk_94.parquet,1694,776611,C14H21NO2,C=CCC1(CC=C)C[C@@H]2COC(C)(C)N2C1=O
C14H21NO2,0,32993,correct,Alkane; Amine; Arene; Ether,Alkane; Amine; Arene; Ether,aligned_chunk_140.parquet,292,152775,C14H21NO2,COc1ccc(C2(CN)CCCC2)cc1OC
C14H21NO2,0,36211,correct,Alkane; Amine; Arene; Ester; Ether,Alkane; Amine; Arene; Ester; Ether,aligned_chunk_131.parquet,2426,122590,C14H21NO2,CC(C)NC(C)CCOC(=O)c1ccccc1
C14H21NO2,0,45352,mixed error,Alkane; Amine; Arene; Ether,Alkane; Amine; Ether; Haloalkane,aligned_chunk_55.parquet,2771,638598,C14H21NO2,CCCCC[C@@H](CN)c1cccc2c1OCO2
C14H21NO2,0,49870,correct,Alkane; Amine; Arene; Ester; Ether,Alkane; Amine; Arene; Ester; Ether,aligned_chunk_6.parquet,1924,653920,C14H21NO2,CCOC(=O)CCCN(CC)c1ccccc1
C14H21NO2,0,54772,correct,Alkane; Amine; Arene; Ester; Ether,Alkane; Amine; Arene; Ester; Ether,aligned_chunk_242.parquet,1227,520274,C14H21NO2,CN(C)CCCCC(=O)OCc1ccccc1
C14H21NO2,0,56993,correct,Alkane; Arene; Carbamate; Ether,Alkane; Arene; Carbamate; Ether,aligned_chunk_219.parquet,619,435495,C14H21NO2,CCCCCCCc1ccc(OC(N)=O)cc1
C14H21NO2,0,57523,mixed error,Alcohol; Alkane; Amine; Arene; Carboxylic acid,Alcohol; Amine; Arene; Carboxylic acid; Sulfide,aligned_chunk_7.parquet,2996,690441,C14H21NO2,CCCCCc1cccc(C[C@H](N)C(=O)O)c1
C14H21NO2,0,59796,false negative,Alcohol; Alkane; Amine; Arene; Ether,Alcohol; Alkane; Amine; Arene,aligned_chunk_142.parquet,1084,159953,C14H21NO2,NCC1(O)CCC(COc2ccccc2)CC1
C14H21NO2,0,67338,false negative,Alkane; Alkyne; Ether; Nitrile,Alkane; Ether; Nitrile,aligned_chunk_25.parquet,396,529142,C14H21NO2,CCC(C#N)CCC#CCOC1CCCCO1
C14H21NO2,0,70437,correct,Alkane; Arene; Carbamate; Ether,Alkane; Arene; Carbamate; Ether,aligned_chunk_228.parquet,2182,469466,C14H21NO2,CN(CCc1ccccc1)C(=O)OC(C)(C)C
C14H21NO2,0,71712,false positive,Alkane; Ester; Ether,Alkane; Ester; Ether; Haloalkane,aligned_chunk_217.parquet,508,428905,C14H21NO2,Cc1cc(C(=O)OC(C)C)ncc1CC(C)C
C14H21NO2,0,74042,correct,Alkane; Amine; Arene; Ether,Alkane; Amine; Arene; Ether,aligned_chunk_119.parquet,2423,77047,C14H21NO2,CCC1(c2cccc(OC)c2)CN(C)CCO1
C14H21NO2,0,77810,false positive,Alkane; Amide; Arene; Ether,Alkane; Amide; Arene; Ether; Thioamide,aligned_chunk_66.parquet,945,675486,C14H21NO2,CNC(=O)Cc1ccc(C(C)(C)C)cc1OC
C14H21NO2,0,78714,correct,Alkane; Amine; Arene; Ester; Ether,Alkane; Amine; Arene; Ester; Ether,aligned_chunk_130.parquet,394,117320,C14H21NO2,CCC(CCCN)(C(=O)OC)c1ccccc1
C8H5NO2S,1,1332,mixed error,Alcohol; Carboxylic acid; Sulfide,Alcohol; Carboxylic acid; Haloalkane,aligned_chunk_63.parquet,124,665030,C8H5NO2S,O=C(O)c1cc2ccsc2cn1
C8H5NO2S,0,3362,mixed error,Alcohol; Carboxylic acid; Sulfide,Alcohol; Carboxylic acid; Haloalkane,aligned_chunk_38.parquet,1703,576077,C8H5NO2S,O=C(O)c1ccc2sccc2n1
C17H8F6O3S,1,64633,correct,Arene; Haloalkane; Sulfonate,Arene; Haloalkane; Sulfonate,aligned_chunk_32.parquet,769,555609,C17H8F6O3S,O=S(=O)(Oc1ccc2cc(-c3cc(F)c(F)c(F)c3)ccc2c1)C(F)(F)F
C18H19N5O2S,1,10355,false positive,Alkane; Ether; Sulfide,Alkane; Amine; Ether; Sulfide,aligned_chunk_140.parquet,3097,155580,C18H19N5O2S,CCOc1cc(-c2nc(NC(=O)Nc3cccc(CC)n3)cs2)ccn1
C15H26N2O2,0,28167,false positive,Alcohol; Alkane; Amine; Arene,Alcohol; Alkane; Amine; Arene; Ether,aligned_chunk_66.parquet,1901,676442,C15H26N2O2,CCC(CC)ONC[C@@H](O)[C@@H](N)Cc1ccccc1
C15H26N2O2,0,57040,false negative,Alkane; Amine; Arene; Ether,Alkane; Amine; Arene,aligned_chunk_110.parquet,2440,47921,C15H26N2O2,COc1cc(N)ccc1OCCN(C(C)C)C(C)C
C15H26N2O2,1,75241,mixed error,Alkane; Alkene; Amine; Ester; Ether; Hydrazone,Alkane; Amine; Carbamate; Ether; Haloalkane,aligned_chunk_84.parquet,1148,740309,C15H26N2O2,CCOC(=O)C(C=C1CCCC1)=NNCCC(C)C
C10H15NO2,0,2043,false positive,Alcohol; Alkane; Amine; Arene,Alcohol; Alkane; Amine; Arene; Haloalkane,aligned_chunk_154.parquet,2167,203308,C10H15NO2,NC(CO)(CO)Cc1ccccc1
C10H15NO2,0,7287,correct,Alkane; Amide; Imide,Alkane; Amide; Imide,aligned_chunk_93.parquet,709,772356,C10H15NO2,CC12CCC(C(=O)NC1=O)C2(C)C
C10H15NO2,0,8145,correct,Alkane; Amide; Ketone,Alkane; Amide; Ketone,aligned_chunk_182.parquet,2291,304387,C10H15NO2,CN1C(=O)CCC12CCC(=O)CC2
C10H15NO2,0,9173,mixed error,Alcohol; Alkane; Ether,Alcohol; Alkane; Haloalkane,aligned_chunk_222.parquet,1400,449197,C10H15NO2,COCCCc1ccncc1CO
C10H15NO2,0,21570,false positive,Alcohol; Alkane; Amine,Alcohol; Alkane; Amine; Sulfide,aligned_chunk_69.parquet,1901,686128,C10H15NO2,Cc1cc2c(o1)CN(C)CCC2O
C10H15NO2,1,22354,mixed error,Alkane; Amide; Ether,Alkane; Ester; Ether; Haloalkane,aligned_chunk_113.parquet,2434,57636,C10H15NO2,CC1(C)OC[C@@H]2CC3(CC3)C(=O)N21
C10H15NO2,0,29129,false negative,Alkane; Alkene; Amine; Enamine; Ester; Ether,Alkane; Alkene; Amine; Ether,aligned_chunk_182.parquet,855,302951,C10H15NO2,CC1(C)OC(=O)C=C1N1CCCC1
C10H15NO2,0,32034,false negative,Alcohol; Alkane; Amine; Arene; Ether,Alcohol; Alkane; Amine; Arene,aligned_chunk_33.parquet,257,558381,C10H15NO2,CCCOc1ccc(N)cc1CO
C10H15NO2,0,33716,correct,Alcohol; Alkane; Amine,Alcohol; Alkane; Amine,aligned_chunk_89.parquet,345,755739,C10H15NO2,Cc1cc2c(o1)CCN(C)CC2O
C10H15NO2,0,41149,correct,Alkane; Amide; Imide,Alkane; Amide; Imide,aligned_chunk_130.parquet,823,117749,C10H15NO2,O=C1CC2(CCCCC2)CC(=O)N1
C10H15NO2,0,55545,correct,Alcohol; Alkane; Amine; Arene,Alcohol; Alkane; Amine; Arene,aligned_chunk_128.parquet,253,107471,C10H15NO2,OCC(CO)NCc1ccccc1
C10H15NO2,0,57377,correct,Alkane; Amide; Ketone,Alkane; Amide; Ketone,aligned_chunk_55.parquet,404,636231,C10H15NO2,O=C1CCC(N2CCCC2=O)CC1
C10H15NO2,0,63778,correct,Alkane; Amine; Arene; Ether,Alkane; Amine; Arene; Ether,aligned_chunk_32.parquet,1872,556712,C10H15NO2,CCNc1ccc(OC)c(OC)c1
C16H22O4,0,537,correct,Alkane; Arene; Ester; Ether; Ketone,Alkane; Arene; Ester; Ether; Ketone,aligned_chunk_51.parquet,2159,624998,C16H22O4,COC(=O)CC(=O)CCCCCOCc1ccccc1
C16H22O4,1,1379,mixed error,Alcohol; Alkane; Arene; Ether; Ketone,Alcohol; Alkane; Arene; Ether; Haloalkane; Sulfide,aligned_chunk_140.parquet,3072,155555,C16H22O4,COc1ccc2c(c1CC(O)CO)CCC(C)(C)C2=O
C16H22O4,0,1615,false negative,Alcohol; Alkane; Arene; Carboxylic acid; Ether,Alcohol; Alkane; Arene; Carboxylic acid,aligned_chunk_81.parquet,2064,731460,C16H22O4,COc1cccc(CCCC(=O)O)c1OC1CCCC1
C16H22O4,0,5638,correct,Alcohol; Alkane; Arene; Ester; Ether,Alcohol; Alkane; Arene; Ester; Ether,aligned_chunk_4.parquet,964,581790,C16H22O4,CCOC(=O)COc1cccc2c1CCC(CCO)C2
C16H22O4,0,12405,false positive,Alcohol; Alkane; Arene; Carboxylic acid; Ether,Alcohol; Alkane; Arene; Carboxylic acid; Ether; Haloalkane,aligned_chunk_204.parquet,1046,384024,C16H22O4,COc1ccc(C2CCCCC2(O)C(C)C(=O)O)cc1
C16H22O4,0,19272,false negative,Alkane; Arene; Ester; Ether; Ketone,Alkane; Arene; Ether; Ketone,aligned_chunk_134.parquet,739,130567,C16H22O4,COC(=O)CCCCCCC(=O)c1ccc(OC)cc1
C16H22O4,0,26997,correct,Alkane; Alkene; Arene; Ether,Alkane; Alkene; Arene; Ether,aligned_chunk_159.parquet,1494,218909,C16H22O4,CC(=CCOc1ccc2c(c1)OCO2)COCC(C)C
C16H22O4,0,36476,false positive,Alkane; Arene; Ester; Ether,Alkane; Arene; Ester; Ether; Ketone,aligned_chunk_171.parquet,2681,265835,C16H22O4,COC(=O)CCCc1cccc(C(=O)OC(C)(C)C)c1
C16H22O4,0,40170,mixed error,Alkane; Arene; Ester; Ether; Ketone,Alkane; Amide; Arene; Ester; Ether,aligned_chunk_155.parquet,1950,206325,C16H22O4,CCOC(=O)C(CC)Cc1ccc(OC)c(C(C)=O)c1
C16H22O4,0,44964,correct,Alcohol; Alkane; Alkene; Arene; Ester; Ether,Alcohol; Alkane; Alkene; Arene; Ester; Ether,aligned_chunk_31.parquet,3095,554707,C16H22O4,C=CCC(Cc1ccc(OCCO)cc1)C(=O)OCC
C16H22O4,0,46757,false positive,Alkane; Arene; Ester; Ether,Alkane; Arene; Ester; Ether; Haloalkane,aligned_chunk_84.parquet,543,739704,C16H22O4,CCC1(CC)O[C@H](C(=O)OC)[C@@H](Cc2ccccc2)O1
C16H22O4,0,70616,false negative,Alcohol; Alkane; Arene; Ester; Ether; Phenol,Alcohol; Alkane; Ester; Ether; Phenol,aligned_chunk_96.parquet,571,781968,C16H22O4,CCOC(=O)C1(C)CCc2c(C)c(O)c(C)c(C)c2O1
C16H22O4,0,71515,false positive,Alkane; Arene; Ether,Alkane; Amine; Arene; Ether; Nitrile,aligned_chunk_127.parquet,2312,106257,C16H22O4,Cc1cc(OCCOCC2CC2)ccc1OCC1CO1
C16H22O4,0,72637,correct,Alkane; Arene; Ester; Ether,Alkane; Arene; Ester; Ether,aligned_chunk_131.parquet,410,120574,C16H22O4,CCC1(CC)O[C@@H](Cc2ccccc2)[C@H](C(=O)OC)O1
C16H22O4,0,76755,correct,Alcohol; Alkane; Arene; Ester; Ether,Alcohol; Alkane; Arene; Ester; Ether,aligned_chunk_108.parquet,406,36138,C16H22O4,CCOC(=O)C(c1ccc(C)cc1)C1(O)CCOCC1
C16H18N2O4S,0,34584,mixed error,Alkane; Amide; Amine; Arene; Sulfonate,Alkane; Amide; Amine; Arene; Ketone,aligned_chunk_48.parquet,2627,612525,C16H18N2O4S,NC(CCS(=O)(=O)Oc1ccccc1)C(=O)Nc1ccccc1
C16H18N2O4S,0,34970,false negative,Alkane; Arene; Ester; Ether; Sulfone,Alkane; Arene; Sulfone,aligned_chunk_119.parquet,1908,76532,C16H18N2O4S,CCOC(=O)c1cnn(-c2ccccc2S(C)(=O)=O)c1C1CC1
C16H18N2O4S,0,39305,mixed error,Alkane; Amine; Arene; Ether; Sulfonamide,Alkane; Amine; Arene; Haloalkane; Sulfonamide,aligned_chunk_88.parquet,2404,754539,C16H18N2O4S,COc1ccc(S(=O)(=O)Nc2ccccc2)c2c1C[C@@H](N)CO2
C16H18N2O4S,0,40081,false positive,Alkane; Amine; Arene; Ester; Ether; Sulfonamide,Alkane; Amine; Arene; Ester; Ether; Haloalkane; Sulfonamide,aligned_chunk_195.parquet,2908,350426,C16H18N2O4S,COC(=O)CCCc1ccc(S(=O)(=O)Nc2ccccc2)cn1
C16H18N2O4S,1,63863,mixed error,Alkane; Carbamate; Ester; Ether; Sulfide,Alkane; Amide; Arene; Ether; Sulfide,aligned_chunk_5.parquet,1196,617549,C16H18N2O4S,COC(=O)c1cc(-c2ccccn2)sc1NC(=O)OC(C)(C)C
C16H18N2O4S,0,72920,mixed error,Alkane; Arene; Ester; Ether; Sulfide,Alkane; Arene; Ether; Haloalkane,aligned_chunk_165.parquet,1011,241275,C16H18N2O4S,CCOC(=O)c1nc(SC)nc(OC)c1OCc1ccccc1
C16H18N2O4S,0,73531,mixed error,Alkane; Arene; Carbamate; Ester; Ether; Sulfide,Alkane; Alkene; Amide; Arene; Carbamate; Ester; Ether; Ketone,aligned_chunk_4.parquet,3124,583950,C16H18N2O4S,COC(=O)c1csnc1C(C)(C)NC(=O)OCc1ccccc1
C22H27N3O3,0,1883,false negative,Alcohol; Alkane; Amide; Amine; Arene; Ether,Alcohol; Alkane; Amine; Arene; Ether,aligned_chunk_194.parquet,3122,347389,C22H27N3O3,CC(C)(C)NCC(O)COc1ccccc1NC(=O)c1cccc2[nH]ccc12
C22H27N3O3,0,2829,correct,Alkane; Carbamate; Ether,Alkane; Carbamate; Ether,aligned_chunk_111.parquet,2474,51213,C22H27N3O3,CC(C)(C)OC(=O)N1CCC(C2Cc3cc(-c4ccncc4)ncc3O2)CC1
C22H27N3O3,0,3558,mixed error,Alkane; Amide; Amine; Arene; Ester; Ether,Alkane; Amide; Arene; Carbamate; Ester; Ether,aligned_chunk_80.parquet,1138,727298,C22H27N3O3,COC(=O)c1ccc(C(=O)N2CCC(N(C)CCc3ccccc3)CC2)cn1
C22H27N3O3,0,7876,mixed error,Alkane; Alkene; Arene; Carbamate; Ether; Ketone,Alkane; Arene; Ether; Haloalkane,aligned_chunk_225.parquet,2676,460205,C22H27N3O3,Cn1ccc(/C=C/C(=O)c2ccc3c(c2)CCN(C(=O)OC(C)(C)C)CC3)n1
C22H27N3O3,0,11113,correct,Alcohol; Alkane; Amide; Amine; Arene; Ether,Alcohol; Alkane; Amide; Amine; Arene; Ether,aligned_chunk_187.parquet,1083,319430,C22H27N3O3,O=C1CCc2c(cccc2OCC(O)CN2CCN(c3ccccc3)CC2)N1
C22H27N3O3,0,17300,correct,Alkane; Arene; Carbamate; Ether,Alkane; Arene; Carbamate; Ether,aligned_chunk_185.parquet,9,311829,C22H27N3O3,CN(CCc1cccc2c1[nH]c(=O)n2Cc1ccccc1)C(=O)OC(C)(C)C
C22H27N3O3,1,36556,mixed error,Alcohol; Alkane; Amide; Amine; Arene; Phenol,Alcohol; Alkane; Arene; Carbamate; Ether; Ketone; Phenol,aligned_chunk_32.parquet,2233,557073,C22H27N3O3,CC(C)(C)c1ccccc1N1CCN(C(=O)C(=O)Nc2ccc(O)cc2)CC1
C22H27N3O3,0,39813,mixed error,Alkane; Amide; Arene; Ether; Hydrazine,Alkane; Amide; Arene; Hydrazone,aligned_chunk_181.parquet,2635,301522,C22H27N3O3,COc1ccc(CCN2C(=O)N(NC(C)=O)CC2c2ccc(C)c(C)c2)cc1
C22H27N3O3,0,40399,false positive,Alcohol; Alkane; Amine; Arene; Carboxylic acid,Alcohol; Alkane; Amide; Amine; Arene; Carboxylic acid,aligned_chunk_171.parquet,2031,265185,C22H27N3O3,CC(C)N(C(N)=O)c1cccc(C2Nc3ccc(C(=O)O)cc3CC2(C)C)c1
C21H20ClN7O3,1,21195,false negative,Alkane; Amide; Ether; Haloalkane,Alkane; Ether; Haloalkane,aligned_chunk_204.parquet,2180,385158,C21H20ClN7O3,COCC[C@H](Oc1ncnc2c1cnn2-c1ncccc1Cl)C(=O)Nc1ccc(C)cn1
C16H20F3NO2,1,53999,false negative,Aldehyde; Alkane; Amine; Arene; Ether; Haloalkane,Alkane; Amine; Arene; Ether; Haloalkane,aligned_chunk_240.parquet,2311,514857,C16H20F3NO2,CC(C)C(c1ccc(C(F)(F)F)cc1C=O)N1CCOCC1
C23H23N3O2,0,9462,false negative,Alcohol; Alkane; Amine; Arene; Ether,Alcohol; Alkane; Amine; Arene,aligned_chunk_231.parquet,2987,483254,C23H23N3O2,COc1ccc(CCc2cnc3c(N)nc4cc(CO)ccc4c3c2)c(C)c1
C23H23N3O2,0,22343,false positive,Alkane; Amide; Arene; Ether,Alkane; Amide; Arene; Ether; Haloalkane,aligned_chunk_191.parquet,1180,335715,C23H23N3O2,C[C@H]1CCc2c(ccc(-n3cccn3)c2Oc2ccccc2)N1C(=O)C1CC1
C23H23N3O2,0,36516,false positive,Alkane; Arene; Ether,Aldehyde; Alkane; Arene; Carbamate; Ether,aligned_chunk_73.parquet,1407,701761,C23H23N3O2,CC(C)c1cc(N=[N+]=[N-])c(OCc2ccccc2)cc1OCc1ccccc1
C23H23N3O2,0,36564,false positive,Alkane; Amine; Arene; Ester; Ether,Alkane; Amide; Amine; Arene; Ester; Ether,aligned_chunk_44.parquet,2914,599867,C23H23N3O2,COC(=O)c1ccc2nc(C3Cc4ccccc4C3)c(N(C)C3CC3)nc2c1
C23H23N3O2,0,61541,false negative,Alkane; Arene; Ether; Ketone; Nitrile,Alkane; Arene; Nitrile,aligned_chunk_180.parquet,645,296266,C23H23N3O2,COc1nc(C)c(CC2CC2)c(C(=O)c2cc(C#N)cc(C#N)c2)c1C(C)C
C23H23N3O2,0,62520,false positive,Alkane; Amine; Arene; Ester; Ether,Alkane; Amide; Amine; Arene; Ester; Ether,aligned_chunk_14.parquet,2035,151279,C23H23N3O2,COC(=O)c1cc(N2CCCCC2)nc(-c2ccc(-c3ccccc3)cc2)n1
C23H23N3O2,1,71986,mixed error,Alkane; Amine; Arene; Ether; Nitrile,Alkane; Amine; Arene; Haloalkane; Nitrile,aligned_chunk_237.parquet,3232,502874,C23H23N3O2,COc1cc(C(CN)Nc2ccc(C#N)cc2)ccc1OCc1ccccc1
C14H15ClN4O,0,42363,correct,Alkane; Amide; Haloalkane; Nitrile,Alkane; Amide; Haloalkane; Nitrile,aligned_chunk_136.parquet,1002,137320,C14H15ClN4O,CC[C@H]1CN(c2ccnc(Cl)n2)C(=O)[C@@]1(C#N)C1CC1
C14H15ClN4O,1,55856,false negative,Alkane; Amide; Amine; Haloalkane,Alkane; Amide; Amine,aligned_chunk_47.parquet,707,607356,C14H15ClN4O,CCCNc1ncccc1C(=O)Nc1cccnc1Cl
C21H21ClN4O3S,1,3914,false negative,Alkane; Amide; Haloalkane; Sulfone,Alkane; Amide; Sulfone,aligned_chunk_170.parquet,563,260437,C21H21ClN4O3S,CCS(=O)(=O)CCn1c(CN2C(=O)C3(CC3)c3ccncc32)cc2nc(Cl)ccc21
C20H30N4O2,1,25153,correct,Alkane; Amine; Arene; Carbamate; Ether,Alkane; Amine; Arene; Carbamate; Ether,aligned_chunk_102.parquet,516,16699,C20H30N4O2,COC(=O)Nc1ccc2c(c1)nc(C(C)(C)C)n2C[C@H]1CCCCN1C
C16H13FN2O3,1,18297,mixed error,Alkane; Arene; Ether; Haloalkane,Alkane; Ester; Ether,aligned_chunk_49.parquet,348,613423,C16H13FN2O3,CCc1cc(OC)cc2nc(-c3cccnc3F)oc(=O)c12
C16H13FN2O3,0,25089,false negative,Alcohol; Alkane; Arene; Carboxylic acid; Ether; Haloalkane,Alcohol; Carboxylic acid; Haloalkane,aligned_chunk_217.parquet,1805,430202,C16H13FN2O3,COc1cccc(F)c1Cn1cc(C(=O)O)c2ncccc21
C16H13FN2O3,0,31139,false negative,Alkane; Amide; Amine; Arene; Haloalkane; Imide,Alkane; Amide; Arene; Imide,aligned_chunk_77.parquet,1131,714336,C16H13FN2O3,O=C1c2cccc3c(N4CCCC4)c(F)cc(c23)C(=O)N1O
C16H13FN2O3,0,59006,false negative,Alcohol; Alkane; Arene; Ester; Ether; Haloalkane; Phenol,Alcohol; Alkane; Arene; Ester; Ether; Phenol,aligned_chunk_122.parquet,2976,90637,C16H13FN2O3,CCOC(=O)c1cnc2cc(-n3cccc3)c(F)cc2c1O
C16H13FN2O3,0,63268,correct,Alcohol; Alkane; Arene; Carboxylic acid; Ether; Haloalkane,Alcohol; Alkane; Arene; Carboxylic acid; Ether; Haloalkane,aligned_chunk_55.parquet,2426,638253,C16H13FN2O3,COc1ccc(-c2cc3c(C(=O)O)n[nH]c3cc2C)c(F)c1
C23H25N3O3,1,3973,mixed error,Alkane; Alkene; Amide; Amine; Arene; Ether,Alkane; Amine; Ether; Haloalkane,aligned_chunk_242.parquet,713,519760,C23H25N3O3,C=CCNCCc1cc2cc(-c3ccc(C(=O)N4CCOCC4)cn3)ccc2o1
C23H25N3O3,0,7118,correct,Alcohol; Alkane; Amide; Arene; Phenol,Alcohol; Alkane; Amide; Arene; Phenol,aligned_chunk_242.parquet,1663,520710,C23H25N3O3,O=C(NCC1CCCCC1)c1c(O)c2ncc(Cc3ccccc3)cc2[nH]c1=O
C23H25N3O3,0,12884,mixed error,Alkane; Alkene; Amide; Amine; Arene; Enamine; Ether; Imide,Alkane; Alkene; Amide; Amine; Arene; Enamine; Haloalkane; Imide,aligned_chunk_83.parquet,1612,737446,C23H25N3O3,COc1ccc2c(c1)C(=CNc1ccc(CN3CCCCC3)cc1)C(=O)NC2=O
C23H25N3O3,0,16942,false positive,Alkane; Amide; Amine; Arene; Ether,Alkane; Amide; Amine; Arene; Carbamate; Ether; Sulfide,aligned_chunk_130.parquet,2589,119515,C23H25N3O3,COc1cccc2c1C(NC1=Nc3ccc(NC(=O)C4CC4)cc3CO1)CCC2
C23H25N3O3,0,17606,false positive,Alkane; Amide; Arene; Carbamate; Ether; Imine,Alkane; Amide; Arene; Carbamate; Ether; Imine; Sulfide,aligned_chunk_144.parquet,2801,168208,C23H25N3O3,O=C(NC1N=C(C2CCCCC2)c2ccccc2NC1=O)OCc1ccccc1
C23H25N3O3,0,31812,mixed error,Alcohol; Alkane; Amide; Arene; Carboxylic acid,Alcohol; Alkane; Arene; Carboxylic acid; Ether; Haloalkane,aligned_chunk_114.parquet,731,59192,C23H25N3O3,CC(C(=O)N(C)[C@@H]1CCc2c(CC(=O)O)c3ccccc3n2C1)c1ccccn1
C23H25N3O3,0,38346,correct,Alkane; Amide; Amine; Arene; Ether,Alkane; Amide; Amine; Arene; Ether,aligned_chunk_117.parquet,60,68224,C23H25N3O3,CCCCOc1cccc(Oc2ccc(CNC(=O)c3cccnc3N)cc2)c1
C23H25N3O3,0,45445,mixed error,Alcohol; Alkane; Amine; Arene; Carboxylic acid; Ether,Alcohol; Alkane; Amine; Arene; Carboxylic acid; Haloalkane,aligned_chunk_173.parquet,1084,270809,C23H25N3O3,O=C(O)c1cc(C2CC2)cnc1Nc1ccc2c(ccn2CC2CCCCO2)c1
C23H25N3O3,0,56510,correct,Alkane; Amide; Arene; Ether,Alkane; Amide; Arene; Ether,aligned_chunk_5.parquet,661,617014,C23H25N3O3,Cc1nc2c3c(c(C(=O)N4CCOCC4)cc2n1C)CCC(c1ccccc1)O3
C23H25N3O3,0,70357,mixed error,Alcohol; Alkane; Amine; Arene; Carboxylic acid; Ether,Alcohol; Amine; Arene; Carboxylic acid; Haloalkane,aligned_chunk_179.parquet,2758,291897,C23H25N3O3,O=C(O)c1cc(C2CC2)cnc1Nc1cccc2c1ccn2CC1CCOCC1
C23H27N7O,1,20435,false negative,Alkane; Alkene; Amide; Amine; Arene; Enamine; Nitrile,Alkane; Alkene; Amine; Enamine; Nitrile,aligned_chunk_220.parquet,2881,444227,C23H27N7O,CCN1/C(=C(\C#N)c2nc(NCCCN3CCCC3=O)ncc2C)Nc2ccccc21
C23H27N7O,0,58018,false negative,Alkane; Amide; Amine; Arene; Nitrile,Alkane; Amide; Amine; Nitrile,aligned_chunk_170.parquet,792,260666,C23H27N7O,CC1CN(c2nccc(C(N)=O)n2)CCN1CCCCc1c[nH]c2ccc(C#N)cc12
C23H22N4O5S,0,8890,false positive,Alkane; Amide; Amine; Arene; Ether; Sulfonamide,Alkane; Amide; Amine; Arene; Ester; Ether; Sulfonamide,aligned_chunk_152.parquet,1460,196147,C23H22N4O5S,CCS(=O)(=O)Nc1ccc(Oc2ccc(C(N)=O)cc2)c(-c2cn(C)c(=O)c3[nH]ccc23)c1
C23H22N4O5S,1,13757,mixed error,Alcohol; Alkane; Arene; Ether; Sulfone,Alcohol; Alkane; Arene; Ether; Phenol,aligned_chunk_173.parquet,802,270527,C23H22N4O5S,CCS(=O)(=O)c1ccc(Oc2cc3[nH]c(-c4cnccn4)nc3cc2C2CCC(O)O2)cc1
C23H22N4O5S,0,23774,false negative,Alkane; Amide; Amine; Arene; Ether; Sulfonate,Alkane; Amine; Arene; Sulfonate,aligned_chunk_111.parquet,2324,51063,C23H22N4O5S,COc1cc(OS(C)(=O)=O)cc(-c2cccc(C3(c4ccncc4)N=C(N)N(C)C3=O)c2)c1
C9H16O5,0,5895,correct,Alcohol; Alkane; Ester; Ether,Alcohol; Alkane; Ester; Ether,aligned_chunk_77.parquet,266,713471,C9H16O5,COC(=O)C[C@H](O)CC1(C)OCCO1
C9H16O5,0,38252,correct,Alcohol; Alkane; Ester; Ether,Alcohol; Alkane; Ester; Ether,aligned_chunk_151.parquet,1017,192420,C9H16O5,COC(=O)C(CO)C(=O)OC(C)(C)C
C9H16O5,1,49468,false positive,Alkane; Ester; Ether,Alkane; Ester; Ether; Sulfide,aligned_chunk_33.parquet,1869,559993,C9H16O5,CCOC(=O)C(OCC)C(=O)OCC
C9H16O5,0,61198,correct,Alkane; Ester; Ether; Ketone,Alkane; Ester; Ether; Ketone,aligned_chunk_80.parquet,1012,727172,C9H16O5,CCOC(=O)CC(=O)CC(OC)OC
C9H16O5,0,63659,false positive,Alkane; Ester; Ether,Alkane; Ester; Ether; Haloalkane,aligned_chunk_6.parquet,2871,654867,C9H16O5,CCC(=O)OCOC(=O)OC(C)CC
C18H24ClNO4,1,16406,mixed error,Alkane; Amide; Arene; Ester; Ether; Haloalkane,Alkane; Alkene; Ester; Ether; Ketone,aligned_chunk_0.parquet,890,890,C18H24ClNO4,CCOC(=O)[C@H]1CC[C@@H](c2ccc(OC)c(C)c2C)N1C(=O)CCl
C18H24ClNO4,0,28628,correct,Alkane; Arene; Carbamate; Ester; Ether; Haloalkane,Alkane; Arene; Carbamate; Ester; Ether; Haloalkane,aligned_chunk_184.parquet,2888,311440,C18H24ClNO4,CCOC(=O)[C@H]1CC[C@@H](c2ccc(Cl)cc2)N1C(=O)OC(C)(C)C
C9H13N3O2,0,15406,false positive,Alkane; Alkene; Amide; Amine; Enamine; Ether; Nitrile,Alkane; Alkene; Amide; Amine; Enamine; Ester; Ether; Nitrile,aligned_chunk_71.parquet,3222,697117,C9H13N3O2,CC(=C(C#N)C(N)=O)N1CCOCC1
C9H13N3O2,1,15881,mixed error,Alkane; Carbamate; Ether,Alkane; Amine; Haloalkane,aligned_chunk_229.parquet,2144,472628,C9H13N3O2,COC(=O)N1CCc2[nH]cnc2C1C
C9H13N3O2,0,19787,false negative,Alcohol; Alkane; Amine; Ether,Alcohol; Alkane; Amine,aligned_chunk_61.parquet,546,658982,C9H13N3O2,OCc1cc(N2CCOCC2)ncn1
C9H13N3O2,0,24455,correct,Alcohol; Alkane; Amide; Phenol,Alcohol; Alkane; Amide; Phenol,aligned_chunk_59.parquet,2288,650940,C9H13N3O2,CCCCc1cnc(C(N)=O)c(O)n1
C9H13N3O2,0,51567,false positive,Alkane; Ester; Ether,Alkane; Alkene; Ester; Ether,aligned_chunk_8.parquet,867,723802,C9H13N3O2,CCOC(=O)C1CCn2c(C)nnc21
C9H13N3O2,0,61719,false negative,Alkane; Amine; Ester; Ether; Hydrazine,Alkane; Amine; Hydrazine,aligned_chunk_167.parquet,2459,249263,C9H13N3O2,CCOC(=O)CN(N)c1cccnc1
C9H13N3O2,0,71296,correct,Alkane; Amine; Ester; Ether,Alkane; Amine; Ester; Ether,aligned_chunk_155.parquet,1845,206220,C9H13N3O2,CCOC(=O)c1cnc2n1CCNC2
C9H13N3O2,0,78461,false negative,Alkane; Amide; Amine; Arene; Ether,Amide; Amine; Arene,aligned_chunk_170.parquet,3153,263027,C9H13N3O2,COc1ccc(N)cc1NCC(N)=O
C15H15N7,1,50505,correct,Alkane; Alkene; Amine,Alkane; Alkene; Amine,aligned_chunk_72.parquet,2836,699977,C15H15N7,Nc1ncc(C2=CCNCC2)nc1-c1nc2ccccn2n1
C19H23NO,0,10725,correct,Alkane; Amide; Arene,Alkane; Amide; Arene,aligned_chunk_119.parquet,2163,76787,C19H23NO,CC(C)Cc1cccc(C(=O)NCCc2ccccc2)c1
C19H23NO,0,11701,mixed error,Alkane; Alkene; Amine; Arene,Alkane; Amine; Arene; Imine,aligned_chunk_160.parquet,2431,226355,C19H23NO,C=C(C)Cc1c(C)c(-c2ccccc2)c(C)c(C)c1ON
C19H23NO,0,12306,correct,Alcohol; Alkane; Amine; Arene,Alcohol; Alkane; Amine; Arene,aligned_chunk_89.parquet,3118,758512,C19H23NO,Cc1ccc(C(O)(c2ccccc2)C2CCNCC2)cc1
C19H23NO,0,13369,correct,Alkane; Amine; Arene; Ether,Alkane; Amine; Arene; Ether,aligned_chunk_114.parquet,1997,60458,C19H23NO,COc1cccc(C2CCCN(Cc3ccccc3)C2)c1
C19H23NO,0,13647,false positive,Alcohol; Alkane; Arene; Phenol,Alcohol; Alkane; Arene; Ether; Phenol,aligned_chunk_130.parquet,2228,119154,C19H23NO,Oc1c2c(nc3ccc(C4CCCCC4)cc13)CCCC2
C19H23NO,0,22231,false negative,Alkane; Amine; Arene; Ether,Alkane; Amine; Arene,aligned_chunk_163.parquet,1192,234933,C19H23NO,NCC[C@]1(c2ccccc2)C[C@H]1COCc1ccccc1
C19H23NO,0,27158,correct,Alkane; Amine; Arene; Ether,Alkane; Amine; Arene; Ether,aligned_chunk_182.parquet,2712,304808,C19H23NO,COc1ccc2c(c1)CCCC(NCc1ccccc1)C2
C19H23NO,0,37752,false positive,Aldehyde; Alkane; Arene,Aldehyde; Alkane; Amide; Arene,aligned_chunk_89.parquet,1424,756818,C19H23NO,CC1(C)CCC(C)(C)c2cc(-c3c[nH]c(C=O)c3)ccc21
C19H23NO,0,38519,false positive,Alcohol; Alkane; Amine; Arene,Alcohol; Alkane; Amine; Arene; Ether,aligned_chunk_71.parquet,4,693899,C19H23NO,C[C@H](N(Cc1ccccc1)Cc1ccccc1)C1(O)CC1
C19H23NO,0,43340,false negative,Alkane; Amine; Arene; Ether,Alkane; Amine; Arene,aligned_chunk_152.parquet,1069,195756,C19H23NO,Cc1ccc(C(OC2CCNCC2)c2ccccc2)cc1
C19H23NO,0,46994,false positive,Alkane; Amine; Arene,Alkane; Alkene; Amine; Arene,aligned_chunk_230.parquet,2601,479616,C19H23NO,c1ccc2oc(CNC34CC5CC(CC(C5)C3)C4)cc2c1
C19H23NO,0,48300,mixed error,Alkane; Amine; Arene; Ether,Alkane; Amide; Amine; Arene; Haloalkane,aligned_chunk_79.parquet,961,720686,C19H23NO,c1ccc(CCOc2ccc(CCNC3CC3)cc2)cc1
C19H23NO,0,53367,correct,Alkane; Amine; Arene; Ether,Alkane; Amine; Arene; Ether,aligned_chunk_188.parquet,729,322359,C19H23NO,Cc1cccc(OC2CCN(Cc3ccccc3)CC2)c1
C19H23NO,0,58938,correct,Alcohol; Alkane; Amine; Arene,Alcohol; Alkane; Amine; Arene,aligned_chunk_33.parquet,1427,559551,C19H23NO,CC1C(c2ccccc2)NC(c2ccccc2)C(C)C1O
C19H23NO,0,61570,correct,Alcohol; Alkane; Amine; Arene,Alcohol; Alkane; Amine; Arene,aligned_chunk_23.parquet,359,474078,C19H23NO,CN1CCCC(CO)(c2ccccc2)C1c1ccccc1
C19H23NO,0,65683,false positive,Alcohol; Alkane; Amine; Arene,Alcohol; Alkane; Amine; Arene; Ester; Ether,aligned_chunk_21.parquet,416,402780,C19H23NO,CN(C)C1CCc2ccccc2C(O)(c2ccccc2)C1
C19H23NO,1,65742,mixed error,Alcohol; Alkane; Amine; Arene,Alcohol; Alkane; Arene; Ester; Ether; Ketone; Phenol,aligned_chunk_67.parquet,1689,679430,C19H23NO,Cc1cccc(C(O)c2ccccc2N2CCCCC2)c1
C19H23NO,0,66571,mixed error,Alkane; Amine; Arene; Ketone,Alkane; Amine; Arene; Ether,aligned_chunk_24.parquet,537,509888,C19H23NO,CN(C)C(c1ccc2ccccc2c1)C1CCCCC1=O
C19H23NO,0,69712,mixed error,Alkane; Amine; Arene; Ether,Alkane; Amine; Arene; Haloalkane,aligned_chunk_127.parquet,56,104001,C19H23NO,CCc1ccc(C2COc3c(C)c(C)c(N)c(C)c32)cc1
C19H23NO,0,71399,false positive,Alkane; Amide; Arene,Aldehyde; Alkane; Amide; Amine; Arene,aligned_chunk_220.parquet,2134,443480,C19H23NO,O=C(C1C2CC3CC(C2)CC1C3)N1CCc2ccccc21
C10H9NO2,0,373,mixed error,Alkane; Arene,Arene; Haloalkane,aligned_chunk_107.parquet,2102,34573,C10H9NO2,O=c1occn1Cc1ccccc1
C10H9NO2,0,1594,mixed error,Alcohol; Alkane; Arene; Phenol,Alcohol; Arene; Haloalkane,aligned_chunk_229.parquet,1141,471625,C10H9NO2,Cc1cccc2c(O)cc(=O)[nH]c12
C10H9NO2,0,2766,correct,Alcohol; Alkane; Arene; Ether; Nitrile,Alcohol; Alkane; Arene; Ether; Nitrile,aligned_chunk_242.parquet,1241,520288,C10H9NO2,N#Cc1ccc2c(c1)OCC[C@@H]2O
C10H9NO2,0,5252,correct,Alkane; Arene; Ester; Ether; Nitrile,Alkane; Arene; Ester; Ether; Nitrile,aligned_chunk_137.parquet,2737,142260,C10H9NO2,CC(=O)O[C@H](C#N)c1ccccc1
C10H9NO2,0,7498,mixed error,Alkane; Arene; Ether,Arene; Haloalkane,aligned_chunk_42.parquet,2116,592749,C10H9NO2,COc1cc(=O)[nH]c2ccccc12
C10H9NO2,0,11952,false negative,Alcohol; Alkane; Arene; Carboxylic acid,Alcohol; Arene; Carboxylic acid,aligned_chunk_148.parquet,560,179093,C10H9NO2,Cc1c(C(=O)O)[nH]c2ccccc12
C10H9NO2,0,16138,false negative,Alkane; Arene; Ether,Arene,aligned_chunk_186.parquet,2298,317351,C10H9NO2,COc1cc2ccccc2[nH]c1=O
C10H9NO2,0,20944,mixed error,Alkane; Arene; Ester; Ether; Nitrile,Alkane; Arene; Ester; Ether; Haloalkane,aligned_chunk_165.parquet,2490,242754,C10H9NO2,COC(=O)c1ccc(C#N)cc1C
C10H9NO2,1,26727,mixed error,Alkane; Ether; Ketone,Alkane; Amide; Haloalkane,aligned_chunk_62.parquet,2505,664187,C10H9NO2,O=C1CCc2ncc3c(c21)CCO3
C10H9NO2,0,32013,mixed error,Alcohol; Alkane; Alkene; Carboxylic acid,Alcohol; Alkane; Arene; Carboxylic acid; Haloalkane,aligned_chunk_168.parquet,2894,252944,C10H9NO2,O=C(O)C1=Cc2ccncc2CC1
C10H9NO2,0,37067,false positive,Alcohol; Alkane; Arene; Phenol,Alcohol; Alkane; Alkene; Amine; Arene; Ester; Ether; Phenol,aligned_chunk_236.parquet,2701,499166,C10H9NO2,Cc1c[nH]c(=O)c2ccc(O)cc12
C10H9NO2,0,44527,false positive,Aldehyde; Alkane; Amide; Arene,Aldehyde; Alkane; Amide; Arene; Ether,aligned_chunk_63.parquet,197,665103,C10H9NO2,O=Cc1cccc2c1CCC(=O)N2
C10H9NO2,0,50764,false positive,Alkane; Alkyne; Amide; Arene; Ether,Alkane; Alkyne; Amide; Arene; Ether; Haloalkane,aligned_chunk_38.parquet,941,575315,C10H9NO2,C#Cc1cccc(OCC(N)=O)c1
C10H9NO2,0,55096,mixed error,Alkane; Amine; Arene; Ketone,Alkane; Amine; Arene; Ether,aligned_chunk_53.parquet,3142,632518,C10H9NO2,CC(=O)c1cc2cc(N)ccc2o1
C10H9NO2,0,55205,false positive,Alcohol; Alkane,Alcohol; Alkane; Haloalkane,aligned_chunk_181.parquet,1851,300738,C10H9NO2,OCc1cncc(-c2ccco2)c1
C10H9NO2,0,55751,correct,Alcohol; Alkane; Arene; Carboxylic acid; Nitrile,Alcohol; Alkane; Arene; Carboxylic acid; Nitrile,aligned_chunk_210.parquet,2848,408453,C10H9NO2,N#CCCc1cccc(C(=O)O)c1
C10H9NO2,0,58161,false negative,Alcohol; Alkane; Arene; Phenol,Alcohol; Arene; Phenol,aligned_chunk_47.parquet,3190,609839,C10H9NO2,Cc1cc(=O)[nH]c2c(O)cccc12
C10H9NO2,0,62252,false negative,Alkane; Arene; Ether; Ketone; Nitrile,Alkane; Arene; Ketone; Nitrile,aligned_chunk_114.parquet,3004,61465,C10H9NO2,CC(=O)COc1ccc(C#N)cc1
C10H9NO2,0,63004,false negative,Alcohol; Alkane; Arene; Phenol,Alcohol; Arene; Phenol,aligned_chunk_57.parquet,1874,644123,C10H9NO2,OCc1ccc(O)c2cccnc12
C10H9NO2,0,70483,mixed error,Alkane; Amide; Arene,Amide; Arene; Haloalkane,aligned_chunk_105.parquet,1068,27023,C10H9NO2,NC(=O)Cc1cccc2occc12
C10H9NO2,0,72096,correct,Aldehyde; Alkane; Arene; Ether; Nitrile,Aldehyde; Alkane; Arene; Ether; Nitrile,aligned_chunk_12.parquet,491,78410,C10H9NO2,Cc1cccc(C=O)c1OCC#N
C10H9NO2,0,72289,mixed error,Alkane; Amide; Arene; Imide,Alkane; Amide; Amine; Arene; Sulfide,aligned_chunk_6.parquet,2271,654267,C10H9NO2,O=C1Cc2ccccc2CC(=O)N1
C10H9NO2,0,72671,false positive,Alkane; Arene; Ether; Nitrile,Alkane; Arene; Ether; Haloalkane; Nitrile,aligned_chunk_26.parquet,220,532226,C10H9NO2,N#CCc1ccc2c(c1)COCO2
C10H9NO2,0,76063,correct,Alkane; Arene; Ester; Ether; Nitrile,Alkane; Arene; Ester; Ether; Nitrile,aligned_chunk_235.parquet,977,494196,C10H9NO2,COC(=O)c1cccc(CC#N)c1
C10H9NO2,0,76717,correct,Alcohol; Alkane; Arene; Ketone; Nitrile; Phenol,Alcohol; Alkane; Arene; Ketone; Nitrile; Phenol,aligned_chunk_153.parquet,1438,199319,C10H9NO2,CC(=O)c1cc(C)c(C#N)cc1O
C10H9NO2,0,78370,false negative,Alkane; Arene; Ether,Arene,aligned_chunk_39.parquet,1732,579366,C10H9NO2,COc1cc2ccccc2c(=O)[nH]1
C10H9NO2,0,79436,false negative,Alkane; Amide; Arene; Imide,Alkane; Amide; Arene,aligned_chunk_58.parquet,3056,648508,C10H9NO2,CC(=O)N1C(=O)Cc2ccccc21
C16H19BrN2O2,0,13746,correct,Alkane; Arene; Carbamate; Ether; Haloalkane,Alkane; Arene; Carbamate; Ether; Haloalkane,aligned_chunk_228.parquet,234,467518,C16H19BrN2O2,CC(C)(C)OC(=O)N1CCc2[nH]c3cc(Br)ccc3c2C1
C16H19BrN2O2,0,15320,false positive,Alkane; Arene; Ester; Ether; Haloalkane,Alkane; Amide; Arene; Ester; Ether; Haloalkane,aligned_chunk_77.parquet,2964,716169,C16H19BrN2O2,CCCn1c(C(=O)OCC)cnc1Cc1ccc(Br)cc1
C16H19BrN2O2,0,44081,false negative,Alkane; Arene; Ester; Ether; Haloalkane,Alkane; Arene; Ester; Ether,aligned_chunk_219.parquet,180,435056,C16H19BrN2O2,CCOC(=O)[C@H]1CC[C@@H](n2ncc3cc(Br)ccc32)CC1
C16H19BrN2O2,0,55572,correct,Alkane; Arene; Carbamate; Ether; Haloalkane,Alkane; Arene; Carbamate; Ether; Haloalkane,aligned_chunk_221.parquet,2208,446769,C16H19BrN2O2,CC(C)(C)OC(=O)NC1Cc2cc3cc(Br)ccc3n2C1
C16H19BrN2O2,1,59592,mixed error,Alcohol; Alkane; Arene; Haloalkane,Alcohol; Alkane; Arene; Ketone,aligned_chunk_109.parquet,2905,41864,C16H19BrN2O2,O[C@](c1ccccc1)(c1nnc(CBr)o1)C1CCCCC1
C16H19BrN2O2,0,60331,false negative,Alkane; Amine; Arene; Ether; Haloalkane; Ketone; Nitrile,Alkane; Amine; Arene; Ketone; Nitrile,aligned_chunk_178.parquet,1839,287796,C16H19BrN2O2,CC(C)(C)c1cc(C(=O)CBr)cc2c1OCCN2CC#N
C16H19BrN2O2,0,75180,correct,Alkane; Arene; Carbamate; Ether; Haloalkane,Alkane; Arene; Carbamate; Ether; Haloalkane,aligned_chunk_113.parquet,742,55944,C16H19BrN2O2,CN(Cc1ccc2ccc(Br)cc2n1)C(=O)OC(C)(C)C
C15H18N4O4S,1,73095,correct,Alkane; Ester; Ether; Sulfone,Alkane; Ester; Ether; Sulfone,aligned_chunk_184.parquet,727,309279,C15H18N4O4S,CCOC(=O)c1c2c(nn1C)-c1nc(S(C)(=O)=O)ncc1CCC2
C16H17BrO,0,647,false positive,Alkane; Arene; Ether; Haloalkane,Alkane; Arene; Ether; Haloalkane; Sulfide,aligned_chunk_135.parquet,3157,136217,C16H17BrO,Cc1cccc(CCOCc2ccccc2)c1Br
C16H17BrO,1,40043,mixed error,Alcohol; Alkane; Arene; Haloalkane; Phenol,Alcohol; Arene; Phenol; Sulfide,aligned_chunk_240.parquet,2509,515055,C16H17BrO,CC(C)(C)c1cc(Br)c(O)c(-c2ccccc2)c1
C16H17BrO,0,41969,false negative,Alkane; Arene; Ether; Haloalkane,Arene; Haloalkane,aligned_chunk_164.parquet,2591,239577,C16H17BrO,CC(C)C(Oc1ccccc1)c1ccc(Br)cc1
C21H29NO6,1,61622,false negative,Alkane; Arene; Carbamate; Ester; Ether,Alkane; Arene; Carbamate; Ether,aligned_chunk_71.parquet,737,694632,C21H29NO6,CCOC(=O)[C@@H]1OC(c2ccc(OC)cc2)N(C(=O)OC(C)(C)C)[C@H]1C1CC1
C20H22ClN3O3,0,2878,false negative,Alcohol; Alkane; Amine; Arene; Carboxylic acid; Ether; Haloalkane,Alcohol; Alkane; Amine; Arene; Carboxylic acid; Ether,aligned_chunk_233.parquet,2136,488900,C20H22ClN3O3,CN(CCCC(=O)O)CCOc1ccc(-n2nc3ccccc3c2Cl)cc1
C20H22ClN3O3,1,41167,mixed error,Alcohol; Alkane; Arene; Ester; Ether; Haloalkane; Phenol,Alcohol; Alkane; Alkene; Arene; Ester; Ether; Phenol,aligned_chunk_117.parquet,3154,71318,C20H22ClN3O3,COC(=O)C(C)c1c(-n2nc3ccc(Cl)cc3n2)cc(O)cc1C(C)(C)C
C20H22ClN3O3,0,66835,false positive,Alkane; Arene; Ester; Ether; Haloalkane,Alkane; Arene; Ester; Ether; Haloalkane; Sulfide,aligned_chunk_104.parquet,2405,25116,C20H22ClN3O3,CCCOc1ccc(Cn2c(CC)nc3ccc(C(=O)OC)nc32)c(Cl)c1
C24H26O4,1,2974,mixed error,Alkane; Alkene; Arene; Ester; Ether; Ketone,Alkane; Amide; Ester; Ether; Haloalkane,aligned_chunk_24.parquet,2723,512074,C24H26O4,Cc1cc(C)c(C2=C(OC(=O)C(C)(C)C)C/C(=C\c3ccoc3)C2=O)c(C)c1
C24H26O4,0,13006,correct,Alcohol; Alkane; Arene; Ether; Phenol,Alcohol; Alkane; Arene; Ether; Phenol,aligned_chunk_119.parquet,309,74933,C24H26O4,COc1ccc(C(C)(C)Cc2ccc(OC)cc2Oc2ccc(O)cc2)cc1
C24H26O4,0,28695,correct,Alkane; Arene; Ester; Ether,Alkane; Arene; Ester; Ether,aligned_chunk_217.parquet,2899,431296,C24H26O4,CCCOC(=O)c1cc2cc(OCCC)ccc2cc1OCc1ccccc1
C24H26O4,0,71584,false positive,Alcohol; Alkane; Arene; Phenol,Alcohol; Alkane; Amine; Arene; Phenol,aligned_chunk_110.parquet,1635,47116,C24H26O4,CC(C)(c1ccc(C(C)(C)c2ccc(O)cc2O)cc1)c1ccc(O)cc1O
C13H11FN2O2,1,65151,mixed error,Alcohol; Alkane; Carboxylic acid; Haloalkane,Alcohol; Alkane; Arene; Carboxylic acid; Ether,aligned_chunk_51.parquet,685,623524,C13H11FN2O2,Cc1cc(CC(=O)O)cnc1-c1ccnc(F)c1
C16H15NO,0,2112,false negative,Alkane; Amine; Arene; Ether,Amine; Arene,aligned_chunk_152.parquet,1496,196183,C16H15NO,COc1ccc2c(c1)[C@@H]1c3ccccc3N[C@@H]1C2
C16H15NO,0,9108,false positive,Alkane; Arene; Ether,Alkane; Amine; Arene; Ether; Haloalkane,aligned_chunk_134.parquet,1780,131608,C16H15NO,COc1cc(C)ccc1-c1cc2ccccc2[nH]1
C16H15NO,0,13713,false negative,Alkane; Amine; Arene; Ketone,Alkane; Arene; Ketone,aligned_chunk_211.parquet,3188,412035,C16H15NO,CN1CCc2cccc(C(=O)c3ccccc3)c21
C16H15NO,0,18792,correct,Alkane; Arene; Ether; Nitrile,Alkane; Arene; Ether; Nitrile,aligned_chunk_64.parquet,1418,669467,C16H15NO,N#CCc1ccc(OCCc2ccccc2)cc1
C16H15NO,0,20368,correct,Alcohol; Alkane; Arene,Alcohol; Alkane; Arene,aligned_chunk_164.parquet,67,237053,C16H15NO,CC(O)c1cc2ccccn2c1-c1ccccc1
C16H15NO,0,26732,false negative,Alkane; Amine; Arene; Ketone,Alkane; Amine; Arene,aligned_chunk_222.parquet,297,448094,C16H15NO,Nc1cccc(CC2Cc3ccccc3C2=O)c1
C16H15NO,0,29191,false negative,Alkane; Arene; Ether; Imine,Alkane; Arene; Imine,aligned_chunk_45.parquet,704,600823,C16H15NO,COc1ccccc1C1=NCCc2ccccc21
C16H15NO,0,46060,correct,Alkane; Arene; Ether,Alkane; Arene; Ether,aligned_chunk_31.parquet,1709,553321,C16H15NO,Cn1ccc2c(OCc3ccccc3)cccc21
C16H15NO,1,48878,mixed error,Alcohol; Alkane; Arene; Phenol,Alcohol; Arene; Haloalkane; Phenol; Sulfide,aligned_chunk_165.parquet,95,240359,C16H15NO,Cc1ccc(Cn2ccc3cccc(O)c32)cc1
C16H15NO,0,69338,correct,Alkane; Arene; Ether,Alkane; Arene; Ether,aligned_chunk_58.parquet,642,646094,C16H15NO,COc1cc2[nH]c(-c3ccccc3)cc2cc1C
C16H15NO,0,75397,mixed error,Alkane; Arene; Ketone,Alkane; Amide; Arene; Ether,aligned_chunk_72.parquet,2872,700013,C16H15NO,Cc1cc(-c2ccc3c(c2)CCCC3=O)ccn1
C15H22N2O2S,1,65379,mixed error,Alkane; Alkene; Amine; Arene; Sulfonamide,Alkane; Amine; Arene; Haloalkane; Sulfonamide,aligned_chunk_75.parquet,2341,709136,C15H22N2O2S,CNS(=O)(=O)CCc1ccc(N)c(C2=CCCCC2)c1
C20H25N3O2,0,17872,false positive,Alkane; Amide; Arene,Alkane; Amide; Arene; Haloalkane,aligned_chunk_197.parquet,1304,355241,C20H25N3O2,CC1(C)CC2CC(C)(CN2C(=O)c2ccc3c(C(N)=O)c[nH]c3c2)C1
C20H25N3O2,0,24851,false positive,Alkane; Amide; Amine; Arene; Ether,Alkane; Amide; Amine; Arene; Ether; Haloalkane,aligned_chunk_183.parquet,1438,306770,C20H25N3O2,COCC(N)C(=O)Nc1ccc2c(c1C)c1ccccc1n2C(C)C
C20H25N3O2,0,32751,false negative,Alcohol; Alkane; Amine; Arene; Ether,Alcohol; Alkane; Amine; Arene,aligned_chunk_7.parquet,94,687539,C20H25N3O2,OCCc1ccc(Nc2nc(OC3CCCC3)nc3c2CCC3)cc1
C20H25N3O2,1,34299,mixed error,Alcohol; Alkane; Alkene; Amide; Arene; Enol,Alcohol; Alkane; Alkene; Arene; Phenol,aligned_chunk_35.parquet,917,565604,C20H25N3O2,CCCCC1C(c2ccccc2)=C(O)C(=O)N1CCCn1ccnc1
C20H25N3O2,0,45087,false negative,Alkane; Amine; Arene; Carbamate; Ether,Alkane; Arene; Carbamate; Ether,aligned_chunk_190.parquet,375,331664,C20H25N3O2,CC(C)(C)OC(=O)N1CCN(c2cncc(-c3ccccc3)c2)CC1
C20H25N3O2,0,47086,false negative,Alcohol; Alkane; Amine; Arene; Ether,Alcohol; Alkane; Amine; Arene,aligned_chunk_206.parquet,2949,392424,C20H25N3O2,COCc1cccc(C)c1CNc1cc(C)cn2c(CO)c(C)nc12
C20H25N3O2,0,49566,mixed error,Alkane; Ketone,Alkane; Ether,aligned_chunk_172.parquet,686,267077,C20H25N3O2,C/C(=N\OCCCc1cccc(C(=O)C(C)C)n1)c1cccc(C)n1
C20H25N3O2,0,72259,false positive,Alkane; Amide; Amine; Arene; Ether,Alkane; Amide; Amine; Arene; Ether; Haloalkane,aligned_chunk_210.parquet,54,405659,C20H25N3O2,CNc1cc(C(=O)N2CCCCC(c3ccc(OC)cc3)C2)ccn1
C20H25N3O2,0,74534,false negative,Alkane; Amine; Arene; Ester; Ether,Alkane; Amine; Arene; Ether,aligned_chunk_160.parquet,2337,226261,C20H25N3O2,COC(=O)C1(c2ccccc2)CCC(CNc2ncccc2N)CC1
C24H33N3O3S,1,64549,false positive,Alkane; Amide; Amine; Arene; Sulfonamide,Alkane; Amide; Amine; Arene; Ether; Haloalkane; Sulfonamide,aligned_chunk_205.parquet,2837,389058,C24H33N3O3S,CC(=O)N1CCN(c2ccc(CN(C(C)(C)C)S(=O)(=O)Cc3ccccc3)cc2)CC1
C10H13ClN4O2,1,68212,mixed error,Alcohol; Alkane; Amine; Haloalkane; Ketone,Alcohol; Alkane; Amine; Arene; Haloalkane,aligned_chunk_146.parquet,113,172056,C10H13ClN4O2,Nc1nc(Cl)cc(NCC2(CO)CC(=O)C2)n1
C15H10O2,1,40925,mixed error,Alkane; Alkene; Arene; Ketone,Aldehyde; Alkane; Arene; Haloalkane,aligned_chunk_244.parquet,62,525607,C15H10O2,CC(=O)C1=CC=C2C(=Cc3ccccc32)C1=O
C19H19Cl2N3OS,1,8698,mixed error,Alcohol; Alkane; Arene; Haloalkane; Sulfide,Alcohol; Alkane; Ether; Haloalkane,aligned_chunk_111.parquet,2136,50875,C19H19Cl2N3OS,CC(C)c1nc(CO)n(Cc2ccncc2)c1Sc1cc(Cl)cc(Cl)c1
C19H19Cl2N3OS,0,36243,false negative,Alcohol; Alkane; Arene; Haloalkane; Sulfide,Alcohol; Alkane; Haloalkane,aligned_chunk_197.parquet,1383,355320,C19H19Cl2N3OS,Cc1nn(C(C)C)c(Sc2cc(Cl)cc(Cl)c2)c1C(O)c1ccncc1
C13H14N2O3,0,7638,false positive,Alkane; Amine; Arene; Ester; Ether,Alkane; Alkene; Amine; Arene; Ester; Ether,aligned_chunk_190.parquet,2844,334133,C13H14N2O3,CCOC(=O)c1cc(-c2ccc(N)c(C)c2)no1
C13H14N2O3,0,8789,mixed error,Alkane; Amide; Arene; Ether; Imide,Alkane; Amide; Arene; Haloalkane; Imide,aligned_chunk_219.parquet,460,435336,C13H14N2O3,COc1ccc2c(c1)CCCC21NC(=O)NC1=O
C13H14N2O3,0,9217,false positive,Alkane; Ester; Ether,Alkane; Amide; Ester; Ether; Imide,aligned_chunk_180.parquet,216,295837,C13H14N2O3,CCOC(=O)c1c[nH]c2nc(CC)ccc2c1=O
C13H14N2O3,0,13823,false negative,Alcohol; Alkane; Arene; Ether; Phenol,Alcohol; Alkane; Ether; Phenol,aligned_chunk_115.parquet,2659,64381,C13H14N2O3,CCCOc1ccccc1-c1nc(O)cc(O)n1
C13H14N2O3,0,17935,mixed error,Alcohol; Aldehyde; Alkane; Arene; Ether; Nitrile,Alcohol; Aldehyde; Alkane; Arene; Haloalkane; Nitrile,aligned_chunk_200.parquet,857,370918,C13H14N2O3,CC1(C)Oc2ccc(C#N)cc2[C@@H](NC=O)[C@@H]1O
C13H14N2O3,0,18077,mixed error,Alcohol; Alkane; Arene; Carboxylic acid; Ether,Alcohol; Alkane; Arene; Carboxylic acid; Haloalkane,aligned_chunk_13.parquet,2321,116004,C13H14N2O3,CCOc1cc(C(=O)O)ccc1-c1cnn(C)c1
C13H14N2O3,0,20057,false positive,Alkane; Arene; Ester; Ether,Alkane; Arene; Ester; Ether; Sulfide,aligned_chunk_160.parquet,1701,225625,C13H14N2O3,CCOc1cc(C(=O)OC)ccc1-c1cn[nH]c1
C13H14N2O3,0,22020,mixed error,Alkane; Amide; Amine; Arene; Ether; Ketone,Alkane; Amide; Arene; Ester; Ether; Ketone,aligned_chunk_190.parquet,575,331864,C13H14N2O3,O=C1CCN(c2ccc3c(c2)NC(=O)CO3)CC1
C13H14N2O3,0,24857,correct,Alkane; Arene; Carbamate; Ether,Alkane; Arene; Carbamate; Ether,aligned_chunk_195.parquet,2317,349835,C13H14N2O3,CCOC(=O)NCc1cc(-c2ccccc2)no1
C13H14N2O3,0,25402,false negative,Alcohol; Alkane; Amine; Arene; Ether,Alcohol; Alkane; Amine; Arene,aligned_chunk_171.parquet,2683,265837,C13H14N2O3,Cc1cc(N)ccc1Oc1ccc(CO)[n+]([O-])c1
C13H14N2O3,1,28903,mixed error,Alkane; Alkene; Ester; Ether,Alcohol; Alkene; Sulfide,aligned_chunk_235.parquet,2089,495308,C13H14N2O3,CCOC(=O)/C=C/c1cnn(C)c1-c1ccoc1
C13H14N2O3,0,34475,false negative,Alkane; Alkene; Amide; Amine; Arene; Enamine; Ester; Ether,Alkane; Amide; Amine; Arene,aligned_chunk_106.parquet,2049,31262,C13H14N2O3,CCOC(=O)C=C1Nc2ccccc2N(C)C1=O
C13H14N2O3,0,35521,correct,Alkane; Arene; Ester; Ether,Alkane; Arene; Ester; Ether,aligned_chunk_128.parquet,1066,108284,C13H14N2O3,CCOC(=O)c1cc(COc2ccccc2)[nH]n1
C13H14N2O3,0,37981,correct,Aldehyde; Alkane; Arene; Ether,Aldehyde; Alkane; Arene; Ether,aligned_chunk_206.parquet,2553,392028,C13H14N2O3,CC(C)(C)OC(=O)n1ncc2cc(C=O)ccc21
C13H14N2O3,0,38471,mixed error,Alkane; Amide; Arene; Ester; Ether; Hydrazone,Alkane; Amide; Arene; Haloalkane; Ketone,aligned_chunk_193.parquet,708,341733,C13H14N2O3,COC(=O)C1=NN(Cc2ccccc2)C(=O)CC1
C13H14N2O3,0,39269,mixed error,Aldehyde; Alkane; Alkene; Amine; Ester; Ether,Aldehyde; Alkane; Alkene; Amine; Imide; Ketone,aligned_chunk_164.parquet,1099,238085,C13H14N2O3,COC(=O)/C=C/c1cc(N)c(C=O)c(C2CC2)n1
C13H14N2O3,0,39859,false positive,Alkane; Arene; Ether,Alkane; Arene; Ether; Haloalkane,aligned_chunk_59.parquet,1737,650389,C13H14N2O3,COc1cc(C2OCCO2)ccc1-n1ccnc1
C13H14N2O3,0,46641,correct,Alkane; Arene; Ether,Alkane; Arene; Ether,aligned_chunk_135.parquet,2150,135210,C13H14N2O3,CCOc1ccc(-c2ccc(=O)[nH]n2)cc1OC
C13H14N2O3,0,47415,mixed error,Alcohol; Alkane; Amide; Arene; Carboxylic acid; Nitrile,Alcohol; Alkane; Arene; Carboxylic acid; Ether; Nitrile,aligned_chunk_85.parquet,1088,743435,C13H14N2O3,CN(C)C(=O)C(Cc1ccc(C#N)cc1)C(=O)O
C13H14N2O3,0,57354,false positive,Alkane; Arene; Ether,Alkane; Arene; Ether; Haloalkane,aligned_chunk_152.parquet,2615,197302,C13H14N2O3,COC(OC)c1cccc(Oc2ncccn2)c1
C13H14N2O3,0,57736,false positive,Alkane; Arene; Ester; Ether,Alkane; Arene; Ester; Ether; Sulfide,aligned_chunk_170.parquet,1672,261546,C13H14N2O3,CC(=O)OCCn1c(C)nc2ccccc2c1=O
C13H14N2O3,0,57792,correct,Alkane; Arene; Ester; Ether,Alkane; Arene; Ester; Ether,aligned_chunk_235.parquet,1196,494415,C13H14N2O3,COCc1nn(-c2ccccc2)cc1C(=O)OC
C13H14N2O3,0,59324,correct,Alkane; Amide; Arene; Ether,Alkane; Amide; Arene; Ether,aligned_chunk_65.parquet,509,671787,C13H14N2O3,CC(=O)NCCOc1cc(-c2ccccc2)on1
C13H14N2O3,0,59753,false positive,Alkane; Amide; Amine; Arene; Ester; Ether,Alkane; Amide; Amine; Arene; Ester; Ether; Haloalkane,aligned_chunk_241.parquet,3047,518871,C13H14N2O3,COC(=O)C1c2ccccc2C2C(=O)NCCN21
C13H14N2O3,0,69560,false negative,Alcohol; Alkane; Arene; Ether; Phenol,Alcohol; Alkane; Arene; Phenol,aligned_chunk_216.parquet,2607,427758,C13H14N2O3,COc1cc2nc(C3CC3)nc(O)c2cc1OC
C14H10N2O3,1,3187,mixed error,Alcohol; Arene; Carboxylic acid; Phenol,Alcohol; Arene; Carboxylic acid; Haloalkane,aligned_chunk_190.parquet,1523,332812,C14H10N2O3,O=C(O)c1ccc(O)c2nc(-c3ccccc3)[nH]c12
C14H10N2O3,0,33715,false positive,Alkane; Arene; Ester; Ether,Alkane; Arene; Ester; Ether; Haloalkane,aligned_chunk_144.parquet,478,165885,C14H10N2O3,COC(=O)c1cccc2nc(-c3cccnc3)oc12
C14H10N2O3,0,66379,false positive,Alkane; Arene; Ester; Ether,Alkane; Arene; Ester; Ether; Haloalkane,aligned_chunk_82.parquet,1193,733856,C14H10N2O3,COC(=O)c1ccc(-c2nc3cnccc3o2)cc1
C20H19BrN2O3,1,2260,correct,Alkane; Arene; Carbamate; Ether; Haloalkane,Alkane; Arene; Carbamate; Ether; Haloalkane,aligned_chunk_48.parquet,2129,612027,C20H19BrN2O3,CCc1noc(-c2ccc(Br)cc2)c1NC(=O)O[C@H](C)c1ccccc1
C20H19BrN2O3,0,29149,correct,Alkane; Arene; Carbamate; Ether; Haloalkane,Alkane; Arene; Carbamate; Ether; Haloalkane,aligned_chunk_99.parquet,43,791180,C20H19BrN2O3,Cc1ccc([C@@H](C)OC(=O)Nc2c(C)noc2-c2ccc(Br)cc2)cc1
C11H14BrN,1,8308,false positive,Alkane; Amine; Arene; Haloalkane,Alkane; Amine; Arene; Ester; Ether; Haloalkane,aligned_chunk_98.parquet,753,788635,C11H14BrN,CC1CNCCc2ccc(Br)cc21
C11H14BrN,0,24145,false negative,Alkane; Amine; Arene; Haloalkane,Alkane; Amine; Arene,aligned_chunk_117.parquet,975,69139,C11H14BrN,CC1(CBr)CCc2ccccc2N1
C11H14BrN,0,38898,false negative,Alkane; Alkene; Amine; Arene; Haloalkane,Alkene; Amine; Arene; Haloalkane,aligned_chunk_243.parquet,1182,523491,C11H14BrN,CN(C)C/C=C/c1ccc(Br)cc1
C24H22F4N2O2,1,4553,mixed error,Alcohol; Alkane; Arene; Ether; Haloalkane; Nitrile,Alcohol; Alkane; Arene; Ether; Nitrile; Sulfone,aligned_chunk_195.parquet,1349,348867,C24H22F4N2O2,Cc1cc(C#N)cc2[nH]c(CC(O)(CC3(C)CCOc4ccc(F)cc43)C(F)(F)F)cc12
C12H20N4,1,35172,false positive,Alkane; Amine; Arene,Alkane; Amine; Arene; Ether,aligned_chunk_8.parquet,2917,725852,C12H20N4,CCN1CCN(c2ccc(N)c(N)c2)CC1
C19H18O2,1,9747,mixed error,Alkane; Arene; Ether,Alkane; Arene; Haloalkane,aligned_chunk_231.parquet,1289,481556,C19H18O2,c1ccc2c(c1)C1CCC2c2c(OCC3CO3)cccc21
C13H12N4O2,0,16893,false negative,Aldehyde; Alkane; Ether,Aldehyde; Alkane,aligned_chunk_243.parquet,1495,523804,C13H12N4O2,COc1cc(-c2cnn(C)c2)cn2ncc(C=O)c12
C13H12N4O2,0,20325,mixed error,Alkane; Amine; Arene; Ester; Ether; Nitrile,Alkane; Amine; Arene; Ester; Ether; Haloalkane,aligned_chunk_214.parquet,2655,421298,C13H12N4O2,CCOC(=O)c1ncn(-c2cccc(C#N)c2)c1N
C13H12N4O2,1,56873,mixed error,Alkane; Amine; Arene; Ester; Ether,Alkane; Amine; Arene; Haloalkane; Ketone,aligned_chunk_99.parquet,2827,793964,C13H12N4O2,CCOC(=O)c1ncc2[nH]c3ccc(N)cc3c2n1
C13H12N4O2,0,59249,false negative,Alcohol; Arene; Hydrazone; Phenol,Alcohol; Arene; Phenol,aligned_chunk_60.parquet,783,656012,C13H12N4O2,O=C(NN=Cc1ncccc1O)Nc1ccccc1
C13H12N4O2,0,75466,mixed error,Alkane; Arene; Ketone,Alkane; Amide; Amine; Arene,aligned_chunk_180.parquet,455,296076,C13H12N4O2,O=C1NCC(=O)c2ncn(Cc3ccccc3)c2N1
C13H12N4O2,0,77091,false negative,Alcohol; Alkane; Arene; Phenol,Alcohol; Alkane; Arene,aligned_chunk_24.parquet,2679,512030,C13H12N4O2,Cc1nn(C)c(O)c1-c1noc(-c2ccccc2)n1
C13H12N4O2,0,79314,correct,Alkane; Amide; Arene; Imide,Alkane; Amide; Arene; Imide,aligned_chunk_96.parquet,2088,783485,C13H12N4O2,O=C1c2ccccc2C(=O)N1CCCn1nccn1
C16H24OS,1,17613,false negative,Aldehyde; Alkane; Arene; Sulfide,Aldehyde; Arene; Sulfide,aligned_chunk_200.parquet,1540,371601,C16H24OS,CCCCCCCCCSc1ccc(C=O)cc1
C11H11ClO4,1,24409,correct,Alcohol; Alkane; Arene; Ester; Ether; Haloalkane; Ketone; Phenol,Alcohol; Alkane; Arene; Ester; Ether; Haloalkane; Ketone; Phenol,aligned_chunk_179.parquet,3196,292335,C11H11ClO4,COC(=O)CCC(=O)c1ccc(O)c(Cl)c1
C25H29N5O2S,0,8098,correct,Alkane; Amine; Arene; Ether; Sulfide,Alkane; Amine; Arene; Ether; Sulfide,aligned_chunk_63.parquet,1977,666883,C25H29N5O2S,CCOc1cc2nc(CN(C)C)nc(Nc3cccc(-c4csc(C)n4)c3)c2cc1OCC
C25H29N5O2S,1,42666,mixed error,Alkane; Amine; Arene; Sulfone,Alkane; Amine; Haloalkane; Sulfone,aligned_chunk_238.parquet,1259,504144,C25H29N5O2S,CCS(=O)(=O)c1cccc(-c2cnc(NC3CCN(C)CC3)c3[nH]c4ncc(C)cc4c23)c1
C17H19ClN2O5,1,45967,false negative,Alcohol; Alkane; Amine; Arene; Carboxylic acid; Ether; Haloalkane,Alcohol; Alkane; Amine; Arene; Carboxylic acid; Haloalkane,aligned_chunk_8.parquet,206,723141,C17H19ClN2O5,O=C(O)c1cn(C2CC2)c2cc(Cl)c(NCCOCCO)cc2c1=O
C8H12N2O,0,3198,correct,Alkane; Amide; Nitrile,Alkane; Amide; Nitrile,aligned_chunk_67.parquet,176,677917,C8H12N2O,CC(=O)N1CCC[C@@H]1CC#N
C8H12N2O,0,7634,false positive,Alcohol; Alkane; Amine; Arene; Hydrazine,Alcohol; Alkane; Amine; Arene; Haloalkane; Hydrazine,aligned_chunk_199.parquet,117,360505,C8H12N2O,NN(CCO)c1ccccc1
C8H12N2O,0,7920,false positive,Alcohol; Alkane,Alcohol; Alkane; Sulfide,aligned_chunk_58.parquet,2521,647973,C8H12N2O,OCc1nccn1CC1CC1
C8H12N2O,0,8107,correct,Alkane; Amine,Alkane; Amine,aligned_chunk_151.parquet,1315,192718,C8H12N2O,Cc1cc(C)c(CN)c(=O)[nH]1
C8H12N2O,0,9796,correct,Alkane; Amine; Arene; Ether,Alkane; Amine; Arene; Ether,aligned_chunk_45.parquet,2919,603038,C8H12N2O,CCOc1ccc(N)cc1N
C8H12N2O,0,11041,correct,Alcohol; Alkane; Phenol,Alcohol; Alkane; Phenol,aligned_chunk_112.parquet,368,52317,C8H12N2O,CC(C)(C)c1cc(O)ncn1
C8H12N2O,0,16690,false positive,Alkane; Amine,Alkane; Amine; Sulfide,aligned_chunk_139.parquet,1943,147931,C8H12N2O,c1coc(N2CCNCC2)c1
C8H12N2O,0,16782,false negative,Alkane; Alkene; Amide; Amine,Alkane; Amide; Amine,aligned_chunk_85.parquet,2148,744495,C8H12N2O,NC(=O)[C@@H]1[C@H](N)[C@@H]2C=C[C@H]1C2
C8H12N2O,0,18462,false negative,Alkane; Amine; Arene; Ether; Hydrazine,Amine; Arene; Hydrazine,aligned_chunk_4.parquet,926,581752,C8H12N2O,COc1cc(NN)ccc1C
C8H12N2O,0,26874,false positive,Alcohol; Alkane; Amine,Alcohol; Alkane; Amine; Haloalkane,aligned_chunk_79.parquet,2657,722382,C8H12N2O,CN(C)c1ccc(CO)cn1
C8H12N2O,0,30564,false negative,Alkane; Amine; Ether,Amine,aligned_chunk_89.parquet,3156,758550,C8H12N2O,COCc1ccc(N)nc1C
C8H12N2O,0,32090,correct,Alcohol; Alkane; Phenol,Alcohol; Alkane; Phenol,aligned_chunk_65.parquet,1426,672704,C8H12N2O,Cc1c(O)ncnc1C(C)C
C8H12N2O,0,37209,correct,Alcohol; Alkane; Amine,Alcohol; Alkane; Amine,aligned_chunk_120.parquet,1934,83102,C8H12N2O,Cc1cccc([C@H](O)CN)n1
C8H12N2O,0,37586,mixed error,Alkane; Amine; Arene; Ether; Hydrazine,Amide; Amine; Arene; Hydrazine,aligned_chunk_239.parquet,2001,508087,C8H12N2O,CCOc1ccccc1NN
C8H12N2O,0,42228,correct,Alkane,Alkane,aligned_chunk_129.parquet,1064,111533,C8H12N2O,CCCc1c(C)nc[nH]c1=O
C8H12N2O,1,43201,mixed error,Alkane; Ketone,Alkane; Amine; Ester; Ether,aligned_chunk_2.parquet,1823,365501,C8H12N2O,CCCC(=O)c1cn[nH]c1C
C8H12N2O,0,44639,correct,Alcohol; Alkane; Amine,Alcohol; Alkane; Amine,aligned_chunk_39.parquet,499,578133,C8H12N2O,Nc1ccc(CCCO)cn1
C8H12N2O,0,52869,false positive,Alkane; Ether; Nitrile,Alkane; Ester; Ether; Nitrile,aligned_chunk_99.parquet,1508,792645,C8H12N2O,CCOC(=NCC#N)C1CC1
C8H12N2O,0,60692,false positive,Alkane; Alkene; Amine; Enamine; Ketone; Nitrile,Alkane; Alkene; Amine; Enamine; Ester; Ether; Ketone; Nitrile,aligned_chunk_71.parquet,1693,695588,C8H12N2O,CCC(=O)C(C#N)=CN(C)C
C8H12N2O,0,63529,false positive,Alkane; Amide,Alkane; Amide; Amine,aligned_chunk_104.parquet,2621,25332,C8H12N2O,CC(=O)NCc1ccc(C)[nH]1
C8H12N2O,0,64084,correct,Alkane; Amine,Alkane; Amine,aligned_chunk_29.parquet,2897,544718,C8H12N2O,Cc1cc(CN)c(C)c(=O)[nH]1
C8H12N2O,0,71004,mixed error,Alkane; Amine; Arene; Ether; Hydrazine,Arene; Haloalkane; Hydrazine,aligned_chunk_97.parquet,2706,787343,C8H12N2O,COc1ccc(NN)c(C)c1
C8H12N2O,0,72119,false negative,Alkane; Amine; Ether,Alkane; Amine,aligned_chunk_186.parquet,1755,316808,C8H12N2O,CC(C)Oc1ccncc1N
C9H9BrN2,0,5127,mixed error,Alkane; Alkene; Amine; Haloalkane,Alkane; Ether; Haloalkane,aligned_chunk_6.parquet,806,652802,C9H9BrN2,Brc1ccc(N2CC=CC2)nc1
C9H9BrN2,0,5145,false positive,Alkane; Amine; Arene; Haloalkane; Nitrile,Alkane; Amine; Arene; Ether; Haloalkane; Nitrile,aligned_chunk_10.parquet,462,6970,C9H9BrN2,CN(C)c1ccc(C#N)cc1Br
C9H9BrN2,0,30605,correct,Alkane; Amine; Arene; Haloalkane,Alkane; Amine; Arene; Haloalkane,aligned_chunk_105.parquet,2194,28149,C9H9BrN2,Brc1cccc(C2=NCCN2)c1
C9H9BrN2,0,52018,false negative,Alkane; Arene; Haloalkane,Arene; Haloalkane,aligned_chunk_231.parquet,2147,482414,C9H9BrN2,Cc1nn(C)c2cc(Br)ccc12
C9H9BrN2,1,61161,mixed error,Alkane; Arene; Haloalkane,Alkane; Ester; Ether,aligned_chunk_180.parquet,761,296382,C9H9BrN2,Cc1cc2c(cnn2C)cc1Br
C18H21N5O2,0,634,false positive,Alkane; Ester; Ether,Alkane; Alkene; Ester; Ether; Ketone,aligned_chunk_201.parquet,2118,375414,C18H21N5O2,CCCc1nc(-c2cccnc2)cn2c(C(C)C(=O)OCC)nnc12
C18H21N5O2,0,11009,false positive,Alcohol; Alkane; Arene; Ether,Alcohol; Alkane; Amine; Arene; Ether; Haloalkane,aligned_chunk_216.parquet,2766,427917,C18H21N5O2,CC(O)c1ccc2c(c1)-c1nc(-c3ncnn3C(C)C)cn1CCO2
C18H21N5O2,1,20618,mixed error,Alkane; Amine; Arene; Ether,Alkane; Amide; Amine; Arene; Imide,aligned_chunk_113.parquet,2043,57245,C18H21N5O2,COc1ccc(Nc2ncc3c(n2)N(C2CCCC2)C(=O)NC3)cc1
C18H21N5O2,0,21683,false positive,Alcohol; Alkane; Arene; Ether,Alcohol; Alkane; Amine; Arene; Ether; Haloalkane,aligned_chunk_104.parquet,1324,24035,C18H21N5O2,CC(O)c1ccc2c(c1)-c1nc(-c3ncnn3C(C)C)cn1CCO2
C18H21N5O2,0,25619,false positive,Alkane; Amine; Arene; Ether,Alkane; Amide; Amine; Arene; Ether,aligned_chunk_132.parquet,308,123651,C18H21N5O2,CCn1c(Cc2nc(N3CCOCC3)cc(=O)[nH]2)nc2ccccc21
C18H21N5O2,0,36292,mixed error,Alcohol; Alkane; Amine; Arene; Ether; Nitrile,Alcohol; Alkane; Alkyne; Amine; Carbamate; Ether; Nitrile,aligned_chunk_66.parquet,2838,677379,C18H21N5O2,CCN1CCN([C@@H]2c3cc(C#N)ccc3OC(C)(C)[C@H]2O)C1=NC#N
C18H21N5O2,0,40225,correct,Alkane; Amine; Arene; Carbamate; Ether,Alkane; Amine; Arene; Carbamate; Ether,aligned_chunk_205.parquet,3177,389398,C18H21N5O2,CC(C)(C)OC(=O)NCc1cccc(-c2ccc3c(N)ncnn23)c1
C18H21N5O2,0,42110,false positive,Alkane; Arene,Alkane; Amide; Amine; Arene; Sulfide,aligned_chunk_139.parquet,3161,149149,C18H21N5O2,O=C1Nc2ccccc2CCN1C1CCN(C(=O)n2ccnc2)CC1
C18H21N5O2,0,52236,false negative,Alkane; Amine; Arene; Ester; Ether,Alkane; Amine; Arene,aligned_chunk_211.parquet,1413,410260,C18H21N5O2,CC(C)(C)C(=O)OCCc1c(-c2ccccc2)nc(N)n2ncnc12
C18H21N5O2,0,55036,false positive,Alkane; Amine; Carbamate; Ether; Nitrile,Alkane; Alkene; Amine; Carbamate; Enamine; Ether; Ketone; Nitrile,aligned_chunk_81.parquet,704,730100,C18H21N5O2,CC(C)(C)OC(=O)N1CC[C@H](Nc2nc(C#N)cc3cccnc23)C1
C18H21N5O2,0,59360,false negative,Alkane; Amide; Amine; Arene; Ether,Alkane; Amide; Amine,aligned_chunk_60.parquet,619,655848,C18H21N5O2,CCOCc1nc2c(N)nc3ccccc3c2n1CC1(C(N)=O)CC1
C18H21N5O2,0,68754,false negative,Alkane; Amide; Amine; Arene; Ether; Hydrazone,Alkane; Amine; Arene; Ether,aligned_chunk_235.parquet,1739,494958,C18H21N5O2,C[C@H]1C(=O)NN=C2COc3cc4ccn([C@]5(C)CCNC5)c4cc3N21
C18H21N5O2,0,76010,false positive,Alcohol; Alkane; Amine; Arene; Carboxylic acid,Alcohol; Alkane; Amide; Amine; Arene; Carboxylic acid,aligned_chunk_196.parquet,2983,353719,C18H21N5O2,CN(C)CCNc1ccc(-c2nn(CC(=O)O)c3ncccc23)cc1
C18H21N5O2,0,76537,mixed error,Alcohol; Alkane; Amine; Arene; Ether; Phenol,Alcohol; Alkane; Amine; Arene; Haloalkane; Phenol,aligned_chunk_24.parquet,1872,511223,C18H21N5O2,CCOc1ccc(-c2nn(C3CCCC3)c3ncnc(N)c23)cc1O
C15H12N2O,1,12838,mixed error,Alkane; Arene; Ketone,Alkane; Amide; Arene; Sulfide,aligned_chunk_106.parquet,242,29455,C15H12N2O,Cc1ccc2nc(C(=O)c3ccccc3)cn2c1
C15H12N2O,0,17725,false positive,Aldehyde; Alkane; Arene,Aldehyde; Alkane; Arene; Ether,aligned_chunk_124.parquet,1289,95455,C15H12N2O,Cc1ccc2nc(-c3ccc(C=O)cc3)cn2c1
C15H12N2O,0,23383,mixed error,Alkane; Arene; Ether,Arene; Haloalkane,aligned_chunk_14.parquet,1460,150704,C15H12N2O,Cc1ccc(Oc2ncnc3ccccc23)cc1
C15H12N2O,0,29818,false positive,Amide; Arene,Amide; Arene; Haloalkane,aligned_chunk_110.parquet,2997,48478,C15H12N2O,NC(=O)c1cc(-c2ccccc2)cc2cc[nH]c12
C15H12N2O,0,36871,false positive,Aldehyde; Alkane; Arene,Aldehyde; Alkane; Alkene; Amide; Arene; Ether,aligned_chunk_129.parquet,3148,113617,C15H12N2O,Cc1nc2cc(C=O)ccc2n1-c1ccccc1
C15H12N2O,0,38861,mixed error,Alkane; Alkene; Amine; Arene; Enamine; Ketone; Nitrile,Alkane; Alkene; Amine; Arene; Enamine; Haloalkane; Nitrile,aligned_chunk_135.parquet,2908,135968,C15H12N2O,N#Cc1ccc2c(c1)CCC1=C(NCC=C1)C2=O
C15H12N2O,0,56812,mixed error,Alkane; Arene; Ether,Alkane; Arene; Haloalkane,aligned_chunk_183.parquet,2750,308082,C15H12N2O,COc1ccc(-c2cc3ncccc3cn2)cc1
C9H11BrN2O2S,0,38162,correct,Alkane; Amine; Ester; Ether; Haloalkane; Sulfide,Alkane; Amine; Ester; Ether; Haloalkane; Sulfide,aligned_chunk_216.parquet,254,425405,C9H11BrN2O2S,COC(=O)c1scc(Br)c1N=CN(C)C
C9H11BrN2O2S,1,48369,false negative,Alkane; Amine; Haloalkane; Sulfone,Alkane; Haloalkane; Sulfone,aligned_chunk_31.parquet,3193,554805,C9H11BrN2O2S,O=S1(=O)CCN(c2ccc(Br)cn2)CC1
C9H16O,0,1990,correct,Alkane; Alkene; Ketone,Alkane; Alkene; Ketone,aligned_chunk_104.parquet,946,23657,C9H16O,CCCCC(=O)C=C(C)C
C9H16O,1,3168,false positive,Aldehyde; Alkane,Aldehyde; Alkane; Ester; Ether,aligned_chunk_111.parquet,800,49539,C9H16O,CC1(C)CCC(C=O)CC1
C9H16O,0,19054,correct,Aldehyde; Alkane,Aldehyde; Alkane,aligned_chunk_184.parquet,1924,310476,C9H16O,CC1(C)CCCCC1C=O
C9H16O,0,23488,false positive,Alkane; Alkene; Ketone,Alkane; Alkene; Ether; Ketone; Sulfide,aligned_chunk_143.parquet,1284,163417,C9H16O,CC(=O)C=CCC(C)(C)C
C9H16O,0,37953,false positive,Aldehyde; Alkane; Alkene,Aldehyde; Alkane; Alkene; Ether,aligned_chunk_221.parquet,1597,446158,C9H16O,CCCCC/C(C)=C/C=O
C9H16O,0,48593,correct,Aldehyde; Alkane; Alkene,Aldehyde; Alkane; Alkene,aligned_chunk_222.parquet,1355,449152,C9H16O,CCCCCC(C)=CC=O
C9H16O,0,55883,correct,Alcohol; Alkane; Alkyne,Alcohol; Alkane; Alkyne,aligned_chunk_63.parquet,2134,667040,C9H16O,C#CC(O)(CCC)CCC
C9H16O,0,73984,correct,Alcohol; Alkane,Alcohol; Alkane,aligned_chunk_240.parquet,3081,515627,C9H16O,OCCC1CC2CCC1C2
C13H21N,1,72295,correct,Alkane; Amine; Arene,Alkane; Amine; Arene,aligned_chunk_112.parquet,1900,53849,C13H21N,CCCNC(C)(C)Cc1ccccc1
C13H21N,0,78043,correct,Alkane,Alkane,aligned_chunk_243.parquet,2387,524696,C13H21N,CCCCCCCCc1cccnc1
C8H7N3O,1,213,mixed error,Aldehyde; Alkane,Alkane; Arene; Haloalkane; Sulfide,aligned_chunk_98.parquet,2368,790250,C8H7N3O,Cc1nc2c(C=O)cccn2n1
C8H7N3O,0,1622,correct,Alkane; Amide; Hydrazone,Alkane; Amide; Hydrazone,aligned_chunk_196.parquet,2913,353649,C8H7N3O,O=C1CC(c2ccccn2)=NN1
C8H7N3O,0,3655,correct,Aldehyde; Alkane; Arene,Aldehyde; Alkane; Arene,aligned_chunk_213.parquet,669,416044,C8H7N3O,Cn1nnc2cccc(C=O)c21
C8H7N3O,0,14580,mixed error,Amine; Arene,Alkane; Amine; Ester; Ether,aligned_chunk_195.parquet,1355,348873,C8H7N3O,Nc1ccc(-c2ncon2)cc1
C8H7N3O,0,28047,false positive,Amide,Amide; Haloalkane,aligned_chunk_163.parquet,2516,236257,C8H7N3O,NC(=O)c1cc2cnccc2[nH]1
C8H7N3O,0,29843,false negative,Alkane; Nitrile,Alkane,aligned_chunk_138.parquet,1469,144215,C8H7N3O,CON=C(C#N)c1cccnc1
C8H7N3O,0,34770,false positive,Alkane; Amine; Arene,Alkane; Amine; Arene; Ether,aligned_chunk_130.parquet,2062,118988,C8H7N3O,Cc1cc2c(cc1N)=NC(=O)N=2
C8H7N3O,0,42521,mixed error,Alkane,Amine; Haloalkane; Sulfide,aligned_chunk_93.parquet,1773,773420,C8H7N3O,Cc1nc2ccncc2[nH]c1=O
C8H7N3O,0,44791,correct,Aldehyde; Alkane,Aldehyde; Alkane,aligned_chunk_69.parquet,1876,686103,C8H7N3O,Cc1n[nH]c2ncc(C=O)cc12
C8H7N3O,0,52054,false negative,Alkene; Imine,,aligned_chunk_61.parquet,2018,660454,C8H7N3O,O=C(C1C=CN=C1)n1ccnc1
C8H7N3O,0,56375,correct,Alkane; Arene; Ketone,Alkane; Arene; Ketone,aligned_chunk_180.parquet,504,296125,C8H7N3O,CC(=O)c1cccc(N=[N+]=[N-])c1
C8H7N3O,0,56999,mixed error,Alkane,Haloalkane; Ketone,aligned_chunk_91.parquet,1399,766541,C8H7N3O,Cc1nc2cnccc2[nH]c1=O
C8H7N3O,0,62500,false positive,,Alcohol; Arene; Imide,aligned_chunk_154.parquet,1465,202606,C8H7N3O,On1ccc(-c2ccccn2)n1
C22H18O3,1,15134,correct,Alcohol; Alkane; Alkene; Arene; Ether; Phenol,Alcohol; Alkane; Alkene; Arene; Ether; Phenol,aligned_chunk_8.parquet,2309,725244,C22H18O3,COc1ccc2c(c1)OCC(c1ccccc1)=C2c1ccc(O)cc1
C21H29NO3,0,30892,correct,Alcohol; Alkane; Amide; Arene; Carboxylic acid,Alcohol; Alkane; Amide; Arene; Carboxylic acid,aligned_chunk_45.parquet,1468,601587,C21H29NO3,CC(C)c1ccc(C2CC(C(=O)O)CN(C(=O)C3CCCC3)C2)cc1
C21H29NO3,0,44381,correct,Alkane; Alkene; Amide; Arene; Ester; Ether,Alkane; Alkene; Amide; Arene; Ester; Ether,aligned_chunk_225.parquet,297,457826,C21H29NO3,C=CC[C@@H](C)C(=O)OC[C@H](NC(=O)C(C)(C)CC=C)c1ccccc1
C21H29NO3,1,50415,mixed error,Alcohol; Alkane; Alkene; Arene; Carbamate; Ether,Alcohol; Alkane; Amide; Arene; Carbamate; Ether,aligned_chunk_234.parquet,1264,491240,C21H29NO3,CC(C)(C)OC(=O)NC1C2CCC1Cc1cc(C=CCO)ccc1C2
C21H29NO3,0,52755,false negative,Alkane; Alkyne; Amine; Arene; Ester; Ether,Alkane; Amine; Arene; Ester; Ether,aligned_chunk_167.parquet,3071,249875,C21H29NO3,COCCCCCC#Cc1ccc([C@H]2CC[C@](N)(C(=O)OC)C2)cc1
C21H29NO3,0,69381,correct,Alcohol; Alkane; Arene; Carbamate; Ether; Phenol,Alcohol; Alkane; Arene; Carbamate; Ether; Phenol,aligned_chunk_130.parquet,1841,118767,C21H29NO3,CC(C)(C)OC(=O)N1CC[C@]23CCCC[C@H]2[C@H]1Cc1ccc(O)cc13
C12H11N3,0,12563,correct,Alkane; Amine; Arene; Nitrile,Alkane; Amine; Arene; Nitrile,aligned_chunk_191.parquet,1097,335632,C12H11N3,Cc1c(-c2ccccc2)[nH]c(N)c1C#N
C12H11N3,1,25758,mixed error,Alkane; Amine; Arene; Nitrile,Arene; Haloalkane; Sulfide,aligned_chunk_76.parquet,170,710187,C12H11N3,CN(C)c1nc(C#N)cc2ccccc12
C12H11N3,0,35288,mixed error,Alkane; Arene; Nitrile,Alkane; Amine; Arene,aligned_chunk_183.parquet,2757,308089,C12H11N3,N#CCc1nccn1Cc1ccccc1
C12H11N3,0,48356,mixed error,Amine; Arene,Arene; Hydrazone,aligned_chunk_115.parquet,1012,62734,C12H11N3,c1ccc(N=NNc2ccccc2)cc1
C12H11N3,0,76543,false positive,Alkane; Arene; Nitrile,Alkane; Arene; Ether; Nitrile,aligned_chunk_189.parquet,1708,326507,C12H11N3,Cc1cnc(Cc2ccc(C#N)cc2)[nH]1
C12H11N3,0,79236,correct,Alkane; Arene,Alkane; Arene,aligned_chunk_23.parquet,983,474702,C12H11N3,[N-]=[N+]=NCCc1cccc2ccccc12
C9H13N3,0,47539,correct,Alkane; Amine,Alkane; Amine,aligned_chunk_116.parquet,71,65033,C9H13N3,c1ccc(NCC2CNC2)nc1
C9H13N3,0,54713,correct,Alkane; Amine,Alkane; Amine,aligned_chunk_47.parquet,1407,608056,C9H13N3,c1cncc(N2CCNCC2)c1
C9H13N3,1,63065,false positive,Alkane; Amine; Nitrile,Alkane; Amine; Nitrile; Sulfide,aligned_chunk_185.parquet,581,312401,C9H13N3,CC(C)(C)n1cc(C#N)cc1N
C12H11NO3,0,446,false positive,Alkane; Arene; Ester; Ether; Isocyanate,Alkane; Amide; Arene; Ester; Ether; Isocyanate,aligned_chunk_184.parquet,1238,309790,C12H11NO3,COC(=O)[C@]1(N=C=O)CCc2ccccc21
C12H11NO3,0,1244,correct,Alcohol; Alkane; Arene; Ester; Ether; Phenol,Alcohol; Alkane; Arene; Ester; Ether; Phenol,aligned_chunk_111.parquet,1320,50059,C12H11NO3,COC(=O)c1ccc(-n2cccc2)c(O)c1
C12H11NO3,0,5081,correct,Alcohol; Alkane; Alkyne; Amide; Arene; Carboxylic acid,Alcohol; Alkane; Alkyne; Amide; Arene; Carboxylic acid,aligned_chunk_88.parquet,1766,753901,C12H11NO3,C#CCC(NC(=O)c1ccccc1)C(=O)O
C12H11NO3,0,15198,false negative,Alcohol; Alkane; Arene; Carboxylic acid,Alcohol; Arene; Carboxylic acid,aligned_chunk_133.parquet,30,126600,C12H11NO3,O=C(O)c1cccc2oc(C3CCC3)nc12
C12H11NO3,0,20391,mixed error,Alcohol; Alkane; Arene; Ester; Ether; Phenol,Alcohol; Alkane; Alkene; Arene; Ether; Phenol,aligned_chunk_160.parquet,3249,227173,C12H11NO3,COC(=O)c1cc(O)c2ccc(C)cc2n1
C12H11NO3,0,32577,false positive,Alkane; Arene; Ester; Ether,Alkane; Arene; Ester; Ether; Haloalkane,aligned_chunk_90.parquet,1618,763470,C12H11NO3,COC(=O)c1oc(-c2ccccc2)nc1C
C12H11NO3,1,37531,mixed error,Alkane; Arene; Ester; Ether; Ketone; Nitrile,Alkane; Amide; Amine; Arene; Nitrile,aligned_chunk_181.parquet,2336,301223,C12H11NO3,CCOC(=O)C(=O)Cc1ccc(C#N)cc1
C12H11NO3,0,41667,false positive,Alcohol; Alkane; Arene; Carboxylic acid,Alcohol; Alkane; Arene; Carboxylic acid; Ether; Haloalkane,aligned_chunk_167.parquet,1889,248693,C12H11NO3,Cc1cc(C)c2c(=O)cc(C(=O)O)[nH]c2c1
C12H11NO3,0,43305,mixed error,Alkane; Ether; Ketone,Alkane; Amine; Ketone,aligned_chunk_136.parquet,900,137218,C12H11NO3,COc1ccc(CC(=O)c2ccco2)cn1
C12H11NO3,0,44145,false negative,Aldehyde; Alkane; Arene; Ester; Ether,Alkane; Arene; Ester; Ether,aligned_chunk_146.parquet,71,172014,C12H11NO3,CCOC(=O)c1[nH]c2ccccc2c1C=O
C12H11NO3,0,50297,mixed error,Alcohol; Alkane; Alkyne; Amide; Arene; Ether; Phenol,Alcohol; Alkane; Arene; Ether; Haloalkane,aligned_chunk_223.parquet,2285,453323,C12H11NO3,C#CCOc1ccc(O)c2c1NC(=O)CC2
C12H11NO3,0,51517,correct,Aldehyde; Alkane; Arene; Ether,Aldehyde; Alkane; Arene; Ether,aligned_chunk_14.parquet,2598,151842,C12H11NO3,COc1cc(=O)n(CC=O)c2ccccc12
C12H11NO3,0,61695,false negative,Alcohol; Alkane; Arene; Carboxylic acid; Ether,Alcohol; Alkane; Arene; Carboxylic acid,aligned_chunk_130.parquet,1460,118386,C12H11NO3,COc1ncc(C(=O)O)c2c(C)cccc12
C12H11NO3,0,61710,false negative,Alkane; Alkene; Amide; Arene; Ether; Imide,Alkene; Amide; Arene; Imide,aligned_chunk_12.parquet,1283,79202,C12H11NO3,COc1cccc(C2=CC(=O)N(C)C2=O)c1
C12H11NO3,0,65509,false positive,Alkane; Arene; Ester; Ether,Alkane; Arene; Ester; Ether; Haloalkane,aligned_chunk_43.parquet,311,594118,C12H11NO3,CC(=O)OCc1cc2ccccc2[nH]c1=O
C12H11NO3,0,68033,mixed error,Aldehyde; Alkane; Arene; Ether,Aldehyde; Alkane; Alkene; Ester; Ether,aligned_chunk_90.parquet,1704,763556,C12H11NO3,CCOC(=O)n1cc(C=O)c2ccccc21
C12H11NO3,0,71907,mixed error,Aldehyde; Alkane; Alkene; Arene,Alcohol; Alkene; Arene,aligned_chunk_210.parquet,2895,408500,C12H11NO3,C=CCCn1c(=O)oc2cc(C=O)ccc21
C13H23NO2,0,14138,false negative,Alkane; Alkene; Amine; Ester; Ether,Alkane; Alkene; Ester; Ether,aligned_chunk_171.parquet,1748,264902,C13H23NO2,CCOC(=O)C=C1CCN(C(C)(C)C)CC1
C13H23NO2,0,18994,false negative,Alkane; Alkene; Amine; Ester; Ether,Alkane; Alkene; Ester; Ether,aligned_chunk_188.parquet,4,321634,C13H23NO2,CCCCN1CCC(=CC(=O)OCC)CC1
C13H23NO2,0,28565,correct,Alkane; Ether; Nitrile,Alkane; Ether; Nitrile,aligned_chunk_172.parquet,868,267259,C13H23NO2,CCOC(CC1(C#N)CCCCC1)OCC
C13H23NO2,0,41313,correct,Alkane; Amine; Ester; Ether,Alkane; Amine; Ester; Ether,aligned_chunk_163.parquet,1786,235527,C13H23NO2,CCOC(=O)CC1CCN(C2CCC2)CC1
C13H23NO2,0,42016,false negative,Alkane; Alkene; Amine; Ester; Ether,Alkane; Amine; Ester; Ether,aligned_chunk_78.parquet,2776,719257,C13H23NO2,CC(C)(C)OC(=O)C(C)(N)C1C=CCCC1
C13H23NO2,0,42957,correct,Alkane; Ester; Ether; Nitrile,Alkane; Ester; Ether; Nitrile,aligned_chunk_7.parquet,3033,690478,C13H23NO2,CCCCCCCCCCOC(=O)CC#N
C13H23NO2,1,57667,mixed error,Alkane; Alkene; Amide; Ether,Alkane; Alkene; Amide; Sulfide,aligned_chunk_6.parquet,2676,654672,C13H23NO2,CO/C(C)=C\C(=O)NC1CCCCCCC1
C13H23NO2,0,77060,false negative,Alkane; Ether; Ketone; Nitrile,Alkane; Ketone; Nitrile,aligned_chunk_165.parquet,3024,243288,C13H23NO2,CCCCCCCCC(C#N)C(=O)COC
C11H15NO3,0,14810,mixed error,Alcohol; Alkane; Amine; Arene; Carboxylic acid; Ether,Alcohol; Alkane; Amine; Arene; Carboxylic acid; Haloalkane,aligned_chunk_3.parquet,2664,547775,C11H15NO3,COc1ccc(C[C@@](C)(N)C(=O)O)cc1
C11H15NO3,0,19983,correct,Alkane; Ether,Alkane; Ether,aligned_chunk_127.parquet,2013,105958,C11H15NO3,COC1CC(c2ccncc2)C(OC)O1
C11H15NO3,0,31977,false positive,Alkane; Arene; Carbamate; Ether,Alkane; Arene; Carbamate; Ether; Haloalkane,aligned_chunk_223.parquet,1744,452782,C11H15NO3,COC(=O)N(OC)c1c(C)cccc1C
C11H15NO3,0,34813,false negative,Alkane; Alkene; Carbamate; Ether; Ketone,Alkane; Alkene; Carbamate; Ether,aligned_chunk_67.parquet,2102,679843,C11H15NO3,C=CCOC(=O)N1CC=C(C(C)=O)CC1
C11H15NO3,1,40143,mixed error,Alcohol; Alkane; Carboxylic acid; Ketone,Alcohol; Alkane; Carboxylic acid; Ester; Ether,aligned_chunk_91.parquet,2752,767894,C11H15NO3,CC(=O)c1c(C)[nH]c(C(C)C(=O)O)c1C
C11H15NO3,0,41512,false positive,Alcohol; Alkane; Arene; Carbamate; Ether; Phenol,Alcohol; Alkane; Arene; Carbamate; Ether; Haloalkane; Phenol,aligned_chunk_119.parquet,1663,76287,C11H15NO3,CC(C)(C)OC(=O)Nc1cccc(O)c1
C11H15NO3,0,41849,false negative,Alcohol; Alkane; Amide; Arene; Ether,Alcohol; Alkane; Amide; Arene,aligned_chunk_46.parquet,217,603605,C11H15NO3,COc1ccc(C(=O)NCC(C)O)cc1
C11H15NO3,0,46985,correct,Alkane; Alkene; Ester; Ether; Nitrile,Alkane; Alkene; Ester; Ether; Nitrile,aligned_chunk_149.parquet,1823,183587,C11H15NO3,CCOC(=O)C(C#N)=C(OCC)C1CC1
C11H15NO3,0,52064,false positive,Alcohol; Alkane; Amine; Arene; Carboxylic acid; Ether,Alcohol; Alkane; Amine; Arene; Carboxylic acid; Ether; Haloalkane,aligned_chunk_71.parquet,190,694085,C11H15NO3,CCOc1ccc(C[C@H](N)C(=O)O)cc1
C11H15NO3,0,53582,false positive,Alcohol; Alkane; Carboxylic acid; Ether,Alcohol; Aldehyde; Alkane; Carboxylic acid; Ester; Ether,aligned_chunk_179.parquet,216,289355,C11H15NO3,COc1cnc(C(C)(C)C)cc1C(=O)O
C11H15NO3,0,54504,correct,Alkane; Arene; Carbamate; Ether,Alkane; Arene; Carbamate; Ether,aligned_chunk_49.parquet,2483,615558,C11H15NO3,CCOC(=O)Nc1ccc(OCC)cc1
C11H15NO3,0,55514,correct,Alkane; Ester; Ether,Alkane; Ester; Ether,aligned_chunk_109.parquet,1932,40891,C11H15NO3,COC(=O)C(C)(C)COc1ccncc1
C11H15NO3,0,56528,mixed error,Alcohol; Alkane; Amine; Arene; Ether,Alcohol; Alkane; Alkene; Amine; Arene; Phenol,aligned_chunk_234.parquet,2487,492463,C11H15NO3,COc1ccc2c(c1)[C@@H](O)[C@H](N)CCO2
C11H15NO3,0,65695,false negative,Alcohol; Alkane; Amine; Arene; Carboxylic acid; Phenol,Alcohol; Amine; Arene; Carboxylic acid; Phenol,aligned_chunk_233.parquet,1669,488433,C11H15NO3,Cc1cc(O)cc(C)c1C[C@H](N)C(=O)O
C11H15NO3,0,66515,false negative,Alkane; Ester; Ether; Ketone,Alkane; Ester; Ether,aligned_chunk_185.parquet,2749,314569,C11H15NO3,CCOC(=O)c1[nH]c(C)c(C(C)=O)c1C
C11H15NO3,0,71388,correct,Alcohol; Alkane; Amine; Arene; Ether,Alcohol; Alkane; Amine; Arene; Ether,aligned_chunk_119.parquet,291,74915,C11H15NO3,CNCC(O)c1ccc2c(c1)OCCO2
C11H15NO3,0,76847,false positive,Aldehyde; Alkane; Ether,Aldehyde; Alkane; Ester; Ether; Haloalkane,aligned_chunk_121.parquet,3066,87451,C11H15NO3,CCOC(OCC)c1ccc(C=O)nc1
C22H29BrN8,1,6081,false negative,Alkane; Amine; Haloalkane,Alkane; Amine,aligned_chunk_22.parquet,361,438467,C22H29BrN8,NC1CCC(Nc2nc(NCc3ccc(Br)nc3)c3ncn(C4CCCC4)c3n2)CC1
C15H19NO,0,25546,correct,Alkane; Amide; Arene,Alkane; Amide; Arene,aligned_chunk_138.parquet,2770,145516,C15H19NO,CN1C(=O)CC[C@@]2(C)c3ccccc3CC[C@H]12
C15H19NO,0,30366,mixed error,Alkane; Ether,Alkane; Haloalkane,aligned_chunk_124.parquet,2453,96619,C15H19NO,c1ccn2c(COC3CCCCC3)ccc2c1
C15H19NO,0,33275,correct,Alkane; Alkene; Amine; Arene; Enamine; Ether,Alkane; Alkene; Amine; Arene; Enamine; Ether,aligned_chunk_213.parquet,2938,418313,C15H19NO,COc1ccc2c(c1)C=C(N1CCCC1)CC2
C15H19NO,1,45660,mixed error,Alkane; Alkene; Amine; Arene; Enamine; Ketone,Alkane; Amide; Amine; Arene; Ketone,aligned_chunk_155.parquet,421,204796,C15H19NO,CCCN1C=C(C(=O)c2ccccc2)CCC1
C15H19NO,0,50977,false negative,Alkane; Alkene; Amine; Arene; Enamine; Ketone,Alkane; Alkene; Arene; Enamine; Ketone,aligned_chunk_146.parquet,1243,173186,C15H19NO,CN(C)C=C1CC(C)(C)c2ccccc2C1=O
C15H19NO,0,51100,false positive,Alkane; Arene; Ether,Alkane; Amine; Arene; Ether; Haloalkane,aligned_chunk_70.parquet,1933,692589,C15H19NO,CCc1cc2cc(OC3CCCC3)ccc2[nH]1
C25H29N5O3,1,8409,mixed error,Alkane; Amide; Amine; Arene; Ether; Nitrile,Alkane; Amine; Arene; Haloalkane; Nitrile,aligned_chunk_231.parquet,274,480541,C25H29N5O3,CN[C@H]1CCN(c2c(-c3ccccc3)c(C)c(C#N)c3nc(C(=O)N(C)CCOC)oc23)C1
C25H29N5O3,0,9022,false positive,Alcohol; Alkane; Amine; Arene; Carboxylic acid; Nitrile,Alcohol; Alkane; Amine; Arene; Carboxylic acid; Haloalkane; Nitrile,aligned_chunk_126.parquet,493,101152,C25H29N5O3,Cc1c(-c2ccccc2)c(N2CC[C@H](N(C)C)C2)c2oc(NCCCC(=O)O)nc2c1C#N
C25H29N5O3,0,12067,correct,Alcohol; Alkane; Amine; Arene; Ester; Ether; Nitrile,Alcohol; Alkane; Amine; Arene; Ester; Ether; Nitrile,aligned_chunk_75.parquet,2862,709657,C25H29N5O3,Cc1c([C@@H](O)CN2CCC3(CC2)CCN(c2ccc(C#N)nn2)CC3)ccc2c1COC2=O
C25H29N5O3,0,13013,false positive,Alkane; Amine; Arene; Ether,Alkane; Amine; Arene; Ether; Haloalkane,aligned_chunk_226.parquet,1183,461994,C25H29N5O3,COc1cc2c(Nc3cccc4occc34)ncnc2cc1OCCCN1CCN(C)CC1
C25H29N5O3,0,30411,mixed error,Alkane; Amide; Amine; Carbamate; Ether,Alkane; Amine; Ester; Ether,aligned_chunk_217.parquet,1501,429898,C25H29N5O3,Cc1cc(N2CCOC2=O)ncc1C(=O)N1CCN(c2ncc(C3CC3)cc2C2CC2)CC1
C12H15IO3,1,55482,correct,Alkane; Arene; Ether; Haloalkane,Alkane; Arene; Ether; Haloalkane,aligned_chunk_200.parquet,2447,372508,C12H15IO3,COCOc1cccc(I)c1OCC1CC1
C12H15IO3,0,59833,correct,Alkane; Arene; Ester; Ether; Haloalkane,Alkane; Arene; Ester; Ether; Haloalkane,aligned_chunk_75.parquet,2761,709556,C12H15IO3,COC(=O)C(C)(C)OCc1ccc(I)cc1
C7H6ClF3N2,1,5924,correct,Amine; Arene; Haloalkane; Hydrazine,Amine; Arene; Haloalkane; Hydrazine,aligned_chunk_161.parquet,1752,228947,C7H6ClF3N2,NNc1ccc(Cl)cc1C(F)(F)F
C7H6ClF3N2,0,24266,correct,Alkane; Amine; Haloalkane,Alkane; Amine; Haloalkane,aligned_chunk_115.parquet,71,61793,C7H6ClF3N2,NCc1ccc(C(F)(F)F)nc1Cl
C7H6ClF3N2,0,39474,correct,Alkane; Haloalkane,Alkane; Haloalkane,aligned_chunk_21.parquet,2608,404972,C7H6ClF3N2,FC(F)(F)CCc1cnc(Cl)nc1
C7H6ClF3N2,0,76305,correct,Amine; Arene; Haloalkane; Hydrazine,Amine; Arene; Haloalkane; Hydrazine,aligned_chunk_11.parquet,2699,44910,C7H6ClF3N2,NNc1ccc(C(F)(F)F)cc1Cl
C9H11NO,0,4857,correct,Alkane; Amide; Arene,Alkane; Amide; Arene,aligned_chunk_38.parquet,2331,576705,C9H11NO,C[C@@H](C(N)=O)c1ccccc1
C9H11NO,0,14982,mixed error,Alcohol; Alkane; Amine; Arene,Alcohol; Amine; Arene; Haloalkane,aligned_chunk_203.parquet,2433,382180,C9H11NO,OC1CNCc2ccccc21
C9H11NO,0,16160,false positive,Alkane; Arene,Alkane; Arene; Haloalkane,aligned_chunk_180.parquet,2424,298045,C9H11NO,CCN(C=O)c1ccccc1
C9H11NO,0,16897,false negative,Aldehyde; Alkane; Amine; Arene,Alkane; Amine,aligned_chunk_166.parquet,2809,246369,C9H11NO,Cc1cc(N)cc(C)c1C=O
C9H11NO,0,18491,correct,Alcohol; Alkane; Amine; Arene,Alcohol; Alkane; Amine; Arene,aligned_chunk_22.parquet,251,438357,C9H11NO,Nc1cccc2c1CC(O)C2
C9H11NO,0,30623,mixed error,Alkane; Ketone,Alkane; Haloalkane,aligned_chunk_234.parquet,2825,492801,C9H11NO,CC(=O)Cc1ncccc1C
C9H11NO,0,32120,mixed error,Aldehyde; Alkane,Alkane; Haloalkane,aligned_chunk_230.parquet,572,477587,C9H11NO,CC(C)c1cccnc1C=O
C9H11NO,0,32919,correct,Alkane; Amine; Arene; Ketone,Alkane; Amine; Arene; Ketone,aligned_chunk_231.parquet,1465,481732,C9H11NO,CCC(=O)c1ccc(N)cc1
C9H11NO,0,37387,mixed error,Alkane; Alkene; Ether,Alkane; Alkene; Haloalkane,aligned_chunk_243.parquet,1347,523656,C9H11NO,C=CCc1cccc(OC)n1
C9H11NO,0,38975,false negative,Alkane; Ketone,Alkane,aligned_chunk_38.parquet,2402,576776,C9H11NO,CC(=O)c1cc(C)cc(C)n1
C9H11NO,0,41348,false negative,Alcohol; Alkane; Phenol,Alcohol; Phenol,aligned_chunk_29.parquet,2931,544752,C9H11NO,CC1(c2ccc(O)cn2)CC1
C9H11NO,0,46681,false negative,Alkane; Alkene; Amine; Arene; Enamine,Alkane; Amine; Arene,aligned_chunk_30.parquet,1078,549415,C9H11NO,C=CNOCc1ccccc1
C9H11NO,0,47487,false positive,Alcohol; Alkane; Amine; Arene,Alcohol; Alkane; Alkene; Amine; Arene,aligned_chunk_102.parquet,176,16359,C9H11NO,N[C@H]1C[C@H](O)c2ccccc21
C9H11NO,0,60558,false negative,Alkane; Amine; Arene; Ether,Alkane; Amine; Arene,aligned_chunk_117.parquet,811,68975,C9H11NO,c1ccc(N2CCOC2)cc1
C9H11NO,0,64183,false positive,Alkane; Arene,Alkane; Arene; Haloalkane,aligned_chunk_205.parquet,970,387191,C9H11NO,CCN(C=O)c1ccccc1
C9H11NO,0,66211,correct,Alcohol; Alkane; Amine; Arene,Alcohol; Alkane; Amine; Arene,aligned_chunk_22.parquet,1451,439557,C9H11NO,N[C@H]1c2ccccc2C[C@H]1O
C9H11NO,0,66559,correct,Alkane; Ketone; Nitrile,Alkane; Ketone; Nitrile,aligned_chunk_68.parquet,541,681579,C9H11NO,N#CC1CC2(CCC1=O)CC2
C9H11NO,0,67963,false negative,Alkane; Amine; Arene; Ether,Alkane; Amine; Arene,aligned_chunk_98.parquet,1506,789388,C9H11NO,COc1ccc2c(c1)NCC2
C9H11NO,0,72285,false negative,Aldehyde; Alkane; Amine; Arene,Alkane; Amine; Arene,aligned_chunk_168.parquet,846,250896,C9H11NO,N[C@H](C=O)Cc1ccccc1
C9H11NO,1,74229,mixed error,Alkane; Ether,Alkane; Amide; Haloalkane,aligned_chunk_131.parquet,1848,122012,C9H11NO,CCc1ccc(C2CO2)nc1
C9H11NO,0,78552,false positive,Aldehyde; Alkane,Aldehyde; Alkane; Arene,aligned_chunk_100.parquet,889,10641,C9H11NO,CCCc1cc(C=O)ccn1
C10H11N5O,1,3698,mixed error,Alkane; Amine; Arene,Alcohol; Arene; Haloalkane; Nitrile,aligned_chunk_22.parquet,497,438603,C10H11N5O,NC(=NO)c1ccc(Cn2cncn2)cc1
C10H11N5O,0,12179,mixed error,Alkane; Amine; Arene; Ether,Alkane; Amine; Arene; Haloalkane,aligned_chunk_22.parquet,2190,440296,C10H11N5O,Nc1nc(N)nc(OCc2ccccc2)n1
C10H11N5O,0,58930,correct,Alkane; Amine,Alkane; Amine,aligned_chunk_159.parquet,1595,219010,C10H11N5O,CC(N)c1nnc(-c2cccnc2)[nH]c1=O
C26H28FN3O3,1,40592,mixed error,Alkane; Amine; Arene; Ester; Ether; Haloalkane,Alkane; Amide; Amine; Arene; Ether,aligned_chunk_171.parquet,814,263968,C26H28FN3O3,COC(=O)CC1CCC(c2ccc(-c3ccc(Nc4cnc(OC)c(F)c4)cn3)cc2)CC1
C7H11N3O,1,6434,false negative,Alkane; Amide,Alkane,aligned_chunk_153.parquet,1898,199779,C7H11N3O,CCNC(=O)c1cnn(C)c1
C7H11N3O,0,11992,false negative,Alcohol; Alkane; Alkene,Alcohol; Alkane,aligned_chunk_231.parquet,1589,481856,C7H11N3O,CC1(N=[N+]=[N-])CC=CCC1O
C7H11N3O,0,23345,false negative,Alcohol; Alkane; Amine; Hydrazine,Alkane; Amine; Hydrazine,aligned_chunk_235.parquet,2205,495424,C7H11N3O,CC(O)c1ccnc(NN)c1
C7H11N3O,0,40515,correct,Alcohol; Alkane; Amine; Phenol,Alcohol; Alkane; Amine; Phenol,aligned_chunk_106.parquet,3120,32333,C7H11N3O,Cc1cc(O)nc(N(C)C)n1
C7H11N3O,0,43164,correct,Alkane; Amine,Alkane; Amine,aligned_chunk_163.parquet,1722,235463,C7H11N3O,NCCCC(=O)n1ccnc1
C7H11N3O,0,54506,correct,Alkane; Amide,Alkane; Amide,aligned_chunk_74.parquet,879,704472,C7H11N3O,CCn1nc(C(N)=O)cc1C
C7H11N3O,0,64563,correct,Alcohol; Alkane; Amine,Alcohol; Alkane; Amine,aligned_chunk_170.parquet,2408,262282,C7H11N3O,CNC[C@@H](O)c1ncccn1
C7H11N3O,0,68210,false positive,Alcohol; Alkane; Amine,Alcohol; Alkane; Amine; Arene,aligned_chunk_165.parquet,3152,243416,C7H11N3O,Nc1cccnc1NCCO
C10H8N4,0,6069,correct,Arene,Arene,aligned_chunk_115.parquet,643,62365,C10H8N4,c1ncn(-c2ccc3[nH]ccc3c2)n1
C10H8N4,1,43876,mixed error,Alkane; Nitrile,Haloalkane; Nitrile,aligned_chunk_0.parquet,2856,2856,C10H8N4,Cc1cccn2c(=N)c(C#N)cnc12
C14H11Br2N,1,74734,correct,Alkane; Amine; Arene; Haloalkane,Alkane; Amine; Arene; Haloalkane,aligned_chunk_67.parquet,3128,680869,C14H11Br2N,Brc1ccc2c(c1)CCc1cc(Br)ccc1N2
C14H13N3,1,38480,mixed error,Alkane; Alkene; Arene; Nitrile,Alkane; Alkene; Amide; Amine; Nitrile,aligned_chunk_133.parquet,27,126597,C14H13N3,Cc1c2c3c(ccc2nn1C)CCC3=CC#N
C14H13N3,0,42822,false positive,Alkane; Arene; Nitrile,Alkane; Arene; Ketone; Nitrile,aligned_chunk_146.parquet,2525,174468,C14H13N3,Cc1cnc(C)c(C(C#N)c2ccccc2)n1
C14H13N3,0,47633,false negative,Alkane; Amine; Arene,Amine; Arene,aligned_chunk_22.parquet,2035,440141,C14H13N3,c1ccc(NCc2ccc3[nH]cnc3c2)cc1
C14H13N3,0,53919,false positive,Alkane; Amine,Alkane; Amine; Arene; Ketone,aligned_chunk_244.parquet,195,525740,C14H13N3,NCc1cc2ccccn2c1-c1ccccn1
C14H13N3,0,54087,false negative,Alkane; Arene; Nitrile,Arene; Nitrile,aligned_chunk_123.parquet,2987,93921,C14H13N3,N#Cc1ccc([C@H]2CCCc3cncn32)cc1
C14H13N3,0,59485,mixed error,Alkane; Amine; Arene,Amine; Arene; Ketone,aligned_chunk_181.parquet,3108,301995,C14H13N3,Cc1cc(N)c2cnn(-c3ccccc3)c2c1
C14H13N3,0,62237,false positive,Alkane; Amine; Arene,Alkane; Amine; Arene; Ester; Ether,aligned_chunk_208.parquet,2802,398676,C14H13N3,CNc1ccccc1-c1ccnc2[nH]ccc12
C14H13N3,0,64886,false negative,Alkane; Amine; Arene,Amine; Arene,aligned_chunk_61.parquet,121,658557,C14H13N3,Cc1ccc(N)cc1-c1nc2ccccc2[nH]1
C14H13N3,0,67962,mixed error,Alkane; Arene; Nitrile,Arene; Haloalkane; Nitrile,aligned_chunk_135.parquet,1002,134062,C14H13N3,N#Cc1ccc(C2CCCn3cncc32)cc1
C14H13N3,0,77250,false positive,Alkane; Arene,Alkane; Amine; Arene,aligned_chunk_38.parquet,2870,577244,C14H13N3,Cc1cc2[nH]nc(-c3ccccc3)c2c(C)n1
C8H10ClN,1,25945,false positive,Alkane; Haloalkane,Alkane; Amine; Ether; Haloalkane,aligned_chunk_152.parquet,2730,197417,C8H10ClN,CCCc1cc(Cl)ccn1
C8H10ClN,0,27735,correct,Alkane; Amine; Arene; Haloalkane,Alkane; Amine; Arene; Haloalkane,aligned_chunk_168.parquet,2906,252956,C8H10ClN,CCc1cc(Cl)ccc1N
C8H10ClN,0,42321,correct,Alkane; Haloalkane,Alkane; Haloalkane,aligned_chunk_105.parquet,948,26903,C8H10ClN,CC(C)c1ccc(Cl)nc1
C8H10ClN,0,73444,correct,Alkane; Amine; Arene; Haloalkane,Alkane; Amine; Arene; Haloalkane,aligned_chunk_143.parquet,335,162468,C8H10ClN,CC(N)c1ccccc1Cl
C13H24N2O5,1,6660,mixed error,Alcohol; Alkane; Alkene; Amide; Carbamate; Ether,Alcohol; Alkane; Alkene; Carbamate; Ester; Ether,aligned_chunk_59.parquet,3118,651770,C13H24N2O5,C=C[C@@H](CO)N(CC(=O)N(C)OC)C(=O)OC(C)(C)C
C13H24N2O5,0,10769,mixed error,Alcohol; Alkane; Amide; Ether,Alcohol; Alkane; Amide; Amine,aligned_chunk_88.parquet,2930,755065,C13H24N2O5,CC1(C)OCC(C)(C)[C@H](C(=O)NCCC(O)C(N)=O)O1
C13H24N2O5,0,66216,correct,Alkane; Amide; Carbamate; Ester; Ether,Alkane; Amide; Carbamate; Ester; Ether,aligned_chunk_170.parquet,253,260127,C13H24N2O5,CCC(NC(=O)OC(C)(C)C)C(=O)N[C@@H](C)C(=O)OC
C11H13ClO3,0,1957,false negative,Alkane; Arene; Ether; Haloalkane; Ketone,Alkane; Arene; Ether; Ketone,aligned_chunk_121.parquet,620,85005,C11H13ClO3,COc1ccc(C(=O)CCCl)cc1OC
C11H13ClO3,0,6603,false negative,Alkane; Arene; Ester; Ether; Haloalkane,Alkane; Arene; Ester; Ether,aligned_chunk_178.parquet,371,286328,C11H13ClO3,COC(=O)C(C)Oc1cccc(CCl)c1
C11H13ClO3,0,7613,false negative,Alcohol; Alkane; Arene; Ester; Ether; Haloalkane; Phenol,Alcohol; Alkane; Arene; Ester; Ether; Phenol,aligned_chunk_2.parquet,1073,364751,C11H13ClO3,CCOC(=O)CCc1cc(O)ccc1Cl
C11H13ClO3,0,7816,correct,Alcohol; Alkane; Arene; Ester; Ether; Haloalkane; Phenol,Alcohol; Alkane; Arene; Ester; Ether; Haloalkane; Phenol,aligned_chunk_82.parquet,1862,734525,C11H13ClO3,CCOC(=O)CCc1ccc(O)c(Cl)c1
C11H13ClO3,0,13699,false positive,Acyl halide; Alkane; Arene; Ether; Haloalkane,Acyl halide; Alkane; Arene; Carbamate; Ether; Haloalkane,aligned_chunk_103.parquet,1235,20671,C11H13ClO3,COc1ccc(CCC(=O)Cl)c(OC)c1
C11H13ClO3,1,39227,mixed error,Alcohol; Alkane; Arene; Ether; Haloalkane; Ketone; Phenol,Alcohol; Alkane; Alkene; Arene; Haloalkane; Ketone; Phenol,aligned_chunk_167.parquet,59,246863,C11H13ClO3,COc1cc(Cl)c(O)c(C(=O)C(C)C)c1
C11H13ClO3,0,40837,false negative,Alkane; Alkene; Ester; Ether; Haloalkane; Ketone,Alkane; Alkene; Ester; Ether,aligned_chunk_121.parquet,2583,86968,C11H13ClO3,C=CCC1C(=O)C=CC1(C)OC(=O)CCl
C11H13ClO3,0,50327,correct,Alcohol; Alkane; Arene; Carboxylic acid; Ether; Haloalkane,Alcohol; Alkane; Arene; Carboxylic acid; Ether; Haloalkane,aligned_chunk_107.parquet,957,33428,C11H13ClO3,COc1ccc(Cl)cc1CCCC(=O)O
C19H21N3O3,0,4586,false positive,Alkane; Arene; Ester; Ether,Alkane; Arene; Ester; Ether; Ketone; Sulfide,aligned_chunk_138.parquet,1953,144699,C19H21N3O3,CC(=O)OCCn1c(C)nc2c(Oc3ccccc3)nc(C)c(C)c21
C19H21N3O3,0,23734,false negative,Alkane; Amide; Amine; Arene; Ether; Imide,Amide; Amine; Arene; Imide,aligned_chunk_206.parquet,2549,392024,C19H21N3O3,CN(C)CCOc1ccccc1C1NC(=O)N(c2ccccc2)C1=O
C19H21N3O3,0,32877,false positive,Alcohol; Alkane; Amine; Arene; Ether,Alcohol; Alkane; Amine; Arene; Ether; Haloalkane; Nitrile,aligned_chunk_7.parquet,436,687881,C19H21N3O3,CCOc1cc2c(Nc3ccc(OC)cc3)c(CO)cnc2nc1C
C19H21N3O3,0,33794,mixed error,Alkane; Alkene; Amine; Arene; Carbamate; Ether,Alkane; Amine; Arene; Ether; Sulfoxide,aligned_chunk_38.parquet,68,574442,C19H21N3O3,C=CCOC(=O)N1CCOc2ccc(-c3ccc(N)c(N)c3)cc2C1
C19H21N3O3,0,46533,mixed error,Alkane; Alkene; Amide; Arene; Ether,Alkane; Alkene; Amide; Arene; Haloalkane,aligned_chunk_36.parquet,1521,569454,C19H21N3O3,CNC(=O)COc1cccc(CCNC(=O)/C=C/c2cccnc2)c1
C19H21N3O3,0,53144,false negative,Alkane; Amine; Arene; Ester; Ether,Alkane; Arene; Ester; Ether,aligned_chunk_64.parquet,1452,669501,C19H21N3O3,COC(=O)c1cc(N2CCCCC2)nc2c1[nH]c1cc(OC)ccc12
C19H21N3O3,0,58354,false positive,Alkane; Arene; Carbamate; Ether,Alkane; Arene; Carbamate; Ester; Ether,aligned_chunk_133.parquet,1543,128113,C19H21N3O3,COc1ccc2cnn(CC(C)NC(=O)OCc3ccccc3)c2c1
C19H21N3O3,1,61016,mixed error,Alkane; Amine; Arene; Ester; Ether,Alkane; Amine; Arene; Haloalkane; Sulfide,aligned_chunk_115.parquet,311,62033,C19H21N3O3,COC(=O)CCCCCNc1ncnc2occ(-c3ccccc3)c12
C19H21N3O3,0,63165,false negative,Alkane; Arene; Carbamate; Ether; Nitrile,Alkane; Arene; Carbamate; Ether,aligned_chunk_228.parquet,733,468017,C19H21N3O3,CC(C)(C)OC(=O)N1CC[C@@H](Oc2nc(C#N)cc3ccccc23)C1
C19H21N3O3,0,63861,false negative,Alcohol; Alkane; Arene; Carboxylic acid; Ether,Alcohol; Alkane; Arene; Carboxylic acid,aligned_chunk_119.parquet,829,75453,C19H21N3O3,Cc1ccc(OCC(C)C)c(Cn2ncc3cc(C(=O)O)ccc32)n1
C19H21N3O3,0,69172,false negative,Alkane; Amide; Amine; Arene; Carbamate; Ether; Hydrazine,Alkane; Amine; Arene; Carbamate; Ether,aligned_chunk_146.parquet,410,172353,C19H21N3O3,NCc1ccc(C(=O)N2CCCN2C(=O)OCc2ccccc2)cc1
C19H21N3O3,0,72602,false positive,Alcohol; Alkane; Amide; Arene; Carboxylic acid,Alcohol; Alkane; Amide; Arene; Carboxylic acid; Ether,aligned_chunk_62.parquet,1989,663671,C19H21N3O3,Cc1ncc(C(N)=O)nc1-c1ccc([C@@H]2CC[C@@H](C(=O)O)CC2)cc1
C19H21N3O3,0,75330,mixed error,Alkane; Amide; Arene; Ester; Ether,Alkane; Amine; Arene; Ether,aligned_chunk_7.parquet,1344,688789,C19H21N3O3,COC(=O)c1cncn1C1c2ccccc2C(=O)N(C2CC2)C1(C)C
C19H21N3O3,0,79361,false negative,Alcohol; Alkane; Carboxylic acid; Ether,Alcohol; Alkane; Carboxylic acid,aligned_chunk_208.parquet,1049,396923,C19H21N3O3,COc1ccc2c(Cc3cccc(C(=O)O)n3)c(C(C)(C)C)nn2c1
C18H15NO3,0,7354,false negative,Alkane; Arene; Ester; Ether; Ketone,Alkane; Arene; Ester; Ether,aligned_chunk_99.parquet,157,791294,C18H15NO3,CCOC(=O)C(=O)c1cn(-c2ccccc2)c2ccccc12
C18H15NO3,0,15436,false positive,Alkane; Arene; Ester; Ether,Alkane; Arene; Ester; Ether; Haloalkane,aligned_chunk_91.parquet,3074,768216,C18H15NO3,COC(=O)c1ccc2c(c1)c(=O)cc(-c1ccccc1)n2C
C18H15NO3,0,19449,false negative,Alcohol; Alkane; Amide; Arene; Ether; Phenol,Alcohol; Amide; Arene; Phenol,aligned_chunk_212.parquet,815,412956,C18H15NO3,COc1ccc2cc(O)c(C(=O)Nc3ccccc3)cc2c1
C18H15NO3,0,24274,correct,Alcohol; Alkane; Arene; Ester; Ether; Phenol,Alcohol; Alkane; Arene; Ester; Ether; Phenol,aligned_chunk_51.parquet,2111,624950,C18H15NO3,CCOC(=O)c1ccc2cc(-c3ccc(O)cc3)ccc2n1
C18H15NO3,0,63184,false negative,Alcohol; Alkane; Alkene; Amide; Arene; Carboxylic acid,Alcohol; Alkane; Arene; Carboxylic acid,aligned_chunk_185.parquet,3041,314861,C18H15NO3,CC(=C1C(=O)N(CC(=O)O)c2ccccc21)c1ccccc1
C18H15NO3,0,67770,false negative,Alkane; Alkene; Amide; Arene; Ether; Imide,Alkane; Alkene; Amide; Arene; Imide,aligned_chunk_225.parquet,149,457678,C18H15NO3,COc1ccc(CN2C(=O)C=C(c3ccccc3)C2=O)cc1
C18H15NO3,0,68263,false negative,Alcohol; Alkane; Arene; Carboxylic acid; Phenol,Alcohol; Arene; Carboxylic acid; Phenol,aligned_chunk_174.parquet,725,273683,C18H15NO3,O=C(O)c1ccc2c(CCc3ccccc3)ccc(O)c2n1
C18H15NO3,1,70834,mixed error,Alcohol; Alkane; Arene; Carboxylic acid; Ketone,Alcohol; Alkane; Arene; Carboxylic acid; Sulfide,aligned_chunk_58.parquet,2940,648392,C18H15NO3,Cc1c(C(=O)c2ccccc2)c2ccccn2c1CC(=O)O
C18H15NO3,0,74176,correct,Aldehyde; Alkane; Arene; Ester; Ether,Aldehyde; Alkane; Arene; Ester; Ether,aligned_chunk_66.parquet,1919,676460,C18H15NO3,COC(=O)c1ccc(Cn2cc(C=O)c3ccccc32)cc1
C18H15NO3,0,75243,false negative,Aldehyde; Alkane; Arene; Ether,Aldehyde; Alkane; Arene,aligned_chunk_54.parquet,2410,635000,C18H15NO3,O=Cc1cccc2c1ccn2CC1COc2ccccc2O1
C18H15NO3,0,75383,correct,Aldehyde; Alkane; Arene; Ether,Aldehyde; Alkane; Arene; Ether,aligned_chunk_31.parquet,2579,554191,C18H15NO3,O=Cc1ccc(OCCOc2ccc3ncccc3c2)cc1
C27H25F2N3O3,1,30141,correct,Alcohol; Alkane; Alkene; Amide; Arene; Enol; Haloalkane; Ketone,Alcohol; Alkane; Alkene; Amide; Arene; Enol; Haloalkane; Ketone,aligned_chunk_225.parquet,2532,460061,C27H25F2N3O3,Cc1ccc(N2C(=O)C(O)=C(C(=O)c3ccc(C(C)C)cc3)[C@@H]2c2ccc(C(C)(F)F)cc2)nn1
C27H25F2N3O3,0,59532,correct,Alkane; Arene; Carbamate; Ether; Haloalkane,Alkane; Arene; Carbamate; Ether; Haloalkane,aligned_chunk_205.parquet,2130,388351,C27H25F2N3O3,Cc1ccc(C2(c3ccc(C)cc3)OC(=O)N3CCN(C(=O)Nc4ccc(F)cc4F)CC32)cc1
C18H23NO5,0,22764,false positive,Alkane; Arene; Carbamate; Ester; Ether,Alkane; Arene; Carbamate; Ester; Ether; Haloalkane,aligned_chunk_198.parquet,460,357634,C18H23NO5,COC(=O)c1ccc2c(c1)OC[C@H](C)N(C(=O)OC1CCCC1)C2
C18H23NO5,1,42017,mixed error,Alkane; Alkene; Amine; Arene; Ester; Ether,Alkane; Amide; Amine; Haloalkane,aligned_chunk_173.parquet,709,270434,C18H23NO5,COC(=O)CC/C(C)=C/Cc1c(N)c2c(c(C)c1OC)COC2=O
C18H23NO5,0,50648,correct,Alkane; Amine; Arene; Ester; Ether; Ketone,Alkane; Amine; Arene; Ester; Ether; Ketone,aligned_chunk_191.parquet,2595,337130,C18H23NO5,CCOC(=O)CN(CC(=O)OCC)c1cc2c(cc1C)C(=O)CC2
C18H23NO5,0,61235,false positive,Alcohol; Alkane; Arene; Ether,Alcohol; Alkane; Arene; Ether; Phenol,aligned_chunk_123.parquet,1149,92083,C18H23NO5,CCCOc1cncc(CO)c1-c1ccc(OC)cc1OCOC
C18H23NO5,0,65522,correct,Alkane; Amide; Arene; Ester; Ether,Alkane; Amide; Arene; Ester; Ether,aligned_chunk_41.parquet,3167,590589,C18H23NO5,CCOC(=O)CC(=O)N1CCC(C(=O)OCc2ccccc2)CC1
C18H23NO5,0,69745,false negative,Alkane; Arene; Carbamate; Ester; Ether; Ketone,Alkane; Arene; Carbamate; Ether; Ketone,aligned_chunk_68.parquet,1019,682057,C18H23NO5,CC(C)(C)OC(=O)N1CCC(=O)C[C@@H]1C(=O)OCc1ccccc1
C18H23NO5,0,70586,false positive,Alkane; Arene; Ester; Ether,Alkane; Arene; Carbamate; Ester; Ether; Haloalkane,aligned_chunk_97.parquet,1689,786326,C18H23NO5,COC(=O)Cc1c(C)n(C(=O)OC(C)(C)C)c2ccc(OC)cc12
C18H23NO5,0,73257,false negative,Alkane; Arene; Carbamate; Ester; Ether; Ketone,Alkane; Arene; Carbamate; Ester; Ether,aligned_chunk_119.parquet,1739,76363,C18H23NO5,CC(C)(C)OC(=O)[C@@H]1CCC(=O)CN1C(=O)OCc1ccccc1
C13H16ClNO3,0,11190,false negative,Alkane; Amide; Arene; Ester; Ether; Haloalkane,Alkane; Amide; Arene; Ester; Ether,aligned_chunk_3.parquet,669,545780,C13H16ClNO3,CCOC(=O)Cc1ccc(N(C)C(=O)CCl)cc1
C13H16ClNO3,0,24181,false negative,Acyl halide; Alkane; Arene; Carbamate; Ether; Haloalkane,Alkane; Arene; Carbamate; Ether; Haloalkane,aligned_chunk_209.parquet,691,399852,C13H16ClNO3,CC(C)(C)OC(=O)NCc1ccc(C(=O)Cl)cc1
C13H16ClNO3,0,40907,false negative,Alkane; Amine; Arene; Ester; Ether; Haloalkane; Ketone,Alkane; Amine; Arene; Ester; Ether; Ketone,aligned_chunk_222.parquet,385,448182,C13H16ClNO3,CCOC(=O)CNC(C)C(=O)c1ccc(Cl)cc1
C13H16ClNO3,0,46887,false negative,Alcohol; Alkane; Amine; Arene; Carboxylic acid; Ether; Haloalkane,Alcohol; Alkane; Arene; Carboxylic acid; Ether,aligned_chunk_23.parquet,981,474700,C13H16ClNO3,CCN1CC(C)(C)Oc2c(C(=O)O)cc(Cl)cc21
C13H16ClNO3,0,49017,correct,Alkane; Arene; Carbamate; Ether; Haloalkane,Alkane; Arene; Carbamate; Ether; Haloalkane,aligned_chunk_216.parquet,837,425988,C13H16ClNO3,CC1OC(=O)Nc2ccc(OCCCCCl)cc21
C13H16ClNO3,1,59852,false negative,Aldehyde; Alkane; Amide; Arene; Ether; Haloalkane,Alkane; Amide; Arene,aligned_chunk_158.parquet,1052,215179,C13H16ClNO3,CC(=O)Nc1cc(CC=O)ccc1OCCCCl
C13H16ClNO3,0,79289,correct,Alkane; Amide; Arene; Ether; Haloalkane; Ketone,Alkane; Amide; Arene; Ether; Haloalkane; Ketone,aligned_chunk_205.parquet,2862,389083,C13H16ClNO3,COc1ccc(C(C)=O)cc1NC(=O)C(C)CCl
C19H21N,0,22547,false positive,Alkane; Amine; Arene,Alkane; Amine; Arene; Ether,aligned_chunk_125.parquet,1108,98505,C19H21N,c1ccc2c(c1)Cc1ccccc1C1(CCCNC1)C2
C19H21N,1,64109,mixed error,Alkane; Alkene; Arene,Alkane; Arene; Ether; Haloalkane,aligned_chunk_208.parquet,1411,397285,C19H21N,C/C(=C1\CCCc2c(C)ccnc21)c1ccc(C)cc1
C19H21N,0,67019,mixed error,Alkane; Alkene; Amine; Arene,Alkane; Alkene; Arene; Ether,aligned_chunk_150.parquet,2270,190465,C19H21N,C=CC(c1ccccc1)N(C)C(C=C)c1ccccc1
C22H25N5O3,0,27428,correct,Alkane; Amine; Arene; Ether,Alkane; Amine; Arene; Ether,aligned_chunk_199.parquet,2616,363004,C22H25N5O3,COc1ccc2nc(OC)c(NC(=O)N3CCN(c4ccccc4C)CC3)nc2c1
C22H25N5O3,1,47187,mixed error,Alkane; Amide; Arene; Carbamate; Ether,Alkane; Amide; Arene; Haloalkane,aligned_chunk_171.parquet,596,263750,C22H25N5O3,CC(=O)Nc1cccc(-c2n[nH]c3ncc4c(c23)CCN(C(=O)OC(C)(C)C)C4)c1
C22H25N5O3,0,49871,correct,Alkane; Amine; Arene; Ether,Alkane; Amine; Arene; Ether,aligned_chunk_167.parquet,2572,249376,C22H25N5O3,COc1ccc2nc(NC(=O)N3CCN(c4ccccc4C)CC3)c(OC)nc2c1
C22H25N5O3,0,50790,false negative,Alcohol; Alkane; Amine; Arene; Carboxylic acid; Ether,Alcohol; Alkane; Amine; Carboxylic acid,aligned_chunk_238.parquet,2309,505194,C22H25N5O3,O=C(O)c1cnc(N2CCc3c(n(CCN4CCOCC4)c4ccccc34)C2)nc1
C22H25N5O3,0,75483,false positive,Alkane; Amide; Arene; Ether,Alkane; Amide; Arene; Ether; Haloalkane,aligned_chunk_133.parquet,864,127434,C22H25N5O3,CCOc1ccnc(O[C@@H]2CC[C@@H](C)N(C(=O)c3ccccc3-n3nccn3)C2)c1
C22H25N5O3,0,75503,correct,Alkane; Amine; Arene; Ether,Alkane; Amine; Arene; Ether,aligned_chunk_118.parquet,1782,73167,C22H25N5O3,CCCCc1cc2nc(-c3ccco3)nn2c(NCc2ccc(OC)c(OC)c2)n1
C19H23N,0,2591,correct,Alkane; Amine; Arene,Alkane; Amine; Arene,aligned_chunk_124.parquet,2107,96273,C19H23N,CN1CCc2ccccc2C(c2ccccc2)C1(C)C
C19H23N,1,48463,false positive,Alkane; Amine; Arene,Alkane; Amine; Arene; Ether,aligned_chunk_220.parquet,2650,443996,C19H23N,CC(CN[C@H]1CCCc2ccccc21)c1ccccc1
C19H23N,0,66510,false negative,Alkane; Alkene; Amine; Arene,Alkane; Amine; Arene,aligned_chunk_199.parquet,916,361304,C19H23N,CC(C)=CCC(CN)(c1ccccc1)c1ccccc1
C16H16Cl2O5S,1,27692,correct,Alcohol; Alkane; Arene; Ether; Haloalkane; Sulfonate,Alcohol; Alkane; Arene; Ether; Haloalkane; Sulfonate,aligned_chunk_80.parquet,2231,728391,C16H16Cl2O5S,Cc1cc(OCCCO)cc(OS(=O)(=O)c2cc(Cl)ccc2Cl)c1
C24H26ClN5O3,0,8227,false negative,Alkane; Amide; Amine; Arene; Ester; Ether; Haloalkane,Alkane; Amide; Amine; Arene; Ester; Ether,aligned_chunk_9.parquet,1409,760039,C24H26ClN5O3,CC(C)COC(=O)C(Cc1ccccc1)NC(=O)c1ccc2c(Cl)cnc(NC(=N)N)c2c1
C24H26ClN5O3,1,27020,false negative,Alcohol; Alkane; Amide; Amine; Arene; Ether; Haloalkane,Alcohol; Alkane; Amine; Arene,aligned_chunk_136.parquet,1137,137455,C24H26ClN5O3,COc1ccc2ncnc(N3C[C@H](O)[C@@H](N4CCN(C(=O)c5ccc(Cl)cc5)CC4)C3)c2c1
C24H26ClN5O3,0,34834,false negative,Alcohol; Alkane; Amide; Amine; Arene; Ether; Haloalkane; Phenol,Alcohol; Alkane; Amide; Amine; Arene; Phenol,aligned_chunk_166.parquet,2164,245724,C24H26ClN5O3,COc1cc(Nc2cncc(-c3ccc(O)cc3)n2)c(Cl)cc1C(=O)N1CCCN(C)CC1
C24H26ClN5O3,0,61030,false negative,Alkane; Amine; Ether; Haloalkane; Ketone,Alkane; Amine; Haloalkane,aligned_chunk_196.parquet,2931,353667,C24H26ClN5O3,CC(=O)C(CN1CCCC1)Nc1ccc(-n2ccc(OCc3ccc(Cl)cn3)cc2=O)cn1
C13H18N2O,0,2322,false negative,Alkane; Amine; Arene; Ether,Alkane; Amine; Arene,aligned_chunk_216.parquet,3162,428313,C13H18N2O,c1ccc(CN2CC3NCCOC3C2)cc1
C13H18N2O,0,4089,false negative,Alkane; Amine; Ether,Alkane; Amine,aligned_chunk_223.parquet,2884,453922,C13H18N2O,c1cncc(OCC[C@@H]2C[C@H]3C[C@H]3CN2)c1
C13H18N2O,1,15707,mixed error,Alkane; Amine; Arene; Ether,Amine; Arene; Haloalkane,aligned_chunk_54.parquet,1770,634360,C13H18N2O,COc1ccc2[nH]cc(CC(C)(C)N)c2c1
C13H18N2O,0,34701,correct,Alkane; Alkene; Amide,Alkane; Alkene; Amide,aligned_chunk_109.parquet,2235,41194,C13H18N2O,C=CC(=O)NC(C)CCCc1cccnc1
C13H18N2O,0,46421,false positive,Alkane; Amine; Arene; Ketone,Alkane; Amine; Arene; Ether; Ketone,aligned_chunk_222.parquet,2812,450609,C13H18N2O,CC(=O)c1cccc(N2CCN(C)CC2)c1
C13H18N2O,0,60704,correct,Alcohol; Alkane; Amine; Arene; Phenol,Alcohol; Alkane; Amine; Arene; Phenol,aligned_chunk_214.parquet,3216,421859,C13H18N2O,CN1CCC2CC1N(C)c1ccc(O)cc12
C13H18N2O,0,62716,false negative,Alkane; Alkene; Amine; Arene; Ether,Alkane; Alkene; Amine; Arene,aligned_chunk_115.parquet,99,61821,C13H18N2O,Nc1ccc(/C=C/CN2CCOCC2)cc1
C13H18N2O,0,64832,false positive,Alkane; Amine; Ketone,Alkane; Amine; Arene; Ether; Haloalkane; Ketone,aligned_chunk_105.parquet,1207,27162,C13H18N2O,Cc1ccc(C(=O)C2CCN(C)CC2)nc1
C13H18N2O,0,65590,correct,Alkane; Amide; Amine; Arene,Alkane; Amide; Amine; Arene,aligned_chunk_183.parquet,1636,306968,C13H18N2O,CCC1CCCN1C(=O)c1ccc(N)cc1
C13H18N2O,0,65640,correct,Alkane; Amide; Arene; Hydrazone,Alkane; Amide; Arene; Hydrazone,aligned_chunk_11.parquet,2557,44768,C13H18N2O,CC(CC(C)C)=NNC(=O)c1ccccc1
C13H18N2O,0,66672,correct,Alkane; Amide; Amine; Arene,Alkane; Amide; Amine; Arene,aligned_chunk_109.parquet,2290,41249,C13H18N2O,CN1C(=O)[C@H](N)CCC[C@@H]1c1ccccc1
C13H18N2O,0,69582,correct,Alkane; Amine; Arene; Ether; Nitrile,Alkane; Amine; Arene; Ether; Nitrile,aligned_chunk_122.parquet,1434,89095,C13H18N2O,CCC(CC)COc1cccc(N)c1C#N
C13H18N2O,0,71435,false positive,Alcohol; Alkane; Arene,Alcohol; Alkane; Alkene; Arene,aligned_chunk_47.parquet,2778,609427,C13H18N2O,CCC(O)(CC)c1ccc2nc(C)[nH]c2c1
C13H18N2O,0,74754,false positive,Alkane; Amide,Alkane; Amide; Haloalkane,aligned_chunk_190.parquet,1450,332739,C13H18N2O,O=C1CCCCC(CCc2ccccn2)N1
C13H17N5OS,1,11837,correct,Alkane; Amide; Amine; Sulfide,Alkane; Amide; Amine; Sulfide,aligned_chunk_164.parquet,448,237434,C13H17N5OS,NCC1CCN(c2ncnc3cc(C(N)=O)sc23)CC1
C25H23FN2O,1,30248,false negative,Alkane; Amide; Arene; Haloalkane; Nitrile,Alkane; Arene; Haloalkane; Nitrile,aligned_chunk_62.parquet,2867,664549,C25H23FN2O,CCC(=O)N(Cc1ccc(-c2c(C)cccc2C)cc1)c1cc(F)cc(C#N)c1
C19H17N3O4S,1,55087,false negative,Alcohol; Alkane; Amide; Amine; Arene; Carboxylic acid; Ether; Sulfide,Alcohol; Amide; Arene; Carboxylic acid,aligned_chunk_70.parquet,3127,693783,C19H17N3O4S,COc1cc(N(Cc2cncs2)c2ccc(C(=O)O)cc2)ccc1C(N)=O
C21H22N2O2,0,8466,mixed error,Alcohol; Alkane; Arene; Ketone; Phenol,Alcohol; Alkane; Arene; Ester; Ether; Phenol,aligned_chunk_179.parquet,2456,291595,C21H22N2O2,Cn1nc(C(=O)c2ccccc2)c(O)c1-c1ccc(C(C)(C)C)cc1
C21H22N2O2,0,15747,false positive,Alcohol; Alkane; Arene,Alcohol; Alkane; Arene; Haloalkane,aligned_chunk_19.parquet,1587,329614,C21H22N2O2,OCc1ccc(-c2noc(-c3ccc(C4CCCCC4)cc3)n2)cc1
C21H22N2O2,0,35597,false positive,Alkane; Arene; Ether,Alkane; Amide; Arene; Ether,aligned_chunk_168.parquet,3155,253205,C21H22N2O2,CCCCc1n[nH]c(=O)cc1-c1ccc(OCc2ccccc2)cc1
C21H22N2O2,0,51214,false negative,Alcohol; Alkane; Amine; Arene; Ether,Alcohol; Alkane; Arene; Ether,aligned_chunk_93.parquet,2372,774019,C21H22N2O2,Cc1cc(N2CC[C@@H](O)C2)c2ccc(OCc3ccccc3)cc2n1
C21H22N2O2,0,60958,correct,Alkane; Amine; Arene; Ester; Ether,Alkane; Amine; Arene; Ester; Ether,aligned_chunk_129.parquet,1746,112215,C21H22N2O2,Cc1nc2ccc(N)cc2c(-c2ccccc2)c1C(=O)OC(C)(C)C
C21H22N2O2,1,60988,mixed error,Alkane; Amide; Arene; Ether,Alkane; Alkene; Arene; Ester; Ether; Haloalkane,aligned_chunk_39.parquet,1908,579542,C21H22N2O2,CCN(CC)C(=O)c1cc(-c2ccc(OC)cc2)nc2ccccc12
C21H22N2O2,0,69032,false positive,Alkane; Amine; Arene; Ether,Alkane; Amine; Arene; Ether; Haloalkane,aligned_chunk_240.parquet,2265,514811,C21H22N2O2,COc1cc2c(cc1OC)CN1CCc3c([nH]c4ccccc34)[C@@H]1C2
C16H15ClO,0,61303,false negative,Alkane; Alkene; Arene; Ether; Haloalkane,Alkane; Alkene; Arene; Haloalkane,aligned_chunk_112.parquet,1679,53628,C16H15ClO,Clc1ccccc1/C=C/COCc1ccccc1
C16H15ClO,1,72198,mixed error,Acyl halide; Alkane; Arene; Haloalkane,Alkane; Arene; Ester; Ether; Haloalkane,aligned_chunk_244.parquet,764,526309,C16H15ClO,O=C(Cl)C(Cc1ccccc1)Cc1ccccc1
C12H23NO5,0,28141,correct,Alcohol; Alkane; Carbamate; Carboxylic acid; Ether,Alcohol; Alkane; Carbamate; Carboxylic acid; Ether,aligned_chunk_139.parquet,133,146121,C12H23NO5,CCO[C@@H](C)C[C@H](NC(=O)OC(C)(C)C)C(=O)O
C12H23NO5,1,52730,mixed error,Alcohol; Alkane; Carbamate; Ester; Ether,Alcohol; Alkane; Amide; Carbamate; Ether,aligned_chunk_128.parquet,472,107690,C12H23NO5,COC(=O)[C@H](CCCCO)NC(=O)OC(C)(C)C
C17H16N4OS,1,34983,mixed error,Alkane; Amine; Ether; Sulfide,Alkane; Amine; Arene; Haloalkane,aligned_chunk_1.parquet,8,3243,C17H16N4OS,Cc1ccnc(C)c1Oc1cc(Sc2ccccn2)cnc1N
C17H16N4OS,0,77590,mixed error,Alkane; Amine; Ether; Sulfide,Alkane; Amine; Ether; Haloalkane,aligned_chunk_202.parquet,1172,377676,C17H16N4OS,CCc1ncccc1Oc1cc(Sc2ccccn2)cnc1N
C16H13NO3,0,66,mixed error,Alkane; Alkene; Arene; Ether; Ketone,Alkane; Amine; Arene; Ether,aligned_chunk_177.parquet,771,283497,C16H13NO3,COc1ccc2c(c1)C(=O)C(=Cc1ccncc1)CO2
C16H13NO3,1,9411,mixed error,Alkane; Alkene; Arene; Ester; Ether; Nitrile,Alkane; Arene; Ether; Haloalkane,aligned_chunk_36.parquet,2505,570438,C16H13NO3,CCOC(=O)/C=C(\c1cccc(C#N)c1)c1ccco1
C16H13NO3,0,10056,false negative,Alcohol; Alkane; Arene; Carboxylic acid; Ether,Alcohol; Arene; Carboxylic acid,aligned_chunk_99.parquet,331,791468,C16H13NO3,Cc1ccc(Oc2ccc3[nH]c(C(=O)O)cc3c2)cc1
C16H13NO3,0,10922,false negative,Aldehyde; Alkane; Arene; Ether; Nitrile,Aldehyde; Alkane; Arene; Ether,aligned_chunk_139.parquet,3102,149090,C16H13NO3,COCOc1cc(C#N)ccc1-c1cccc(C=O)c1
C16H13NO3,0,23040,false negative,Alkane; Arene; Ketone,Alkane,aligned_chunk_203.parquet,3008,382755,C16H13NO3,CC(C)C(=O)c1ccc2oc3ncccc3c(=O)c2c1
C16H13NO3,0,31426,false positive,Alkane; Amide; Arene; Ether; Ketone,Alkane; Amide; Arene; Ether; Haloalkane; Ketone,aligned_chunk_150.parquet,2726,190921,C16H13NO3,COc1ccc(CN2C(=O)C(=O)c3ccccc32)cc1
C16H13NO3,0,34405,correct,Alkane; Arene; Ester; Ether,Alkane; Arene; Ester; Ether,aligned_chunk_118.parquet,1555,72940,C16H13NO3,COC(=O)Cc1ccc(-c2nc3ccccc3o2)cc1
C16H13NO3,0,36014,correct,Alcohol; Alkane; Arene; Ester; Ether; Phenol,Alcohol; Alkane; Arene; Ester; Ether; Phenol,aligned_chunk_201.parquet,703,373999,C16H13NO3,COC(=O)c1c(O)c2ccccc2n1-c1ccccc1
C16H13NO3,0,38183,correct,Alkane; Arene; Ester; Ether,Alkane; Arene; Ester; Ether,aligned_chunk_144.parquet,142,165549,C16H13NO3,COC(=O)c1ccc(-c2ccc3oc(C)nc3c2)cc1
C16H13NO3,0,38707,false negative,Alkane; Arene; Ether,Alkane; Arene,aligned_chunk_118.parquet,1255,72640,C16H13NO3,COc1ccc2c(C)c(-c3ccncc3)c(=O)oc2c1
C16H13NO3,0,39754,false positive,Alkane; Arene; Ester; Ether,Alkane; Arene; Ester; Ether; Haloalkane; Sulfide,aligned_chunk_49.parquet,909,613984,C16H13NO3,COC(=O)c1cccc(-c2nc3ccc(C)cc3o2)c1
C16H13NO3,0,51209,mixed error,Alcohol; Alkane; Arene; Ether,Alcohol; Alkane; Alkyne; Arene; Haloalkane,aligned_chunk_201.parquet,759,374055,C16H13NO3,CC1(O)ON=C2c3ccccc3Oc3ccccc3C21
C16H13NO3,0,60624,mixed error,Alkane; Alkene; Arene; Ether; Ketone,Alkane; Arene; Haloalkane,aligned_chunk_25.parquet,478,529224,C16H13NO3,COc1ccc2c(c1)C(=O)C(=Cc1cccnc1)CO2
C16H13NO3,0,65656,false negative,Alkane; Amide; Arene; Ether; Ketone,Alkane; Amide; Arene,aligned_chunk_5.parquet,536,616889,C16H13NO3,NC(=O)c1ccc(Oc2ccc3c(c2)CCC3=O)cc1
C16H13NO3,0,67454,false negative,Alcohol; Alkane; Amide; Arene; Imide,Alcohol; Amide; Arene; Imide,aligned_chunk_8.parquet,2270,725205,C16H13NO3,O=C1c2ccccc2C(=O)N1[C@@H](CO)c1ccccc1
C16H13NO3,0,68308,false positive,Alkane; Arene; Ester; Ether; Isocyanate,Alkane; Arene; Ester; Ether; Haloalkane; Isocyanate,aligned_chunk_84.parquet,1026,740187,C16H13NO3,O=C=NCc1ccc(C(=O)OCc2ccccc2)cc1
C15H21NO4,0,3351,correct,Alcohol; Alkane; Arene; Carbamate; Carboxylic acid; Ether,Alcohol; Alkane; Arene; Carbamate; Carboxylic acid; Ether,aligned_chunk_62.parquet,1387,663069,C15H21NO4,CC(C)(C)OC(=O)NC(C)(Cc1ccccc1)C(=O)O
C15H21NO4,1,5180,mixed error,Alkane; Ester; Ether,Alkane; Amide; Ether; Haloalkane,aligned_chunk_134.parquet,2224,132052,C15H21NO4,CCCCC(=O)Oc1ccnc(OC(=O)CCCC)c1
C15H21NO4,0,6170,false positive,Alcohol; Alkane; Amide; Arene; Carboxylic acid; Ether,Alcohol; Alkane; Amide; Arene; Carbamate; Carboxylic acid; Ether,aligned_chunk_177.parquet,1685,284411,C15H21NO4,O=C(O)CCCCCNC(=O)COCc1ccccc1
C15H21NO4,0,7132,false negative,Alcohol; Alkane; Amine; Arene; Carboxylic acid; Ester; Ether,Alcohol; Alkane; Amine; Arene; Carboxylic acid,aligned_chunk_50.parquet,2905,622550,C15H21NO4,CC(C)(C)OC(=O)CC(c1ccccc1)[C@@H](N)C(=O)O
C15H21NO4,0,7811,false positive,Alkane; Arene; Carbamate; Ester; Ether,Alkane; Arene; Carbamate; Ester; Ether; Haloalkane,aligned_chunk_69.parquet,2554,686781,C15H21NO4,COC(=O)c1cc(C)cc(C)c1NC(=O)OC(C)(C)C
C15H21NO4,0,11182,correct,Alcohol; Aldehyde; Alkane; Arene; Carbamate; Ether,Alcohol; Aldehyde; Alkane; Arene; Carbamate; Ether,aligned_chunk_103.parquet,1869,21305,C15H21NO4,CN(CC(O)c1ccc(C=O)cc1)C(=O)OC(C)(C)C
C15H21NO4,0,11954,false negative,Alkane; Arene; Ester; Ether,Alkane; Ester; Ether,aligned_chunk_193.parquet,2348,343373,C15H21NO4,CCOC(=O)CC(=Nc1cccc(OC)c1C)OCC
C15H21NO4,0,15150,correct,Alcohol; Alkane; Arene; Carbamate; Carboxylic acid; Ether,Alcohol; Alkane; Arene; Carbamate; Carboxylic acid; Ether,aligned_chunk_209.parquet,1317,400478,C15H21NO4,CC(C)(C)OC(=O)N[C@H](CCc1ccccc1)C(=O)O
C15H21NO4,0,21261,correct,Alkane; Arene; Carbamate; Ether; Ketone,Alkane; Arene; Carbamate; Ether; Ketone,aligned_chunk_73.parquet,2095,702449,C15H21NO4,COc1cccc(C(=O)[C@H](C)NC(=O)OC(C)(C)C)c1
C15H21NO4,0,22755,correct,Alkane; Amine; Arene; Ester; Ether,Alkane; Amine; Arene; Ester; Ether,aligned_chunk_158.parquet,2706,216833,C15H21NO4,CCOC(=O)c1ccccc1CCC(N)C(=O)OCC
C15H21NO4,0,36842,correct,Alcohol; Alkane; Amide; Arene; Ester; Ether,Alcohol; Alkane; Amide; Arene; Ester; Ether,aligned_chunk_135.parquet,1843,134903,C15H21NO4,C[C@@H](NC(=O)CC(C)(C)O)C(=O)OCc1ccccc1
C15H21NO4,0,40431,false positive,Alkane; Arene; Carbamate; Ester; Ether,Alkane; Amide; Arene; Carbamate; Ester; Ether,aligned_chunk_16.parquet,1755,222403,C15H21NO4,COC(=O)C(C)(C)[C@@H](C)NC(=O)OCc1ccccc1
C15H21NO4,0,41068,false positive,Alcohol; Aldehyde; Alkane; Amide; Arene; Ether; Phenol,Alcohol; Aldehyde; Alkane; Alkene; Amide; Arene; Ether; Phenol,aligned_chunk_121.parquet,2932,87317,C15H21NO4,CC(C)NC(=O)CCCCOc1cccc(O)c1C=O
C15H21NO4,0,43676,false negative,Alcohol; Alkane; Arene; Ether; Ketone; Phenol,Alcohol; Alkane; Arene; Ether; Phenol,aligned_chunk_197.parquet,220,354157,C15H21NO4,CCCc1c(OCC(=N)OCC)ccc(C(C)=O)c1O
C15H21NO4,0,47499,false positive,Alkane; Alkyne; Amine; Arene; Ether,Alkane; Alkyne; Amine; Arene; Ether; Haloalkane,aligned_chunk_215.parquet,1376,423257,C15H21NO4,C#Cc1cc(N)cc(OCCOCCOCCOC)c1
C15H21NO4,0,55217,correct,Alkane; Arene; Carbamate; Ether; Ketone,Alkane; Arene; Carbamate; Ether; Ketone,aligned_chunk_57.parquet,3181,645430,C15H21NO4,CC(=O)c1ccc(OCCNC(=O)OC(C)(C)C)cc1
C15H21NO4,0,59573,correct,Alcohol; Alkane; Arene; Carbamate; Carboxylic acid; Ether,Alcohol; Alkane; Arene; Carbamate; Carboxylic acid; Ether,aligned_chunk_232.parquet,27,483519,C15H21NO4,Cc1ccc(C[C@H](NC(=O)OC(C)(C)C)C(=O)O)cc1
C15H21NO4,0,62071,mixed error,Alkane; Amine; Arene; Ester; Ether; Ketone,Alkane; Arene; Ester; Ether; Haloalkane; Ketone,aligned_chunk_154.parquet,1487,202628,C15H21NO4,COc1ccc(CN(C)CCOC(=O)CC(C)=O)cc1
C15H21NO4,0,63918,mixed error,Alcohol; Alkane; Amine; Arene; Ester; Ether,Alcohol; Alkane; Amine; Arene; Ether; Haloalkane; Phenol,aligned_chunk_222.parquet,1539,449336,C15H21NO4,CCOC(=O)c1ccc(OCC2(O)CCNCC2)cc1
C10H16O4,0,7707,correct,Alcohol; Alkane; Carboxylic acid; Ester; Ether,Alcohol; Alkane; Carboxylic acid; Ester; Ether,aligned_chunk_144.parquet,2669,168076,C10H16O4,COC(=O)C(C(=O)O)C1CCCCC1
C10H16O4,0,14459,correct,Alkane; Ester; Ether; Ketone,Alkane; Ester; Ether; Ketone,aligned_chunk_119.parquet,2440,77064,C10H16O4,CCOC(=O)C(CC(C)=O)C(=O)CC
C10H16O4,1,15281,mixed error,Alcohol; Alkane; Ester; Ether; Ketone,Alcohol; Alkane; Alkene; Enol; Ester; Ether,aligned_chunk_217.parquet,1078,429475,C10H16O4,CCOC(=O)C(=O)C(O)C1CCCC1
C10H16O4,0,48388,correct,Alkane; Alkene; Ester; Ether,Alkane; Alkene; Ester; Ether,aligned_chunk_158.parquet,2786,216913,C10H16O4,C=CC(C)(C)C(C(=O)OC)C(=O)OC
C10H16O4,0,50300,correct,Alkane; Ester; Ether,Alkane; Ester; Ether,aligned_chunk_218.parquet,1299,432917,C10H16O4,O=C1CC[C@@H](COC2CCCCO2)O1
C10H16O4,0,54601,correct,Alkane; Alkene; Ester; Ether,Alkane; Alkene; Ester; Ether,aligned_chunk_63.parquet,356,665262,C10H16O4,C=C(CC(=O)OC(C)(C)C)C(=O)OC
C10H16O4,0,60217,correct,Alkane; Alkene; Ester; Ether,Alkane; Alkene; Ester; Ether,aligned_chunk_21.parquet,2055,404419,C10H16O4,C=CC(=O)OCCCCOCC1CO1
C10H16O4,0,72350,correct,Alkane; Ether; Ketone,Alkane; Ether; Ketone,aligned_chunk_143.parquet,1361,163494,C10H16O4,CC1(C)COC2(CCC(=O)CC2)OO1
C7H8N2O,0,9831,false positive,Alkane; Amine; Ketone,Alkane; Amine; Ketone; Sulfide,aligned_chunk_58.parquet,920,646372,C7H8N2O,CC(=O)c1cccnc1N
C7H8N2O,1,12897,mixed error,Aldehyde; Alkane,Haloalkane; Nitrile,aligned_chunk_141.parquet,2310,157961,C7H8N2O,O=CC1CC1c1c[nH]cn1
C7H8N2O,0,18162,false negative,Alkane; Ether,Alkane,aligned_chunk_99.parquet,2282,793419,C7H8N2O,CC1(c2ccncn2)CO1
C7H8N2O,0,37952,correct,Alkane,Alkane,aligned_chunk_212.parquet,260,412401,C7H8N2O,CC(=NO)c1ccncc1
C7H8N2O,0,45057,correct,Amine; Arene,Amine; Arene,aligned_chunk_177.parquet,385,283111,C7H8N2O,N=C(NO)c1ccccc1
C7H8N2O,0,52916,correct,Alkane; Amine; Ether,Alkane; Amine; Ether,aligned_chunk_61.parquet,1492,659928,C7H8N2O,Nc1ccc2c(n1)CCO2
C7H8N2O,0,58712,mixed error,Alkane; Ketone,Alkane; Ester; Ether; Haloalkane,aligned_chunk_77.parquet,1435,714640,C7H8N2O,CC(=O)c1nccnc1C
C7H8N2O,0,58992,correct,Aldehyde; Alkane; Amine,Aldehyde; Alkane; Amine,aligned_chunk_156.parquet,1860,209422,C7H8N2O,CNc1ccc(C=O)cn1
C22H26O2S,1,42104,false negative,Aldehyde; Alkane; Arene; Ketone; Sulfide,Alkane; Arene; Ketone,aligned_chunk_34.parquet,1235,562655,C22H26O2S,CCCCC(C=O)(CC)CSc1ccccc1C(=O)c1ccccc1
C18H18N4O3,1,11465,mixed error,Alkane; Amide; Ketone,Alkane; Amide; Arene,aligned_chunk_157.parquet,2546,213341,C18H18N4O3,Cc1cc(C(=O)c2ccncn2)c(=O)n2c1C(=O)NC21CCCCC1
C18H18N4O3,0,47527,false positive,Alkane; Arene; Ether,Alkane; Arene; Ether; Haloalkane,aligned_chunk_91.parquet,2186,767328,C18H18N4O3,COc1ccc(C2CNC(=O)N2c2ccc3[nH]cnc3c2)cc1OC
C18H18N4O3,0,59959,correct,Alkane; Amine; Arene; Ketone,Alkane; Amine; Arene; Ketone,aligned_chunk_204.parquet,3025,386003,C18H18N4O3,CCn1nc(-c2ccccc2)c(C(C)=O)c(Nc2cc(C)no2)c1=O
C18H18N4O3,0,61681,false negative,Alkane; Amide; Arene; Hydrazine,Alkane; Amide; Arene,aligned_chunk_7.parquet,1120,688565,C18H18N4O3,CC(=O)NNC(=O)c1ccc2c(C(C)C)nc3cc[nH]c(=O)c3c2c1
C18H18N4O3,0,70960,false negative,Alkane; Amide; Amine; Arene; Ether,Alkane; Amide; Amine; Arene,aligned_chunk_162.parquet,354,230835,C18H18N4O3,O=C(NO)c1ccc2c(c1)OCCN(Cc1nc3ccccc3[nH]1)C2
C13H17NO4S,0,34610,mixed error,Alcohol; Alkane; Amide; Arene; Sulfonamide,Alcohol; Alkane; Amide; Amine; Arene,aligned_chunk_112.parquet,1596,53545,C13H17NO4S,CC[C@@H]1C(=O)N(S(=O)(=O)c2ccccc2C)[C@@H]1CO
C13H17NO4S,1,35684,mixed error,Alcohol; Alkane; Amide; Arene; Sulfonamide,Alcohol; Alkane; Arene; Sulfone,aligned_chunk_230.parquet,146,477161,C13H17NO4S,CCc1ccc2c(c1)C(=O)N(CCCCO)S2(=O)=O
C13H17NO4S,0,41358,false negative,Alkane; Alkene; Amine; Arene; Ether; Sulfone,Alkane; Amine; Arene; Sulfone,aligned_chunk_57.parquet,1906,644155,C13H17NO4S,C=CCNCC1OCc2ccc(S(C)(=O)=O)cc2O1
C13H17NO4S,0,43408,false positive,Alcohol; Alkane; Amine; Arene; Carboxylic acid; Sulfonamide,Alcohol; Alkane; Amine; Arene; Carboxylic acid; Haloalkane; Sulfonamide,aligned_chunk_187.parquet,353,318700,C13H17NO4S,O=C(O)Cc1ccc(S(=O)(=O)N2CCCCC2)cc1
C13H17NO4S,0,57702,correct,Alcohol; Alkane; Arene; Carbamate; Carboxylic acid; Ether; Sulfide,Alcohol; Alkane; Arene; Carbamate; Carboxylic acid; Ether; Sulfide,aligned_chunk_129.parquet,2512,112981,C13H17NO4S,CSCCC(NC(=O)OCc1ccccc1)C(=O)O
C13H17NO4S,0,58947,correct,Alcohol; Alkane; Carbamate; Carboxylic acid; Ether; Sulfide,Alcohol; Alkane; Carbamate; Carboxylic acid; Ether; Sulfide,aligned_chunk_101.parquet,1415,14383,C13H17NO4S,CC(C)(C)OC(=O)N[C@@H]1C[C@H]1c1cc(C(=O)O)cs1
C27H38N2O3,0,15603,false negative,Alkane; Alkene; Amine; Arene; Ester; Ether,Alkane; Amine; Arene; Ester; Ether,aligned_chunk_75.parquet,2690,709485,C27H38N2O3,CCOC(=O)[C@@H](OC(C)(C)C)c1c(C)cc2nc(CN(C)C)ccc2c1C1=CCCCC1
C27H38N2O3,0,17093,correct,Alkane; Amide; Amine; Ether,Alkane; Amide; Amine; Ether,aligned_chunk_0.parquet,2636,2636,C27H38N2O3,O=C(N[C@@H]1CC[C@@H](CCN2CCCCC2c2coc3cccc-3c2)CC1)C1CCOCC1
C27H38N2O3,1,49584,false positive,Alkane; Amide; Amine; Arene; Ether,Alkane; Alkene; Amide; Amine; Arene; Ether; Haloalkane,aligned_chunk_142.parquet,395,159264,C27H38N2O3,COc1ccc(COc2ccc(C(=O)N3CCN(CC(C)C)CC3)cc2CC(C)C)cc1
C27H38N2O3,0,72588,false negative,Alkane; Amide; Amine; Ether,Alkane; Amide; Amine,aligned_chunk_164.parquet,2173,239159,C27H38N2O3,O=C(N[C@@H]1CC[C@@H](CCN2CCCCC2c2coc3cccc-3c2)CC1)C1CCCOC1
C26H29N3O,1,4329,mixed error,Alkane; Amide; Amine; Arene,Alkane; Amide; Arene; Haloalkane,aligned_chunk_128.parquet,3084,110302,C26H29N3O,CC(=O)N(c1ccccc1)C1(c2cccc(C)n2)CCN(Cc2ccccc2)CC1
C26H29N3O,0,25869,false negative,Alkane; Amine; Arene; Ether,Alkane; Amine; Arene,aligned_chunk_141.parquet,52,155703,C26H29N3O,Cc1ccc2c(c1)nc(N)c1ncc(CCc3ccc(OCCC(C)C)cc3)cc12
C15H14N2,0,11026,correct,Alkane; Arene,Alkane; Arene,aligned_chunk_190.parquet,2145,333434,C15H14N2,c1ccc(CCn2ccc3ncccc32)cc1
C15H14N2,0,29685,false positive,Alkane; Arene,Alkane; Arene; Haloalkane,aligned_chunk_59.parquet,924,649576,C15H14N2,Cc1cc(C)c2ccc3c(C)ccnc3c2n1
C15H14N2,0,43143,false positive,Alkane; Amine; Arene,Alkane; Amine; Arene; Ether,aligned_chunk_94.parquet,2584,777501,C15H14N2,Cn1cc(-c2ccccc2)c2cc(N)ccc21
C15H14N2,0,54907,false positive,Alkane; Amine; Arene; Nitrile,Alkane; Amide; Amine; Arene; Nitrile,aligned_chunk_212.parquet,2896,415037,C15H14N2,N#Cc1ccc(N2CCCC2)c2ccccc12
C15H14N2,1,59628,mixed error,Alkane; Amine; Arene; Nitrile,Alkene; Amine; Arene; Imide; Nitrile,aligned_chunk_63.parquet,1750,666656,C15H14N2,N#CNCC(c1ccccc1)c1ccccc1
C15H14N2,0,73714,correct,Alkane; Amine; Arene; Nitrile,Alkane; Amine; Arene; Nitrile,aligned_chunk_151.parquet,2370,193773,C15H14N2,N#C[C@@H](N)Cc1ccc(-c2ccccc2)cc1
C12H10BrN3OS,1,3832,false negative,Alkane; Amine; Haloalkane; Sulfide,Haloalkane; Sulfide,aligned_chunk_225.parquet,2083,459612,C12H10BrN3OS,CN(C)c1nc(-c2ccco2)c2scc(Br)c2n1
C12H10BrN3OS,0,70665,false negative,Alkane; Arene; Ether; Haloalkane; Nitrile; Sulfide,Alkane; Arene; Ether; Nitrile,aligned_chunk_68.parquet,944,681982,C12H10BrN3OS,CC(C)Oc1ccc(-c2nnc(Br)s2)cc1C#N
C22H21N3O4,0,7800,false positive,Alkane; Amide; Amine; Arene; Ester; Ether,Alkane; Amide; Amine; Arene; Ester; Ether; Haloalkane,aligned_chunk_82.parquet,2344,735007,C22H21N3O4,COC(=O)c1cccc(CONC(=O)c2ccccc2NCc2ccncc2)c1
C22H21N3O4,1,15230,mixed error,Alkane; Amine; Arene; Ester; Ether,Alkane; Alkene; Amide; Amine; Arene,aligned_chunk_14.parquet,3090,152334,C22H21N3O4,CCOC(=O)c1ncc2[nH]c3cccc(Oc4ccc(N)cc4)c3c2c1COC
C22H21N3O4,0,46684,false negative,Alkane; Arene; Ester; Ether; Nitrile,Alkane; Arene; Ester; Ether,aligned_chunk_189.parquet,2010,326809,C22H21N3O4,COc1ccc2nc(-c3ccc(C#N)cc3)c(=O)n(CC(=O)OC(C)(C)C)c2c1
C22H21N3O4,0,53052,false positive,Alkane; Arene; Ester; Ether,Alkane; Arene; Ester; Ether; Haloalkane,aligned_chunk_144.parquet,1565,166972,C22H21N3O4,CC(=O)OCc1nc2cc(-c3ccc4ocnc4c3)ccc2n1C1CCOCC1
C22H21N3O4,0,68338,correct,Alkane; Arene; Ether,Alkane; Arene; Ether,aligned_chunk_30.parquet,904,549241,C22H21N3O4,CCc1c(Oc2cc(C)cc(C)c2)n(Cc2nc3ccccc3o2)c(=O)[nH]c1=O
C21H30N2O5,1,23837,correct,Alkane; Amide; Arene; Carbamate; Ester; Ether,Alkane; Amide; Arene; Carbamate; Ester; Ether,aligned_chunk_202.parquet,2469,378973,C21H30N2O5,COC(=O)c1ccc([C@H](C)NC(=O)[C@H]2CCCCN2C(=O)OC(C)(C)C)cc1
C21H30N2O5,0,31753,correct,Alkane; Amide; Arene; Carbamate; Ester; Ether,Alkane; Amide; Arene; Carbamate; Ester; Ether,aligned_chunk_226.parquet,89,460900,C21H30N2O5,CC(C)(C)OC(=O)C1CCCN1C(=O)C(C)(C)NC(=O)OCc1ccccc1
C19H19NO4,0,9839,false negative,Alcohol; Alkane; Arene; Carbamate; Ether,Alcohol; Alkane; Arene; Ether,aligned_chunk_180.parquet,2041,297662,C19H19NO4,O=C(Oc1cccc2c1Cc1ccccc1-2)N1CCOC(CO)C1
C19H19NO4,0,23196,false positive,Alkane; Amide; Arene; Carbamate; Ether; Imide,Alkane; Alkene; Amide; Arene; Carbamate; Ether; Imide,aligned_chunk_149.parquet,2062,183826,C19H19NO4,COc1ccccc1CC(=O)N1C(=O)O[C@@H](c2ccccc2)[C@@H]1C
C19H19NO4,0,25066,false positive,Alkane; Arene; Ester; Ether,Alkane; Arene; Carbamate; Ester; Ether,aligned_chunk_147.parquet,490,175742,C19H19NO4,COC(=O)[C@H]1N=C(c2ccccc2OCc2ccccc2)O[C@H]1C
C19H19NO4,0,28619,mixed error,Alkane; Amide; Arene; Ether; Imide,Alkane; Amide; Arene; Haloalkane; Imide,aligned_chunk_228.parquet,1416,468700,C19H19NO4,COc1ccc(CC(C)N2C(=O)c3ccccc3C2=O)cc1OC
C19H19NO4,0,41353,false negative,Aldehyde; Alkane; Amide; Arene; Ether,Aldehyde; Alkane; Amide; Arene,aligned_chunk_141.parquet,3081,158732,C19H19NO4,CN(C(=O)C(CCC=O)c1ccc2c(c1)OCO2)c1ccccc1
C19H19NO4,0,42650,correct,Alkane; Arene; Ether; Nitrile,Alkane; Arene; Ether; Nitrile,aligned_chunk_40.parquet,2049,586155,C19H19NO4,COc1ccc(C#N)cc1OC1COCC1OCc1ccccc1
C19H19NO4,0,44831,false negative,Alcohol; Alkane; Amide; Arene; Carboxylic acid; Ether,Alcohol; Alkane; Amide; Arene; Carboxylic acid,aligned_chunk_180.parquet,2229,297850,C19H19NO4,CC1(C)O[C@@H](C(=O)O)[C@H](c2ccccc2)N1C(=O)c1ccccc1
C19H19NO4,0,49799,correct,Alkane; Arene; Ester; Ether,Alkane; Arene; Ester; Ether,aligned_chunk_242.parquet,190,519237,C19H19NO4,CCOC(=O)c1cc(COC(C)c2ccc3ccccc3c2)on1
C19H19NO4,0,56593,false negative,Alcohol; Alkane; Arene; Carbamate; Ether,Alcohol; Alkane; Arene; Ether,aligned_chunk_205.parquet,587,386808,C19H19NO4,O=C(Oc1cccc2c1Cc1ccccc1-2)N1CCOC(CO)C1
C19H19NO4,0,64377,false negative,Alcohol; Alkane; Alkene; Arene; Ester; Ether; Phenol,Alcohol; Alkane; Arene; Phenol,aligned_chunk_174.parquet,14,272972,C19H19NO4,COC(=O)c1cn(-c2ccc(O)cc2)c(C2CC=CCC2)cc1=O
C19H19NO4,0,71579,correct,Alcohol; Alkane; Arene; Carbamate; Ether,Alcohol; Alkane; Arene; Carbamate; Ether,aligned_chunk_181.parquet,872,299759,C19H19NO4,O=C1O[C@@H](CO)[C@H]2CCc3cc(OCc4ccccc4)ccc3N12
C19H19NO4,0,72225,false positive,Alkane; Amine; Arene; Ester; Ether,Alkane; Amide; Amine; Arene; Ester; Ether,aligned_chunk_128.parquet,2690,109908,C19H19NO4,COC(=O)c1cccc(Nc2ccc3c(c2)CCC3)c1C(=O)OC
C19H19NO4,0,77844,false negative,Alcohol; Alkane; Amide; Arene; Carboxylic acid,Alcohol; Alkane; Arene; Carboxylic acid,aligned_chunk_133.parquet,2081,128651,C19H19NO4,Cc1ccc(-c2cc(C(=O)O)cc(C(=O)N3CC[C@@H](O)C3)c2)cc1
C19H19NO4,1,78517,mixed error,Alkane; Amine; Arene; Ester; Ether; Ketone,Alkane; Amine; Arene; Haloalkane; Ketone,aligned_chunk_99.parquet,268,791405,C19H19NO4,CN(C)CCOC(=O)c1ccc2c(c1)C(=O)c1ccccc1OC2
C25H34O4,1,18802,false positive,Alkane; Arene; Ester; Ether,Aldehyde; Alkane; Arene; Ester; Ether; Haloalkane,aligned_chunk_56.parquet,2662,641706,C25H34O4,CCCCCCCCCCOc1ccc(OCc2ccccc2)c(C(=O)OC)c1
C25H34O4,0,24514,correct,Alkane; Alkene; Ester; Ether; Ketone,Alkane; Alkene; Ester; Ether; Ketone,aligned_chunk_184.parquet,2678,311230,C25H34O4,CC(=O)OCC(=O)[C@@]1(C)[C@H](C)CC2C3CCC4=CC(=O)CC[C@]4(C)C3=CC[C@@]21C
C25H34O4,0,41470,correct,Alcohol; Alkane; Arene; Ester; Ether,Alcohol; Alkane; Arene; Ester; Ether,aligned_chunk_105.parquet,1005,26960,C25H34O4,CC(C)C(O)(CCc1ccc(OCc2ccccc2)cc1)CC(=O)OC(C)(C)C
C24H28N4O2,0,25826,mixed error,Alkane; Amine; Arene; Ether; Nitrile,Alkane; Amine; Arene; Haloalkane; Nitrile,aligned_chunk_34.parquet,863,562283,C24H28N4O2,CN(C)Cc1c(Oc2ccc(C#N)cc2)ccc2c(CCC3CCNCC3)noc12
C24H28N4O2,0,27062,false positive,Alkane; Arene,Alkane; Arene; Ether; Haloalkane,aligned_chunk_208.parquet,395,396269,C24H28N4O2,Cc1ccc(-c2cc(C3CCN(C(=O)N(C)O)CC3)nn2-c2ccc(C)cc2)cc1
C24H28N4O2,0,56387,mixed error,Alkane; Amide; Amine; Arene,Alkane; Amine; Sulfide,aligned_chunk_181.parquet,1022,299909,C24H28N4O2,O=C(c1cc2cccc(N3CCN(CCc4ccccn4)CC3)c2o1)N1CCCC1
C24H28N4O2,1,60744,mixed error,Alkane; Amide; Amine; Arene,Alkane; Amide; Arene; Ether; Ketone; Sulfide,aligned_chunk_40.parquet,3154,587260,C24H28N4O2,O=C(N[C@H]1CCN(Cc2ccccc2)C1)[C@@H]1CCCCN1c1nc2ccccc2o1
C24H28N4O2,0,60843,correct,Alcohol; Alkane; Amine; Arene; Ether,Alcohol; Alkane; Amine; Arene; Ether,aligned_chunk_152.parquet,1305,195992,C24H28N4O2,OC1CCN(Cc2ccc(CCc3ccc(OCc4ccccc4)nn3)nc2)CC1
C24H28N4O2,0,62832,mixed error,Alkane; Amide; Amine; Arene; Ether,Alkane; Amine; Arene; Haloalkane,aligned_chunk_46.parquet,3191,606579,C24H28N4O2,COc1ccccc1CNc1ccc2cc(NC(=O)C3CCN(C)CC3)ccc2n1
C24H28N4O2,0,73218,false negative,Alkane; Amide; Amine; Arene; Hydrazine; Nitrile,Alkane; Amide; Amine; Arene; Hydrazine,aligned_chunk_143.parquet,1897,164030,C24H28N4O2,CCc1cc(CC)c(C(=O)N2CCC(c3ccc(C#N)cc3)CC2)cc1C(=O)NN
C6H6BrNOS,1,40074,mixed error,Alkane; Haloalkane; Sulfoxide,Alkane; Haloalkane; Sulfide,aligned_chunk_98.parquet,403,788285,C6H6BrNOS,CS(=O)c1ccc(Br)cn1
C20H21FN2O3,1,67887,false negative,Alcohol; Alkane; Amide; Arene; Carboxylic acid; Haloalkane,Alcohol; Alkane; Amide; Arene; Carboxylic acid,aligned_chunk_198.parquet,834,358008,C20H21FN2O3,C[C@]1(C(=O)O)CCC[C@@H](NC(=O)c2ccc(-c3cccc(F)c3)nc2)C1
C16H23NO4,0,333,correct,Alcohol; Alkane; Arene; Carbamate; Ether,Alcohol; Alkane; Arene; Carbamate; Ether,aligned_chunk_16.parquet,2572,223220,C16H23NO4,CC(O)CC1(C)CN(C(=O)OCc2ccccc2)CCO1
C16H23NO4,1,3913,false positive,Alcohol; Alkane; Amine; Arene; Carboxylic acid; Ester; Ether,Alcohol; Alkane; Amine; Arene; Carbamate; Carboxylic acid; Ester; Ether,aligned_chunk_175.parquet,2278,278501,C16H23NO4,CCC(C(=O)O)c1ccccc1NCC(=O)OC(C)(C)C
C16H23NO4,0,10251,false negative,Alkane; Arene; Carbamate; Ester; Ether,Alkane; Arene; Carbamate; Ether,aligned_chunk_115.parquet,1750,63472,C16H23NO4,COC(=O)Cc1ccc(CCNC(=O)OC(C)(C)C)cc1
C16H23NO4,0,20487,false negative,Alkane; Arene; Carbamate; Ester; Ether,Alkane; Arene; Carbamate; Ether,aligned_chunk_0.parquet,279,279,C16H23NO4,COC(=O)c1ccccc1CCCNC(=O)OC(C)(C)C
C16H23NO4,0,23749,false positive,Alkane; Arene; Ether; Imine,Alkane; Arene; Ether; Haloalkane; Imine,aligned_chunk_22.parquet,96,438202,C16H23NO4,COCCCOc1cc2c(cc1OC)C=NC(COC)C2
C16H23NO4,0,26448,correct,Alkane; Alkene; Ester; Ether; Nitrile,Alkane; Alkene; Ester; Ether; Nitrile,aligned_chunk_227.parquet,2414,466488,C16H23NO4,CCOC(=O)C(C#N)=C1CCC2(CC1)OCC(C)(C)CO2
C16H23NO4,0,29646,correct,Alcohol; Alkane; Arene; Carbamate; Carboxylic acid; Ether,Alcohol; Alkane; Arene; Carbamate; Carboxylic acid; Ether,aligned_chunk_216.parquet,3243,428394,C16H23NO4,CCN(C(=O)OC(C)(C)C)[C@@H](Cc1ccccc1)C(=O)O
C16H23NO4,0,35842,correct,Alkane; Alkene; Arene; Carbamate; Ether,Alkane; Alkene; Arene; Carbamate; Ether,aligned_chunk_25.parquet,2634,531380,C16H23NO4,CCOC(=O)NCCOc1ccc(OCC=C(C)C)cc1
C16H23NO4,0,49284,correct,Alcohol; Alkane; Arene; Carbamate; Ether,Alcohol; Alkane; Arene; Carbamate; Ether,aligned_chunk_20.parquet,2361,369168,C16H23NO4,CC(C)(C)OC(=O)N1C[C@@H](Oc2ccccc2)C[C@H]1CO
C16H23NO4,0,49479,correct,Alkane; Arene; Carbamate; Ether,Alkane; Arene; Carbamate; Ether,aligned_chunk_116.parquet,455,65417,C16H23NO4,CCOC(=O)Nc1ccc(CCCC2(C)OCCO2)cc1
C16H23NO4,0,62004,false positive,Alkane; Amine; Arene; Ester; Ether,Alkane; Amine; Arene; Ester; Ether; Ketone,aligned_chunk_220.parquet,2982,444328,C16H23NO4,CCOC(=O)CCCNc1ccc(CC(=O)OCC)cc1
C16H23NO4,0,62267,correct,Alkane; Amine; Arene; Ester; Ether,Alkane; Amine; Arene; Ester; Ether,aligned_chunk_143.parquet,392,162525,C16H23NO4,CCOC(=O)Cc1cccc(OCCN2CCOCC2)c1
C16H23NO4,0,67540,correct,Alkane; Amine; Arene; Ester; Ether,Alkane; Amine; Arene; Ester; Ether,aligned_chunk_209.parquet,152,399313,C16H23NO4,COc1ccc(CCOC(=O)[C@@H]2CCCCN2)cc1OC
C22H24N4O4S2,1,31019,mixed error,Alkane; Amine; Arene; Sulfone,Alkane; Amine; Arene; Haloalkane; Sulfonamide,aligned_chunk_230.parquet,2678,479693,C22H24N4O4S2,O=S1(=O)CCN(S(=O)(=O)Nc2ccc3nc(N[C@@H]4CCc5ccccc54)ccc3c2)CC1
C16H14N2O2S,0,2763,false positive,Alkane; Arene; Ester; Ether; Sulfide,Alkane; Amide; Arene; Ester; Ether; Sulfide,aligned_chunk_147.parquet,1837,177089,C16H14N2O2S,COC(=O)c1ccccc1CSc1nc2ccccc2[nH]1
C16H14N2O2S,1,9942,false negative,Alcohol; Alkane; Alkene; Amine; Arene; Phenol; Sulfide,Amine; Sulfide,aligned_chunk_141.parquet,3038,158689,C16H14N2O2S,O=c1[nH]c2ccc(O)c(C3=CCNCC3)c2c2ccsc12
C16H14N2O2S,0,22235,false negative,Alcohol; Alkane; Arene; Ether; Sulfide,Alcohol; Alkane; Arene; Ether,aligned_chunk_178.parquet,2741,288698,C16H14N2O2S,OCc1nc(-c2ccc(OCc3ccccc3)cc2)ns1
C16H14N2O2S,0,31146,false positive,Alkane; Arene; Sulfide,Alkane; Amide; Arene; Sulfide,aligned_chunk_38.parquet,2182,576556,C16H14N2O2S,Cc1ccccc1CNC(=O)n1sc2ccccc2c1=O
C16H14N2O2S,0,34679,false positive,Alkane; Amine; Arene; Sulfonamide,Alkane; Amine; Arene; Ether; Haloalkane; Sulfonamide,aligned_chunk_83.parquet,479,736313,C16H14N2O2S,Cc1cccc(NS(=O)(=O)c2ccc3ccccc3c2)n1
C16H14N2O2S,0,56388,false negative,Alcohol; Alkane; Amine; Arene; Ketone; Sulfide,Alcohol; Alkane; Arene; Ketone,aligned_chunk_2.parquet,1443,365121,C16H14N2O2S,O=C(c1ccccc1)c1ccc2sc(NCCO)nc2c1
C16H14N2O2S,0,76472,correct,Alcohol; Alkane; Arene; Ether; Sulfide,Alcohol; Alkane; Arene; Ether; Sulfide,aligned_chunk_104.parquet,307,23018,C16H14N2O2S,OCc1ccc(OCc2csc(-c3ccccc3)n2)nc1
C13H17NO2,0,796,false positive,Alcohol; Alkane; Amine; Arene; Carboxylic acid,Alcohol; Alkane; Amide; Amine; Arene; Carboxylic acid; Ether,aligned_chunk_70.parquet,1175,691831,C13H17NO2,CC(C(=O)O)c1ccc(N2CCCC2)cc1
C13H17NO2,0,1892,correct,Alcohol; Alkane; Amide; Arene,Alcohol; Alkane; Amide; Arene,aligned_chunk_21.parquet,583,402947,C13H17NO2,Cc1ccc2c(c1)C(O)N(CC(C)C)C2=O
C13H17NO2,0,3823,false positive,Alkane; Amide; Arene; Ether,Alkane; Amide; Arene; Ether; Haloalkane,aligned_chunk_125.parquet,1756,99153,C13H17NO2,CCN1C(=O)CCCc2ccc(OC)cc21
C13H17NO2,0,5012,correct,Alkane; Amine; Arene; Ether,Alkane; Amine; Arene; Ether,aligned_chunk_117.parquet,2501,70665,C13H17NO2,c1ccc(CN2C3COCC2COC3)cc1
C13H17NO2,0,5493,correct,Alkane; Amine; Arene; Ester; Ether,Alkane; Amine; Arene; Ester; Ether,aligned_chunk_97.parquet,1885,786522,C13H17NO2,COC(=O)C1CCN(c2ccccc2)CC1
C13H17NO2,0,5726,correct,Alkane; Amine; Arene; Ester; Ether,Alkane; Amine; Arene; Ester; Ether,aligned_chunk_127.parquet,1865,105810,C13H17NO2,CCc1cccc(C)c1NC1CCOC1=O
C13H17NO2,0,6763,mixed error,Alcohol; Alkane; Alkene; Amide; Arene,Alcohol; Alkane; Amide; Arene; Ether,aligned_chunk_63.parquet,1704,666610,C13H17NO2,C=CCCC(=O)N[C@H](CO)c1ccccc1
C13H17NO2,0,9224,false negative,Alkane; Alkene; Amine; Arene; Ester; Ether,Alkane; Amine; Arene; Ester; Ether,aligned_chunk_165.parquet,720,240984,C13H17NO2,CCOC(=O)C(=Cc1cccc(N)c1)CC
C13H17NO2,0,12269,false positive,Alkane; Alkene; Amide; Arene,Alkane; Alkene; Amide; Arene; Ester; Ether; Hydrazone,aligned_chunk_130.parquet,197,117123,C13H17NO2,O=C(C=CCCCCc1ccccc1)NO
C13H17NO2,0,14250,mixed error,Alkane; Amine; Arene; Ether,Alkane; Amine; Arene; Sulfide,aligned_chunk_87.parquet,2595,751471,C13H17NO2,COc1cccc2c1OC[C@H]1NCCC[C@H]21
C13H17NO2,0,16970,correct,Alkane; Ester; Ether,Alkane; Ester; Ether,aligned_chunk_88.parquet,3015,755150,C13H17NO2,CCOC(=O)c1cc2c(nc1C)CCCC2
C13H17NO2,1,25363,mixed error,Alkane; Alkene; Amine; Arene; Ether,Alkane; Alkene; Amine; Arene; Haloalkane; Sulfide,aligned_chunk_14.parquet,1468,150712,C13H17NO2,C=CCOC1Cc2ccc(OC)cc2C1N
C13H17NO2,0,25779,false positive,Alcohol; Alkane; Amide; Arene,Alcohol; Alkane; Amide; Arene; Haloalkane,aligned_chunk_183.parquet,61,305393,C13H17NO2,C[C@@H](c1ccccc1)N1CC(CO)CC1=O
C13H17NO2,0,26707,false positive,Alkane; Amine; Arene; Ether,Alkane; Alkene; Amine; Arene; Ether; Haloalkane,aligned_chunk_8.parquet,1237,724172,C13H17NO2,c1ccc(COC2CC3COCC2N3)cc1
C13H17NO2,0,27854,correct,Alkane; Alkene; Ester; Ether,Alkane; Alkene; Ester; Ether,aligned_chunk_236.parquet,312,496777,C13H17NO2,CCOC(=O)c1cc(C)c(C=C(C)C)cn1
C13H17NO2,0,30117,false negative,Alkane; Alkene; Amine; Arene; Ester; Ether,Alkane; Amine; Arene; Ester; Ether,aligned_chunk_121.parquet,161,84546,C13H17NO2,COC(=O)/C=C/CNCCc1ccccc1
C13H17NO2,0,30801,correct,Alkane; Amide; Arene; Ketone,Alkane; Amide; Arene; Ketone,aligned_chunk_131.parquet,2522,122686,C13H17NO2,CC(=O)CC(C)(C)NC(=O)c1ccccc1
C13H17NO2,0,36919,correct,Alkane; Amine; Arene; Ester; Ether,Alkane; Amine; Arene; Ester; Ether,aligned_chunk_96.parquet,3058,784455,C13H17NO2,N[C@H](C(=O)OC1CCCC1)c1ccccc1
C13H17NO2,0,37055,correct,Aldehyde; Alkane; Amine; Arene; Ether,Aldehyde; Alkane; Amine; Arene; Ether,aligned_chunk_27.parquet,963,536214,C13H17NO2,CN1CCC(Oc2ccccc2C=O)CC1
C13H17NO2,0,39866,correct,Alkane; Arene; Ether; Nitrile,Alkane; Arene; Ether; Nitrile,aligned_chunk_30.parquet,1758,550095,C13H17NO2,COc1ccc(C(C#N)C(C)C)cc1OC
C13H17NO2,0,42130,false positive,Alkane; Arene; Carbamate; Ether,Alkane; Amide; Arene; Carbamate; Ether,aligned_chunk_93.parquet,64,771711,C13H17NO2,CCOC(=O)NC1CCCc2ccccc21
C13H17NO2,0,49252,false positive,Alkane; Ester; Ether,Alkane; Ester; Ether; Sulfide,aligned_chunk_212.parquet,2250,414391,C13H17NO2,CCOC(=O)C1(c2ccncc2)CCCC1
C13H17NO2,0,49565,correct,Alkane; Alkene; Ester; Ether,Alkane; Alkene; Ester; Ether,aligned_chunk_90.parquet,222,762074,C13H17NO2,CCOC(=O)C(C)CC=Cc1cccnc1
C13H17NO2,0,50333,false positive,Alkane; Arene; Ether,Aldehyde; Alkane; Amine; Arene; Ether,aligned_chunk_130.parquet,157,117083,C13H17NO2,COc1ccc2c(c1)C(C)(C)CN(C=O)C2
C13H17NO2,0,51195,correct,Alcohol; Alkane; Amide; Arene,Alcohol; Alkane; Amide; Arene,aligned_chunk_109.parquet,976,39935,C13H17NO2,CC(=O)N1CCC(O)(c2ccccc2)CC1
C13H17NO2,0,55642,correct,Alkane; Amide; Arene; Ether,Alkane; Amide; Arene; Ether,aligned_chunk_121.parquet,1085,85470,C13H17NO2,Cc1cc(C)c2c(c1)NC(=O)C(C(C)C)O2
C13H17NO2,0,55973,false negative,Alcohol; Alkane; Amine; Arene; Carboxylic acid,Alcohol; Alkane; Arene; Carboxylic acid,aligned_chunk_140.parquet,1137,153620,C13H17NO2,O=C(O)c1cccc(CN2CCCCC2)c1
C13H17NO2,0,57249,correct,Alkane; Alkene; Amide; Arene; Ether,Alkane; Alkene; Amide; Arene; Ether,aligned_chunk_84.parquet,148,739309,C13H17NO2,C=CCCC(=O)NCc1ccc(OC)cc1
C13H17NO2,0,60495,correct,Alcohol; Alkane; Amide; Arene; Phenol,Alcohol; Alkane; Amide; Arene; Phenol,aligned_chunk_89.parquet,424,755818,C13H17NO2,O=C(Nc1ccc(O)cc1)C1CCCCC1
C13H17NO2,0,62668,false positive,Alkane,Alcohol; Alkane; Alkene,aligned_chunk_62.parquet,429,662111,C13H17NO2,Cc1cc(C2CC3CCC2C3)n(O)c(=O)c1
C13H17NO2,0,62777,correct,Alcohol; Alkane; Amine; Arene; Carboxylic acid,Alcohol; Alkane; Amine; Arene; Carboxylic acid,aligned_chunk_127.parquet,2558,106503,C13H17NO2,O=C(O)C(c1ccccc1)C1CCCCN1
C13H17NO2,0,62815,correct,Alkane; Amine; Arene; Ester; Ether,Alkane; Amine; Arene; Ester; Ether,aligned_chunk_210.parquet,223,405828,C13H17NO2,COC(=O)CC1CNCCc2ccccc21
C13H17NO2,0,64513,false positive,Alkane; Amine; Arene; Ester; Ether,Alkane; Alkene; Amine; Arene; Ester; Ether,aligned_chunk_170.parquet,2071,261945,C13H17NO2,COC(=O)c1ccc2c(c1)C(CN)CCC2
C13H17NO2,0,71099,false positive,Alcohol; Alkane; Carboxylic acid,Alcohol; Alkane; Alkene; Carboxylic acid,aligned_chunk_240.parquet,2112,514658,C13H17NO2,O=C(O)[C@H]1CCCC[C@@H]1Cc1ccncc1
C13H17NO2,0,72359,mixed error,Alcohol; Alkane; Alkene; Amine; Arene; Phenol,Alcohol; Alkane; Arene; Ketone; Phenol,aligned_chunk_109.parquet,2432,41391,C13H17NO2,CC1=CC(c2ccc(O)cc2O)N(C)CC1
C13H17NO2,0,73931,false negative,Alkane; Alkene; Amine; Arene; Ester; Ether,Alkane; Alkene; Arene; Ester; Ether,aligned_chunk_46.parquet,288,603676,C13H17NO2,CCOC(=O)C=Cc1ccc(N(C)C)cc1
C13H17NO2,0,77382,false positive,Alkane; Ketone,Alkane; Ester; Ether; Ketone,aligned_chunk_90.parquet,2678,764530,C13H17NO2,CCn1cc(C2CCC(=O)CC2)ccc1=O
C12H23NO2,0,22142,correct,Alkane; Amide; Ketone,Alkane; Amide; Ketone,aligned_chunk_233.parquet,505,487269,C12H23NO2,CCCCN(CCCC)C(=O)CC(C)=O
C12H23NO2,1,32870,false positive,Alkane; Amine; Ester; Ether,Alkane; Amine; Ester; Ether; Sulfide,aligned_chunk_9.parquet,756,759386,C12H23NO2,CCOC(=O)CC1CCC(CCN)CC1
C12H23NO2,0,34608,correct,Alkane; Amine; Ester; Ether,Alkane; Amine; Ester; Ether,aligned_chunk_44.parquet,322,597275,C12H23NO2,CCOC(=O)CN(CC)C1CCCCC1
C12H23NO2,0,46689,false negative,Alkane; Amine; Ether,Alkane; Amine,aligned_chunk_61.parquet,2453,660889,C12H23NO2,CCCC[C@@H]1CC2(CC[C@@H]1N)OCCO2
C12H23NO2,0,50686,false negative,Alkane; Amine; Ether,Alkane; Amine,aligned_chunk_222.parquet,3143,450940,C12H23NO2,C[C@H]1OC(CN)(C2CCCCC2)O[C@@H]1C
C12H23NO2,0,61187,false negative,Alkane; Amine; Ester; Ether,Alkane; Ester; Ether,aligned_chunk_21.parquet,2750,405114,C12H23NO2,CCOC(=O)C(C)CCN1CCCCC1
C12H23NO2,0,74248,false negative,Alkane; Alkene; Amine; Ether,Alkane; Alkene; Amine,aligned_chunk_221.parquet,1741,446302,C12H23NO2,C=CCC(N)C1CCC(OC)(OC)CC1
C10H10ClN3O2,0,3385,false negative,Alcohol; Alkane; Amine; Carboxylic acid; Haloalkane,Alcohol; Amine; Carboxylic acid; Haloalkane,aligned_chunk_35.parquet,1699,566386,C10H10ClN3O2,CCc1cn2c(N)c(Cl)cc(C(=O)O)c2n1
C10H10ClN3O2,0,5623,false negative,Alkane; Ester; Ether; Haloalkane,Alkane; Ester; Ether,aligned_chunk_129.parquet,2264,112733,C10H10ClN3O2,CCOC(=O)c1cn2ncnc(Cl)c2c1C
C10H10ClN3O2,1,26714,mixed error,Alkane; Ester; Ether; Haloalkane,Alkane; Alkene; Ester; Ether,aligned_chunk_65.parquet,2620,673898,C10H10ClN3O2,CCOC(=O)c1c(C)nc2ccc(Cl)nn12
C16H16O4,0,8440,correct,Aldehyde; Alkane; Arene; Ether,Aldehyde; Alkane; Arene; Ether,aligned_chunk_163.parquet,435,234176,C16H16O4,COCOc1ccc(OCc2ccccc2)c(C=O)c1
C16H16O4,0,24451,correct,Alcohol; Alkane; Arene; Ether; Ketone; Phenol,Alcohol; Alkane; Arene; Ether; Ketone; Phenol,aligned_chunk_15.parquet,2786,187777,C16H16O4,COc1ccc(C(=O)c2c(O)cc(C)cc2OC)cc1
C16H16O4,0,42087,false negative,Alcohol; Alkane; Arene; Carboxylic acid; Ether,Alcohol; Arene; Carboxylic acid,aligned_chunk_194.parquet,24,344291,C16H16O4,COC(OC)c1cccc(-c2ccc(C(=O)O)cc2)c1
C16H16O4,1,42156,mixed error,Alkane; Arene; Ether; Ketone,Alkane; Amide; Arene; Ether; Haloalkane,aligned_chunk_48.parquet,2384,612282,C16H16O4,COc1ccc(OC)c(C(=O)c2ccccc2OC)c1
C16H16O4,0,47287,correct,Alcohol; Alkane; Arene; Ester; Ether; Phenol,Alcohol; Alkane; Arene; Ester; Ether; Phenol,aligned_chunk_45.parquet,842,600961,C16H16O4,CCOC(=O)c1ccc(OCc2ccccc2)c(O)c1
C16H16O4,0,48685,false negative,Alcohol; Alkane; Arene; Ketone; Phenol,Alcohol; Alkane; Arene; Phenol,aligned_chunk_166.parquet,1862,245422,C16H16O4,CCCc1c(O)ccc(C(=O)c2ccccc2O)c1O
C16H16O4,0,58023,false positive,Alkane; Arene; Ether,Alkane; Arene; Ester; Ether,aligned_chunk_179.parquet,2907,292046,C16H16O4,COc1ccc2oc3c(C(C)(C)C)oc(=O)cc3c2c1
C16H16O4,0,61686,false negative,Alcohol; Alkane; Arene; Ether; Phenol,Alcohol; Alkane; Arene; Phenol,aligned_chunk_23.parquet,1023,474742,C16H16O4,Oc1ccc2c(c1)[C@@H](O)[C@H](Oc1ccccc1)CCO2
C16H16O4,0,73494,correct,Alkane; Arene; Ester; Ether,Alkane; Arene; Ester; Ether,aligned_chunk_47.parquet,1111,607760,C16H16O4,CCOC(=O)c1cc(Oc2ccccc2)ccc1OC
C16H16O4,0,78143,correct,Alcohol; Alkane; Arene; Ether; Ketone,Alcohol; Alkane; Arene; Ether; Ketone,aligned_chunk_149.parquet,2777,184541,C16H16O4,COc1ccc(OC)c(C(O)C(=O)c2ccccc2)c1
C16H16O4,0,78424,correct,Alcohol; Alkane; Arene; Ester; Ether; Phenol,Alcohol; Alkane; Arene; Ester; Ether; Phenol,aligned_chunk_175.parquet,2753,278976,C16H16O4,COC(=O)C(Cc1ccc(O)cc1)Oc1ccccc1
C16H16O4,0,78484,correct,Alkane; Arene; Ester; Ether; Ketone,Alkane; Arene; Ester; Ether; Ketone,aligned_chunk_114.parquet,2554,61015,C16H16O4,COc1ccc2ccccc2c1C(OC(C)=O)C(C)=O
C11H14ClNO2,0,5222,false positive,Alkane; Ether; Haloalkane,Alkane; Amine; Arene; Ether; Haloalkane,aligned_chunk_77.parquet,409,713614,C11H14ClNO2,CC(C)Oc1cc(Cl)c2c([n+]1[O-])CCC2
C11H14ClNO2,0,6671,false negative,Alcohol; Alkane; Amine; Arene; Ether; Haloalkane; Phenol,Alcohol; Alkane; Amine; Arene; Ether; Phenol,aligned_chunk_179.parquet,438,289577,C11H14ClNO2,Oc1ccc(Cl)c(CN2CCOCC2)c1
C11H14ClNO2,1,8605,mixed error,Alkane; Alkene; Amine; Enamine; Ester; Ether; Haloalkane,Alkane; Ester; Ether; Sulfide; Sulfone,aligned_chunk_43.parquet,1830,595637,C11H14ClNO2,CCOC(=O)C1=C2CCCN2CC=C1Cl
C11H14ClNO2,0,49397,correct,Alkane; Ester; Ether; Haloalkane,Alkane; Ester; Ether; Haloalkane,aligned_chunk_183.parquet,968,306300,C11H14ClNO2,CCOC(=O)CCCc1cccc(Cl)n1
C11H14ClNO2,0,50602,correct,Alkane; Ether; Haloalkane,Alkane; Ether; Haloalkane,aligned_chunk_219.parquet,2915,437791,C11H14ClNO2,COc1c(OCC2CC2)ccnc1CCl
C11H14ClNO2,0,57679,correct,Alkane; Ester; Ether; Haloalkane,Alkane; Ester; Ether; Haloalkane,aligned_chunk_2.parquet,1693,365371,C11H14ClNO2,Cc1cc(C(=O)OC(C)(C)C)cc(Cl)n1
C11H14ClNO2,0,61611,correct,Alkane; Amine; Arene; Ether; Haloalkane,Alkane; Amine; Arene; Ether; Haloalkane,aligned_chunk_199.parquet,938,361326,C11H14ClNO2,Nc1ccc(Cl)c(OCC2CCCO2)c1
C11H14ClNO2,0,77566,correct,Alkane; Amine; Arene; Ester; Ether; Haloalkane,Alkane; Amine; Arene; Ester; Ether; Haloalkane,aligned_chunk_191.parquet,328,334863,C11H14ClNO2,COC(=O)[C@@H](N)CCc1ccc(Cl)cc1
C26H26O5,1,1261,mixed error,Alkane; Arene; Ester; Ether; Ketone,Alkane; Arene; Ester; Ether; Sulfide,aligned_chunk_137.parquet,83,139606,C26H26O5,CCOC(=O)C(C(=O)OCC)C(CC(=O)c1ccc2ccccc2c1)c1ccccc1
C26H26O5,0,55580,false positive,Alcohol; Alkane; Arene; Carboxylic acid; Ether,Alcohol; Alkane; Alkene; Arene; Carboxylic acid; Ether,aligned_chunk_38.parquet,1925,576299,C26H26O5,CO[C@@H](Cc1ccc(OCCCOc2ccc3c(c2)Cc2ccccc2-3)cc1)C(=O)O
C26H26O5,0,70593,correct,Alcohol; Alkane; Alkene; Arene; Ester; Ether; Phenol,Alcohol; Alkane; Alkene; Arene; Ester; Ether; Phenol,aligned_chunk_238.parquet,194,503079,C26H26O5,CCOC(=O)COc1ccc(C(CC)=C(c2ccc(O)cc2)c2ccc(O)cc2)cc1
C11H16O4S,0,14572,false positive,Alcohol; Alkane; Arene; Ether; Sulfone,Alcohol; Alkane; Arene; Ester; Ether; Sulfone,aligned_chunk_107.parquet,2010,34481,C11H16O4S,COc1ccc(S(=O)(=O)C(C)CCO)cc1
C11H16O4S,1,29219,mixed error,Alcohol; Alkane; Carboxylic acid; Sulfide,Alcohol; Alkane; Alkene; Carboxylic acid; Ketone,aligned_chunk_163.parquet,1456,235197,C11H16O4S,CC1(C)[C@H](C(=O)O)[C@@H]1C(O)C1CCSC1=O
C11H16O4S,0,39273,false negative,Alcohol; Alkane; Arene; Sulfonate,Alkane; Arene; Sulfonate,aligned_chunk_130.parquet,1690,118616,C11H16O4S,Cc1ccc(S(=O)(=O)OCC(C)(C)O)cc1
C11H16O4S,0,44876,correct,Alkane; Arene; Ether; Sulfonate,Alkane; Arene; Ether; Sulfonate,aligned_chunk_242.parquet,2440,521487,C11H16O4S,COC[C@@H](C)OS(=O)(=O)c1ccc(C)cc1
C11H16O4S,0,51537,false positive,Alkane; Arene; Ether; Sulfonate,Alkane; Arene; Ether; Haloalkane; Sulfonate,aligned_chunk_179.parquet,1974,291113,C11H16O4S,CCOc1ccc(COS(C)(=O)=O)c(C)c1
C12H11NO3,0,446,false positive,Alkane; Arene; Ester; Ether; Isocyanate,Alkane; Amide; Arene; Ester; Ether; Isocyanate,aligned_chunk_184.parquet,1238,309790,C12H11NO3,COC(=O)[C@]1(N=C=O)CCc2ccccc21
C12H11NO3,0,1244,correct,Alcohol; Alkane; Arene; Ester; Ether; Phenol,Alcohol; Alkane; Arene; Ester; Ether; Phenol,aligned_chunk_111.parquet,1320,50059,C12H11NO3,COC(=O)c1ccc(-n2cccc2)c(O)c1
C12H11NO3,0,5081,correct,Alcohol; Alkane; Alkyne; Amide; Arene; Carboxylic acid,Alcohol; Alkane; Alkyne; Amide; Arene; Carboxylic acid,aligned_chunk_88.parquet,1766,753901,C12H11NO3,C#CCC(NC(=O)c1ccccc1)C(=O)O
C12H11NO3,0,15198,false negative,Alcohol; Alkane; Arene; Carboxylic acid,Alcohol; Arene; Carboxylic acid,aligned_chunk_133.parquet,30,126600,C12H11NO3,O=C(O)c1cccc2oc(C3CCC3)nc12
C12H11NO3,0,20391,mixed error,Alcohol; Alkane; Arene; Ester; Ether; Phenol,Alcohol; Alkane; Alkene; Arene; Ether; Phenol,aligned_chunk_160.parquet,3249,227173,C12H11NO3,COC(=O)c1cc(O)c2ccc(C)cc2n1
C12H11NO3,0,32577,false positive,Alkane; Arene; Ester; Ether,Alkane; Arene; Ester; Ether; Haloalkane,aligned_chunk_90.parquet,1618,763470,C12H11NO3,COC(=O)c1oc(-c2ccccc2)nc1C
C12H11NO3,1,37531,mixed error,Alkane; Arene; Ester; Ether; Ketone; Nitrile,Alkane; Amide; Amine; Arene; Nitrile,aligned_chunk_181.parquet,2336,301223,C12H11NO3,CCOC(=O)C(=O)Cc1ccc(C#N)cc1
C12H11NO3,0,41667,false positive,Alcohol; Alkane; Arene; Carboxylic acid,Alcohol; Alkane; Arene; Carboxylic acid; Ether; Haloalkane,aligned_chunk_167.parquet,1889,248693,C12H11NO3,Cc1cc(C)c2c(=O)cc(C(=O)O)[nH]c2c1
C12H11NO3,0,43305,mixed error,Alkane; Ether; Ketone,Alkane; Amine; Ketone,aligned_chunk_136.parquet,900,137218,C12H11NO3,COc1ccc(CC(=O)c2ccco2)cn1
C12H11NO3,0,44145,false negative,Aldehyde; Alkane; Arene; Ester; Ether,Alkane; Arene; Ester; Ether,aligned_chunk_146.parquet,71,172014,C12H11NO3,CCOC(=O)c1[nH]c2ccccc2c1C=O
C12H11NO3,0,50297,mixed error,Alcohol; Alkane; Alkyne; Amide; Arene; Ether; Phenol,Alcohol; Alkane; Arene; Ether; Haloalkane,aligned_chunk_223.parquet,2285,453323,C12H11NO3,C#CCOc1ccc(O)c2c1NC(=O)CC2
C12H11NO3,0,51517,correct,Aldehyde; Alkane; Arene; Ether,Aldehyde; Alkane; Arene; Ether,aligned_chunk_14.parquet,2598,151842,C12H11NO3,COc1cc(=O)n(CC=O)c2ccccc12
C12H11NO3,0,61695,false negative,Alcohol; Alkane; Arene; Carboxylic acid; Ether,Alcohol; Alkane; Arene; Carboxylic acid,aligned_chunk_130.parquet,1460,118386,C12H11NO3,COc1ncc(C(=O)O)c2c(C)cccc12
C12H11NO3,0,61710,false negative,Alkane; Alkene; Amide; Arene; Ether; Imide,Alkene; Amide; Arene; Imide,aligned_chunk_12.parquet,1283,79202,C12H11NO3,COc1cccc(C2=CC(=O)N(C)C2=O)c1
C12H11NO3,0,65509,false positive,Alkane; Arene; Ester; Ether,Alkane; Arene; Ester; Ether; Haloalkane,aligned_chunk_43.parquet,311,594118,C12H11NO3,CC(=O)OCc1cc2ccccc2[nH]c1=O
C12H11NO3,0,68033,mixed error,Aldehyde; Alkane; Arene; Ether,Aldehyde; Alkane; Alkene; Ester; Ether,aligned_chunk_90.parquet,1704,763556,C12H11NO3,CCOC(=O)n1cc(C=O)c2ccccc21
C12H11NO3,0,71907,mixed error,Aldehyde; Alkane; Alkene; Arene,Alcohol; Alkene; Arene,aligned_chunk_210.parquet,2895,408500,C12H11NO3,C=CCCn1c(=O)oc2cc(C=O)ccc21
C14H28O2,0,21873,correct,Alkane; Ether,Alkane; Ether,aligned_chunk_21.parquet,2248,404612,C14H28O2,CCCCOC1(OCCCC)CCCCC1
C14H28O2,1,30178,false positive,Alkane; Ester; Ether,Alkane; Ester; Ether; Haloalkane,aligned_chunk_7.parquet,367,687812,C14H28O2,CCCCCCCCCCCC(=O)OCC
C14H28O2,0,57449,correct,Alcohol; Alkane; Carboxylic acid,Alcohol; Alkane; Carboxylic acid,aligned_chunk_103.parquet,1521,20957,C14H28O2,CCCCCCC(C)CCCCCC(=O)O
C14H28O2,0,72294,false negative,Alcohol; Alkane; Ether,Alcohol; Alkane,aligned_chunk_87.parquet,2640,751516,C14H28O2,CC(OC(C)(C)CO)C1CCCC(C)(C)C1
C21H19ClN4O4,1,391,false negative,Alkane; Amide; Amine; Arene; Ether; Haloalkane; Nitrile,Alkane; Arene; Ether; Haloalkane; Nitrile,aligned_chunk_119.parquet,2314,76938,C21H19ClN4O4,COc1cc(N2CCN(C(=O)Cn3c(=O)oc4cc(C#N)ccc43)CC2)ccc1Cl
C21H19ClN4O4,0,41096,correct,Alkane; Amide; Arene; Ether; Haloalkane,Alkane; Amide; Arene; Ether; Haloalkane,aligned_chunk_22.parquet,847,438953,C21H19ClN4O4,COc1ccc(CN2Cc3c(C(N)=O)ncn3-c3ccc(Cl)cc3C2=O)c(OC)c1
C21H19ClN4O4,0,45463,false negative,Alcohol; Alkane; Arene; Carboxylic acid; Ether; Haloalkane,Alcohol; Alkane; Carboxylic acid; Ether,aligned_chunk_176.parquet,2354,281826,C21H19ClN4O4,CC(C)Oc1ccc(-c2nc(-c3cncc4c3ccn4CCC(=O)O)no2)cc1Cl
C21H19ClN4O4,0,74112,false negative,Alcohol; Alkane; Arene; Carboxylic acid; Ether; Haloalkane,Alcohol; Alkane; Arene; Carboxylic acid; Ether,aligned_chunk_155.parquet,2831,207206,C21H19ClN4O4,CC(C)Oc1ncc(-c2nc(-c3ccc(CCC(=O)O)c4[nH]ccc34)no2)cc1Cl
C9H13FN2O2S,1,61554,mixed error,Alkane; Amine; Arene; Haloalkane; Sulfonamide,Alkane; Amide; Amine; Arene; Sulfonamide,aligned_chunk_68.parquet,1978,683016,C9H13FN2O2S,C[C@@H](N)c1ccc(NS(C)(=O)=O)c(F)c1
C19H19NO2S,0,12212,false positive,Alkane; Amide; Arene; Ketone; Sulfide,Alkane; Alkene; Amide; Arene; Ketone; Sulfide,aligned_chunk_68.parquet,1886,682924,C19H19NO2S,O=C(CCc1ccccc1)CN1C(=O)CC1Sc1ccccc1
C19H19NO2S,1,14679,mixed error,Alkane; Arene; Ether; Sulfide,Alkane; Arene; Ether; Haloalkane,aligned_chunk_239.parquet,109,506195,C19H19NO2S,O=c1ccc2ccc(OCCCCSc3ccccc3)cc2[nH]1
C19H19NO2S,0,63916,false positive,Alkane; Arene; Ether,Alkane; Arene; Ether; Haloalkane,aligned_chunk_182.parquet,1235,303331,C19H19NO2S,CCOC(=S)c1ccc2ccn(Cc3ccc(OC)cc3)c2c1
C13H12O3,0,192,false negative,Alcohol; Alkane; Arene; Carboxylic acid,Alcohol; Carboxylic acid,aligned_chunk_210.parquet,1256,406861,C13H12O3,Cc1ccccc1Cc1ccc(C(=O)O)o1
C13H12O3,0,5848,correct,Alkane; Arene; Ester; Ether,Alkane; Arene; Ester; Ether,aligned_chunk_164.parquet,1107,238093,C13H12O3,COC(=O)Cc1cccc(-c2ccco2)c1
C13H12O3,1,16333,mixed error,Alcohol; Alkane; Alkene; Arene; Ketone; Phenol,Alcohol; Alkane; Arene; Ester; Ether; Phenol,aligned_chunk_140.parquet,2147,154630,C13H12O3,CC1=C(C)C(=O)c2c(C)cc(O)cc2C1=O
C13H12O3,0,34238,false positive,Alcohol; Alkane; Alkyne; Arene; Ether,Alcohol; Alkane; Alkyne; Arene; Ether; Haloalkane,aligned_chunk_191.parquet,840,335375,C13H12O3,C#CCOc1cc(CO)cc(OCC#C)c1
C13H12O3,0,55985,false negative,Aldehyde; Alkane; Arene; Ether,Aldehyde; Alkane; Arene,aligned_chunk_87.parquet,1896,750772,C13H12O3,COc1cc(C=O)c2ccccc2c1OC
C13H12O3,0,70863,false negative,Alkane; Arene; Ester; Ether,Alkane; Ester; Ether,aligned_chunk_119.parquet,3163,77787,C13H12O3,CCOC(=O)c1cccc(-c2ccco2)c1
C16H25NO2,1,32450,false negative,Alcohol; Alkane; Amine; Arene; Ether,Alcohol; Alkane; Amine,aligned_chunk_213.parquet,3141,418516,C16H25NO2,CC(C)c1ccc(OCC2(O)CCCCC2N)cc1
C16H25NO2,0,33137,correct,Alkane; Amine; Arene; Ether; Ketone,Alkane; Amine; Arene; Ether; Ketone,aligned_chunk_8.parquet,1961,724896,C16H25NO2,COc1c(NC(C)C)cc(C(C)=O)cc1C(C)(C)C
C16H25NO2,0,35421,correct,Alcohol; Alkane; Amide; Arene,Alcohol; Alkane; Amide; Arene,aligned_chunk_24.parquet,983,510334,C16H25NO2,CCCC[C@H](CO)CC(=O)N[C@@H](C)c1ccccc1
C16H25NO2,0,36026,false negative,Alkane; Amine; Arene; Ether,Alkane; Amine; Arene,aligned_chunk_173.parquet,1480,271205,C16H25NO2,CCC1(COCc2ccccc2)CC(N)C(C)(C)O1
C16H25NO2,0,55449,false positive,Alkane; Amine; Arene; Ester; Ether,Alkane; Amine; Arene; Ester; Ether; Haloalkane,aligned_chunk_22.parquet,1419,439525,C16H25NO2,CCOC(=O)CCCNc1c(CC)cccc1CC
C16H25NO2,0,60577,false negative,Alcohol; Alkane; Amine; Arene; Ether,Alcohol; Alkane; Arene; Ether,aligned_chunk_10.parquet,2630,9138,C16H25NO2,CC[C@@H]1COC(C)(CCO)CN1Cc1ccccc1
C16H25NO2,0,72043,false positive,Alkane; Ether,Alkane; Ester; Ether,aligned_chunk_235.parquet,2635,495854,C16H25NO2,CC(C)(C)OC(=O)n1cccc1CC1CCCCC1
C16H25NO2,0,72390,false positive,Alkane; Ester; Ether,Alkane; Amine; Ester; Ether,aligned_chunk_153.parquet,770,198651,C16H25NO2,CCOC(=O)c1cnc(CC(C)C)c(CC(C)C)c1
C16H25NO2,0,74096,false negative,Alkane; Alkene; Ester; Ether; Nitrile,Alkane; Ester; Ether; Nitrile,aligned_chunk_201.parquet,1985,375281,C16H25NO2,CCC/C=C/[C@@H]1CC[C@@H](C(C#N)C(=O)OCC)CC1
C11H12F3NO,0,20891,mixed error,Alkane; Amide; Arene; Haloalkane,Amide; Arene; Ether; Haloalkane,aligned_chunk_16.parquet,1007,221655,C11H12F3NO,CC(C)(C)NC(=O)c1cc(F)c(F)cc1F
C11H12F3NO,0,53625,false negative,Aldehyde; Alkane; Amine; Arene; Haloalkane,Aldehyde; Alkane; Haloalkane,aligned_chunk_123.parquet,302,91236,C11H12F3NO,CN(C)Cc1cc(C=O)cc(C(F)(F)F)c1
C11H12F3NO,1,72558,mixed error,Aldehyde; Alkane; Amine; Arene; Haloalkane,Alkane; Amine; Arene; Ester; Ether; Haloalkane,aligned_chunk_225.parquet,1627,459156,C11H12F3NO,CCCNc1cc(C(F)(F)F)ccc1C=O
C7H9FN2,0,31421,correct,Alkane; Amine; Haloalkane,Alkane; Amine; Haloalkane,aligned_chunk_23.parquet,1560,475279,C7H9FN2,CC(N)c1ccc(F)nc1
C7H9FN2,0,39258,false negative,Alkane; Amine; Arene; Haloalkane; Hydrazine,Amine; Arene; Haloalkane; Hydrazine,aligned_chunk_146.parquet,2566,174509,C7H9FN2,Cc1c(F)cccc1NN
C7H9FN2,1,46471,mixed error,Alkane; Amine; Arene; Haloalkane,Alkane; Amide; Amine; Arene,aligned_chunk_117.parquet,1239,69403,C7H9FN2,CNc1c(N)cccc1F
C12H10ClN3,0,15092,false negative,Alkane; Haloalkane; Nitrile,Haloalkane; Nitrile,aligned_chunk_71.parquet,2792,696687,C12H10ClN3,N#Cc1cn(C2CCC2)c2cnc(Cl)cc12
C12H10ClN3,1,50581,mixed error,Alkane; Arene; Haloalkane,Alkane; Amide; Arene; Ether,aligned_chunk_150.parquet,497,188692,C12H10ClN3,Cc1cc(Cl)c2c(ccc3nc(C)[nH]c32)n1
C12H10ClN3,0,65904,false negative,Alkane; Alkyne; Arene; Haloalkane,Alkane; Alkyne; Arene,aligned_chunk_32.parquet,2195,557035,C12H10ClN3,C#CCCn1ncc(-c2ccccc2Cl)n1
C19H30O,1,41273,correct,Alcohol; Alkane; Alkene,Alcohol; Alkane; Alkene,aligned_chunk_181.parquet,3133,302020,C19H30O,CC[C@]12CC[C@H]3[C@@H](CCC4=CCCC[C@@H]43)[C@@H]1CC[C@@H]2O
C20H22N2O,1,13745,mixed error,Alkane; Amine; Arene; Ketone,Alkane; Amide; Arene; Ester; Ether,aligned_chunk_212.parquet,627,412768,C20H22N2O,CN(C)CCc1cccc2c(C(=O)Cc3ccccc3)c[nH]c12
C20H22N2O,0,19478,false negative,Alkane; Alkene; Amine; Arene; Ketone,Alkane; Amine; Arene,aligned_chunk_221.parquet,2925,447486,C20H22N2O,Nc1ccc(C(=O)C=C2CCN(Cc3ccccc3)CC2)cc1
C20H22N2O,0,47339,false positive,Alcohol; Alkane; Arene,Alcohol; Alkane; Arene; Haloalkane,aligned_chunk_107.parquet,1766,34237,C20H22N2O,CC(C)(C)c1ccc(C(O)(c2ccccc2)c2ncc[nH]2)cc1
C20H22N2O,0,47913,mixed error,Alkane; Alkene; Amide; Amine; Arene; Enamine,Alkane; Amide; Amine; Arene; Ester; Ether; Haloalkane,aligned_chunk_160.parquet,1085,225009,C20H22N2O,O=C(NC1=CCN(CCc2ccccc2)CC1)c1ccccc1
C20H22N2O,0,52298,false negative,Alkane; Amine; Arene; Ether; Nitrile,Alkane; Amine; Arene; Nitrile,aligned_chunk_130.parquet,449,117375,C20H22N2O,N#CCCN1CCOC(c2ccccc2)(c2ccccc2)CC1
C20H22N2O,0,60330,false positive,Alkane; Amide; Amine; Arene,Alkane; Amide; Amine; Arene; Sulfide,aligned_chunk_111.parquet,3113,51852,C20H22N2O,O=C(N[C@@H]1C2CC3CC1CN(C3)C2)c1cccc2ccccc12
C20H22N2O,0,61332,false negative,Alkane; Amide; Amine; Arene,Alkane; Amide; Arene,aligned_chunk_190.parquet,2803,334092,C20H22N2O,CCCN1CCCN2C(=O)c3ccccc3C12c1ccccc1
C20H22N2O,0,75548,false negative,Alkane; Amine; Arene; Ether; Nitrile,Alkane; Amine; Arene; Nitrile,aligned_chunk_148.parquet,2564,181097,C20H22N2O,COc1cccc(C2(C#N)CCN(Cc3ccccc3)CC2)c1
C20H22N2O,0,75798,false negative,Alkane; Arene; Ether,Alkane; Arene,aligned_chunk_190.parquet,2274,333563,C20H22N2O,CCc1cc(Oc2ccccc2)cc(CC)c1Cc1c[nH]cn1
C11H15NO,0,850,correct,Alcohol; Alkane; Amine; Arene,Alcohol; Alkane; Amine; Arene,aligned_chunk_191.parquet,182,334717,C11H15NO,N[C@H](CO)C1Cc2ccccc2C1
C11H15NO,0,1137,correct,Alcohol; Alkane; Amine; Arene,Alcohol; Alkane; Amine; Arene,aligned_chunk_148.parquet,2085,180618,C11H15NO,OCc1cccc(N2CCCC2)c1
C11H15NO,0,7485,mixed error,Alcohol; Alkane; Amine; Arene,Alcohol; Alkane; Amine; Ether,aligned_chunk_134.parquet,1983,131811,C11H15NO,OC[C@H]1NCC[C@@H]1c1ccccc1
C11H15NO,0,7956,false negative,Alkane; Amine; Arene; Ether,Alkane; Amine; Arene,aligned_chunk_222.parquet,473,448270,C11H15NO,COCC1NCCc2ccccc21
C11H15NO,0,9672,correct,Alkane; Amine; Arene; Ether,Alkane; Amine; Arene; Ether,aligned_chunk_119.parquet,2304,76928,C11H15NO,COc1cccc2c1CCNC2C
C11H15NO,0,13062,correct,Alkane; Amine; Arene; Ether,Alkane; Amine; Arene; Ether,aligned_chunk_18.parquet,1259,293599,C11H15NO,CC1(c2ccccc2)CNCCO1
C11H15NO,0,15998,mixed error,Alcohol; Alkane; Amine; Arene; Phenol,Alcohol; Amine; Arene; Haloalkane; Phenol,aligned_chunk_89.parquet,811,756205,C11H15NO,Cc1cc2c(c(C)c1O)C(C)CN2
C11H15NO,0,18310,false negative,Alkane; Ketone,Alkane,aligned_chunk_137.parquet,1928,141451,C11H15NO,CC(=O)c1cnccc1C(C)(C)C
C11H15NO,0,19674,false positive,Alcohol; Alkane; Amine; Arene; Phenol,Alcohol; Alkane; Amine; Arene; Imide; Phenol,aligned_chunk_153.parquet,3093,200974,C11H15NO,Oc1cccc(CN2CCCC2)c1
C11H15NO,0,21141,false positive,Alkane; Amide; Arene,Alkane; Alkene; Amide; Arene,aligned_chunk_121.parquet,1349,85734,C11H15NO,NC(=O)CCCCc1ccccc1
C11H15NO,0,22601,false negative,Alcohol; Alkane; Alkene; Amine; Arene,Alcohol; Alkane; Amine; Arene,aligned_chunk_112.parquet,1513,53462,C11H15NO,CC(=Cc1ccccc1)[C@H](N)CO
C11H15NO,0,27075,false negative,Alkane; Ketone,Alkane,aligned_chunk_140.parquet,2118,154601,C11H15NO,CCCCC(=O)Cc1cccnc1
C11H15NO,0,36390,mixed error,Alkane; Amine; Arene; Ether,Alkane; Amine; Arene; Haloalkane,aligned_chunk_88.parquet,282,752417,C11H15NO,COc1ccc2c(c1)C(C)(C)NC2
C11H15NO,0,37625,false negative,Alkane; Amine; Arene; Ether,Alkane; Amine; Arene,aligned_chunk_29.parquet,32,541853,C11H15NO,CCCC1CNc2ccccc2O1
C11H15NO,0,39753,false positive,Alkane; Amine; Arene; Ether,Alkane; Amine; Arene; Ether; Sulfide,aligned_chunk_121.parquet,312,84697,C11H15NO,Cc1ccccc1N1CCOCC1
C11H15NO,0,42501,false positive,Alcohol; Alkane; Amine; Arene,Alcohol; Alkane; Alkene; Amine; Arene,aligned_chunk_228.parquet,1327,468611,C11H15NO,NC1CCC(O)(c2ccccc2)C1
C11H15NO,0,43674,false negative,Alkane; Amine; Arene; Ether,Alkane; Amine; Arene,aligned_chunk_127.parquet,882,104827,C11H15NO,COc1ccccc1C1CCCN1
C11H15NO,0,45901,correct,Alkane; Amine; Arene; Ether,Alkane; Amine; Arene; Ether,aligned_chunk_51.parquet,495,623334,C11H15NO,COc1cc2c(cc1N)CCCC2
C11H15NO,0,48563,false positive,Alkane; Arene,Aldehyde; Alkane; Arene,aligned_chunk_30.parquet,1660,549997,C11H15NO,CCN(C=O)CCc1ccccc1
C11H15NO,0,52613,correct,Alkane; Amine; Arene; Ether,Alkane; Amine; Arene; Ether,aligned_chunk_94.parquet,2889,777806,C11H15NO,Cc1cccc(OC2CCNC2)c1
C11H15NO,0,55961,mixed error,Alkane; Alkene; Amide,Alkane; Amide; Hydrazone,aligned_chunk_130.parquet,1646,118572,C11H15NO,CC1=C(C)CC2CCNC(=O)C2=C1
C11H15NO,0,56797,correct,Alkane; Amide; Arene,Alkane; Amide; Arene,aligned_chunk_98.parquet,442,788324,C11H15NO,CC(C)(CC(N)=O)c1ccccc1
C11H15NO,0,57661,mixed error,Alkane; Amine; Arene; Ether,Alkane; Amine; Arene; Haloalkane,aligned_chunk_75.parquet,1119,707914,C11H15NO,NCCC1CCc2ccccc2O1
C11H15NO,1,58374,mixed error,Alcohol; Alkane; Amine; Arene,Alcohol; Alkane; Arene; Ether; Phenol,aligned_chunk_239.parquet,2068,508154,C11H15NO,CN1CCCc2cccc(CO)c21
C11H15NO,0,60559,false negative,Alkane; Arene; Ether,Arene,aligned_chunk_100.parquet,2949,12701,C11H15NO,CCOC(=N)c1ccccc1CC
C11H15NO,0,62526,false negative,Alkane; Amine; Arene; Ether,Alkane; Amine; Arene,aligned_chunk_204.parquet,2818,385796,C11H15NO,NC1CCOC(c2ccccc2)C1
C11H15NO,0,65384,false negative,Alkane; Amine; Arene; Ether,Alkane; Amine; Arene,aligned_chunk_37.parquet,107,571256,C11H15NO,COc1ccc2c(c1)C(N)CCC2
C11H15NO,0,72213,correct,Alkane; Amine; Arene; Ether,Alkane; Amine; Arene; Ether,aligned_chunk_14.parquet,754,149998,C11H15NO,CC1(C)CCOc2cc(N)ccc21
C11H15NO,0,73313,correct,Alkane; Amine; Arene; Ether,Alkane; Amine; Arene; Ether,aligned_chunk_148.parquet,1216,179749,C11H15NO,c1ccc(CO[C@@H]2CCNC2)cc1
C11H15NO,0,73662,correct,Alcohol; Alkane; Amine; Arene,Alcohol; Alkane; Amine; Arene,aligned_chunk_67.parquet,1925,679666,C11H15NO,OC1CCN(c2ccccc2)CC1
C11H15NO,0,75057,correct,Alcohol; Alkane; Amine; Arene,Alcohol; Alkane; Amine; Arene,aligned_chunk_93.parquet,863,772510,C11H15NO,OC1CCCNC1c1ccccc1
C24H23ClN2O2S,1,9040,mixed error,Alcohol; Alkane; Alkene; Amine; Arene; Ether; Haloalkane; Sulfide,Alcohol; Amine; Arene; Haloalkane; Phenol,aligned_chunk_35.parquet,848,565535,C24H23ClN2O2S,O[C@H](COc1cccc2[nH]ccc12)CN1CC=C(c2cc3ccc(Cl)cc3s2)CC1
C12H13F3O3,1,29613,correct,Alcohol; Alkane; Arene; Ester; Ether; Haloalkane; Phenol,Alcohol; Alkane; Arene; Ester; Ether; Haloalkane; Phenol,aligned_chunk_229.parquet,256,470740,C12H13F3O3,CC(C)(C)OC(=O)c1ccc(C(F)(F)F)cc1O
C12H13F3O3,0,59294,correct,Alkane; Arene; Ester; Ether; Haloalkane,Alkane; Arene; Ester; Ether; Haloalkane,aligned_chunk_140.parquet,1881,154364,C12H13F3O3,CC(=O)Oc1c(C)cc(OCC(F)(F)F)cc1C
C24H28N4,1,32922,correct,Alkane; Amine; Arene,Alkane; Amine; Arene,aligned_chunk_143.parquet,188,162321,C24H28N4,Nc1ccncc1C(NC1CCN(Cc2ccccc2)CC1)c1ccccc1
C22H21FN2O4,1,15933,mixed error,Alkane; Amide; Arene; Ether; Haloalkane; Ketone,Alkane; Alkene; Ether,aligned_chunk_214.parquet,1299,419942,C22H21FN2O4,O=C1CCc2c(F)cc(N3CC[C@@H](Oc4ccc(OCC5CC5)nc4)C3=O)cc21
C22H21FN2O4,0,26307,mixed error,Alkane; Amide; Arene; Ether; Haloalkane,Alkane; Amide; Amine; Arene; Ether,aligned_chunk_11.parquet,2028,44239,C22H21FN2O4,COCOc1c(C(=O)NCc2ccc(F)cc2)ccnc1OCc1ccccc1
C22H21FN2O4,0,40455,correct,Alkane; Arene; Ester; Ether; Haloalkane,Alkane; Arene; Ester; Ether; Haloalkane,aligned_chunk_81.parquet,2531,731927,C22H21FN2O4,COC(=O)c1nn(-c2ccc(F)cc2)c(C(=O)OCc2ccccc2)c1C(C)C
C15H15ClN2O,1,14570,mixed error,Alkane; Amide; Arene; Haloalkane,Alkane; Arene; Haloalkane; Sulfide,aligned_chunk_67.parquet,2806,680547,C15H15ClN2O,O=C(c1cc(Cl)ccc1-n1cccc1)N1CCCC1
C15H15ClN2O,0,15009,false negative,Alkane; Amine; Arene; Haloalkane,Alkane; Amine; Arene,aligned_chunk_204.parquet,1940,384918,C15H15ClN2O,Cn1c2c(c(-c3cccc(Cl)c3)cc1=O)CNCC2
C15H15ClN2O,0,67448,correct,Alkane; Amine; Arene; Ether; Haloalkane,Alkane; Amine; Arene; Ether; Haloalkane,aligned_chunk_0.parquet,328,328,C15H15ClN2O,Clc1ccc2c(n1)OCCN(Cc1ccccc1)C2
C11H17NO3,0,3289,false positive,Alkane; Alkene; Ester; Ether; Nitrile,Alkane; Alkene; Arene; Ester; Ether; Nitrile,aligned_chunk_94.parquet,1765,776682,C11H17NO3,CCOC(=O)COC(=CC#N)C(C)(C)C
C11H17NO3,1,6095,mixed error,Aldehyde; Alkane; Alkene; Carbamate; Ether,Alkane; Carbamate; Ester; Ether; Sulfide,aligned_chunk_45.parquet,2184,602303,C11H17NO3,CC(C)(C)OC(=O)NC1CC=C(C=O)C1
C11H17NO3,0,7728,correct,Alkane; Alkene; Ester; Ether; Nitrile,Alkane; Alkene; Ester; Ether; Nitrile,aligned_chunk_94.parquet,1950,776867,C11H17NO3,C=CC(=O)OC(OCCC#N)C(C)(C)C
C11H17NO3,0,14057,false positive,Alkane; Ether,Alkane; Amine; Ether,aligned_chunk_31.parquet,1621,553233,C11H17NO3,COCCCCOc1cc[n+]([O-])c(C)c1
C11H17NO3,0,16092,false positive,Alkane; Ether,Alkane; Ester; Ether; Haloalkane,aligned_chunk_182.parquet,2819,304915,C11H17NO3,CCOC(OCC)c1ccn(C)c(=O)c1
C11H17NO3,0,19711,mixed error,Alcohol; Alkane; Amine; Arene; Ether,Alcohol; Alkane; Amine; Arene; Haloalkane,aligned_chunk_177.parquet,3058,285784,C11H17NO3,NCCCOc1cc(CO)cc(CO)c1
C11H17NO3,0,23896,false negative,Alcohol; Alkane; Ester; Ether,Alcohol; Alkane,aligned_chunk_196.parquet,3150,353886,C11H17NO3,CCOC(=O)c1c(CO)c(C)n(C)c1C
C11H17NO3,0,36052,correct,Alcohol; Alkane; Amine; Arene; Ether,Alcohol; Alkane; Amine; Arene; Ether,aligned_chunk_111.parquet,998,49737,C11H17NO3,CCOCC(O)COc1ccc(N)cc1
C11H17NO3,0,41377,correct,Alkane; Ester; Ether; Nitrile,Alkane; Ester; Ether; Nitrile,aligned_chunk_108.parquet,958,36690,C11H17NO3,CC(C)(C)OC(=O)C1(C#N)CCOCC1
C11H17NO3,0,44139,mixed error,Alcohol; Alkane; Alkene; Amide; Imide,Alcohol; Alkane; Amide; Haloalkane; Imide,aligned_chunk_60.parquet,1733,656962,C11H17NO3,CC1=C(C)C(=O)N(CC(C)(C)CO)C1=O
C11H17NO3,0,49616,false negative,Alcohol; Alkane; Amine; Arene; Ether,Alcohol; Alkane; Amine; Ether,aligned_chunk_106.parquet,306,29519,C11H17NO3,CCOc1cc(CO)cc(OCC)c1N
C11H17NO3,0,50275,false positive,Alkane; Carbamate; Ether,Alkane; Carbamate; Ether; Nitrile; Sulfide,aligned_chunk_126.parquet,1922,102581,C11H17NO3,CC(C)(C)OC(=O)N1CCC(=C=O)CC1
C11H17NO3,0,52176,correct,Aldehyde; Alkane; Carbamate; Ether,Aldehyde; Alkane; Carbamate; Ether,aligned_chunk_149.parquet,214,181978,C11H17NO3,CC(C)(C)OC(=O)N1C[C@@H]2C(C=O)[C@@H]2C1
C11H17NO3,0,53589,correct,Alkane; Alkyne; Carbamate; Ether,Alkane; Alkyne; Carbamate; Ether,aligned_chunk_5.parquet,1687,618040,C11H17NO3,C#C[C@H]1CN(C(=O)OC(C)(C)C)CCO1
C11H17NO3,0,57818,correct,Alkane; Amine; Ester; Ether,Alkane; Amine; Ester; Ether,aligned_chunk_127.parquet,1607,105552,C11H17NO3,CCOC(=O)c1oc(C(C)(C)C)cc1N
C11H17NO3,0,74430,correct,Alkane; Carbamate; Ether; Ketone,Alkane; Carbamate; Ether; Ketone,aligned_chunk_153.parquet,1463,199344,C11H17NO3,CCOC(=O)N1CC2CCCC(=O)C2C1
C16H10ClNO4,1,37822,correct,Alkane; Amide; Arene; Ether; Haloalkane,Alkane; Amide; Arene; Ether; Haloalkane,aligned_chunk_201.parquet,1295,374591,C16H10ClNO4,O=C1Nc2cccc(Cl)c2C12COc1cc3c(cc12)OCO3
C16H10ClNO4,0,49931,correct,Alkane; Arene; Ester; Ether; Haloalkane,Alkane; Arene; Ester; Ether; Haloalkane,aligned_chunk_112.parquet,2227,54176,C16H10ClNO4,CC(=O)Oc1ccccc1-c1nc2cc(Cl)ccc2c(=O)o1
C16H16N2O2,0,5117,false positive,Alkane; Alkene; Ester; Ether,Alkane; Alkene; Arene; Ester; Ether,aligned_chunk_69.parquet,2134,686361,C16H16N2O2,C=C(C)c1cc(C(=O)OC)cc(-c2ccc(C)cn2)n1
C16H16N2O2,0,19367,mixed error,Alkane; Alkene; Amine; Enamine; Ketone,Alkane; Amine; Arene,aligned_chunk_30.parquet,670,549007,C16H16N2O2,O=C1C=CC=C/C1=C\NCCN/C=C1/C=CC=CC1=O
C16H16N2O2,0,24882,false positive,Alkane; Arene; Ketone,Alkane; Arene; Ester; Ether; Ketone,aligned_chunk_231.parquet,918,481185,C16H16N2O2,CC(=O)c1cc(=O)n(CC2CC2)nc1-c1ccccc1
C16H16N2O2,0,25295,correct,Alkane; Amine; Arene; Ether,Alkane; Amine; Arene; Ether,aligned_chunk_152.parquet,704,195391,C16H16N2O2,CC12COc3cccc(Oc4ccc(N)cn4)c3C1C2
C16H16N2O2,0,33833,false positive,Alcohol; Alkane; Amine; Arene,Alcohol; Alkane; Alkene; Amine; Arene,aligned_chunk_209.parquet,264,399425,C16H16N2O2,OC[C@H](O)CNc1c2ccccc2nc2ccccc12
C16H16N2O2,0,37558,false negative,Alkane; Alkyne; Arene; Ether,Alkane; Arene,aligned_chunk_108.parquet,1452,37184,C16H16N2O2,C#CCn1c(-c2ccccc2)nc(CC)c(OC)c1=O
C16H16N2O2,0,52196,mixed error,Alcohol; Alkane; Arene; Ether; Nitrile,Alcohol; Alkane; Alkene; Arene; Nitrile,aligned_chunk_76.parquet,1730,711747,C16H16N2O2,Cc1nc(OCc2ccccc2)c(C#N)cc1C(C)O
C16H16N2O2,1,57097,mixed error,Alkane; Amine; Arene; Ether,Alcohol; Alkane; Arene; Carboxylic acid; Haloalkane,aligned_chunk_27.parquet,1503,536754,C16H16N2O2,CO[C@@H]1C[C@@H]2c3cccc4[nH]cc(c34)C[C@H]2NC1=C=O
C16H16N2O2,0,57873,false negative,Alkane; Amide; Amine; Arene; Ketone,Alkane; Amide; Arene,aligned_chunk_23.parquet,2376,476095,C16H16N2O2,CC(=O)CC(=O)Nc1ccc(Nc2ccccc2)cc1
C16H16N2O2,0,64856,mixed error,Alkane; Alkene; Amine; Arene; Ester; Ether,Amine; Arene; Haloalkane,aligned_chunk_29.parquet,191,542012,C16H16N2O2,COC(=O)c1ccc(NCC=Cc2ccccc2)cn1
C16H16N2O2,0,69516,mixed error,Alcohol; Alkane; Arene; Ether; Phenol,Alcohol; Arene; Haloalkane; Phenol,aligned_chunk_78.parquet,1424,717905,C16H16N2O2,CC(C)n1ncc2cc(Oc3ccc(O)cc3)ccc21
C16H16N2O2,0,74342,false positive,Alkane; Amide; Arene; Ether,Alkane; Amide; Arene; Ether; Haloalkane,aligned_chunk_129.parquet,1231,111700,C16H16N2O2,CCOc1c(-c2cccnc2)ccc2c1CC(=O)N2C
C23H30N6O3,1,5789,mixed error,Alkane; Amide; Amine; Arene; Ether,Alkane; Amine; Ether; Haloalkane; Sulfide,aligned_chunk_59.parquet,1809,650461,C23H30N6O3,Cn1nc(NC(=O)c2ccco2)nc1NCCCOc1cccc(CN2CCCCC2)c1
C28H30O3,1,56215,false negative,Alcohol; Alkane; Alkene; Arene; Ether,Alcohol; Alkane; Alkene; Arene,aligned_chunk_45.parquet,303,600422,C28H30O3,C=CC(O)(C=C)CC[C@H](O)COC(c1ccccc1)(c1ccccc1)c1ccccc1
C14H13NO2,0,2491,false negative,Alkane; Arene; Ester; Ether,Alkane; Ester; Ether,aligned_chunk_143.parquet,1737,163870,C14H13NO2,COC(=O)C(c1ccccc1)c1ccccn1
C14H13NO2,0,15617,false negative,Alcohol; Alkane; Arene; Carboxylic acid,Alcohol; Alkane; Carboxylic acid,aligned_chunk_124.parquet,3070,97236,C14H13NO2,Cc1ccc(-c2cnccc2C)c(C(=O)O)c1
C14H13NO2,0,18176,false negative,Alkane; Amide; Arene; Ether,Amide; Arene,aligned_chunk_43.parquet,3071,596878,C14H13NO2,NC(=O)c1cccc(OCc2ccccc2)c1
C14H13NO2,0,19042,false negative,Alcohol; Alkane; Arene; Carboxylic acid,Alcohol; Alkane; Carboxylic acid,aligned_chunk_124.parquet,1888,96054,C14H13NO2,Cc1ccc(-c2ccc(C)nc2)c(C(=O)O)c1
C14H13NO2,0,19057,correct,Alkane; Arene; Ester; Ether,Alkane; Arene; Ester; Ether,aligned_chunk_168.parquet,575,250625,C14H13NO2,CCOC(=O)c1ccnc(-c2ccccc2)c1
C14H13NO2,1,39105,mixed error,Alkane; Amine; Arene,Arene; Haloalkane,aligned_chunk_94.parquet,1839,776756,C14H13NO2,CCc1ccc(-c2ccccc2)c([N+](=O)[O-])c1
C14H13NO2,0,40231,mixed error,Alkane; Arene; Ether,Arene; Phenol,aligned_chunk_243.parquet,1507,523816,C14H13NO2,COc1ccc(C(=NO)c2ccccc2)cc1
C14H13NO2,0,41041,false positive,Alkane; Arene; Ester; Ether,Alkane; Arene; Ester; Ether; Sulfide,aligned_chunk_105.parquet,641,26596,C14H13NO2,COC(=O)c1nc(C)ccc1-c1ccccc1
C14H13NO2,0,41384,false positive,Alkane; Arene; Ether,Alkane; Arene; Ether; Haloalkane,aligned_chunk_55.parquet,647,636474,C14H13NO2,O/N=C/c1cccc(OCc2ccccc2)c1
C14H13NO2,0,53215,false negative,Alcohol; Alkane; Amine; Arene; Carboxylic acid,Alcohol; Amine; Arene; Carboxylic acid,aligned_chunk_81.parquet,2942,732338,C14H13NO2,Cc1ccccc1Nc1ccccc1C(=O)O
C14H13NO2,0,56922,false positive,Alcohol; Alkane; Arene; Carboxylic acid,Alcohol; Alkane; Alkyne; Arene; Carboxylic acid,aligned_chunk_92.parquet,991,769396,C14H13NO2,Cc1ccc2ccc(C(=O)O)c(C3CC3)c2n1
C14H13NO2,0,57756,false positive,Arene,Alcohol; Alkane; Arene,aligned_chunk_6.parquet,1692,653688,C14H13NO2,O=CN(O)C(c1ccccc1)c1ccccc1
C14H13NO2,0,61038,false negative,Alkane; Amide; Arene; Ether,Amide; Arene,aligned_chunk_103.parquet,944,20380,C14H13NO2,NC(=O)Cc1cccc(Oc2ccccc2)c1
C14H13NO2,0,69874,correct,Alcohol; Aldehyde; Alkane; Arene,Alcohol; Aldehyde; Alkane; Arene,aligned_chunk_167.parquet,2960,249764,C14H13NO2,O=Cc1ccc(CC(O)c2cccnc2)cc1
C14H13NO2,0,71690,false positive,Alkane; Arene; Ester; Ether,Alkane; Arene; Ester; Ether; Haloalkane,aligned_chunk_140.parquet,928,153411,C14H13NO2,COC(=O)c1ccc(Cc2ccccc2)cn1
C14H13NO2,0,72945,correct,Alkane; Arene; Ester; Ether,Alkane; Arene; Ester; Ether,aligned_chunk_115.parquet,972,62694,C14H13NO2,COC(=O)c1ccc(-c2ccnc(C)c2)cc1
C14H13NO2,0,74583,false positive,Alcohol; Alkane; Arene,Alcohol; Alkane; Amide; Arene,aligned_chunk_214.parquet,3121,421764,C14H13NO2,O=c1ccccn1-c1cccc2c1CC[C@@H]2O
C14H13NO2,0,77012,false negative,Alkane; Amine; Arene; Ether; Ketone,Alkane; Amine; Arene; Ketone,aligned_chunk_65.parquet,1195,672473,C14H13NO2,COc1ccc(C(=O)c2ccc(N)cc2)cc1
C9H9F3N2O,1,2465,mixed error,Alkane; Ether; Haloalkane; Nitrile,Alkane; Ester; Ether; Nitrile,aligned_chunk_220.parquet,2690,444036,C9H9F3N2O,CCOCn1ccc(C#N)c1C(F)(F)F
C9H9F3N2O,0,30042,false negative,Alkane; Amide; Haloalkane,Alkane; Haloalkane,aligned_chunk_197.parquet,910,354847,C9H9F3N2O,CN(Cc1cccnc1)C(=O)C(F)(F)F
C9H9F3N2O,0,66797,false negative,Alkane; Amide; Amine; Arene; Haloalkane,Amide; Amine; Arene,aligned_chunk_240.parquet,2858,515404,C9H9F3N2O,Nc1ccc(C(=O)NCC(F)(F)F)cc1
C24H23N3O4,1,17076,mixed error,Alkane; Amine; Arene; Ether; Ketone,Alkane; Amine; Arene; Haloalkane; Ketone,aligned_chunk_211.parquet,798,409645,C24H23N3O4,COc1cc(NC(C(=O)c2c[nH]c3ccccc23)c2ccc(OC)nc2)cc(OC)c1
C24H23N3O4,0,20342,false negative,Alcohol; Alkane; Arene; Ether,Alcohol; Alkane; Arene,aligned_chunk_83.parquet,10,735844,C24H23N3O4,O=c1c2cc(Cc3ccc(CO)nc3)c3ccccc3c2ncn1[C@H]1CCOC[C@@H]1O
C11H18N2O3S,1,4117,mixed error,Alcohol; Alkane; Sulfide,Alcohol; Alkane; Ester; Ether; Haloalkane,aligned_chunk_149.parquet,1368,183132,C11H18N2O3S,Cc1cc(C(C)N(O)C(=O)NCCO)c(C)s1
C11H18N2O3S,0,52667,false positive,Alkane; Amine; Arene; Ether; Sulfonamide,Alkane; Amine; Arene; Ester; Ether; Sulfonamide,aligned_chunk_172.parquet,339,266730,C11H18N2O3S,COc1c(N)cc(C(C)(C)C)cc1S(N)(=O)=O
C7H6ClNS,1,8205,false negative,Alkane; Alkene; Haloalkane; Isothiocyanate,Isothiocyanate,aligned_chunk_176.parquet,1573,281045,C7H6ClNS,S=C=NC1(Cl)C=CC=CC1
C23H23N3O2,0,9462,false negative,Alcohol; Alkane; Amine; Arene; Ether,Alcohol; Alkane; Amine; Arene,aligned_chunk_231.parquet,2987,483254,C23H23N3O2,COc1ccc(CCc2cnc3c(N)nc4cc(CO)ccc4c3c2)c(C)c1
C23H23N3O2,0,22343,false positive,Alkane; Amide; Arene; Ether,Alkane; Amide; Arene; Ether; Haloalkane,aligned_chunk_191.parquet,1180,335715,C23H23N3O2,C[C@H]1CCc2c(ccc(-n3cccn3)c2Oc2ccccc2)N1C(=O)C1CC1
C23H23N3O2,0,36516,false positive,Alkane; Arene; Ether,Aldehyde; Alkane; Arene; Carbamate; Ether,aligned_chunk_73.parquet,1407,701761,C23H23N3O2,CC(C)c1cc(N=[N+]=[N-])c(OCc2ccccc2)cc1OCc1ccccc1
C23H23N3O2,0,36564,false positive,Alkane; Amine; Arene; Ester; Ether,Alkane; Amide; Amine; Arene; Ester; Ether,aligned_chunk_44.parquet,2914,599867,C23H23N3O2,COC(=O)c1ccc2nc(C3Cc4ccccc4C3)c(N(C)C3CC3)nc2c1
C23H23N3O2,0,61541,false negative,Alkane; Arene; Ether; Ketone; Nitrile,Alkane; Arene; Nitrile,aligned_chunk_180.parquet,645,296266,C23H23N3O2,COc1nc(C)c(CC2CC2)c(C(=O)c2cc(C#N)cc(C#N)c2)c1C(C)C
C23H23N3O2,0,62520,false positive,Alkane; Amine; Arene; Ester; Ether,Alkane; Amide; Amine; Arene; Ester; Ether,aligned_chunk_14.parquet,2035,151279,C23H23N3O2,COC(=O)c1cc(N2CCCCC2)nc(-c2ccc(-c3ccccc3)cc2)n1
C23H23N3O2,1,71986,mixed error,Alkane; Amine; Arene; Ether; Nitrile,Alkane; Amine; Arene; Haloalkane; Nitrile,aligned_chunk_237.parquet,3232,502874,C23H23N3O2,COc1cc(C(CN)Nc2ccc(C#N)cc2)ccc1OCc1ccccc1
C15H18ClNO4,0,12226,correct,Alkane; Arene; Ester; Ether; Haloalkane,Alkane; Arene; Ester; Ether; Haloalkane,aligned_chunk_158.parquet,2894,217021,C15H18ClNO4,COC(=O)c1cc(Cl)cc2c(C)cn(CC(OC)OC)c12
C15H18ClNO4,1,73560,false negative,Alcohol; Alkane; Amide; Arene; Carboxylic acid; Ether; Haloalkane,Alcohol; Alkane; Amide; Carboxylic acid,aligned_chunk_189.parquet,2512,327311,C15H18ClNO4,Cc1cc(Cl)c2c(c1)N(CCC(=O)O)C(=O)[C@H](C(C)C)O2
C15H18ClNO4,0,76116,correct,Alkane; Amide; Arene; Ester; Ether; Haloalkane; Ketone,Alkane; Amide; Arene; Ester; Ether; Haloalkane; Ketone,aligned_chunk_84.parquet,513,739674,C15H18ClNO4,CCOC(=O)C(NC(C)=O)C(=O)CCc1cccc(Cl)c1
C18H15FN2O3S,1,23198,false positive,Alkane; Arene; Haloalkane; Sulfone,Alkane; Amide; Arene; Haloalkane; Sulfone,aligned_chunk_34.parquet,3145,564565,C18H15FN2O3S,CS(=O)(=O)CCc1nc2cc(-c3c[nH]c4cc(F)ccc34)ccc2o1
C18H15FN2O3S,0,33082,false negative,Alcohol; Alkane; Amide; Arene; Haloalkane; Phenol; Sulfide,Alcohol; Amide; Arene; Haloalkane; Phenol; Sulfide,aligned_chunk_149.parquet,338,182102,C18H15FN2O3S,CSc1cc(-c2ccco2)nc(C(=O)NCc2ccc(F)cc2)c1O
C28H30N4O2,0,31412,false positive,Alkane; Amine; Arene; Ether,Alkane; Amide; Amine; Arene; Ether; Sulfonamide,aligned_chunk_25.parquet,2250,530996,C28H30N4O2,CCN(CC)CCOc1ccc2[nH]c(-c3n[nH]c4ccc(OCc5ccccc5)cc34)cc2c1
C28H30N4O2,0,68934,false negative,Alkane; Amine; Arene; Ether,Alkane; Arene; Ether,aligned_chunk_178.parquet,2694,288651,C28H30N4O2,CCc1cc(NC(=O)N2CCN(c3cccc4cc5ccccc5cc34)CC2)c(OC)nc1C
C28H30N4O2,1,71330,mixed error,Alkane; Alkene; Amine; Arene; Ether,Alkane; Alkene; Amine; Arene; Sulfide,aligned_chunk_19.parquet,2246,330273,C28H30N4O2,CCc1nc2ccc3c(c2nc1CC)OC(CN1CC=C(c2c[nH]c4ccccc24)CC1)CO3
C14H18ClN7,1,9170,correct,Alkane; Amine; Haloalkane; Hydrazine,Alkane; Amine; Haloalkane; Hydrazine,aligned_chunk_77.parquet,2146,715351,C14H18ClN7,NNc1nc2cc(Cl)cnc2nc1N1CCN2CCCC2C1
C12H11ClO4,0,48314,false negative,Acyl halide; Alkane; Alkene; Arene; Ester; Ether; Haloalkane,Alkane; Alkene; Arene; Ester; Ether; Haloalkane,aligned_chunk_89.parquet,1454,756848,C12H11ClO4,C=CCOc1cc(C(=O)Cl)cc(C(=O)OC)c1
C12H11ClO4,1,62370,false negative,Alcohol; Alkane; Arene; Ester; Ether; Haloalkane,Alcohol; Alkane; Arene; Haloalkane,aligned_chunk_13.parquet,3078,116761,C12H11ClO4,COC(=O)c1cc(Cl)cc2cc(CCO)oc12
C17H12O4,0,7029,false positive,Alkane; Arene; Ether; Ketone,Alkane; Arene; Ether; Haloalkane; Ketone,aligned_chunk_129.parquet,1059,111528,C17H12O4,COc1ccc(C(=O)c2cc(=O)c3ccccc3o2)cc1
C17H12O4,1,39769,mixed error,Alkane; Arene; Ester; Ether,Alkane; Arene; Ether; Haloalkane,aligned_chunk_55.parquet,960,636787,C17H12O4,CC(=O)Oc1ccc2c(=O)c(-c3ccccc3)coc2c1
C17H12O4,0,61538,false positive,Alcohol; Alkane; Arene; Carboxylic acid; Ketone,Alcohol; Alkane; Arene; Carboxylic acid; Haloalkane; Ketone,aligned_chunk_55.parquet,2930,638757,C17H12O4,O=C(O)Cc1cc(C(=O)c2ccccc2)c2occc2c1
C17H12O4,0,77823,false negative,Alcohol; Alkane; Alkyne; Arene; Carboxylic acid; Ether; Ketone,Alcohol; Alkyne; Arene; Carboxylic acid,aligned_chunk_229.parquet,389,470873,C17H12O4,C#CCOc1ccc(C(=O)c2ccc(C(=O)O)cc2)cc1
C21H23Cl2N3O2,1,18393,false positive,Alkane; Amide; Arene; Haloalkane,Alkane; Amide; Arene; Ether; Haloalkane; Ketone,aligned_chunk_86.parquet,2642,748282,C21H23Cl2N3O2,CC(=O)N1CCC(CC(=O)Nc2ccc(-c3cc(Cl)cc(Cl)c3)c(C)n2)CC1
C21H23Cl2N3O2,0,26892,false negative,Alkane; Amide; Arene; Haloalkane,Alkane; Amide; Arene,aligned_chunk_34.parquet,614,562034,C21H23Cl2N3O2,CC(Cc1ccc(-c2ccc(Cl)c(Cl)c2)o1)NC(=O)c1cc(C(C)(C)C)n[nH]1
C21H23Cl2N3O2,0,30343,false positive,Alkane; Amide; Amine; Arene; Haloalkane,Alkane; Amide; Amine; Arene; Ester; Ether; Haloalkane,aligned_chunk_224.parquet,2757,457026,C21H23Cl2N3O2,O=C(CCl)Nc1ccc(C(=O)N2CCN(CCc3ccc(Cl)cc3)CC2)cc1
C18H19ClO4,1,48613,false negative,Alcohol; Alkane; Arene; Carboxylic acid; Ether; Haloalkane,Alcohol; Alkane; Arene; Carboxylic acid; Ether,aligned_chunk_160.parquet,1200,225124,C18H19ClO4,CCCC(C(=O)O)c1cccc(Oc2ccccc2Cl)c1OC
C24H19N3,1,24752,false negative,Alkane; Arene,Arene,aligned_chunk_2.parquet,2604,366282,C24H19N3,c1ccc2c(c1)-c1cccnc1C2(Cc1ccncc1)Cc1ccncc1
C19H19NO4,0,9839,false negative,Alcohol; Alkane; Arene; Carbamate; Ether,Alcohol; Alkane; Arene; Ether,aligned_chunk_180.parquet,2041,297662,C19H19NO4,O=C(Oc1cccc2c1Cc1ccccc1-2)N1CCOC(CO)C1
C19H19NO4,0,23196,false positive,Alkane; Amide; Arene; Carbamate; Ether; Imide,Alkane; Alkene; Amide; Arene; Carbamate; Ether; Imide,aligned_chunk_149.parquet,2062,183826,C19H19NO4,COc1ccccc1CC(=O)N1C(=O)O[C@@H](c2ccccc2)[C@@H]1C
C19H19NO4,0,25066,false positive,Alkane; Arene; Ester; Ether,Alkane; Arene; Carbamate; Ester; Ether,aligned_chunk_147.parquet,490,175742,C19H19NO4,COC(=O)[C@H]1N=C(c2ccccc2OCc2ccccc2)O[C@H]1C
C19H19NO4,0,28619,mixed error,Alkane; Amide; Arene; Ether; Imide,Alkane; Amide; Arene; Haloalkane; Imide,aligned_chunk_228.parquet,1416,468700,C19H19NO4,COc1ccc(CC(C)N2C(=O)c3ccccc3C2=O)cc1OC
C19H19NO4,0,41353,false negative,Aldehyde; Alkane; Amide; Arene; Ether,Aldehyde; Alkane; Amide; Arene,aligned_chunk_141.parquet,3081,158732,C19H19NO4,CN(C(=O)C(CCC=O)c1ccc2c(c1)OCO2)c1ccccc1
C19H19NO4,0,42650,correct,Alkane; Arene; Ether; Nitrile,Alkane; Arene; Ether; Nitrile,aligned_chunk_40.parquet,2049,586155,C19H19NO4,COc1ccc(C#N)cc1OC1COCC1OCc1ccccc1
C19H19NO4,0,44831,false negative,Alcohol; Alkane; Amide; Arene; Carboxylic acid; Ether,Alcohol; Alkane; Amide; Arene; Carboxylic acid,aligned_chunk_180.parquet,2229,297850,C19H19NO4,CC1(C)O[C@@H](C(=O)O)[C@H](c2ccccc2)N1C(=O)c1ccccc1
C19H19NO4,0,49799,correct,Alkane; Arene; Ester; Ether,Alkane; Arene; Ester; Ether,aligned_chunk_242.parquet,190,519237,C19H19NO4,CCOC(=O)c1cc(COC(C)c2ccc3ccccc3c2)on1
C19H19NO4,0,56593,false negative,Alcohol; Alkane; Arene; Carbamate; Ether,Alcohol; Alkane; Arene; Ether,aligned_chunk_205.parquet,587,386808,C19H19NO4,O=C(Oc1cccc2c1Cc1ccccc1-2)N1CCOC(CO)C1
C19H19NO4,0,64377,false negative,Alcohol; Alkane; Alkene; Arene; Ester; Ether; Phenol,Alcohol; Alkane; Arene; Phenol,aligned_chunk_174.parquet,14,272972,C19H19NO4,COC(=O)c1cn(-c2ccc(O)cc2)c(C2CC=CCC2)cc1=O
C19H19NO4,0,71579,correct,Alcohol; Alkane; Arene; Carbamate; Ether,Alcohol; Alkane; Arene; Carbamate; Ether,aligned_chunk_181.parquet,872,299759,C19H19NO4,O=C1O[C@@H](CO)[C@H]2CCc3cc(OCc4ccccc4)ccc3N12
C19H19NO4,0,72225,false positive,Alkane; Amine; Arene; Ester; Ether,Alkane; Amide; Amine; Arene; Ester; Ether,aligned_chunk_128.parquet,2690,109908,C19H19NO4,COC(=O)c1cccc(Nc2ccc3c(c2)CCC3)c1C(=O)OC
C19H19NO4,0,77844,false negative,Alcohol; Alkane; Amide; Arene; Carboxylic acid,Alcohol; Alkane; Arene; Carboxylic acid,aligned_chunk_133.parquet,2081,128651,C19H19NO4,Cc1ccc(-c2cc(C(=O)O)cc(C(=O)N3CC[C@@H](O)C3)c2)cc1
C19H19NO4,1,78517,mixed error,Alkane; Amine; Arene; Ester; Ether; Ketone,Alkane; Amine; Arene; Haloalkane; Ketone,aligned_chunk_99.parquet,268,791405,C19H19NO4,CN(C)CCOC(=O)c1ccc2c(c1)C(=O)c1ccccc1OC2
C26H28N2O2,0,5474,mixed error,Alkane; Arene; Ether,Alkane; Amine; Arene,aligned_chunk_225.parquet,3148,460677,C26H28N2O2,CC1C2CCc3c(n[nH]c3-c3ccccc3)C2(c2ccccc2)CCC12OCCO2
C26H28N2O2,0,6165,correct,Alcohol; Alkane; Amine; Arene; Carboxylic acid,Alcohol; Alkane; Amine; Arene; Carboxylic acid,aligned_chunk_188.parquet,340,321970,C26H28N2O2,O=C(O)c1cccc(N2CCN(CCC(c3ccccc3)c3ccccc3)CC2)c1
C26H28N2O2,1,7281,mixed error,Aldehyde; Alkane; Arene; Ether,Alkane; Amide,aligned_chunk_221.parquet,1775,446336,C26H28N2O2,Cc1nc2c(c3c(n2C2CC2)CCCC3)c(-c2ccc3c(c2C)CCCO3)c1C=O
C26H28N2O2,0,12154,correct,Alkane; Amine; Arene; Carbamate; Ether,Alkane; Amine; Arene; Carbamate; Ether,aligned_chunk_89.parquet,1341,756735,C26H28N2O2,CCOC(=O)N(C)[C@@H]1Cc2ccccc2[C@H]1Nc1ccccc1Cc1ccccc1
C26H28N2O2,0,14327,false negative,Alkane; Amide; Amine; Arene; Ether,Alkane; Amide; Arene,aligned_chunk_233.parquet,1770,488534,C26H28N2O2,O=C(N[C@@H]1CCN(Cc2ccccc2)C[C@H]1OCc1ccccc1)c1ccccc1
C26H28N2O2,0,17343,false positive,Alkane; Amine; Arene; Carbamate; Ether,Alkane; Amide; Amine; Arene; Carbamate; Ether,aligned_chunk_154.parquet,3199,204340,C26H28N2O2,NC(=O)OC(c1ccccc1)(c1ccccc1)C1CCN(Cc2ccccc2)CC1
C26H28N2O2,0,18416,false positive,Alcohol; Alkane; Arene; Carboxylic acid,Alcohol; Alkane; Arene; Carboxylic acid; Ether,aligned_chunk_214.parquet,1326,419969,C26H28N2O2,O=C(O)c1nc(-c2ccc3ccccc3c2)[nH]c1CCC12CC3CC(CC(C3)C1)C2
C26H28N2O2,0,24196,false positive,Alkane; Amide; Amine; Arene; Ether,Alkane; Amide; Amine; Arene; Ester; Ether; Haloalkane,aligned_chunk_33.parquet,2982,561106,C26H28N2O2,CC(C)NC(=O)[C@@H]1C[C@H]1c1ccc(NCc2cccc(Oc3ccccc3)c2)cc1
C26H28N2O2,0,37814,mixed error,Alcohol; Alkane; Amide; Arene; Phenol,Alcohol; Alkane; Arene; Haloalkane; Phenol,aligned_chunk_208.parquet,155,396029,C26H28N2O2,Cc1ccc(C(C)C)cc1N1CCc2nc(-c3c(C)cccc3C)cc(O)c2C1=O
C26H28N2O2,0,44566,false negative,Alkane; Amide; Amine; Arene; Ether,Alkane; Amide; Amine; Arene,aligned_chunk_75.parquet,2964,709759,C26H28N2O2,CC(C)COC1NC(=O)C1NC(c1ccccc1)(c1ccccc1)c1ccccc1
C26H28N2O2,0,69235,correct,Alkane; Amine; Arene; Carbamate; Ether,Alkane; Amine; Arene; Carbamate; Ether,aligned_chunk_183.parquet,1535,306867,C26H28N2O2,O=C(NCCN1CCC(c2ccccc2)(c2ccccc2)C1)OCc1ccccc1
C14H24N2O,1,48643,correct,Alcohol; Alkane; Amine; Arene,Alcohol; Alkane; Amine; Arene,aligned_chunk_15.parquet,2675,187666,C14H24N2O,C[C@H](N)c1ccc([C@@H](O)CNC(C)(C)C)cc1
C12H13BrO,0,35700,false negative,Alcohol; Alkane; Alkene; Arene; Haloalkane,Alcohol; Alkene; Arene; Haloalkane,aligned_chunk_176.parquet,3066,282538,C12H13BrO,OCC1=C(c2ccc(Br)cc2)CCC1
C12H13BrO,0,56714,correct,Alkane; Alkene; Arene; Ether; Haloalkane,Alkane; Alkene; Arene; Ether; Haloalkane,aligned_chunk_160.parquet,2084,226008,C12H13BrO,C=C1CC(C)(C)c2cc(Br)ccc2O1
C12H13BrO,1,58446,mixed error,Alkane; Arene; Haloalkane; Ketone,Alkane; Amine; Arene; Ether,aligned_chunk_29.parquet,2381,544202,C12H13BrO,CC1(C(=O)CBr)Cc2ccccc2C1
C28H38N2O4,1,55427,mixed error,Alkane; Amide; Arene; Ether,Alkane; Amide; Ester; Ether,aligned_chunk_54.parquet,2129,634719,C28H38N2O4,Cc1cc(C(=O)N2CCC3(CC2)C[C@@H](OC(C)C)C[C@@H](c2cccnc2)O3)ccc1OC(C)C
C28H38N2O4,0,60540,false negative,Alcohol; Alkane; Alkene; Arene; Ester; Ether; Ketone,Alcohol; Alkane; Alkene; Ketone,aligned_chunk_186.parquet,1101,316154,C28H38N2O4,Cc1nc2cc([C@@H]3CC=CCCC[C@H](C)[C@H](O)[C@@H](C)C(=O)C(C)(C)C=CC(=O)O3)ccc2n1C
C28H38N2O4,0,68295,correct,Alkane; Alkene; Amide; Amine; Arene; Ether,Alkane; Alkene; Amide; Amine; Arene; Ether,aligned_chunk_121.parquet,1452,85837,C28H38N2O4,COc1cc(C(=O)N(CCCN2CCCC2C)CC(C)=Cc2ccccc2)cc(OC)c1OC
C28H38N2O4,0,72212,mixed error,Alkane; Alkene; Amide; Amine; Arene; Ether,Alkane; Alkene; Amide; Arene; Ether; Haloalkane,aligned_chunk_226.parquet,2297,463108,C28H38N2O4,CCN1CCCC1CCN(CC(C)=Cc1ccccc1)C(=O)c1cc(OC)c(OC)c(OC)c1
C25H29N5O4,1,27679,false negative,Alkane; Arene; Carbamate; Ether; Hydrazine; Nitrile,Alkane; Carbamate; Ether; Nitrile,aligned_chunk_202.parquet,607,377111,C25H29N5O4,CC(C)(C)OC(=O)NN(C(=O)OC(C)(C)C)c1ccc2c(cc(C#N)n2Cc2ccccc2)n1
C25H29N5O4,0,33309,correct,Alcohol; Alkane; Amide; Arene; Ether,Alcohol; Alkane; Amide; Arene; Ether,aligned_chunk_37.parquet,566,571715,C25H29N5O4,C[C@H](O)C(=O)N1CCC(NC(=O)c2c[nH]c3c(-c4ccccc4OCC4CC4)ncnc23)CC1
C25H29N5O4,0,33915,false negative,Alkane; Amide; Amine; Arene; Ether; Imide,Alkane; Amide; Amine; Arene; Ether,aligned_chunk_235.parquet,1101,494320,C25H29N5O4,CCOCc1nc2c(N)nc3c(c2n1CCCCON1C(=O)c2ccccc2C1=O)CCCC3
C25H29N5O4,0,63706,correct,Alkane; Amide; Arene; Carbamate; Ether,Alkane; Amide; Arene; Carbamate; Ether,aligned_chunk_138.parquet,2064,144810,C25H29N5O4,Cc1nn(-c2ccccc2)nc1C(=O)Nc1ccc([C@H]2CN(C(=O)OC(C)(C)C)CCO2)cc1
C15H14N2O,0,38211,mixed error,Alkane; Amide; Arene,Alkane; Amide; Haloalkane,aligned_chunk_110.parquet,2276,47757,C15H14N2O,O=C1c2ccccc2CN1CCc1ccccn1
C15H14N2O,0,39101,false positive,Alkane; Alkene; Arene; Ether,Alkane; Alkene; Arene; Ether; Haloalkane,aligned_chunk_111.parquet,1152,49891,C15H14N2O,C(=C/c1ncc2c(n1)OCCC2)\c1ccccc1
C15H14N2O,0,47757,mixed error,Alkane; Amide; Amine; Arene,Alkane; Alkene; Amine; Arene,aligned_chunk_118.parquet,2599,73984,C15H14N2O,NC1c2ccccc2C(=O)N1Cc1ccccc1
C15H14N2O,0,59369,false positive,Alkane; Amine; Arene,Alkane; Amide; Amine; Arene; Ether,aligned_chunk_127.parquet,3007,106952,C15H14N2O,CCn1c(=O)c2cc(N)ccc2c2ccccc21
C15H14N2O,1,60658,mixed error,Alkane; Amide; Arene,Alkane; Amine; Arene; Ester; Ether; Haloalkane,aligned_chunk_2.parquet,2713,366391,C15H14N2O,CC1(C)C(=O)Nc2cc(-c3cccnc3)ccc21
C15H14N2O,0,63540,false negative,Alkane; Alkene; Amine; Arene; Ether,Alkane; Alkene; Amine; Arene,aligned_chunk_39.parquet,3142,580776,C15H14N2O,C(=C/c1ccc2c(n1)NCCO2)\c1ccccc1
C15H14N2O,0,69460,correct,Alkane; Arene; Ether,Alkane; Arene; Ether,aligned_chunk_41.parquet,1324,588746,C15H14N2O,c1ccc(CCOc2ccc3[nH]ncc3c2)cc1
C15H14N2O,0,70427,false positive,Alcohol; Alkane; Arene,Alcohol; Alkane; Arene; Haloalkane,aligned_chunk_71.parquet,567,694462,C15H14N2O,Cc1ccc(-c2nc3ccccn3c2CO)cc1
C15H14N2O,0,75803,correct,Alcohol; Alkane; Arene,Alcohol; Alkane; Arene,aligned_chunk_205.parquet,2965,389186,C15H14N2O,OCc1cnc2c(ccn2Cc2ccccc2)c1
C14H12N4O4,1,25668,false negative,Alcohol; Alkane; Arene; Ester; Ether; Phenol,Alcohol; Alkane; Arene; Ester; Ether,aligned_chunk_202.parquet,1155,377659,C14H12N4O4,COC(=O)c1nn(C)cc1-c1cc(O)c2nc[nH]c(=O)c2c1
C14H12N4O4,0,36033,false negative,Alkane; Amide; Arene; Ether; Imide,Alkane; Amide; Arene; Imide,aligned_chunk_204.parquet,1115,384093,C14H12N4O4,[N-]=[N+]=NC1COC2C1OCC2N1C(=O)c2ccccc2C1=O
C15H17NO2S,1,20954,false negative,Alkane; Arene; Ester; Ether; Sulfide,Alkane; Arene; Ester; Ether,aligned_chunk_18.parquet,1187,293527,C15H17NO2S,COC(=O)c1ccccc1-c1nc(C(C)(C)C)cs1
C15H17NO2S,0,41882,false negative,Alkane; Arene; Ester; Ether; Sulfide,Alkane; Arene; Ester; Ether,aligned_chunk_4.parquet,884,581710,C15H17NO2S,COC(=O)CC1(C)SCCc2c1[nH]c1ccccc21
C6H6F2N2,1,6657,false negative,Amine; Arene; Haloalkane; Hydrazine,Amine; Haloalkane; Hydrazine,aligned_chunk_87.parquet,1948,750824,C6H6F2N2,NNc1cc(F)cc(F)c1
C6H6F2N2,0,46359,false positive,Alkane; Haloalkane,Alkane; Ether; Haloalkane,aligned_chunk_35.parquet,3146,567833,C6H6F2N2,CC(F)(F)c1cnccn1
C25H21ClN2O3,1,14304,correct,Alkane; Arene; Ester; Ether; Haloalkane,Alkane; Arene; Ester; Ether; Haloalkane,aligned_chunk_110.parquet,1876,47357,C25H21ClN2O3,COC(=O)Cc1ccc(COc2cccc(-c3c(C)nnc4c(Cl)cccc34)c2)cc1
C14H18N4O2,0,145,false negative,Alkane; Amine; Arene; Ether,Alkane; Amine; Arene,aligned_chunk_104.parquet,2527,25238,C14H18N4O2,CCCOc1ccc(C)cc1-c1nc(N)c(N)c(=O)[nH]1
C14H18N4O2,1,8307,mixed error,Alkane; Amide; Amine; Arene; Ether,Arene; Haloalkane; Sulfide,aligned_chunk_197.parquet,1439,355376,C14H18N4O2,O=C(NCCN1CCOCC1)c1n[nH]c2ccccc12
C14H18N4O2,0,13029,correct,Alkane; Amine; Ether,Alkane; Amine; Ether,aligned_chunk_240.parquet,1210,513756,C14H18N4O2,COC(OC)c1nc2c(cc1-n1ccnc1)CCCN2
C14H18N4O2,0,33168,correct,Alkane; Arene; Carbamate; Ether,Alkane; Arene; Carbamate; Ether,aligned_chunk_51.parquet,747,623586,C14H18N4O2,CC[C@H]1CN(C(=O)OCc2ccccc2)C[C@H]1N=[N+]=[N-]
C14H18N4O2,0,52302,false positive,Alkane; Amine; Arene; Ether,Alkane; Amine; Arene; Ether; Haloalkane,aligned_chunk_68.parquet,1932,682970,C14H18N4O2,COCCNc1cc(Nc2ccc(OC)cc2)ncn1
C14H18N4O2,0,61977,false negative,Alkane; Amine; Arene; Carbamate; Ether; Hydrazine,Alkane; Amine; Carbamate; Ether,aligned_chunk_193.parquet,2609,343634,C14H18N4O2,CC(C)(C)OC(=O)NNc1c(N)cnc2ccccc12
C14H18N4O2,0,69794,correct,Alkane; Amine; Arene; Ester; Ether,Alkane; Amine; Arene; Ester; Ether,aligned_chunk_22.parquet,4,438110,C14H18N4O2,COC(=O)[C@H]1[C@@H](CN=[N+]=[N-])CCN1Cc1ccccc1
C14H18N4O2,0,75421,false positive,Alkane; Amide; Amine; Arene; Hydrazone,Alkane; Amide; Amine; Arene; Haloalkane; Hydrazone,aligned_chunk_162.parquet,1125,231606,C14H18N4O2,NCCNC(=O)Cc1ccc(C2=NNC(=O)CC2)cc1
C14H18N4O2,0,77185,false positive,Alkane; Amide; Amine; Arene,Alkane; Amide; Amine; Arene; Ether,aligned_chunk_5.parquet,2510,618863,C14H18N4O2,CN(C(=O)c1ccc2nonc2c1)[C@@H]1CC[C@@H](N)CC1
C14H18N4O2,0,78057,correct,Alcohol; Alkane; Amine; Carboxylic acid,Alcohol; Alkane; Amine; Carboxylic acid,aligned_chunk_99.parquet,2194,793331,C14H18N4O2,Cc1[nH]c(C(=O)O)c(C)c1-c1ccnc(NC(C)C)n1
C23H20FN5O3,1,67300,false negative,Alkane; Amide; Amine; Arene; Ether; Haloalkane,Alkane; Amide; Amine; Arene; Ether,aligned_chunk_25.parquet,1583,530329,C23H20FN5O3,Cc1c(C(=O)Nc2ccc(Oc3ccnc(N)c3)cc2F)c(=O)n(-c2ccccc2)n1C
C28H27N3O3,0,31074,correct,Alkane; Amide; Amine; Arene; Ether,Alkane; Amide; Amine; Arene; Ether,aligned_chunk_154.parquet,2989,204130,C28H27N3O3,O=C(Nc1ccc(OCCN2CCOCC2)c2ccccc12)c1cccc(-c2ccncc2)c1
C28H27N3O3,1,77863,false positive,Alkane; Arene; Ester; Ether,Alkane; Arene; Ester; Ether; Haloalkane,aligned_chunk_87.parquet,265,749141,C28H27N3O3,CCOC(=O)c1ccc2c(c1)nc(-c1ccc3c(c1)c1ccccc1n3CC)n2CC1COC1
C21H28N2O5,1,20253,mixed error,Alkane; Arene; Ester; Ether,Alkane; Alkene; Arene; Ether,aligned_chunk_102.parquet,1657,17840,C21H28N2O5,CCc1c(Cc2cc(C)cc(C)c2)n(COCCCOC(C)=O)c(=O)[nH]c1=O
C21H28N2O5,0,48226,false positive,Alkane; Amine; Arene; Carbamate; Ester; Ether,Alkane; Amine; Arene; Carbamate; Ester; Ether; Haloalkane; Sulfide,aligned_chunk_202.parquet,1695,378199,C21H28N2O5,CCOC(=O)c1cc2c(C)c(N3CCN(C(=O)OC(C)(C)C)CC3)ccc2o1
C12H9NO2,1,3648,mixed error,Alkane; Amine; Arene,Arene; Haloalkane; Ketone,aligned_chunk_28.parquet,2497,540989,C12H9NO2,O=[N+]([O-])c1ccc2c3c(cccc13)CC2
C12H9NO2,0,5880,correct,Alkane; Arene,Alkane; Arene,aligned_chunk_157.parquet,1315,212110,C12H9NO2,Cc1nc2cc(-c3ccco3)ccc2o1
C12H9NO2,0,24462,correct,Alcohol; Arene; Carboxylic acid,Alcohol; Arene; Carboxylic acid,aligned_chunk_75.parquet,2082,708877,C12H9NO2,O=C(O)c1ccc(-c2ccccc2)cn1
C12H9NO2,0,29779,correct,Alcohol; Arene; Carboxylic acid,Alcohol; Arene; Carboxylic acid,aligned_chunk_88.parquet,2017,754152,C12H9NO2,O=C(O)c1ccc(-c2ccccc2)nc1
C12H9NO2,0,41537,false negative,Alkane; Arene; Ether,Arene,aligned_chunk_103.parquet,1458,20894,C12H9NO2,COc1c2ccccc2nc2occc12
C12H9NO2,0,50160,false negative,Alkane; Arene; Ketone,Alkane; Arene,aligned_chunk_49.parquet,1623,614698,C12H9NO2,O=C1CCn2c(=O)ccc3cccc1c32
C17H21N3O,0,14069,correct,Alkane; Arene,Alkane; Arene,aligned_chunk_11.parquet,1452,43663,C17H21N3O,CCCCc1nc2cnc3ccccc3c2n1OC(C)C
C17H21N3O,1,15918,mixed error,Alkane; Arene; Ether; Nitrile,Alkane; Amine; Arene; Nitrile,aligned_chunk_17.parquet,1650,258146,C17H21N3O,COc1ccc2c(C(C#N)CC3CCCCC3)n[nH]c2c1
C17H21N3O,0,46782,false negative,Alkane; Arene; Ether,Alkane; Arene,aligned_chunk_88.parquet,612,752747,C17H21N3O,CCOCc1nc2cnc3ccccc3c2n1CC(C)C
C17H21N3O,0,51418,mixed error,Alkane; Amide; Arene,Alkane; Arene; Ether,aligned_chunk_87.parquet,2701,751577,C17H21N3O,O=C(CCc1ccccc1)N1CCC(c2c[nH]cn2)CC1
C17H21N3O,0,55646,false negative,Alkane; Amine; Arene; Ether,Alkane; Amine; Arene,aligned_chunk_234.parquet,1522,491498,C17H21N3O,Nc1ccc(-c2cccc(CN3CCOCC3)c2)cc1N
C17H21N3O,0,69055,false positive,Alkane; Amide; Amine; Arene,Alkane; Amide; Amine; Arene; Haloalkane,aligned_chunk_39.parquet,738,578372,C17H21N3O,CCN(Cc1ccccn1)C(=O)CNc1ccc(C)cc1
C17H14N4O2,0,10001,false positive,Alkane; Arene; Ether,Alkane; Arene; Ether; Haloalkane,aligned_chunk_209.parquet,2252,401413,C17H14N4O2,COc1cc(-c2nc3ccccc3o2)ccc1Cn1cncn1
C17H14N4O2,1,16852,mixed error,Alcohol; Alkane; Amine; Arene; Carboxylic acid,Alcohol; Amine; Arene; Carboxylic acid; Haloalkane,aligned_chunk_56.parquet,3113,642157,C17H14N4O2,O=C(O)c1ccc(CNc2nccc(-c3cccnc3)n2)cc1
C17H14N4O2,0,19142,false negative,Alkane; Amine; Arene; Ether,Alkane; Amine; Arene,aligned_chunk_54.parquet,787,633377,C17H14N4O2,CC(=N)Nc1ccc2nc(-c3ccc4c(c3)OCO4)ncc2c1
C17H14N4O2,0,23824,false positive,Alkane; Arene; Ether; Nitrile,Alkane; Arene; Ether; Haloalkane; Nitrile,aligned_chunk_155.parquet,1294,205669,C17H14N4O2,COc1cccc(COc2ccnn2-c2cc(C#N)ccn2)c1
C17H14N4O2,0,30437,mixed error,Alkane; Amine; Arene; Ether,Amine; Arene; Ether; Haloalkane,aligned_chunk_19.parquet,929,328956,C17H14N4O2,COc1cc2ncnc3c2c(c1OC)N=CN3c1ccccc1
C25H32N2O3,0,7024,false negative,Alkane; Alkene; Amine; Arene; Ester; Ether,Alkane; Arene; Ester; Ether,aligned_chunk_175.parquet,273,276496,C25H32N2O3,C=CCN1C[C@H](C)N([C@H](c2ccc(C(=O)OC)cc2)c2cccc(OC)c2)C[C@H]1C
C25H32N2O3,0,13043,false positive,Alcohol; Alkane; Amine; Arene; Carboxylic acid; Ketone,Alcohol; Alkane; Amine; Arene; Carboxylic acid; Ether; Ketone,aligned_chunk_190.parquet,3065,334354,C25H32N2O3,Cc1ccc(N2CCN(CCCCc3ccc(C(=O)CCC(=O)O)cc3)CC2)cc1
C25H32N2O3,0,22775,false negative,Alcohol; Alkane; Amide; Amine; Arene; Ether,Alcohol; Alkane; Amide; Amine; Arene,aligned_chunk_239.parquet,400,506486,C25H32N2O3,CN1CCN(C(=O)C(c2ccc(Oc3ccccc3)cc2)C2(O)CCCCC2)CC1
C25H32N2O3,0,31034,false positive,Alkane; Amine; Arene; Ester; Ether,Alkane; Alkene; Amine; Arene; Ester; Ether,aligned_chunk_125.parquet,2748,100145,C25H32N2O3,CCOC(=O)c1ccc2c(c1)C(C)(C)CC(c1cc(N3CCOCC3)ccc1C)N2
C25H32N2O3,0,41241,false negative,Alkane; Alkene; Amide; Amine; Arene; Enamine; Ether,Alkane; Amide; Arene; Ether,aligned_chunk_204.parquet,2213,385191,C25H32N2O3,COc1ccc(CCNC(=O)C(=CN(C)C)c2ccc3c(c2)CCCC3)cc1OC
C25H32N2O3,1,44156,mixed error,Alkane; Amide; Arene; Ether,Alkane; Amide; Arene; Haloalkane; Sulfide,aligned_chunk_90.parquet,2949,764801,C25H32N2O3,CC(C)C[C@H]1CN(C(=O)c2ccc(Oc3ccccc3)cc2)[C@@H](CC(C)C)C(=O)N1
C25H32N2O3,0,52145,false positive,Alkane; Alkene; Alkyne; Amide; Ester; Ether,Alkane; Alkene; Alkyne; Amide; Arene; Ester; Ether; Sulfide,aligned_chunk_141.parquet,1289,156940,C25H32N2O3,C=C[C@@H](C#CC#C[C@@H](CCCCCCCCC)NC(=O)c1ccccn1)OC(C)=O
C25H32N2O3,0,66701,false positive,Alcohol; Alkane; Alkene; Arene; Carboxylic acid,Alcohol; Alkane; Alkene; Amide; Arene; Carboxylic acid; Ether,aligned_chunk_49.parquet,2910,615985,C25H32N2O3,CCCCCCCNC(=O)N(C)c1cccc(-c2ccc(/C=C(\C)C(=O)O)cc2)c1
C25H32N2O3,0,67776,correct,Alkane; Amine; Arene; Ester; Ether,Alkane; Amine; Arene; Ester; Ether,aligned_chunk_83.parquet,2127,737961,C25H32N2O3,COC(=O)CC1CCN(CCOCCN2c3ccccc3CCc3ccccc32)C1
C25H32N2O3,0,68698,correct,Alkane; Amide; Amine; Arene; Ether,Alkane; Amide; Amine; Arene; Ether,aligned_chunk_77.parquet,521,713726,C25H32N2O3,O=C1CCCN1C1CCN(CCOc2ccc(OCCc3ccccc3)cc2)CC1
C14H16ClNO3,1,15724,false negative,Acyl halide; Alkane; Arene; Carbamate; Ether; Haloalkane,Alkane; Arene; Carbamate; Ether,aligned_chunk_158.parquet,1479,215606,C14H16ClNO3,CC1(C(=O)Cl)CCCN1C(=O)OCc1ccccc1
C14H16ClNO3,0,32477,false negative,Alcohol; Alkane; Alkyne; Arene; Carbamate; Ether; Haloalkane,Alcohol; Alkane; Arene; Carbamate; Ether; Haloalkane,aligned_chunk_101.parquet,2430,15398,C14H16ClNO3,COC(=O)NCc1cc(C#CC(C)(C)O)ccc1Cl
C14H16ClNO3,0,33506,false negative,Alkane; Amide; Arene; Ester; Ether; Haloalkane,Alkane; Amide; Arene; Ether,aligned_chunk_3.parquet,2645,547756,C14H16ClNO3,O=C1CCC(CCC(=O)OCc2ccccc2Cl)N1
C14H16ClNO3,0,48039,false negative,Acyl halide; Alkane; Arene; Carbamate; Ether; Haloalkane,Alkane; Arene; Carbamate; Ether; Haloalkane,aligned_chunk_220.parquet,2448,443794,C14H16ClNO3,C[C@@H]1CN(C(=O)OCc2ccccc2)C[C@@H]1C(=O)Cl
C14H16ClNO3,0,55219,false negative,Aldehyde; Alkane; Amine; Arene; Ester; Ether; Haloalkane,Aldehyde; Alkane; Arene; Ester; Ether; Haloalkane,aligned_chunk_123.parquet,2221,93155,C14H16ClNO3,COC(=O)C1CCN(c2cc(C=O)ccc2Cl)CC1
C14H16ClN3O2,1,58871,mixed error,Alkane; Haloalkane,Alkane; Arene; Ether,aligned_chunk_23.parquet,2234,475953,C14H16ClN3O2,Cc1cc(-c2cn(CCCCCl)c(=O)[nH]c2=O)ccn1
C12H11NO3,0,446,false positive,Alkane; Arene; Ester; Ether; Isocyanate,Alkane; Amide; Arene; Ester; Ether; Isocyanate,aligned_chunk_184.parquet,1238,309790,C12H11NO3,COC(=O)[C@]1(N=C=O)CCc2ccccc21
C12H11NO3,0,1244,correct,Alcohol; Alkane; Arene; Ester; Ether; Phenol,Alcohol; Alkane; Arene; Ester; Ether; Phenol,aligned_chunk_111.parquet,1320,50059,C12H11NO3,COC(=O)c1ccc(-n2cccc2)c(O)c1
C12H11NO3,0,5081,correct,Alcohol; Alkane; Alkyne; Amide; Arene; Carboxylic acid,Alcohol; Alkane; Alkyne; Amide; Arene; Carboxylic acid,aligned_chunk_88.parquet,1766,753901,C12H11NO3,C#CCC(NC(=O)c1ccccc1)C(=O)O
C12H11NO3,0,15198,false negative,Alcohol; Alkane; Arene; Carboxylic acid,Alcohol; Arene; Carboxylic acid,aligned_chunk_133.parquet,30,126600,C12H11NO3,O=C(O)c1cccc2oc(C3CCC3)nc12
C12H11NO3,0,20391,mixed error,Alcohol; Alkane; Arene; Ester; Ether; Phenol,Alcohol; Alkane; Alkene; Arene; Ether; Phenol,aligned_chunk_160.parquet,3249,227173,C12H11NO3,COC(=O)c1cc(O)c2ccc(C)cc2n1
C12H11NO3,0,32577,false positive,Alkane; Arene; Ester; Ether,Alkane; Arene; Ester; Ether; Haloalkane,aligned_chunk_90.parquet,1618,763470,C12H11NO3,COC(=O)c1oc(-c2ccccc2)nc1C
C12H11NO3,1,37531,mixed error,Alkane; Arene; Ester; Ether; Ketone; Nitrile,Alkane; Amide; Amine; Arene; Nitrile,aligned_chunk_181.parquet,2336,301223,C12H11NO3,CCOC(=O)C(=O)Cc1ccc(C#N)cc1
C12H11NO3,0,41667,false positive,Alcohol; Alkane; Arene; Carboxylic acid,Alcohol; Alkane; Arene; Carboxylic acid; Ether; Haloalkane,aligned_chunk_167.parquet,1889,248693,C12H11NO3,Cc1cc(C)c2c(=O)cc(C(=O)O)[nH]c2c1
C12H11NO3,0,43305,mixed error,Alkane; Ether; Ketone,Alkane; Amine; Ketone,aligned_chunk_136.parquet,900,137218,C12H11NO3,COc1ccc(CC(=O)c2ccco2)cn1
C12H11NO3,0,44145,false negative,Aldehyde; Alkane; Arene; Ester; Ether,Alkane; Arene; Ester; Ether,aligned_chunk_146.parquet,71,172014,C12H11NO3,CCOC(=O)c1[nH]c2ccccc2c1C=O
C12H11NO3,0,50297,mixed error,Alcohol; Alkane; Alkyne; Amide; Arene; Ether; Phenol,Alcohol; Alkane; Arene; Ether; Haloalkane,aligned_chunk_223.parquet,2285,453323,C12H11NO3,C#CCOc1ccc(O)c2c1NC(=O)CC2
C12H11NO3,0,51517,correct,Aldehyde; Alkane; Arene; Ether,Aldehyde; Alkane; Arene; Ether,aligned_chunk_14.parquet,2598,151842,C12H11NO3,COc1cc(=O)n(CC=O)c2ccccc12
C12H11NO3,0,61695,false negative,Alcohol; Alkane; Arene; Carboxylic acid; Ether,Alcohol; Alkane; Arene; Carboxylic acid,aligned_chunk_130.parquet,1460,118386,C12H11NO3,COc1ncc(C(=O)O)c2c(C)cccc12
C12H11NO3,0,61710,false negative,Alkane; Alkene; Amide; Arene; Ether; Imide,Alkene; Amide; Arene; Imide,aligned_chunk_12.parquet,1283,79202,C12H11NO3,COc1cccc(C2=CC(=O)N(C)C2=O)c1
C12H11NO3,0,65509,false positive,Alkane; Arene; Ester; Ether,Alkane; Arene; Ester; Ether; Haloalkane,aligned_chunk_43.parquet,311,594118,C12H11NO3,CC(=O)OCc1cc2ccccc2[nH]c1=O
C12H11NO3,0,68033,mixed error,Aldehyde; Alkane; Arene; Ether,Aldehyde; Alkane; Alkene; Ester; Ether,aligned_chunk_90.parquet,1704,763556,C12H11NO3,CCOC(=O)n1cc(C=O)c2ccccc21
C12H11NO3,0,71907,mixed error,Aldehyde; Alkane; Alkene; Arene,Alcohol; Alkene; Arene,aligned_chunk_210.parquet,2895,408500,C12H11NO3,C=CCCn1c(=O)oc2cc(C=O)ccc21
C21H22N4O2,1,10948,mixed error,Alkane; Amide; Amine; Arene; Ether; Hydrazine,Alkane; Amine; Arene; Ester; Ether,aligned_chunk_106.parquet,1107,30320,C21H22N4O2,Cn1c(C(=O)NN2CCOCC2)nc(-c2ccccc2)c1-c1ccccc1
C21H22N4O2,0,18569,false negative,Alkane; Amine; Arene; Ether,Alkane; Amine; Ether,aligned_chunk_43.parquet,1777,595584,C21H22N4O2,O=c1cc(OCc2ccccc2)ccn1-c1ccc(N2CCNCC2)nc1
C21H22N4O2,0,24973,mixed error,Alcohol; Alkane; Arene; Phenol,Alcohol; Alkane; Arene; Carboxylic acid,aligned_chunk_153.parquet,3182,201063,C21H22N4O2,Cc1ccc(-n2nc(C3CC3)cc2NC(=O)NCc2ccccc2O)cc1
C21H22N4O2,0,30146,correct,Alkane; Amide; Arene; Ether,Alkane; Amide; Arene; Ether,aligned_chunk_174.parquet,977,273935,C21H22N4O2,C[C@@H](Oc1nc(-c2ccccc2)cc2ncn(C3CC3)c12)[C@H]1CNC(=O)C1
C21H22N4O2,0,35744,false negative,Alkane; Alkyne; Amide; Amine; Arene; Ether,Alkane; Alkyne; Amide; Amine; Arene,aligned_chunk_83.parquet,1094,736928,C21H22N4O2,C#CCCOCC(=O)N1Cc2cnc(NC3Cc4ccccc4C3)nc2C1
C21H22N4O2,0,53019,false positive,Alkane; Amide; Amine; Arene; Ether,Alkane; Amide; Amine; Arene; Ether; Haloalkane,aligned_chunk_77.parquet,484,713689,C21H22N4O2,COc1ccc(N(C)c2nc(CN3CCCC3=O)nc3ccccc23)cc1
C21H22N4O2,0,58539,mixed error,Alkane; Amide; Arene; Ether,Alkane; Arene; Carbamate; Ether,aligned_chunk_103.parquet,2593,22029,C21H22N4O2,COCCNC(=O)Cc1c(-c2ccc(C)cc2)nc2[nH]c3ccccc3n12
C21H22N4O2,0,73197,correct,Alkane; Alkene; Amide; Arene,Alkane; Alkene; Amide; Arene,aligned_chunk_24.parquet,2032,511383,C21H22N4O2,CC(=O)Nc1ccc(/C=C/C(=O)N(C)Cc2cn(C)c3ccccc23)cn1
C21H22N4O2,0,73898,mixed error,Alkane; Amide; Amine; Arene,Amide; Amine; Arene; Sulfide,aligned_chunk_3.parquet,209,545320,C21H22N4O2,C[N+]1([O-])CCN(C(=O)c2ccc(Nc3ccnc4ccccc34)cc2)CC1
C21H22N4O2,0,77315,mixed error,Alkane; Alkyne; Arene; Ether,Alkane; Alkyne; Arene; Haloalkane,aligned_chunk_183.parquet,1563,306895,C21H22N4O2,COCCN1C(=O)N(c2ncc(C#Cc3ccccc3)cn2)C2CCCC21
C21H22N4O2,0,78537,correct,Alkane; Amide; Arene,Alkane; Amide; Arene,aligned_chunk_88.parquet,2351,754486,C21H22N4O2,O=C(Nc1ccc2cn[nH]c2c1)C(=O)N1CCC(Cc2ccccc2)CC1
C16H20N2O4S,1,15027,false positive,Alkane; Amine; Arene; Ether; Sulfonamide,Alkane; Amine; Arene; Ether; Haloalkane; Sulfonamide,aligned_chunk_101.parquet,922,13890,C16H20N2O4S,COc1ccc(NS(=O)(=O)c2c(C)cc(C)cc2C)c(OC)n1
C16H20N2O4S,0,49419,false negative,Alcohol; Alkane; Arene; Ether; Sulfide,Alcohol; Alkane; Arene; Ether,aligned_chunk_157.parquet,308,211103,C16H20N2O4S,COc1cc(-n2ccc(SC)nc2=O)ccc1OCC(C)(C)O
C16H20N2O4S,0,50110,correct,Alkane; Amide; Ester; Ether; Sulfide,Alkane; Amide; Ester; Ether; Sulfide,aligned_chunk_132.parquet,908,124251,C16H20N2O4S,CCOC(=O)C1CCc2c(sc(NC(=O)C3CC3)c2C(N)=O)C1
C16H20N2O4S,0,64153,false positive,Alkane; Amine; Arene; Sulfone,Alkane; Amine; Arene; Sulfonamide; Sulfone,aligned_chunk_219.parquet,319,435195,C16H20N2O4S,CS(=O)(=O)c1ccc(C[C@H]2C[C@H](c3cc(=O)[nH]o3)CCN2)cc1
C18H25N3O3,0,8406,correct,Alkane; Amine; Arene; Ester; Ether,Alkane; Amine; Arene; Ester; Ether,aligned_chunk_77.parquet,528,713733,C18H25N3O3,CCOC(=O)c1cnc2c(N)cccc2c1NCCCOC(C)C
C18H25N3O3,0,9136,false positive,Alkane; Amide; Carbamate; Ether,Alkane; Amide; Amine; Carbamate; Ether,aligned_chunk_241.parquet,1178,517002,C18H25N3O3,CC(C)(C)OC(=O)N1CCCC2(C1)C(=O)NCC2c1cccnc1
C18H25N3O3,0,27230,false positive,Alkane; Carbamate; Ether,Alkane; Alkene; Amide; Carbamate; Ether; Haloalkane,aligned_chunk_134.parquet,1916,131744,C18H25N3O3,COc1ccnc2[nH]cc(C3CCN(C(=O)OC(C)(C)C)CC3)c12
C18H25N3O3,0,33728,correct,Alkane; Amide; Amine; Arene; Carbamate; Ether,Alkane; Amide; Amine; Arene; Carbamate; Ether,aligned_chunk_208.parquet,1742,397616,C18H25N3O3,CC(C)(C)OC(=O)N1CCc2ccc(N3CC[C@H](N)C3=O)cc2C1
C18H25N3O3,1,35299,mixed error,Alkane; Amide; Amine; Arene; Carbamate; Ether,Alkane; Amide; Arene; Ester; Ether; Haloalkane,aligned_chunk_181.parquet,1104,299991,C18H25N3O3,CN1CCC2(CC1)C(=O)Nc1ccc(NC(=O)OC(C)(C)C)cc12
C18H25N3O3,0,36362,mixed error,Alcohol; Alkane; Amine; Arene; Ether,Alcohol; Alkane; Alkene; Arene; Ester; Ether,aligned_chunk_161.parquet,204,227399,C18H25N3O3,COc1cc2cnnc(N3CCC(CC(C)O)CC3)c2cc1OC
C18H25N3O3,0,42965,false positive,Alkane; Amide; Ether,Alkane; Amide; Ester; Ether,aligned_chunk_27.parquet,2338,537589,C18H25N3O3,CCCCc1noc(C)c1COc1ccc(C(=O)NC(C)C)cn1
C18H25N3O3,0,53357,correct,Alkane; Arene; Carbamate; Ether,Alkane; Arene; Carbamate; Ether,aligned_chunk_27.parquet,1133,536384,C18H25N3O3,Cc1ccc2[nH]c(=O)n(C3CCN(C(=O)OC(C)(C)C)CC3)c2c1
C18H25N3O3,0,54770,correct,Alkane; Arene; Carbamate; Ether,Alkane; Arene; Carbamate; Ether,aligned_chunk_84.parquet,1047,740208,C18H25N3O3,C[C@@H]1[C@H](N2CCN(C)C2=O)CCCN1C(=O)OCc1ccccc1
C18H25N3O3,0,69875,mixed error,Alkane; Amide; Amine; Arene; Ester; Ether,Alkane; Amide; Amine; Ester; Ether; Sulfide,aligned_chunk_189.parquet,2544,327343,C18H25N3O3,C[C@H](N)C(=O)N[C@@H](Cc1c[nH]c2ccccc12)C(=O)OC(C)(C)C
C18H25N3O3,0,72550,false positive,Alkane; Amine; Arene; Carbamate; Ether,Alkane; Alkene; Amine; Arene; Carbamate; Ether,aligned_chunk_152.parquet,329,195016,C18H25N3O3,CC(C)(C)OC(=O)N1CCN(c2ccc(C3=NCCO3)cc2)CC1
C4H9NO3,1,49281,mixed error,Alcohol; Alkane; Carbamate; Ether,Alkane; Amine; Carbamate; Ether,aligned_chunk_81.parquet,1988,731384,C4H9NO3,CC(O)COC(N)=O
C4H9NO3,0,54955,correct,Alcohol; Alkane; Carbamate; Ether,Alcohol; Alkane; Carbamate; Ether,aligned_chunk_6.parquet,3144,655140,C4H9NO3,CCOC(=O)NCO
C4H9NO3,0,56551,correct,Alcohol; Alkane; Amine; Carboxylic acid,Alcohol; Alkane; Amine; Carboxylic acid,aligned_chunk_157.parquet,1969,212764,C4H9NO3,NOCCCC(=O)O
C4H9NO3,0,69692,false negative,Alcohol; Alkane; Amine; Carboxylic acid,Alcohol; Amine; Carboxylic acid,aligned_chunk_130.parquet,1332,118258,C4H9NO3,O=C(O)CNCCO
C19H16ClN5S,1,76924,false negative,Alkane; Amine; Arene; Haloalkane; Sulfide,Amine; Arene; Haloalkane; Sulfide,aligned_chunk_205.parquet,2425,388646,C19H16ClN5S,NCc1c[nH]c(-c2sc(-c3ccncc3)nc2Cc2ccc(Cl)cc2)n1
C10H11NO2,0,1907,false negative,Alcohol; Alkane; Arene; Ether; Nitrile,Alcohol; Alkane; Arene; Nitrile,aligned_chunk_202.parquet,2692,379196,C10H11NO2,COCc1cc(C#N)cc(CO)c1
C10H11NO2,0,9961,correct,Alkane; Ketone,Alkane; Ketone,aligned_chunk_112.parquet,1303,53252,C10H11NO2,CC(=O)CCC(=O)c1cccnc1
C10H11NO2,1,12438,mixed error,Alcohol; Alkane; Amine; Arene; Ketone; Phenol,Alcohol; Alkane; Amine; Ester; Ether; Phenol,aligned_chunk_36.parquet,683,568616,C10H11NO2,Cc1cc(N)c(O)c2c1CCC2=O
C10H11NO2,0,15106,correct,Alkane; Amide; Arene; Ketone,Alkane; Amide; Arene; Ketone,aligned_chunk_90.parquet,1828,763680,C10H11NO2,CC(=O)Nc1ccc(C(C)=O)cc1
C10H11NO2,0,17066,correct,Alkane; Amide; Arene; Imide,Alkane; Amide; Arene; Imide,aligned_chunk_75.parquet,2542,709337,C10H11NO2,CC(=O)N(C(C)=O)c1ccccc1
C10H11NO2,0,21119,mixed error,Alcohol; Aldehyde; Alkane; Arene; Phenol,Alcohol; Aldehyde; Arene; Sulfide,aligned_chunk_0.parquet,483,483,C10H11NO2,O=CNC1CCc2cccc(O)c21
C10H11NO2,0,23353,false negative,Alkane; Amine; Arene; Ester; Ether,Amine; Arene,aligned_chunk_241.parquet,2613,518437,C10H11NO2,COC(=O)C1Cc2ccc(N)cc21
C10H11NO2,0,26911,correct,Alkane; Amide; Arene; Ketone,Alkane; Amide; Arene; Ketone,aligned_chunk_11.parquet,3168,45379,C10H11NO2,CC(=O)CNC(=O)c1ccccc1
C10H11NO2,0,30963,mixed error,Alkane; Arene; Carbamate; Ether,Alkane; Amide; Arene; Ether; Haloalkane,aligned_chunk_114.parquet,1905,60366,C10H11NO2,O=C(OCc1ccccc1)N1CC1
C10H11NO2,0,32169,mixed error,Alkane; Arene; Carbamate; Ether,Alkane; Arene; Ester; Ether; Haloalkane,aligned_chunk_144.parquet,1181,166588,C10H11NO2,COC(=O)N1CCc2ccccc21
C10H11NO2,0,34657,mixed error,Alkane; Arene; Ether; Nitrile,Alkane; Arene; Nitrile; Sulfide,aligned_chunk_218.parquet,664,432282,C10H11NO2,COC(OC)c1ccccc1C#N
C10H11NO2,0,35920,false negative,Alcohol; Alkane; Alkene; Carboxylic acid,Alcohol; Alkane; Carboxylic acid,aligned_chunk_153.parquet,2112,199993,C10H11NO2,O=C(O)CC/C=C/c1ccccn1
C10H11NO2,0,38538,correct,Alkane; Alkene; Amide; Arene,Alkane; Alkene; Amide; Arene,aligned_chunk_9.parquet,3120,761750,C10H11NO2,C=CC(=O)NOCc1ccccc1
C10H11NO2,0,40118,false negative,Aldehyde; Alkane; Amide; Arene,Alkane; Amide; Arene,aligned_chunk_70.parquet,1574,692230,C10H11NO2,CC(=O)Nc1ccc(C=O)c(C)c1
C10H11NO2,0,43477,false negative,Alcohol; Alkane; Amine; Arene; Carboxylic acid,Alcohol; Amine; Arene; Carboxylic acid,aligned_chunk_34.parquet,2916,564336,C10H11NO2,Nc1ccc([C@@H]2C[C@H]2C(=O)O)cc1
C10H11NO2,0,43578,mixed error,Alkane; Amine; Arene; Ether,Amine; Arene; Haloalkane,aligned_chunk_133.parquet,1454,128024,C10H11NO2,NC1(c2ccc3c(c2)OCO3)CC1
C10H11NO2,0,51323,false positive,Alcohol; Alkane; Alkene; Carboxylic acid,Alcohol; Alkane; Alkene; Carboxylic acid; Ether; Sulfide,aligned_chunk_76.parquet,2276,712293,C10H11NO2,Cc1ccc(/C=C/C(=O)O)c(C)n1
C10H11NO2,0,51471,false negative,Aldehyde; Alkane; Amide; Arene,Alkane; Amide; Arene,aligned_chunk_230.parquet,1306,478321,C10H11NO2,CC(=O)Nc1cccc(C=O)c1C
C10H11NO2,0,52719,false positive,Alcohol; Alkane; Amide; Arene; Phenol,Alcohol; Alkane; Amide; Amine; Arene; Phenol,aligned_chunk_126.parquet,1550,102209,C10H11NO2,Cc1cc(O)cc2c1NC(=O)CC2
C10H11NO2,0,53235,false negative,Alcohol; Alkane; Arene; Ether; Phenol,Alcohol; Alkane; Arene; Phenol,aligned_chunk_197.parquet,917,354854,C10H11NO2,Cc1cc(C2=NCCO2)ccc1O
C10H11NO2,0,53501,false negative,Alcohol; Alkane; Amide; Arene; Phenol,Alcohol; Alkane; Arene; Phenol,aligned_chunk_201.parquet,1199,374495,C10H11NO2,O=C1CCCN1c1cccc(O)c1
C10H11NO2,0,54250,false positive,Alkane; Arene; Carbamate; Ether,Alkane; Amide; Arene; Carbamate; Ester; Ether; Hydrazone,aligned_chunk_152.parquet,2717,197404,C10H11NO2,O=C1NCC(c2ccccc2)CO1
C10H11NO2,0,62065,correct,Alkane; Ketone,Alkane; Ketone,aligned_chunk_65.parquet,3169,674447,C10H11NO2,Cn1c2c(ccc1=O)C(=O)CCC2
C10H11NO2,0,62101,false negative,Alkane; Amide; Arene; Ketone,Amide; Arene,aligned_chunk_215.parquet,2960,424841,C10H11NO2,NC(=O)CCC(=O)c1ccccc1
C10H11NO2,0,63386,false positive,Alkane; Alkene; Ester; Ether,Alkane; Alkene; Ester; Ether; Ketone,aligned_chunk_176.parquet,2929,282401,C10H11NO2,C=CCc1cccnc1C(=O)OC
C10H11NO2,0,64061,false negative,Alkane; Arene; Ether; Isocyanate,Alkane; Arene; Isocyanate,aligned_chunk_222.parquet,421,448218,C10H11NO2,CCCOc1ccc(N=C=O)cc1
C10H11NO2,0,69636,correct,Alcohol; Alkane; Arene; Ether; Nitrile,Alcohol; Alkane; Arene; Ether; Nitrile,aligned_chunk_120.parquet,3029,84197,C10H11NO2,N#CCc1ccc(OCCO)cc1
C10H11NO2,0,70611,false negative,Alcohol; Alkane; Amine; Arene; Carboxylic acid,Alcohol; Amine; Arene; Carboxylic acid,aligned_chunk_47.parquet,2485,609134,C10H11NO2,Nc1cccc([C@H]2C[C@H]2C(=O)O)c1
C10H11NO2,0,71199,mixed error,Alcohol; Alkane; Amide; Arene,Alcohol; Alkane; Arene; Ether,aligned_chunk_194.parquet,2824,347091,C10H11NO2,CN1Cc2cc(CO)ccc2C1=O
C10H11NO2,0,72013,mixed error,Alkane; Ether,Aldehyde; Alkane; Nitrile,aligned_chunk_109.parquet,770,39729,C10H11NO2,CC1(C)Oc2ccncc2C2OC21
C10H11NO2,0,73142,correct,Alkane; Arene; Ether; Nitrile,Alkane; Arene; Ether; Nitrile,aligned_chunk_184.parquet,646,309198,C10H11NO2,COc1ccc(CC#N)cc1OC
C10H11NO2,0,75444,false negative,Alkane; Alkene; Arene; Carbamate; Enamine; Ether,Alkane; Alkene; Arene; Carbamate; Ether,aligned_chunk_37.parquet,2648,573797,C10H11NO2,C=CNC(=O)OCc1ccccc1
C10H11NO2,0,78982,mixed error,Alcohol; Alkane; Amide; Arene,Alcohol; Alkane; Arene; Ether,aligned_chunk_203.parquet,12,379759,C10H11NO2,O=C1Nc2ccccc2C1CCO
C13H19NO3,0,1277,correct,Alkane; Amine; Arene; Ester; Ether,Alkane; Amine; Arene; Ester; Ether,aligned_chunk_60.parquet,876,656105,C13H19NO3,COCCNCCC(=O)OCc1ccccc1
C13H19NO3,0,3281,correct,Alcohol; Alkane; Amine; Arene; Ester; Ether,Alcohol; Alkane; Amine; Arene; Ester; Ether,aligned_chunk_181.parquet,1537,300424,C13H19NO3,COC(=O)[C@H](CO)NCCCc1ccccc1
C13H19NO3,0,4465,correct,Alcohol; Alkane; Amine; Arene; Ether,Alcohol; Alkane; Amine; Arene; Ether,aligned_chunk_132.parquet,2999,126342,C13H19NO3,OCc1cccc(OCCN2CCOCC2)c1
C13H19NO3,0,26074,mixed error,Alkane; Amide; Arene; Ether,Alkane; Amide; Arene; Haloalkane,aligned_chunk_0.parquet,1819,1819,C13H19NO3,CCN(CC)C(=O)c1cccc(OCOC)c1
C13H19NO3,0,27763,correct,Alcohol; Alkane; Amine; Arene; Ether,Alcohol; Alkane; Amine; Arene; Ether,aligned_chunk_67.parquet,1582,679323,C13H19NO3,COc1ccc2c(c1OC)CCCC2(O)CN
C13H19NO3,0,28736,false negative,Alcohol; Alkane; Amide; Arene; Phenol,Alcohol; Amide; Arene; Phenol,aligned_chunk_40.parquet,137,584243,C13H19NO3,CCC(O)(CC)c1ccc(O)c(NC(C)=O)c1
C13H19NO3,0,33499,false negative,Alcohol; Alkane; Amine; Arene; Carboxylic acid; Ether,Alcohol; Alkane; Arene; Carboxylic acid,aligned_chunk_67.parquet,1524,679265,C13H19NO3,CN(C)CCCOc1ccccc1CC(=O)O
C13H19NO3,0,40625,false positive,Alcohol; Alkane; Arene; Carbamate; Ether; Phenol,Alcohol; Alkane; Arene; Carbamate; Ester; Ether; Haloalkane; Phenol,aligned_chunk_81.parquet,3202,732598,C13H19NO3,CC(C)(C)OC(=O)NCCc1cccc(O)c1
C13H19NO3,0,43580,correct,Alcohol; Alkane; Arene; Carbamate; Ether,Alcohol; Alkane; Arene; Carbamate; Ether,aligned_chunk_111.parquet,1406,50145,C13H19NO3,CC(C)(C)OC(=O)N(CCO)c1ccccc1
C13H19NO3,0,48763,correct,Alkane; Amine; Arene; Ester; Ether,Alkane; Amine; Arene; Ester; Ether,aligned_chunk_96.parquet,2581,783978,C13H19NO3,COC(=O)c1cc(N)cc(C(C)(C)C)c1OC
C13H19NO3,0,50653,correct,Alcohol; Alkane; Amine; Arene; Ester; Ether,Alcohol; Alkane; Amine; Arene; Ester; Ether,aligned_chunk_8.parquet,1877,724812,C13H19NO3,CC(C)(C)OC(=O)c1ccc(CCO)c(N)c1
C13H19NO3,0,54212,correct,Alkane; Ester; Ether,Alkane; Ester; Ether,aligned_chunk_81.parquet,733,730129,C13H19NO3,CCCCC(Oc1cccnc1)C(=O)OCC
C13H19NO3,0,58261,correct,Alkane; Amine; Arene; Ester; Ether,Alkane; Amine; Arene; Ester; Ether,aligned_chunk_21.parquet,880,403244,C13H19NO3,CCOC(=O)C(Cc1ccc(N)cc1)OCC
C13H19NO3,0,59723,false negative,Alcohol; Alkane; Amine; Arene; Ester; Ether,Alcohol; Alkane; Amine; Arene,aligned_chunk_196.parquet,2923,353659,C13H19NO3,CC(C)COC(=O)[C@H](O)[C@@H](N)c1ccccc1
C13H19NO3,1,63905,mixed error,Alkane; Amine; Arene; Ether,Alkane; Alkyne; Arene; Ether; Sulfide,aligned_chunk_102.parquet,2357,18540,C13H19NO3,CCOc1cc(C=[N+]([O-])C(C)C)ccc1OC
C13H19NO3,0,64510,false negative,Alkane; Amine; Arene; Ester; Ether,Alkane; Amine; Arene,aligned_chunk_147.parquet,2414,177666,C13H19NO3,CCOC(=O)C(C)(C)Oc1cccc(CN)c1
C13H19NO3,0,67093,false positive,Alkane; Ester; Ether,Alkane; Ester; Ether; Haloalkane,aligned_chunk_78.parquet,2671,719152,C13H19NO3,Cc1ccc(OCCC(=O)OC(C)(C)C)cn1
C13H19NO3,0,74570,false positive,Alkane; Amine; Arene; Ether,Alkane; Amine; Arene; Ether; Haloalkane,aligned_chunk_207.parquet,1873,394584,C13H19NO3,CN(C)CCOCCc1ccc2c(c1)OCO2
C21H27F3N4O2,1,44336,false negative,Alkane; Amine; Arene; Ether; Haloalkane,Alkane; Amine; Arene; Haloalkane,aligned_chunk_212.parquet,580,412721,C21H27F3N4O2,COc1ccc(NCCN2CCN(c3ccc(OC)c(C(F)(F)F)c3)CC2)c(N)c1
C15H13FO2,0,19432,false negative,Alcohol; Alkane; Arene; Carboxylic acid; Haloalkane,Alcohol; Arene; Carboxylic acid,aligned_chunk_144.parquet,3148,168555,C15H13FO2,C[C@@H](C(=O)O)c1ccc(-c2ccccc2)c(F)c1
C15H13FO2,1,30151,mixed error,Alcohol; Alkane; Arene; Carboxylic acid; Haloalkane,Alcohol; Arene; Carboxylic acid; Haloalkane; Sulfide,aligned_chunk_5.parquet,853,617206,C15H13FO2,O=C(O)c1ccccc1CCc1ccc(F)cc1
C15H13FO2,0,48152,mixed error,Alkane; Arene; Ester; Ether; Haloalkane,Alkane; Arene; Ester; Ether; Ketone,aligned_chunk_169.parquet,499,253788,C15H13FO2,COC(=O)Cc1ccc(-c2ccccc2F)cc1
C15H13FO2,0,64995,correct,Alkane; Alkene; Arene; Ether; Haloalkane,Alkane; Alkene; Arene; Ether; Haloalkane,aligned_chunk_47.parquet,1790,608439,C15H13FO2,Fc1ccc(OC=CCOc2ccccc2)cc1
C15H13FO2,0,78308,correct,Alcohol; Alkane; Arene; Ether; Haloalkane; Phenol,Alcohol; Alkane; Arene; Ether; Haloalkane; Phenol,aligned_chunk_48.parquet,455,610353,C15H13FO2,Oc1ccc2c(c1)CCC(c1ccc(F)cc1)O2
C15H13FO2,0,78577,correct,Alkane; Arene; Ether; Haloalkane; Ketone,Alkane; Arene; Ether; Haloalkane; Ketone,aligned_chunk_102.parquet,2655,18838,C15H13FO2,COc1ccc(C(=O)c2cccc(C)c2F)cc1
C12H10ClN3,0,15092,false negative,Alkane; Haloalkane; Nitrile,Haloalkane; Nitrile,aligned_chunk_71.parquet,2792,696687,C12H10ClN3,N#Cc1cn(C2CCC2)c2cnc(Cl)cc12
C12H10ClN3,1,50581,mixed error,Alkane; Arene; Haloalkane,Alkane; Amide; Arene; Ether,aligned_chunk_150.parquet,497,188692,C12H10ClN3,Cc1cc(Cl)c2c(ccc3nc(C)[nH]c32)n1
C12H10ClN3,0,65904,false negative,Alkane; Alkyne; Arene; Haloalkane,Alkane; Alkyne; Arene,aligned_chunk_32.parquet,2195,557035,C12H10ClN3,C#CCCn1ncc(-c2ccccc2Cl)n1
C24H30N4O3,0,294,correct,Alcohol; Alkane; Amine; Arene; Carboxylic acid,Alcohol; Alkane; Amine; Arene; Carboxylic acid,aligned_chunk_206.parquet,2785,392260,C24H30N4O3,CCc1cc(-c2noc(-c3cnc(N(C)C(C)C)c(C)c3)n2)cc(C)c1CCC(=O)O
C24H30N4O3,0,23706,correct,Alkane; Arene; Ether,Alkane; Arene; Ether,aligned_chunk_152.parquet,886,195573,C24H30N4O3,COc1ccc(CC(NC(=O)N[C@@H]2CC[C@@H](OC)CC2)c2nc3ccccc3[nH]2)cc1
C24H30N4O3,1,56197,false negative,Alkane; Amide; Amine; Arene; Ester; Ether,Alkane; Amide; Amine; Arene,aligned_chunk_149.parquet,2431,184195,C24H30N4O3,COC(=O)C[C@@H]1CC[C@@H](c2ccc(N3C(=O)c4c(N)nc(C)nc4CC3C)cc2)CC1
C24H30N4O3,0,70768,false negative,Alcohol; Alkane; Amine; Arene; Carboxylic acid,Alcohol; Alkane; Arene; Carboxylic acid,aligned_chunk_37.parquet,784,571933,C24H30N4O3,CCc1cc(-c2noc(-c3cc(C)nc(N(C)C(C)C)c3)n2)cc(C)c1CCC(=O)O
C14H14BrNO3,0,9635,false negative,Alkane; Arene; Ester; Ether; Haloalkane,Alkane; Arene; Ester; Ether,aligned_chunk_113.parquet,947,56149,C14H14BrNO3,CCOC(=O)c1cc(=O)c2c(Br)cc(CC)cc2[nH]1
C14H14BrNO3,0,36303,false negative,Alkane; Amine; Arene; Ester; Ether; Haloalkane,Alkane; Amine; Arene; Ether; Haloalkane,aligned_chunk_147.parquet,1167,176419,C14H14BrNO3,CCOC(=O)c1c(C2CC2)oc2cc(N)c(Br)cc12
C14H14BrNO3,1,56284,mixed error,Alkane; Alkene; Amide; Arene; Enamine; Ester; Ether; Haloalkane,Alkane; Amide; Amine; Arene; Ester; Ether; Ketone,aligned_chunk_8.parquet,62,722997,C14H14BrNO3,COC(=O)CC1c2cccc(Br)c2C=CN1C(C)=O
C14H14BrNO3,0,74510,mixed error,Alkane; Amide; Arene; Haloalkane; Imide; Ketone,Alkane; Alkene; Amide; Arene; Imide; Ketone; Sulfide,aligned_chunk_90.parquet,3226,765078,C14H14BrNO3,CC(C)(C)C(=O)C(Br)N1C(=O)c2ccccc2C1=O
C20H26O,1,53352,mixed error,Alkane; Arene; Ketone,Alkane; Amide; Amine; Arene; Sulfide,aligned_chunk_115.parquet,276,61998,C20H26O,CC[C@H]1Cc2ccccc2[C@H]2CC[C@]3(C)C(=O)CC[C@H]3[C@H]12
C20H26O,0,56788,false positive,Alcohol; Alkane; Arene; Phenol,Alcohol; Alkane; Arene; Ether; Phenol; Sulfide,aligned_chunk_164.parquet,298,237284,C20H26O,Cc1cc(C)c(O)c(-c2cc(C(C)C)ccc2C(C)C)c1
C20H26O,0,67616,false positive,Alcohol; Alkane; Arene; Phenol,Alcohol; Alkane; Arene; Ether; Phenol,aligned_chunk_109.parquet,714,39673,C20H26O,CC(C)(C)c1ccc(-c2ccccc2O)c(C(C)(C)C)c1
C8H12N2O3,0,10883,false negative,Alkane; Alkene; Amide; Amine; Enamine; Ester; Ether,Alkane; Amine,aligned_chunk_84.parquet,973,740134,C8H12N2O3,COC(=O)C1=CNCCN1C(C)=O
C8H12N2O3,0,17297,correct,Alcohol; Alkane; Carboxylic acid,Alcohol; Alkane; Carboxylic acid,aligned_chunk_154.parquet,1377,202518,C8H12N2O3,Cc1nc(C(=O)O)cn1C[C@@H](C)O
C8H12N2O3,0,24403,false positive,Alcohol; Alkane; Ester; Ether; Phenol,Alcohol; Alkane; Amide; Ester; Ether; Phenol,aligned_chunk_46.parquet,2951,606339,C8H12N2O3,COC(=O)Cc1c(O)c(C)nn1C
C8H12N2O3,1,45455,mixed error,Alkane; Amide,Alkane; Alkene; Ester; Ether; Ketone,aligned_chunk_63.parquet,443,665349,C8H12N2O3,CON(C)C(=O)c1c(C)noc1C
C8H12N2O3,0,46104,correct,Alkane; Ester; Ether,Alkane; Ester; Ether,aligned_chunk_0.parquet,2198,2198,C8H12N2O3,CCOC(=O)c1cc(OC)nn1C
C11H14O,0,3026,mixed error,Alkane; Alkene; Ketone,Alkane; Amine; Ketone; Sulfide,aligned_chunk_199.parquet,2219,362607,C11H14O,CC1=CC2=CC(=O)CCC2CC1
C11H14O,0,7332,false negative,Alcohol; Alkane; Alkene; Arene; Phenol,Alcohol; Alkane; Arene; Phenol,aligned_chunk_54.parquet,2802,635392,C11H14O,CC(C)=CCc1ccc(O)cc1
C11H14O,0,27608,mixed error,Alkane; Arene; Ether,Alkane; Arene; Haloalkane,aligned_chunk_60.parquet,2680,657909,C11H14O,Cc1ccc2c(c1)C(C)(C)CO2
C11H14O,0,35361,correct,Aldehyde; Alkane; Arene,Aldehyde; Alkane; Arene,aligned_chunk_162.parquet,2102,232583,C11H14O,CCCC(C=O)c1ccccc1
C11H14O,1,45802,mixed error,Alkane; Alkene; Ketone,Alkane; Alkene; Carbamate; Ether; Sulfide,aligned_chunk_203.parquet,1746,381493,C11H14O,CC1=C2CCCC=C2CCC1=O
C11H14O,0,46489,false positive,Alcohol; Alkane; Alkene; Arene; Phenol,Alcohol; Alkane; Alkene; Arene; Ether; Phenol,aligned_chunk_33.parquet,1110,559234,C11H14O,C=CCCc1ccc(O)cc1C
C11H14O,0,55323,correct,Aldehyde; Alkane; Arene,Aldehyde; Alkane; Arene,aligned_chunk_20.parquet,2579,369386,C11H14O,CCC(C)(C=O)c1ccccc1
C11H14O,0,70853,correct,Alkane; Arene; Ketone,Alkane; Arene; Ketone,aligned_chunk_217.parquet,229,428626,C11H14O,CCC(=O)C(C)c1ccccc1
C11H14O,0,73506,correct,Aldehyde; Alkane; Arene,Aldehyde; Alkane; Arene,aligned_chunk_223.parquet,365,451403,C11H14O,Cc1ccc(C(C)C)cc1C=O
C11H14O,0,75439,correct,Alcohol; Alkane; Alkene; Arene,Alcohol; Alkane; Alkene; Arene,aligned_chunk_45.parquet,662,600781,C11H14O,C=CCc1cc(C)ccc1CO
C11H13N3O2S,0,10809,false positive,Alkane; Amine; Ester; Ether; Sulfide,Alkane; Amine; Arene; Ester; Ether; Haloalkane; Sulfide,aligned_chunk_128.parquet,1638,108856,C11H13N3O2S,COC(=O)c1ccc2nc(NC(C)C)sc2n1
C11H13N3O2S,0,19144,false negative,Alkane; Carbamate; Ether; Isothiocyanate,Alkane; Carbamate; Ether,aligned_chunk_41.parquet,148,587570,C11H13N3O2S,CC(C)(C)OC(=O)Nc1ccc(N=C=S)cn1
C11H13N3O2S,0,27440,correct,Alkane; Carbamate; Ether; Sulfide,Alkane; Carbamate; Ether; Sulfide,aligned_chunk_187.parquet,190,318537,C11H13N3O2S,CC(C)(C)OC(=O)Nc1cc2nccnc2s1
C11H13N3O2S,0,32449,false positive,Alkane; Amine; Arene; Sulfone,Alcohol; Alkane; Amine; Arene; Ether; Sulfone,aligned_chunk_199.parquet,1299,361687,C11H13N3O2S,CS(=O)(=O)c1ccc(Cn2ccc(N)n2)cc1
C11H13N3O2S,0,67453,false negative,Alkane; Amine; Ester; Ether; Sulfide,Alkane; Amine,aligned_chunk_149.parquet,2863,184627,C11H13N3O2S,COC(=O)c1ccc(CNCc2ncc[nH]2)s1
C11H13N3O2S,1,72838,mixed error,Alkane; Amide; Amine; Arene; Ether; Sulfide,Alkane; Amide; Amine; Ester; Ether; Sulfide,aligned_chunk_4.parquet,2234,583060,C11H13N3O2S,CCOc1ccc(N)c2sc(C(N)=O)c(N)c12
C23H31N3O3,0,33,false positive,Alkane; Amine; Arene; Carbamate; Ether,Alkane; Amide; Amine; Arene; Carbamate; Ether,aligned_chunk_167.parquet,2953,249757,C23H31N3O3,CC(C)(C)OC(=O)Nc1cccc(CCc2cc(N)ccc2N2CCOCC2)c1
C23H31N3O3,0,29670,correct,Alkane; Arene; Carbamate; Ether,Alkane; Arene; Carbamate; Ether,aligned_chunk_13.parquet,2894,116577,C23H31N3O3,CC(C)(C)OC(=O)NCCc1cccc(NC(=O)NCCCc2ccccc2)c1
C23H31N3O3,1,70315,mixed error,Alkane; Amide; Amine; Arene; Carbamate; Ether,Alkane; Alkene; Arene; Carbamate; Ether; Ketone,aligned_chunk_126.parquet,1631,102290,C23H31N3O3,CN(C)c1ccc(CNC(=O)[C@@H](Cc2ccccc2)NC(=O)OC(C)(C)C)cc1
C11H10O5,0,39485,mixed error,Alcohol; Alkane; Alkene; Arene; Ester; Ether; Phenol,Alcohol; Alkane; Arene; Ester; Ether; Phenol; Sulfide,aligned_chunk_71.parquet,1877,695772,C11H10O5,CCOC(=O)C1=COc2ccc(O)cc2O1
C11H10O5,1,70126,mixed error,Alcohol; Alkane; Arene; Carboxylic acid; Ester; Ether,Alcohol; Arene; Carboxylic acid; Sulfide,aligned_chunk_41.parquet,2172,589594,C11H10O5,O=C(O)[C@@H]1O[C@H]1C(=O)OCc1ccccc1
C11H10O5,0,77574,correct,Alcohol; Alkane; Arene; Carboxylic acid; Ether,Alcohol; Alkane; Arene; Carboxylic acid; Ether,aligned_chunk_58.parquet,2598,648050,C11H10O5,O=C(O)C(C(=O)O)c1ccc2c(c1)CCO2
C19H13ClFNO4,1,69317,false negative,Alcohol; Alkane; Arene; Carboxylic acid; Ether; Haloalkane,Alcohol; Arene; Carboxylic acid; Haloalkane,aligned_chunk_87.parquet,319,749195,C19H13ClFNO4,COc1ncccc1-c1cc(C(=O)O)c(F)cc1Oc1ccc(Cl)cc1
C23H18N2O3,0,27804,false negative,Alcohol; Alkane; Alkene; Arene; Phenol,Alcohol; Alkene; Arene; Phenol,aligned_chunk_46.parquet,2778,606166,C23H18N2O3,C=Cc1cnc2c(c1)c(O)c(-c1ccccc1)c(=O)n2OCc1ccccc1
C23H18N2O3,0,28505,false positive,Alcohol; Alkane; Arene; Ketone; Phenol,Alcohol; Alkane; Arene; Enol; Ketone; Phenol,aligned_chunk_158.parquet,289,214416,C23H18N2O3,CC(C(=O)c1c(O)c2cccnc2n(-c2ccccc2)c1=O)c1ccccc1
C23H18N2O3,0,30876,correct,Alcohol; Alkene; Arene; Carboxylic acid; Enamine,Alcohol; Alkene; Arene; Carboxylic acid; Enamine,aligned_chunk_240.parquet,2290,514836,C23H18N2O3,O=C1NC(c2ccccc2)=C(c2ccccc2)C(c2cccc(C(=O)O)c2)N1
C23H18N2O3,0,48968,false negative,Alcohol; Alkane; Alkene; Amide; Amine; Arene; Carboxylic acid; Enamine,Alcohol; Alkene; Amide; Amine; Arene; Carboxylic acid; Enamine,aligned_chunk_77.parquet,1388,714593,C23H18N2O3,O=C(O)Cc1ccc(N/C(=C2\C(=O)Nc3ccccc32)c2ccccc2)cc1
C23H18N2O3,1,59962,mixed error,Alkane; Arene; Ester; Ether,Alkane; Amide; Arene; Ether; Imide; Sulfide,aligned_chunk_107.parquet,2959,35430,C23H18N2O3,COc1ccc2c(Cc3cccc4c3COC4=O)c(-c3ccccc3)nn2c1
C12H16IN,1,16560,correct,Alkane; Amine; Arene; Haloalkane,Alkane; Amine; Arene; Haloalkane,aligned_chunk_73.parquet,2708,703062,C12H16IN,Cc1cc(I)ccc1NC1CCCC1
C28H28N2O4,0,20691,false positive,Alkane; Arene; Ester; Ether,Alkane; Amide; Arene; Ester; Ether,aligned_chunk_235.parquet,1908,495127,C28H28N2O4,COC(=O)CCc1ccc(OCCc2nc(-c3ccc(-c4ccccn4)cc3)oc2C)cc1C
C28H28N2O4,0,21421,correct,Alkane; Amide; Arene; Ester; Ether,Alkane; Amide; Arene; Ester; Ether,aligned_chunk_123.parquet,1314,92248,C28H28N2O4,CCc1c(CC(N)=O)c2cc(OCc3ccccc3C(=O)OC)ccc2n1Cc1ccccc1
C28H28N2O4,1,46338,mixed error,Alkane; Amide; Arene; Ester; Ether,Alkane; Amide; Arene; Ether; Haloalkane,aligned_chunk_142.parquet,1193,160062,C28H28N2O4,CCOC(=O)Cn1c2c(c3ccccc31)CN(C(=O)c1c(OCC)ccc3ccccc13)CC2
C28H28N2O4,0,70820,correct,Alkane; Arene; Ester; Ether,Alkane; Arene; Ester; Ether,aligned_chunk_133.parquet,3009,129579,C28H28N2O4,CO/N=C(/C(=O)OC)c1ccccc1CON=C(C)C1(c2ccccc2)CC1c1ccccc1
C28H28N2O4,0,74119,false positive,Alcohol; Alkane; Arene; Carboxylic acid; Ether,Alcohol; Alkane; Arene; Carboxylic acid; Ether; Haloalkane,aligned_chunk_164.parquet,460,237446,C28H28N2O4,Cc1cc(OCC(C)c2nc(-c3ccc(-c4ccccn4)cc3)oc2C)ccc1CCC(=O)O
C24H30N2O3S,1,48843,false positive,Alkane; Arene; Ester; Ether; Sulfide,Alkane; Arene; Ester; Ether; Haloalkane; Sulfide,aligned_chunk_212.parquet,1551,413692,C24H30N2O3S,CCOC(=O)c1nc(-c2cn(CC3CCCCC3)c3c(OC)cccc23)sc1CC
C24H30N2O3S,0,55065,false positive,Alkane; Amine; Arene; Ester; Ether; Sulfide,Alkane; Alkene; Amine; Arene; Ester; Ether; Sulfide,aligned_chunk_94.parquet,1093,776010,C24H30N2O3S,CCOC(=O)[C@@H]1CCCN(CCOCCN2c3ccccc3Sc3ccccc32)C1
C24H30N2O3S,0,64117,false negative,Alkane; Amide; Amine; Arene; Sulfonamide,Alkane; Amine; Arene; Sulfonamide,aligned_chunk_200.parquet,1829,371890,C24H30N2O3S,CCC(=O)N1C[C@@H]2C[C@@H](c3ccc(NS(=O)(=O)c4ccc(C(C)C)cc4)cc3)[C@@H]2C1
C24H30N2O3S,0,76555,false negative,Alcohol; Alkane; Alkene; Amine; Arene; Nitrile; Phenol; Sulfonamide,Alcohol; Alkane; Alkene; Amine; Arene; Nitrile; Sulfonamide,aligned_chunk_185.parquet,2143,313963,C24H30N2O3S,CC(C)c1cc(/C=C(\C#N)S(=O)(=O)NCCCc2ccccc2)cc(C(C)C)c1O
C21H24N2O,0,17454,correct,Alkane; Amide; Amine; Arene,Alkane; Amide; Amine; Arene,aligned_chunk_239.parquet,46,506132,C21H24N2O,O=C1C2CCCC2Nc2ccccc2N1CCCc1ccccc1
C21H24N2O,0,17754,correct,Alkane; Amine; Arene; Ether,Alkane; Amine; Arene; Ether,aligned_chunk_76.parquet,3064,713081,C21H24N2O,COc1ccccc1C(c1cn(C)c2ccccc12)N1CCCC1
C21H24N2O,0,23342,false positive,Alkane; Arene,Alkane; Amide; Arene,aligned_chunk_204.parquet,1993,384971,C21H24N2O,O=C(N1CCC(c2ccccc2)CC1)N1CCCc2ccccc21
C21H24N2O,0,52097,false positive,Alkane; Amine; Arene; Ether,Alkane; Amine; Arene; Ether; Ketone,aligned_chunk_171.parquet,3219,266373,C21H24N2O,CN(C)C1CCc2[nH]c3ccc(OCc4ccccc4)cc3c2C1
C21H24N2O,1,64349,false positive,Alkane; Amine; Arene; Ether,Alkane; Alkene; Amine; Arene; Ether; Haloalkane,aligned_chunk_62.parquet,336,662018,C21H24N2O,COc1ccc(-c2ccc3[nH]cc(C4CCN(C)CC4)c3c2)cc1
C21H24N2O,0,65758,correct,Alkane; Arene; Ether,Alkane; Arene; Ether,aligned_chunk_82.parquet,1662,734325,C21H24N2O,COc1cc(C)c(-c2ccc3[nH]c(C4CCCCC4)cc3c2)cn1
C21H24N2O,0,70558,false positive,Alkane; Alkene; Amide; Amine; Arene,Alkane; Alkene; Amide; Amine; Arene; Ether,aligned_chunk_91.parquet,631,765773,C21H24N2O,CC(NC(=O)C=Cc1ccccc1)c1ccc2c(c1)CCCN2C
C21H24N2O,0,73530,false negative,Alkane; Amine; Arene; Ether,Amine; Arene,aligned_chunk_26.parquet,335,532341,C21H24N2O,c1ccc(C2Nc3cccc4c3C2CCC4N2CCOCC2)cc1
C24H32N8O,1,8355,false positive,Alkane; Amine; Arene,Aldehyde; Alkane; Alkene; Amine; Arene; Ether,aligned_chunk_199.parquet,1549,361937,C24H32N8O,CCNC(=O)NCc1ccc(-c2nccnc2N2CCN(Cc3cnn(C)c3C)CC2)cc1
C24H32N8O,0,70203,false negative,Alcohol; Alkane; Amine; Arene,Alcohol; Alkane; Amine,aligned_chunk_191.parquet,3107,337642,C24H32N8O,CC1Cc2ccc(-c3ccn(CCO)n3)cc2CN1c1cc(N2CCN(C)CC2)nc(N)n1
C25H29N3O5,0,6727,mixed error,Alcohol; Alkane; Arene; Carboxylic acid; Ether; Ketone,Alcohol; Alkane; Carboxylic acid; Ether; Haloalkane; Ketone,aligned_chunk_61.parquet,3140,661576,C25H29N3O5,COc1cccc(CC(=O)O)c1OCCCc1cn(-c2ccc(C(C)=O)cn2)nc1C(C)C
C25H29N3O5,1,52629,mixed error,Alkane; Alkene; Arene; Carbamate; Ether; Ketone,Alkane; Amide; Arene,aligned_chunk_243.parquet,3217,525526,C25H29N3O5,CC(=O)C(NC(=O)N(C)C)(C(C)=O)[C@@H](/C=C/c1ccccc1)NC(=O)OCc1ccccc1
C25H29N3O5,0,67663,false negative,Alkane; Arene; Ether; Ketone,Alkane; Arene; Ketone,aligned_chunk_107.parquet,1619,34090,C25H29N3O5,Cc1noc(C)c1-c1cc(C(=O)C2CCCO2)c2nc(C3CC3)n(C(=O)OC(C)(C)C)c2c1
C20H17ClN2O2S2,1,15887,false negative,Alcohol; Alkane; Amine; Arene; Carboxylic acid; Haloalkane; Sulfide; Thioamide,Alcohol; Alkane; Arene; Carboxylic acid; Haloalkane; Sulfide,aligned_chunk_217.parquet,484,428881,C20H17ClN2O2S2,O=C(O)[C@@H]1Cc2c([nH]c3ccccc23)CN1C(=S)SCc1ccc(Cl)cc1
C8H13NO3,0,1632,false positive,Alcohol; Alkane; Carbamate; Ether,Alcohol; Alkane; Carbamate; Ether; Haloalkane,aligned_chunk_44.parquet,1703,598656,C8H13NO3,O=C1OC(CO)CN1C1CCC1
C8H13NO3,0,2516,false negative,Alkane; Amide; Ketone,Alkane; Amide,aligned_chunk_185.parquet,2699,314519,C8H13NO3,CON(C)C(=O)C1CCC(=O)C1
C8H13NO3,0,3417,false negative,Alkane; Alkene; Amide; Ester; Ether,Alkane; Amide; Ester; Ether,aligned_chunk_7.parquet,2150,689595,C8H13NO3,C/C=C(\C)C(=O)NCC(=O)OC
C8H13NO3,0,4965,false positive,Alkane; Carbamate; Ether,Alkane; Carbamate; Ether; Sulfide,aligned_chunk_24.parquet,125,509476,C8H13NO3,CCOC(=O)N1CCC2OC2C1
C8H13NO3,0,10061,false positive,Alcohol; Alkane; Amide; Carboxylic acid,Alcohol; Alkane; Amide; Carboxylic acid; Sulfide,aligned_chunk_87.parquet,1928,750804,C8H13NO3,O=C(O)CCC(=O)N1CCCC1
C8H13NO3,0,15798,false negative,Alcohol; Alkane; Amine; Carboxylic acid; Ether,Alcohol; Alkane; Amine; Carboxylic acid,aligned_chunk_131.parquet,1035,121199,C8H13NO3,O=C(O)[C@@H]1CCCN1CC1CO1
C8H13NO3,1,18499,mixed error,Alkane; Amide; Ester; Ether,Alkane; Ester; Ether; Ketone,aligned_chunk_102.parquet,219,16402,C8H13NO3,COC(=O)C1CCN(C)C(=O)C1
C8H13NO3,0,18833,false negative,Alkane; Amide; Ether; Ketone,Alkane; Amide; Ketone,aligned_chunk_91.parquet,1759,766901,C8H13NO3,CC(=O)CC(=O)N1CCOCC1
C8H13NO3,0,24791,false negative,Aldehyde; Alkane; Amine; Ether,Aldehyde; Alkane; Amine,aligned_chunk_22.parquet,549,438655,C8H13NO3,O=CCN1C[C@@H]2OCCO[C@@H]2C1
C8H13NO3,0,30575,correct,Alkane; Ester; Ether,Alkane; Ester; Ether,aligned_chunk_187.parquet,1418,319765,C8H13NO3,CCOC(=O)C1N=COC1CC
C8H13NO3,0,33731,mixed error,Alkane; Amide; Ester; Ether,Alkane; Amide; Carbamate; Ether,aligned_chunk_175.parquet,1320,277543,C8H13NO3,CCOC(=O)C(=O)NCC1CC1
C8H13NO3,0,37888,false positive,Alcohol; Alkane; Alkene; Amide; Carboxylic acid,Alcohol; Alkane; Alkene; Amide; Amine; Carboxylic acid,aligned_chunk_116.parquet,3149,68111,C8H13NO3,CCC(C)NC(=O)C=CC(=O)O
C8H13NO3,0,46995,correct,Alcohol; Alkane; Amide; Carboxylic acid,Alcohol; Alkane; Amide; Carboxylic acid,aligned_chunk_201.parquet,2613,375909,C8H13NO3,CCC(=O)N1CCC[C@H]1C(=O)O
C8H13NO3,0,49500,false positive,Alkane; Carbamate; Ether; Ketone,Alkane; Carbamate; Ester; Ether; Ketone; Sulfide,aligned_chunk_136.parquet,1156,137474,C8H13NO3,CCOC(=O)N1CCCC(=O)C1
C8H13NO3,0,58000,correct,Alkane; Amide; Ester; Ether,Alkane; Amide; Ester; Ether,aligned_chunk_75.parquet,1751,708546,C8H13NO3,CCOC(=O)[C@@H]1CCC(=O)N1C
C8H13NO3,0,58925,false negative,Alkane; Alkene; Amide; Ether,Alkane; Alkene; Amide,aligned_chunk_50.parquet,2489,622134,C8H13NO3,C=CC(=O)NOC1CCCCO1
C13H11BrO,1,43252,mixed error,Alkane; Arene; Ether; Haloalkane,Arene; Ether; Phosphine,aligned_chunk_191.parquet,1482,336017,C13H11BrO,Brc1ccccc1COc1ccccc1
C13H11BrO,0,60700,false positive,Alkane; Alkene; Arene; Ether; Haloalkane,Alkane; Alkene; Amine; Arene; Ether; Haloalkane,aligned_chunk_121.parquet,2138,86523,C13H11BrO,C=CCOc1ccc2ccc(Br)cc2c1
C13H11BrO,0,67993,correct,Alkane; Arene; Ether; Haloalkane,Alkane; Arene; Ether; Haloalkane,aligned_chunk_72.parquet,2198,699339,C13H11BrO,BrCc1ccccc1Oc1ccccc1
C13H11BrO,0,71096,false negative,Alcohol; Arene; Haloalkane,Alcohol; Arene,aligned_chunk_83.parquet,2490,738324,C13H11BrO,OC(c1ccccc1)c1ccccc1Br
C8H8F3NO,0,21185,correct,Alkane; Haloalkane,Alkane; Haloalkane,aligned_chunk_214.parquet,939,419582,C8H8F3NO,Cc1cc(C(F)(F)F)cc(=O)n1C
C8H8F3NO,0,54680,false negative,Alkane; Ether; Haloalkane,Alkane; Haloalkane,aligned_chunk_14.parquet,2754,151998,C8H8F3NO,CCOc1ncccc1C(F)(F)F
C8H8F3NO,1,70630,mixed error,Alcohol; Amine; Arene; Haloalkane,Alcohol; Alkane; Amine; Arene,aligned_chunk_52.parquet,1836,627928,C8H8F3NO,Nc1cccc(C(O)C(F)(F)F)c1
C4H9NO3,1,49281,mixed error,Alcohol; Alkane; Carbamate; Ether,Alkane; Amine; Carbamate; Ether,aligned_chunk_81.parquet,1988,731384,C4H9NO3,CC(O)COC(N)=O
C4H9NO3,0,54955,correct,Alcohol; Alkane; Carbamate; Ether,Alcohol; Alkane; Carbamate; Ether,aligned_chunk_6.parquet,3144,655140,C4H9NO3,CCOC(=O)NCO
C4H9NO3,0,56551,correct,Alcohol; Alkane; Amine; Carboxylic acid,Alcohol; Alkane; Amine; Carboxylic acid,aligned_chunk_157.parquet,1969,212764,C4H9NO3,NOCCCC(=O)O
C4H9NO3,0,69692,false negative,Alcohol; Alkane; Amine; Carboxylic acid,Alcohol; Amine; Carboxylic acid,aligned_chunk_130.parquet,1332,118258,C4H9NO3,O=C(O)CNCCO
C8H6BrClO,0,7631,false negative,Alkane; Arene; Haloalkane; Ketone,Alkane; Arene; Ketone,aligned_chunk_84.parquet,2351,741512,C8H6BrClO,CC(=O)c1cccc(Br)c1Cl
C8H6BrClO,1,49332,mixed error,Acyl halide; Alkane; Arene; Haloalkane,Arene; Haloalkane; Sulfide,aligned_chunk_161.parquet,1807,229002,C8H6BrClO,O=C(Cl)Cc1ccc(Br)cc1
C8H6BrClO,0,62967,false negative,Acyl halide; Alkane; Arene; Haloalkane,Acyl halide; Arene; Haloalkane,aligned_chunk_188.parquet,418,322048,C8H6BrClO,O=C(Cl)c1ccc(CBr)cc1
C21H18N2O3,1,4513,false positive,Alcohol; Alkane; Amide; Arene; Carboxylic acid,Alcohol; Alkane; Amide; Arene; Carboxylic acid; Ether,aligned_chunk_139.parquet,1488,147476,C21H18N2O3,Cc1ccc(C(=O)O)cc1-c1ccc2cc(NC(=O)C3CC3)ncc2c1
C21H18N2O3,0,8337,false positive,Alcohol; Alkane; Amide; Arene; Carboxylic acid,Alcohol; Alkane; Amide; Amine; Arene; Carboxylic acid,aligned_chunk_90.parquet,206,762058,C21H18N2O3,Cn1cc(NC(=O)CC2c3ccccc3-c3ccccc32)cc1C(=O)O
C21H18N2O3,0,33890,correct,Alcohol; Alkane; Alkyne; Arene; Ether,Alcohol; Alkane; Alkyne; Arene; Ether,aligned_chunk_21.parquet,240,402604,C21H18N2O3,OCCOc1ccc(C#Cc2ccc(OCc3ccccc3)nn2)cc1
C21H18N2O3,0,65408,false negative,Alkane; Amide; Arene; Ether,Alkane; Arene; Ether,aligned_chunk_160.parquet,690,224614,C21H18N2O3,COc1ccc2c(c1)C(Oc1ccccc1)(c1ccccn1)C(=O)N2C
C21H18N2O3,0,78490,correct,Alkane; Arene; Ester; Ether; Nitrile,Alkane; Arene; Ester; Ether; Nitrile,aligned_chunk_75.parquet,2561,709356,C21H18N2O3,COC(=O)C(C#N)C(c1ccccc1OC)c1ccnc2ccccc12
C5H11NO,1,10587,false positive,Alkane; Amide,Alkane; Amide; Haloalkane,aligned_chunk_194.parquet,1884,346151,C5H11NO,CCNC(=O)CC
C5H11NO,0,22152,false positive,Alkane; Amide,Alkane; Amide; Haloalkane,aligned_chunk_206.parquet,2708,392183,C5H11NO,CCC(=O)N(C)C
C5H11NO,0,33497,correct,Alcohol; Alkane; Amine,Alcohol; Alkane; Amine,aligned_chunk_71.parquet,806,694701,C5H11NO,NC1CCCC1O
C5H11NO,0,67780,correct,Alcohol; Alkane; Amine,Alcohol; Alkane; Amine,aligned_chunk_132.parquet,2873,126216,C5H11NO,OCC1CCNC1
C5H11NO,0,75129,correct,Alcohol; Alkane; Amine,Alcohol; Alkane; Amine,aligned_chunk_102.parquet,64,16247,C5H11NO,CN1CCC(O)C1
C20H28O2,0,7888,correct,Alcohol; Alkane; Arene; Ether; Phenol,Alcohol; Alkane; Arene; Ether; Phenol,aligned_chunk_107.parquet,2099,34570,C20H28O2,CCCCCCCCCCOc1cccc2c(O)cccc12
C20H28O2,0,13725,correct,Alcohol; Alkane; Alkene; Ketone,Alcohol; Alkane; Alkene; Ketone,aligned_chunk_97.parquet,2952,787589,C20H28O2,CC[C@]12CC[C@H]3[C@@H](CCC4=CC(=O)CC[C@@H]43)[C@@H]1[C@H]1C[C@H]1[C@@H]2O
C20H28O2,0,33802,correct,Aldehyde; Alkane; Alkene; Ketone,Aldehyde; Alkane; Alkene; Ketone,aligned_chunk_38.parquet,3179,577553,C20H28O2,C[C@H]1CCC=C2CC[C@@H]3[C@H](CC[C@]4(C)C(=O)CC[C@@H]34)[C@]21C=O
C20H28O2,0,40460,correct,Alcohol; Alkane; Alkene; Ketone,Alcohol; Alkane; Alkene; Ketone,aligned_chunk_18.parquet,1774,294114,C20H28O2,C=C1C[C@]2(C)[C@@H](O)CC[C@H]2[C@H]2[C@H]1[C@H]1CCC(=O)C=C1C[C@H]2C
C20H28O2,0,50930,correct,Alkane; Alkene; Ketone,Alkane; Alkene; Ketone,aligned_chunk_160.parquet,1960,225884,C20H28O2,C=C1C[C@H]2[C@@H](CC[C@@]3(C)C(=O)CC[C@H]23)[C@]2(C)CCC(=O)C[C@@H]12
C20H28O2,0,68644,correct,Alcohol; Alkane; Arene; Ketone; Phenol,Alcohol; Alkane; Arene; Ketone; Phenol,aligned_chunk_242.parquet,3208,522255,C20H28O2,CC(C)CC[C@H]1CC(=O)C[C@@H]2c3ccc(O)cc3CC[C@@]12C
C20H28O2,1,69090,false negative,Alcohol; Alkane; Alkene; Carboxylic acid,Alcohol; Alkene; Carboxylic acid,aligned_chunk_91.parquet,1101,766243,C20H28O2,CC1=C(/C=C/C(C)=C\C=C\C(C)=C\C(=O)O)C(C)(C)CCC1
C20H28O2,0,72224,correct,Alkane; Alkene; Arene; Ester; Ether,Alkane; Alkene; Arene; Ester; Ether,aligned_chunk_226.parquet,1280,462091,C20H28O2,CC(C)=CCc1ccc(C(C)C(=O)OC2CCCCC2)cc1
C23H23NO6S,1,69650,false negative,Alkane; Alkene; Arene; Ester; Ether; Ketone; Sulfide,Alkane; Arene; Ester; Ether; Ketone,aligned_chunk_113.parquet,2923,58125,C23H23NO6S,COC(=O)CS/C(=C\c1c[nH]c2ccccc12)C(=O)c1cc(OC)c(OC)c(OC)c1
C17H15N5O,0,15766,correct,Alkane; Amide; Amine; Arene,Alkane; Amide; Amine; Arene,aligned_chunk_33.parquet,1673,559797,C17H15N5O,Cc1cc(NC(=O)c2nccnc2Nc2ccccc2)ccn1
C17H15N5O,1,38014,false positive,Alkane; Amine; Arene; Nitrile,Alkane; Alkene; Amine; Arene; Nitrile,aligned_chunk_210.parquet,2376,407981,C17H15N5O,Cc1ccc(-c2nc(N)nc(NCc3ccccc3)c2C#N)o1
C24H26FN3O2,1,56217,false negative,Alkane; Amine; Arene; Ether; Haloalkane,Alkane; Arene; Ether; Haloalkane,aligned_chunk_29.parquet,1460,543281,C24H26FN3O2,Cn1c(-c2ccc(OC3CCN(C4CCC4)CC3)cc2)nc2c(F)cccc2c1=O
C19H21N3O2,0,43458,mixed error,Alkane; Amine; Arene; Ether,Alkane; Amine; Arene; Haloalkane,aligned_chunk_106.parquet,659,29872,C19H21N3O2,CCCCn1c(=O)c(N)c(-c2cccc(OC)c2)c2cccnc21
C19H21N3O2,0,45350,false positive,Alcohol; Alkane; Arene; Carboxylic acid,Alcohol; Alkane; Arene; Carboxylic acid; Haloalkane,aligned_chunk_160.parquet,2112,226036,C19H21N3O2,Cc1cnn(Cc2ccc(Cn3c(C)cc(C(=O)O)c3C)cc2)c1
C19H21N3O2,1,47274,mixed error,Alkane; Amine; Arene; Ether,Alkane; Amide; Amine; Arene; Haloalkane; Imide,aligned_chunk_228.parquet,2427,469711,C19H21N3O2,COc1ccc(N(C)c2nc(C)nc3oc4c(c23)CCCC4)cc1
C19H21N3O2,0,49759,false positive,Alkane; Arene; Ether,Alkane; Amide; Arene; Ether,aligned_chunk_69.parquet,938,685165,C19H21N3O2,CCOCCCC1(CN=[N+]=[N-])c2ccccc2Oc2ccccc21
C19H21N3O2,0,58456,mixed error,Alkane; Ester; Ether,Aldehyde; Alkane; Ether,aligned_chunk_42.parquet,2530,593163,C19H21N3O2,CCOC(=O)c1c(C)nn2c(CC)ccc2c1-c1cncc(C)c1
C19H21N3O2,0,74343,mixed error,Alkane; Alkene; Amide; Arene; Ether,Alkane; Alkene; Amide; Arene; Haloalkane,aligned_chunk_116.parquet,378,65340,C19H21N3O2,C=CCc1cccc2c1OCc1c(C(=O)NC3CCCC3)ncn1-2
C19H21N3O2,0,76198,mixed error,Alkane; Amide; Amine; Arene; Ether; Nitrile,Alkane; Amine; Arene; Ether; Ketone; Nitrile,aligned_chunk_136.parquet,2252,138570,C19H21N3O2,COc1ccc(C[C@@](C)(C#N)N[C@@H](C(N)=O)c2ccccc2)cc1
C10H12N6O,1,33360,false positive,Alkane; Amide,Alkane; Amide; Haloalkane,aligned_chunk_197.parquet,949,354886,C10H12N6O,CC(C)c1ccnc(C(=O)Nc2nnn[nH]2)c1
C10H12N6O,0,62675,correct,Alkane; Amine,Alkane; Amine,aligned_chunk_202.parquet,3042,379546,C10H12N6O,CCn1c2nn(C)c(N)c2c(=O)n2nccc12
C16H21N3O2S,1,28611,mixed error,Alcohol; Alkane; Ketone; Phenol; Sulfide,Alcohol; Arene; Haloalkane; Ketone; Phenol,aligned_chunk_193.parquet,2350,343375,C16H21N3O2S,CC(C)(C)c1nc(C(=O)c2nccs2)nc(C(C)(C)C)c1O
C16H21N3O2S,0,50724,false negative,Alkane; Amine; Arene,Amine; Arene,aligned_chunk_48.parquet,797,610695,C16H21N3O2S,CN(C)S(=O)(=O)N[C@@H](c1ccccc1)[C@@H](N)c1ccccc1
C14H19NO3,0,2705,false negative,Alcohol; Alkane; Arene; Carbamate; Ether,Alcohol; Alkane; Arene; Ether,aligned_chunk_187.parquet,284,318631,C14H19NO3,CC(C)(C)OC(=O)N1CCc2c(CO)cccc21
C14H19NO3,0,6548,false positive,Aldehyde; Alkane; Arene; Carbamate; Ether,Aldehyde; Alkane; Amide; Arene; Carbamate; Ether,aligned_chunk_20.parquet,49,366856,C14H19NO3,CC(C)(C)OC(=O)N[C@@H](C=O)Cc1ccccc1
C14H19NO3,0,9483,correct,Alcohol; Alkane; Amide; Arene; Ether,Alcohol; Alkane; Amide; Arene; Ether,aligned_chunk_147.parquet,3084,178336,C14H19NO3,CC(CO)CCOc1ccc2c(c1)NC(=O)CC2
C14H19NO3,0,9564,false positive,Alkane; Arene; Carbamate; Ether,Alkane; Amine; Arene; Carbamate; Ether,aligned_chunk_91.parquet,1345,766487,C14H19NO3,COc1cccc2c1CN(C(=O)OC(C)(C)C)C2
C14H19NO3,0,17778,correct,Alkane; Amine; Arene; Ester; Ether,Alkane; Amine; Arene; Ester; Ether,aligned_chunk_148.parquet,1663,180196,C14H19NO3,COC(=O)c1cccc(OCC2CCNCC2)c1
C14H19NO3,0,26410,correct,Alkane; Arene; Ether,Alkane; Arene; Ether,aligned_chunk_238.parquet,2223,505108,C14H19NO3,COc1ccc(C(C)=NO)cc1OC1CCCC1
C14H19NO3,0,27620,correct,Alcohol; Alkane; Amide; Arene; Carboxylic acid,Alcohol; Alkane; Amide; Arene; Carboxylic acid,aligned_chunk_30.parquet,1300,549637,C14H19NO3,CC(C)(CCC(=O)NCc1ccccc1)C(=O)O
C14H19NO3,1,29789,mixed error,Alcohol; Alkane; Amine; Arene; Ester; Ether; Phenol,Alcohol; Alkane; Arene; Ether; Phenol; Sulfide,aligned_chunk_137.parquet,3069,142592,C14H19NO3,CCC(=O)OCCN1CCCc2ccc(O)cc21
C14H19NO3,0,30925,false positive,Alkane; Arene; Carbamate; Ether,Alkane; Arene; Carbamate; Ether; Haloalkane,aligned_chunk_234.parquet,327,490303,C14H19NO3,COc1ccc2c(c1)CCN2C(=O)OC(C)(C)C
C14H19NO3,0,33620,false positive,Alkane; Ester; Ether,Alkane; Ester; Ether; Haloalkane,aligned_chunk_16.parquet,511,221159,C14H19NO3,COC(=O)[C@@H]1CC[C@@H](Oc2cccc(C)n2)CC1
C14H19NO3,0,34385,false negative,Alkane; Amine; Arene; Ester; Ether,Alkane; Amine; Arene; Ether,aligned_chunk_97.parquet,1782,786419,C14H19NO3,COC(=O)CCN1COC(c2ccccc2)C1C
C14H19NO3,0,34504,correct,Alkane; Ester; Ether,Alkane; Ester; Ether,aligned_chunk_174.parquet,1329,274287,C14H19NO3,CCOC(=O)[C@@H]1CC[C@H](Oc2ccncc2)CC1
C14H19NO3,0,36399,false negative,Alkane; Amine; Arene; Ester; Ether; Ketone,Alkane; Arene; Ester; Ether; Ketone,aligned_chunk_131.parquet,1804,121968,C14H19NO3,CC(=O)CC(=O)OCCN(C)Cc1ccccc1
C14H19NO3,0,40724,false negative,Alcohol; Alkane; Amide; Arene; Carboxylic acid,Alcohol; Alkane; Amide; Carboxylic acid,aligned_chunk_112.parquet,1885,53834,C14H19NO3,Cc1cc(C)c(CC(=O)N(C)CC(=O)O)c(C)c1
C14H19NO3,0,41507,correct,Alcohol; Alkane; Arene; Carbamate; Ether,Alcohol; Alkane; Arene; Carbamate; Ether,aligned_chunk_4.parquet,1406,582232,C14H19NO3,CC1(O)CCCN(C(=O)OCc2ccccc2)C1
C14H19NO3,0,41523,mixed error,Aldehyde; Alkane; Arene; Carbamate; Ether,Alkane; Arene; Carbamate; Ether; Sulfide,aligned_chunk_204.parquet,798,383776,C14H19NO3,CC(C)(C)OC(=O)N[C@H](CC=O)c1ccccc1
C14H19NO3,0,47561,false positive,Alkane; Ester; Ether,Alkane; Arene; Ester; Ether; Haloalkane,aligned_chunk_88.parquet,2050,754185,C14H19NO3,CCOC(=O)c1cc2c([n+]([O-])c1C)CCCCC2
C14H19NO3,0,50605,correct,Alkane; Amine; Arene; Ester; Ether,Alkane; Amine; Arene; Ester; Ether,aligned_chunk_135.parquet,1482,134542,C14H19NO3,CCOC(=O)[C@H]1CN(Cc2ccccc2)CCO1
C14H19NO3,0,51135,false positive,Alcohol; Alkane; Arene; Carbamate; Ether,Alcohol; Alkane; Arene; Carbamate; Ether; Ketone,aligned_chunk_203.parquet,3035,382782,C14H19NO3,CC1(O)CCN(C(=O)OCc2ccccc2)CC1
C14H19NO3,0,52290,correct,Alkane; Amine; Arene; Ester; Ether; Ketone,Alkane; Amine; Arene; Ester; Ether; Ketone,aligned_chunk_1.parquet,2670,5905,C14H19NO3,COC(=O)C(NCC(=O)c1ccccc1)C(C)C
C14H19NO3,0,58655,false negative,Alkane; Amide; Arene; Ester; Ether,Alkane; Amide; Arene,aligned_chunk_97.parquet,868,785505,C14H19NO3,COC(=O)CCc1ccc(CCNC(C)=O)cc1
C14H19NO3,0,62743,false positive,Alcohol; Alkane; Arene; Carbamate; Ether,Alcohol; Alkane; Arene; Carbamate; Ester; Ether,aligned_chunk_4.parquet,808,581634,C14H19NO3,CC(O)C1CCN(C(=O)OCc2ccccc2)C1
C14H19NO3,0,62760,false positive,Alcohol; Alkane; Ester; Ether,Alcohol; Alkane; Ester; Ether; Haloalkane,aligned_chunk_85.parquet,1435,743782,C14H19NO3,CCOC(=O)c1cc2c(nc1C)CCCCC2O
C14H19NO3,0,64195,correct,Alkane; Arene; Carbamate; Ether; Ketone,Alkane; Arene; Carbamate; Ether; Ketone,aligned_chunk_203.parquet,3080,382827,C14H19NO3,CC(NC(=O)OC(C)(C)C)C(=O)c1ccccc1
C14H19NO3,0,64216,false positive,Alcohol; Alkane; Arene; Carbamate; Ether,Alcohol; Alkane; Arene; Carbamate; Ester; Ether,aligned_chunk_77.parquet,3249,716454,C14H19NO3,O=C(N[C@H](CO)CC1CC1)OCc1ccccc1
C14H19NO3,0,66665,false positive,Alkane; Arene; Carbamate; Ether; Ketone,Alkane; Arene; Carbamate; Ester; Ether; Ketone,aligned_chunk_27.parquet,1478,536729,C14H19NO3,CC(=O)[C@@H](NC(=O)OC(C)(C)C)c1ccccc1
C14H19NO3,0,67671,correct,Alkane; Alkene; Amine; Arene; Enamine; Ester; Ether,Alkane; Alkene; Amine; Arene; Enamine; Ester; Ether,aligned_chunk_148.parquet,587,179120,C14H19NO3,CCOC(=O)C(=CN(C)C)c1ccc(OC)cc1
C14H19NO3,0,68230,false negative,Alcohol; Alkane; Amide; Arene; Ether,Alcohol; Alkane; Amide; Arene,aligned_chunk_184.parquet,1576,310128,C14H19NO3,CC1(CCO)OCCN(Cc2ccccc2)C1=O
C14H19NO3,0,68378,false positive,Alkane; Amine; Arene; Ester; Ether,Alkane; Amine; Arene; Ester; Ether; Sulfoxide,aligned_chunk_207.parquet,2681,395392,C14H19NO3,COC(=O)c1ccc2c(c1)OCCN[C@@H]2C(C)C
C14H19NO3,0,69581,mixed error,Alkane; Amide; Arene; Ether; Ketone,Alkane; Arene; Haloalkane; Ketone,aligned_chunk_8.parquet,2105,725040,C14H19NO3,CCN(CC)C(=O)COc1ccc(C(C)=O)cc1
C14H19NO3,0,70758,mixed error,Alcohol; Alkane; Amide; Arene; Ether,Alcohol; Alkane; Amide; Arene; Phenol,aligned_chunk_50.parquet,1291,620936,C14H19NO3,O=C(CCOc1ccccc1)N1CCC[C@H]1CO
C14H19NO3,0,72328,correct,Alcohol; Alkane; Amide; Arene; Carboxylic acid,Alcohol; Alkane; Amide; Arene; Carboxylic acid,aligned_chunk_105.parquet,2632,28587,C14H19NO3,CC(NC(=O)c1ccc(C(C)(C)C)cc1)C(=O)O
C14H19NO3,0,77594,mixed error,Alcohol; Alkane; Amine; Arene; Ester; Ether; Phenol,Alcohol; Alkane; Alkene; Amine; Arene; Ether; Ketone; Phenol,aligned_chunk_200.parquet,2242,372303,C14H19NO3,CCOC(=O)C[C@@H]1CCCN1c1ccc(O)cc1
C14H19NO3,0,79386,false positive,Aldehyde; Alkane; Arene; Carbamate; Ether,Aldehyde; Alkane; Arene; Carbamate; Ether; Haloalkane,aligned_chunk_228.parquet,585,467869,C14H19NO3,CC(C)(C)OC(=O)NCCc1ccc(C=O)cc1
C18H16ClN5O2,1,49331,false negative,Alkane; Arene; Haloalkane,Alkane,aligned_chunk_135.parquet,1725,134785,C18H16ClN5O2,Cc1cc2nc3c(=O)[nH]c(=O)nc-3n(CCCn3cccc3)c2cc1Cl
C21H24ClNOS,1,53135,mixed error,Alcohol; Alkane; Arene; Haloalkane; Sulfide,Alcohol; Alkane; Arene; Ether; Haloalkane,aligned_chunk_54.parquet,1237,633827,C21H24ClNOS,CCSCc1cccc2c(C(CCO)c3ccc(Cl)cc3C)c[nH]c12
C22H29N5O6,1,54577,mixed error,Alcohol; Alkane; Amine; Carbamate; Carboxylic acid; Ether,Alcohol; Alkane; Amine; Arene; Carboxylic acid; Sulfide,aligned_chunk_135.parquet,3209,136269,C22H29N5O6,COc1c(Nc2ccc(CC(=O)O)nc2C)ncnc1OC1CCN(C(=O)OC(C)C)CC1
C11H10BrNO4,1,65811,false negative,Alkane; Amide; Arene; Ester; Ether; Haloalkane,Alkane; Amide; Arene; Haloalkane,aligned_chunk_192.parquet,1023,338830,C11H10BrNO4,CCOC(=O)c1cc(Br)c2c(c1)NC(=O)CO2
C11H10BrNO4,0,75435,false negative,Alcohol; Alkane; Arene; Carboxylic acid; Ether; Haloalkane,Alcohol; Alkane; Arene; Carboxylic acid,aligned_chunk_3.parquet,1141,546252,C11H10BrNO4,O=C(O)c1[nH]c2cc(OCCO)ccc2c1Br
C20H18F3NO,1,10082,mixed error,Alkane; Amide; Arene; Haloalkane,Alkane; Alkene; Arene; Haloalkane,aligned_chunk_113.parquet,2648,57850,C20H18F3NO,O=C(N1CCC[C@@H]2c3cc(-c4ccccc4)ccc3C[C@@H]21)C(F)(F)F
C13H12O3,0,192,false negative,Alcohol; Alkane; Arene; Carboxylic acid,Alcohol; Carboxylic acid,aligned_chunk_210.parquet,1256,406861,C13H12O3,Cc1ccccc1Cc1ccc(C(=O)O)o1
C13H12O3,0,5848,correct,Alkane; Arene; Ester; Ether,Alkane; Arene; Ester; Ether,aligned_chunk_164.parquet,1107,238093,C13H12O3,COC(=O)Cc1cccc(-c2ccco2)c1
C13H12O3,1,16333,mixed error,Alcohol; Alkane; Alkene; Arene; Ketone; Phenol,Alcohol; Alkane; Arene; Ester; Ether; Phenol,aligned_chunk_140.parquet,2147,154630,C13H12O3,CC1=C(C)C(=O)c2c(C)cc(O)cc2C1=O
C13H12O3,0,34238,false positive,Alcohol; Alkane; Alkyne; Arene; Ether,Alcohol; Alkane; Alkyne; Arene; Ether; Haloalkane,aligned_chunk_191.parquet,840,335375,C13H12O3,C#CCOc1cc(CO)cc(OCC#C)c1
C13H12O3,0,55985,false negative,Aldehyde; Alkane; Arene; Ether,Aldehyde; Alkane; Arene,aligned_chunk_87.parquet,1896,750772,C13H12O3,COc1cc(C=O)c2ccccc2c1OC
C13H12O3,0,70863,false negative,Alkane; Arene; Ester; Ether,Alkane; Ester; Ether,aligned_chunk_119.parquet,3163,77787,C13H12O3,CCOC(=O)c1cccc(-c2ccco2)c1
C12H11ClF3N5O,1,20811,mixed error,Alkane; Amine; Ether; Haloalkane,Alkane; Amide; Amine; Haloalkane,aligned_chunk_34.parquet,367,561787,C12H11ClF3N5O,CNc1nc(Nc2cnc(Cl)cc2OC)ncc1C(F)(F)F
C10H11FO,1,15057,false negative,Alkane; Alkene; Arene; Ether; Haloalkane,Alkane; Alkene; Ether,aligned_chunk_180.parquet,1237,296858,C10H11FO,C=CCc1ccc(OC)c(F)c1
C10H11FO,0,28008,correct,Alcohol; Alkane; Arene; Haloalkane,Alcohol; Alkane; Arene; Haloalkane,aligned_chunk_61.parquet,1303,659739,C10H11FO,OC1CCCc2cc(F)ccc21
C10H11FO,0,62390,false negative,Alcohol; Alkane; Arene; Haloalkane,Alcohol; Arene; Haloalkane,aligned_chunk_76.parquet,823,710840,C10H11FO,OCC1(c2ccc(F)cc2)CC1
C10H11FO,0,76559,false positive,Alkane; Arene; Haloalkane; Ketone,Alkane; Arene; Ether; Haloalkane; Ketone,aligned_chunk_110.parquet,2626,48107,C10H11FO,CC(C)C(=O)c1ccc(F)cc1
C10H11FO,0,79191,false negative,Alcohol; Alkane; Arene; Haloalkane,Alcohol; Arene; Haloalkane,aligned_chunk_55.parquet,610,636437,C10H11FO,OC[C@@H]1C[C@H]1c1ccc(F)cc1
C10H10O,0,13924,correct,Alkane; Alkyne; Arene; Ether,Alkane; Alkyne; Arene; Ether,aligned_chunk_103.parquet,1789,21225,C10H10O,C#Cc1ccc(OC)cc1C
C10H10O,0,36120,correct,Alkane; Alkene; Arene; Ketone,Alkane; Alkene; Arene; Ketone,aligned_chunk_210.parquet,103,405708,C10H10O,CC(=O)C=Cc1ccccc1
C10H10O,1,46404,mixed error,Alcohol; Alkane; Alkyne; Arene,Alcohol; Alkyne; Arene; Haloalkane,aligned_chunk_143.parquet,3160,165293,C10H10O,C#CC(CO)c1ccccc1
C10H10O,0,62597,false positive,Alkane; Alkene; Arene; Ether,Alkane; Alkene; Amide; Arene; Ether,aligned_chunk_141.parquet,1782,157433,C10H10O,COc1ccc2c(c1)C=CC2
C10H10O,0,63340,correct,Aldehyde; Alkane; Arene,Aldehyde; Alkane; Arene,aligned_chunk_33.parquet,432,558556,C10H10O,O=Cc1ccc(C2CC2)cc1
C10H10O,0,73702,false positive,Aldehyde; Alkane; Alkene; Arene,Aldehyde; Alkane; Alkene; Arene; Ketone,aligned_chunk_143.parquet,57,162190,C10H10O,CC=C(C=O)c1ccccc1
C10H10F3NO2,0,2157,false negative,Alkane; Amine; Arene; Ester; Ether; Haloalkane,Amine; Arene; Haloalkane,aligned_chunk_42.parquet,2510,593143,C10H10F3NO2,COC(=O)C(N)c1ccc(C(F)(F)F)cc1
C10H10F3NO2,1,21461,mixed error,Alkane; Amide; Arene; Haloalkane,Alkane; Amide; Ether; Haloalkane; Nitrile,aligned_chunk_88.parquet,2171,754306,C10H10F3NO2,CON(C)C(=O)Cc1cc(F)cc(F)c1F
C25H22N2O3,0,2689,correct,Alkane; Amine; Arene; Ether,Alkane; Amine; Arene; Ether,aligned_chunk_68.parquet,121,681159,C25H22N2O3,Nc1ccc(-c2cccc3c(=O)cc(N4CCOCC4)oc23)cc1-c1ccccc1
C25H22N2O3,1,43868,mixed error,Alcohol; Alkane; Amide; Arene; Ether; Phenol,Alcohol; Alkane; Amide; Amine; Arene; Phenol,aligned_chunk_58.parquet,2847,648299,C25H22N2O3,O=C(COc1ccccc1)NC(Cc1ccc2cccnc2c1O)c1ccccc1
C12H11N3,0,12563,correct,Alkane; Amine; Arene; Nitrile,Alkane; Amine; Arene; Nitrile,aligned_chunk_191.parquet,1097,335632,C12H11N3,Cc1c(-c2ccccc2)[nH]c(N)c1C#N
C12H11N3,1,25758,mixed error,Alkane; Amine; Arene; Nitrile,Arene; Haloalkane; Sulfide,aligned_chunk_76.parquet,170,710187,C12H11N3,CN(C)c1nc(C#N)cc2ccccc12
C12H11N3,0,35288,mixed error,Alkane; Arene; Nitrile,Alkane; Amine; Arene,aligned_chunk_183.parquet,2757,308089,C12H11N3,N#CCc1nccn1Cc1ccccc1
C12H11N3,0,48356,mixed error,Amine; Arene,Arene; Hydrazone,aligned_chunk_115.parquet,1012,62734,C12H11N3,c1ccc(N=NNc2ccccc2)cc1
C12H11N3,0,76543,false positive,Alkane; Arene; Nitrile,Alkane; Arene; Ether; Nitrile,aligned_chunk_189.parquet,1708,326507,C12H11N3,Cc1cnc(Cc2ccc(C#N)cc2)[nH]1
C12H11N3,0,79236,correct,Alkane; Arene,Alkane; Arene,aligned_chunk_23.parquet,983,474702,C12H11N3,[N-]=[N+]=NCCc1cccc2ccccc12
C17H20BrN5O3,1,57724,mixed error,Alkane; Amide; Amine; Arene; Ether; Haloalkane,Alkane; Amide; Amine; Arene; Sulfide,aligned_chunk_32.parquet,2731,557571,C17H20BrN5O3,CNc1nc(Nc2ccc(C(=O)N3CCOCC3)cc2OC)ncc1Br
C17H21ClN2O,0,1198,correct,Alkane; Amine; Arene; Ether; Haloalkane,Alkane; Amine; Arene; Ether; Haloalkane,aligned_chunk_190.parquet,735,332024,C17H21ClN2O,CC(C)(C)CNc1cccc(Oc2ccc(N)cc2Cl)c1
C17H21ClN2O,1,57218,false positive,Alcohol; Alkane; Amine; Arene; Haloalkane; Nitrile,Alcohol; Alkane; Amine; Arene; Ether; Haloalkane; Nitrile,aligned_chunk_17.parquet,1202,257698,C17H21ClN2O,CC(C)[C@@H]1N(c2ccc(C#N)c(Cl)c2)CC[C@@]1(O)C1CC1
C17H21ClN2O,0,75372,false positive,Alcohol; Alkane; Arene; Haloalkane,Alcohol; Alkane; Alkene; Arene; Haloalkane,aligned_chunk_152.parquet,2099,196786,C17H21ClN2O,Cc1nn(-c2ccccc2Cl)cc1C(O)C1CCCCC1
C16H14N2O3S,1,26438,mixed error,Aldehyde; Alkane; Arene; Nitrile; Sulfone,Aldehyde; Alkane; Arene; Haloalkane; Sulfone,aligned_chunk_117.parquet,2550,70714,C16H14N2O3S,Cc1ccc(S(=O)(=O)C(NC=O)c2ccc(C#N)cc2)cc1
C16H14N2O3S,0,44219,mixed error,Alcohol; Alkane; Arene; Carboxylic acid; Sulfide,Alcohol; Alkane; Arene; Carboxylic acid; Ether,aligned_chunk_115.parquet,43,61765,C16H14N2O3S,Cc1onc(-c2ccccc2)c1CCc1ncc(C(=O)O)s1
C16H14N2O3S,0,54324,mixed error,Alkane; Alkene; Arene; Nitrile; Sulfonate,Alkane; Arene; Haloalkane; Nitrile; Sulfonate,aligned_chunk_56.parquet,2899,641943,C16H14N2O3S,Cc1ccc(C(C#N)=C2C=CC(=NOS(C)(=O)=O)C=C2)cc1
C17H25N3O,1,34776,false negative,Alkane; Amine; Arene; Ether; Nitrile,Alkane; Amine; Arene; Nitrile,aligned_chunk_4.parquet,739,581565,C17H25N3O,CNC1(C#N)CCC(c2ccc(OC)cc2)(N(C)C)CC1
C17H25N3O,0,50077,false positive,Alkane; Amide; Amine; Arene,Alkane; Amide; Amine; Arene; Haloalkane,aligned_chunk_60.parquet,1667,656896,C17H25N3O,CNC(=O)CC1(NC)CCN2CCc3ccccc3C2C1
C17H21N5O4S,1,69066,mixed error,Alkane; Amine; Ether; Ketone; Sulfone,Alkane; Amine; Arene; Sulfone,aligned_chunk_108.parquet,1499,37231,C17H21N5O4S,CC(=O)c1c(Nc2ccc(S(C)(=O)=O)nc2)ncnc1OC1CCNCC1
C19H28N2O5,0,1177,mixed error,Alkane; Amide; Arene; Carbamate; Ether,Alkane; Arene; Carbamate; Ester; Ether,aligned_chunk_90.parquet,1901,763753,C19H28N2O5,COC[C@@H]1[C@H](c2ccccc2)[C@]1(NC(=O)OC(C)(C)C)C(=O)N(C)OC
C19H28N2O5,0,20607,correct,Alcohol; Alkane; Amide; Arene; Carbamate; Ether,Alcohol; Alkane; Amide; Arene; Carbamate; Ether,aligned_chunk_188.parquet,2439,324069,C19H28N2O5,O=C(NCCCCCC(=O)N1CC(O)C(CO)C1)OCc1ccccc1
C19H28N2O5,0,23070,correct,Alkane; Amide; Arene; Carbamate; Ether,Alkane; Amide; Arene; Carbamate; Ether,aligned_chunk_219.parquet,1505,436381,C19H28N2O5,CC(C)[C@@H](NC(=O)OC(C)(C)C)C(=O)NCCc1ccc2c(c1)OCO2
C19H28N2O5,0,26392,false positive,Alkane; Carbamate; Ester; Ether,Alkane; Alkene; Carbamate; Ester; Ether,aligned_chunk_227.parquet,1360,465434,C19H28N2O5,COC(=O)c1ccc(OCCC2CCN(C(=O)OC(C)(C)C)CC2)nc1
C19H28N2O5,0,26942,mixed error,Alcohol; Alkane; Amine; Arene; Carbamate; Ester; Ether,Alcohol; Alkane; Amide; Amine; Arene; Carbamate; Ether,aligned_chunk_88.parquet,1224,753359,C19H28N2O5,COC(=O)C1CN(C(=O)OC(C)(C)C)CCC1Nc1ccccc1CO
C19H28N2O5,0,46812,false negative,Alcohol; Alkane; Alkene; Amine; Arene; Carbamate; Enamine; Ether,Alcohol; Alkane; Alkene; Amine; Arene; Ether,aligned_chunk_11.parquet,1038,43249,C19H28N2O5,C=CCOc1cc(C=CNC(=O)OC)ccc1OCC(O)CNC(C)C
C19H28N2O5,0,46972,correct,Alcohol; Alkane; Amide; Arene; Carbamate; Carboxylic acid; Ether,Alcohol; Alkane; Amide; Arene; Carbamate; Carboxylic acid; Ether,aligned_chunk_51.parquet,665,623504,C19H28N2O5,CC(C)C[C@H](NC(=O)OCc1ccccc1)C(=O)N[C@H](C(=O)O)C(C)C
C19H28N2O5,1,51940,mixed error,Alcohol; Alkane; Amine; Arene; Ester; Ether,Alcohol; Alkane; Alkene; Amide; Arene; Ester; Ether,aligned_chunk_144.parquet,761,166168,C19H28N2O5,CCOC(=O)C(C(=O)OCC)(c1ccccc1)N1CCN(CCO)CC1
C19H28N2O5,0,63435,false negative,Alkane; Amine; Arene; Carbamate; Ester; Ether,Alkane; Arene; Carbamate; Ester; Ether,aligned_chunk_23.parquet,2896,476615,C19H28N2O5,COC(=O)COc1ccccc1N1CCCC(NC(=O)OC(C)(C)C)C1
C19H28N2O5,0,70750,false positive,Alkane; Amide; Arene; Carbamate; Ether,Alkane; Amide; Arene; Carbamate; Ester; Ether,aligned_chunk_86.parquet,1032,746672,C19H28N2O5,CC(C)(C)OC(=O)NC(COCc1ccccc1)C(=O)N1CCOCC1
C19H28N2O5,0,74786,correct,Alcohol; Alkane; Arene; Carbamate; Ether,Alcohol; Alkane; Arene; Carbamate; Ether,aligned_chunk_222.parquet,3081,450878,C19H28N2O5,CC1CN(C(=O)OCc2ccccc2)CC(NC(=O)OC(C)(C)C)C1O
C10H21NO3,1,538,correct,Alcohol; Alkane; Carbamate; Ether,Alcohol; Alkane; Carbamate; Ether,aligned_chunk_4.parquet,3015,583841,C10H21NO3,CN(C(=O)OC(C)(C)C)C(C)(C)CO
C8H14O2S,0,2941,false positive,Alkane; Ester; Ether; Thiol,Alkane; Ester; Ether; Ketone; Thiol,aligned_chunk_63.parquet,1345,666251,C8H14O2S,O=C(CCS)OC1CCCC1
C8H14O2S,1,13755,mixed error,Alkane; Ether,Alkane; Sulfide,aligned_chunk_191.parquet,1022,335557,C8H14O2S,CCC1(CC)COC(=S)OC1
C8H14O2S,0,38175,correct,Alkane; Ester; Ether; Thiol,Alkane; Ester; Ether; Thiol,aligned_chunk_240.parquet,3158,515704,C8H14O2S,CC(S)C(=O)OC1CCCC1
C22H25N3O4S,0,26129,false negative,Alkane; Alkene; Amide; Arene; Ether; Sulfide,Alkane; Amide; Arene,aligned_chunk_156.parquet,1928,209490,C22H25N3O4S,COc1ccccc1OC1=CC(=O)N([C@@H](CC2CCCC2)C(=O)Nc2nccs2)C1
C22H25N3O4S,0,26264,correct,Alcohol; Alkane; Amide; Amine; Arene; Sulfonamide,Alcohol; Alkane; Amide; Amine; Arene; Sulfonamide,aligned_chunk_131.parquet,146,120310,C22H25N3O4S,NC(=O)c1cc(-c2ccccc2)cc2c(C3CCN(S(=O)(=O)CCO)CC3)c[nH]c12
C22H25N3O4S,1,69318,mixed error,Alkane; Ester; Ether; Sulfone,Alkane; Arene; Ether; Sulfone,aligned_chunk_25.parquet,908,529654,C22H25N3O4S,COC(=O)c1cnc2[nH]c(C(CC3CCCC3)c3ccc(S(C)(=O)=O)nc3)cc2c1
C22H25N3O4S,0,69837,correct,Alcohol; Alkane; Amine; Arene; Carboxylic acid; Nitrile; Sulfonamide,Alcohol; Alkane; Amine; Arene; Carboxylic acid; Nitrile; Sulfonamide,aligned_chunk_168.parquet,3183,253233,C22H25N3O4S,Cc1c(Cc2ccccc2S(=O)(=O)N2CCCC2)c(C#N)c(C2CC2)n1CC(=O)O
C17H21N3O2S,1,33773,false negative,Alkane; Amine; Arene; Ester; Ether; Sulfide,Alkane; Amine; Arene; Ether,aligned_chunk_0.parquet,780,780,C17H21N3O2S,CCOC(=O)C1CCN(c2nc(-c3cccc(N)c3)cs2)CC1
C18H15FN4O2,1,1748,mixed error,Alcohol; Alkane; Amine; Arene; Carboxylic acid; Haloalkane,Alcohol; Alkane; Amide; Amine; Arene; Carboxylic acid,aligned_chunk_97.parquet,896,785533,C18H15FN4O2,Cc1cc(Nc2ccnc(Nc3ccc(C(=O)O)cc3)n2)ccc1F
C18H15FN4O2,0,75078,false negative,Alkane; Amide; Arene; Haloalkane,Amide; Arene; Haloalkane,aligned_chunk_92.parquet,1842,770247,C18H15FN4O2,NC(=O)c1c(NC(=O)c2cccc(F)c2)ncn1Cc1ccccc1
C15H30O,0,36258,correct,Aldehyde; Alkane,Aldehyde; Alkane,aligned_chunk_243.parquet,3042,525351,C15H30O,CCCCCCCCCCCCCCC=O
C15H30O,0,46948,correct,Alcohol; Alkane,Alcohol; Alkane,aligned_chunk_107.parquet,2023,34494,C15H30O,CCCCC1(O)C(C)(C)CCCCC1(C)C
C15H30O,0,52287,false positive,Alkane; Alkene; Ether,Alkane; Alkene; Ether; Haloalkane,aligned_chunk_77.parquet,141,713346,C15H30O,CCC=C(C)C(CCCCC)OCCCC
C15H30O,1,56997,false negative,Alkane; Ether,,aligned_chunk_82.parquet,820,733483,C15H30O,CCCCCCCCCCCCCC1CO1
C25H28N2O4,0,14389,false negative,Alcohol; Alkane; Amine; Arene; Carboxylic acid; Ether,Alcohol; Alkane; Amine; Arene; Carboxylic acid,aligned_chunk_14.parquet,66,149310,C25H28N2O4,COc1ccc(-c2cc(C(Nc3ccc(C(=O)O)cc3)C3CCCCC3)c(C)o2)nc1
C25H28N2O4,0,16995,correct,Alkane; Amide; Amine; Arene; Ether,Alkane; Amide; Amine; Arene; Ether,aligned_chunk_235.parquet,2219,495438,C25H28N2O4,Cc1cc(=O)c2ccc(OCCCN3CCC(NC(=O)c4ccccc4)CC3)cc2o1
C25H28N2O4,0,62195,correct,Alkane; Arene; Carbamate; Ester; Ether; Nitrile,Alkane; Arene; Carbamate; Ester; Ether; Nitrile,aligned_chunk_212.parquet,71,412212,C25H28N2O4,CC(C)(C)OC(=O)N[C@@H](Cc1ccccc1)[C@@H]1C[C@@H](Cc2ccccc2C#N)C(=O)O1
C25H28N2O4,1,70034,mixed error,Alcohol; Alkane; Alkene; Amide; Arene; Enamine; Ether,Alcohol; Alkane; Alkene; Amide; Arene; Ester; Ether; Haloalkane,aligned_chunk_152.parquet,2885,197572,C25H28N2O4,O=C(NCCO)/C(=C/c1ccc(C2CC2)cc1)NC(=O)c1ccc(OCC2CC2)cc1
C25H28N2O4,0,78955,false negative,Alcohol; Alkane; Alkene; Arene; Carboxylic acid; Ketone,Alcohol; Alkane; Arene; Carboxylic acid,aligned_chunk_114.parquet,938,59399,C25H28N2O4,CC1=C(C)C(=O)C(C(CCCCC(=O)O)Cc2ccc(-n3ccnc3)cc2)=C(C)C1=O
C9H13BrN2O2S,1,42844,mixed error,Alkane; Amine; Haloalkane; Sulfonamide,Amine; Arene; Haloalkane; Sulfonamide,aligned_chunk_0.parquet,2929,2929,C9H13BrN2O2S,CC(C)(C)NS(=O)(=O)c1ccc(Br)cn1
C13H15ClN2O2,1,22264,mixed error,Alkane; Amine; Arene; Ether; Haloalkane,Alkane; Amine; Arene; Haloalkane; Sulfide,aligned_chunk_110.parquet,2287,47768,C13H15ClN2O2,CC(C)C1OC(NCc2ccc(Cl)cc2)=NC1=O
C13H15ClN2O2,0,25310,correct,Alkane; Ether; Haloalkane,Alkane; Ether; Haloalkane,aligned_chunk_56.parquet,2990,642034,C13H15ClN2O2,Cc1cc(Cl)nc2ccn(C(=O)OC(C)(C)C)c12
C13H15ClN2O2,0,48979,false negative,Alcohol; Alkane; Amine; Arene; Ether; Haloalkane; Nitrile,Alcohol; Alkane; Amine; Haloalkane; Nitrile,aligned_chunk_60.parquet,1170,656399,C13H15ClN2O2,Cc1c(N[C@@H]2CCOC[C@H]2O)ccc(C#N)c1Cl
C13H15ClN2O2,0,70917,false negative,Alkane; Ether; Haloalkane,Alkane,aligned_chunk_69.parquet,1312,685539,C13H15ClN2O2,CC(C)(C)OC(=O)n1cc(CCl)c2cccnc21
C24H30N2O3,0,1840,false positive,Alkane; Amine; Arene; Ether,Alkane; Alkene; Amine; Arene; Ether; Sulfide,aligned_chunk_109.parquet,1851,40810,C24H30N2O3,COCc1cc2cc(OC)ccc2n1-c1ccc(OCCCN2CCCC2)cc1
C24H30N2O3,1,14175,mixed error,Alkane; Amide; Arene; Ether; Imide,Alkane; Amide; Arene; Haloalkane; Imide,aligned_chunk_204.parquet,2482,385460,C24H30N2O3,CCCN1C(=O)N(Cc2ccc(C)cc2)C(=O)C1CCCc1ccc(OC)cc1
C24H30N2O3,0,33795,false positive,Alkane; Amide; Arene; Carbamate; Ether,Alkane; Amide; Arene; Carbamate; Ester; Ether,aligned_chunk_109.parquet,2662,41621,C24H30N2O3,CC(C)(C)OC(=O)N1CCC(C(=O)NCc2ccccc2)(c2ccccc2)CC1
C24H30N2O3,0,50267,false positive,Alkane; Amine; Arene; Carbamate; Ether,Alkane; Amine; Arene; Carbamate; Ether; Haloalkane,aligned_chunk_49.parquet,2668,615743,C24H30N2O3,O=C(OCc1ccccc1)N1CCC(c2ccc(OC3CCNCC3)cc2)CC1
C24H30N2O3,0,52882,false positive,Alcohol; Alkane; Amide; Amine; Arene; Ether,Alcohol; Alkane; Amide; Amine; Arene; Carboxylic acid; Ether; Haloalkane; Sulfide,aligned_chunk_85.parquet,677,743024,C24H30N2O3,O=C(c1ccc(-c2ccc(OCCCN3CC[C@@H](O)C3)cc2)cc1)N1CCCC1
C24H30N2O3,0,78935,correct,Alkane; Amine; Arene; Ester; Ether; Ketone,Alkane; Amine; Arene; Ester; Ether; Ketone,aligned_chunk_78.parquet,1414,717895,C24H30N2O3,CC(=O)CC(=O)OCCCN1CCN(C(c2ccccc2)c2ccccc2)CC1
C25H29N3O4,0,16080,false negative,Alkane; Alkene; Amine; Arene; Carbamate; Ester; Ether,Alkane; Amine; Arene; Carbamate; Ether,aligned_chunk_69.parquet,1299,685526,C25H29N3O4,N=C(N)C=Cc1ccc(OC(=O)[C@@H]2CC[C@@H](CNC(=O)OCc3ccccc3)CC2)cc1
C25H29N3O4,1,25818,mixed error,Alkane; Arene; Carbamate; Ether; Nitrile,Alkane; Arene; Carbamate; Ether; Haloalkane,aligned_chunk_18.parquet,2860,295200,C25H29N3O4,CC(C)(C)OC(=O)NC1C[C@H]2CC[C@H](O2)C1COc1ccc(-c2ccc(C#N)cn2)cc1
C25H29N3O4,0,53061,false positive,Alkane; Amide; Arene; Carbamate; Ether,Alkane; Amide; Amine; Arene; Carbamate; Ether; Haloalkane,aligned_chunk_87.parquet,1228,750104,C25H29N3O4,CNC(=O)c1ccc(-c2ccc3oc(C4CCN(C(=O)OC(C)C)CC4)nc3c2)cc1C
C25H29N3O4,0,55090,false negative,Alkane; Amide; Arene; Ether; Hydrazone,Alkane; Amide; Arene,aligned_chunk_236.parquet,1687,498152,C25H29N3O4,COc1ccc(C2=NN(C3CCN(C(=O)c4ccccc4)CC3)C(=O)C2(C)C)cc1OC
C25H29N3O4,0,61787,false positive,Alkane; Amide; Arene,Alcohol; Alkane; Amide; Arene; Phenol,aligned_chunk_161.parquet,1958,229153,C25H29N3O4,O=CN(O)C[C@@H](CC1CCCC1)C(=O)N1CCC[C@H]1c1nc2cc3ccccc3cc2o1
C25H29N3O4,0,65000,false positive,Alkane; Amide; Arene; Carbamate; Ether,Alkane; Amide; Amine; Arene; Carbamate; Ether,aligned_chunk_217.parquet,2494,430891,C25H29N3O4,CC(C)(C)OC(=O)N1CCN(C(=O)c2cc3cc(OCc4ccccc4)ccc3[nH]2)CC1
C25H29N3O4,0,71575,false positive,Alcohol; Alkane; Amine; Arene; Ether,Alcohol; Alkane; Alkene; Amine; Arene; Ether; Phenol,aligned_chunk_110.parquet,702,46183,C25H29N3O4,COc1ccc2ncnc(CCC3(O)CCC(NCc4ccc5c(c4)OCO5)CC3)c2c1
C9H9NO,0,1552,correct,Alkane; Arene; Ether; Nitrile,Alkane; Arene; Ether; Nitrile,aligned_chunk_131.parquet,2655,122819,C9H9NO,CCOc1ccccc1C#N
C9H9NO,0,7161,false negative,Alkane; Arene; Ether,Arene; Ether,aligned_chunk_64.parquet,2027,670076,C9H9NO,COc1ccc2cc[nH]c2c1
C9H9NO,0,10214,false negative,Alkane; Amine; Arene,Amine; Arene,aligned_chunk_227.parquet,183,464257,C9H9NO,Cc1cc(N)cc2ccoc12
C9H9NO,0,11680,false positive,Alkane; Ketone,Alkane; Haloalkane; Ketone,aligned_chunk_144.parquet,2346,167753,C9H9NO,Cc1cnc2c(c1)CCC2=O
C9H9NO,0,14617,false negative,Alkane; Arene; Ether; Nitrile,Alkane; Arene; Nitrile,aligned_chunk_7.parquet,989,688434,C9H9NO,COc1ccccc1CC#N
C9H9NO,0,23939,false positive,Alkane; Amide; Arene,Alkane; Amide; Arene; Haloalkane,aligned_chunk_223.parquet,2989,454027,C9H9NO,O=C1CC(c2ccccc2)N1
C9H9NO,1,24438,mixed error,Alcohol; Alkane; Arene; Phenol,Alcohol; Arene; Haloalkane,aligned_chunk_45.parquet,2332,602451,C9H9NO,Cc1cc2c(O)cccc2[nH]1
C9H9NO,0,25966,false positive,Alkane; Ketone,Alkane; Ketone; Sulfide,aligned_chunk_81.parquet,1227,730623,C9H9NO,O=C1CCCc2ncccc21
C9H9NO,0,33573,mixed error,Alkane; Amine; Arene,Amine; Arene; Haloalkane,aligned_chunk_122.parquet,2354,90015,C9H9NO,NCc1ccc2occc2c1
C9H9NO,0,41912,false positive,Alcohol; Alkane; Arene; Nitrile; Phenol,Alcohol; Alkane; Arene; Ester; Ether; Nitrile; Phenol,aligned_chunk_105.parquet,1571,27526,C9H9NO,CCc1cc(C#N)ccc1O
C9H9NO,0,44125,false negative,Alkane; Arene; Ether; Nitrile,Alkane; Arene; Nitrile,aligned_chunk_206.parquet,104,389579,C9H9NO,COc1cccc(C#N)c1C
C9H9NO,0,52542,mixed error,Alcohol; Alkane; Arene; Phenol,Alcohol; Arene; Haloalkane; Phenol; Sulfide,aligned_chunk_13.parquet,3012,116695,C9H9NO,Cn1ccc2c(O)cccc21
C9H9NO,0,54321,false positive,Alkane; Arene; Isocyanate,Alkane; Arene; Haloalkane; Isocyanate,aligned_chunk_157.parquet,543,211338,C9H9NO,Cc1ccc(N=C=O)c(C)c1
C9H9NO,0,58267,mixed error,Alkane; Alkyne; Amine; Arene; Ether,Alkyne; Amine; Arene; Ether; Haloalkane,aligned_chunk_48.parquet,2360,612258,C9H9NO,C#Cc1cc(N)ccc1OC
C9H9NO,0,59732,false negative,Aldehyde; Alkane; Arene; Imine,Alkane; Arene; Imine,aligned_chunk_15.parquet,3190,188181,C9H9NO,N=C(CC=O)c1ccccc1
C9H9NO,0,61276,false positive,Alkane; Arene; Ether; Nitrile,Alkane; Arene; Ether; Haloalkane; Nitrile,aligned_chunk_70.parquet,990,691646,C9H9NO,COc1cc(C)ccc1C#N
C9H9NO,0,61293,false negative,Alcohol; Alkane; Arene; Nitrile; Phenol,Alcohol; Arene; Nitrile; Phenol,aligned_chunk_15.parquet,2171,187162,C9H9NO,CCc1cc(O)ccc1C#N
C9H9NO,0,68763,false negative,Alkane; Amide; Arene,Alkane; Amide,aligned_chunk_129.parquet,215,110684,C9H9NO,Cc1cccc2c1NC(=O)C2
C9H9NO,0,70629,false positive,Alcohol; Alkane; Alkyne,Alcohol; Alkane; Alkyne; Haloalkane,aligned_chunk_108.parquet,205,35937,C9H9NO,C#CCC(O)c1cccnc1
C9H9NO,0,73084,false positive,Alcohol; Alkane; Arene; Phenol,Alcohol; Alkane; Amine; Arene; Ether; Phenol,aligned_chunk_207.parquet,85,392796,C9H9NO,Cc1cc2cccc(O)c2[nH]1
C9H9NO,0,74795,correct,Alkane; Amide; Arene,Alkane; Amide; Arene,aligned_chunk_171.parquet,748,263902,C9H9NO,Cc1ccc2c(c1)NC(=O)C2
C9H9NO,0,77494,correct,Alkane; Arene; Ether; Nitrile,Alkane; Arene; Ether; Nitrile,aligned_chunk_174.parquet,3144,276102,C9H9NO,CCOc1ccc(C#N)cc1
C9H9NO,0,77520,false negative,Alcohol; Alkyne; Amine; Arene,Alcohol; Amine; Arene,aligned_chunk_122.parquet,1628,89289,C9H9NO,C#CC(O)c1ccc(N)cc1
C26H29N3O3,0,13584,correct,Alkane; Alkene; Amide; Arene; Hydrazine,Alkane; Alkene; Amide; Arene; Hydrazine,aligned_chunk_170.parquet,1433,261307,C26H29N3O3,CC(C)N(NC(=O)c1ccccc1)C(=O)/C=C/c1cn(C(=O)C(C)(C)C)c2ccccc12
C26H29N3O3,0,15515,correct,Alcohol; Alkane; Arene; Carbamate; Ether,Alcohol; Alkane; Arene; Carbamate; Ether,aligned_chunk_125.parquet,1452,98849,C26H29N3O3,C[C@@H](c1ccc(-c2ccncn2)cc1)N1CC[C@](CC(C)(C)O)(c2ccccc2)OC1=O
C26H29N3O3,0,27300,false positive,Alcohol; Alkane; Amine; Arene; Carboxylic acid,Alcohol; Alkane; Amine; Arene; Carbamate; Carboxylic acid; Ether,aligned_chunk_240.parquet,596,513142,C26H29N3O3,O=C(O)CCCCCCN1CC[C@H](O)c2nc(-c3ccccc3)c(-c3ccccc3)nc21
C26H29N3O3,0,40698,false negative,Alkane; Amine; Arene; Ester; Ether,Alkane; Arene; Ether,aligned_chunk_52.parquet,2030,628122,C26H29N3O3,COC(=O)c1c(-c2ccccc2)nc2n1CCc1ccccc1C2OC1CCN(C)CC1
C26H29N3O3,0,48910,false negative,Alcohol; Alkane; Amine; Arene; Carbamate; Ether; Phenol,Alkane; Amine; Arene; Carbamate; Ether,aligned_chunk_132.parquet,2121,125464,C26H29N3O3,CC(C)(C)OC(=O)NC1(c2ccc(-c3nc(O)c(N)cc3-c3ccccc3)cc2)CCC1
C26H29N3O3,0,49437,false negative,Alkane; Alkene; Amide; Amine; Arene; Ester; Ether,Alkane; Amine; Arene; Ester; Ether,aligned_chunk_222.parquet,2358,450155,C26H29N3O3,CCOC(=O)C1=Cc2cc(-c3ccc(C(=O)N4CCCC4)cc3)ccc2N=C(N)C1(C)C
C26H29N3O3,0,55279,correct,Alcohol; Alkane; Amide; Arene,Alcohol; Alkane; Amide; Arene,aligned_chunk_104.parquet,1636,24347,C26H29N3O3,Cc1cc(/C(C[C@H](c2ccc(C(=O)N(C)CCO)cc2)c2ccccc2C)=N/O)ccn1
C26H29N3O3,1,60703,mixed error,Alkane; Amide; Amine; Arene; Ether,Alkane; Alkene; Amide; Arene; Ester; Ether,aligned_chunk_93.parquet,627,772274,C26H29N3O3,Cc1noc(C)c1-c1ccc2c(c1)C(CCCN1CCOCC1)(c1ccccc1)C(=O)N2
C26H29N3O3,0,64134,false negative,Alkane; Amine; Arene; Ester; Ether,Alkane; Amine; Arene; Ether,aligned_chunk_83.parquet,1677,737511,C26H29N3O3,COC(=O)CC(COc1ccc(N2CCN(c3ccncc3)CC2)cc1)c1ccccc1
C26H29N3O3,0,73907,mixed error,Alcohol; Alkane; Alkene; Amine; Arene; Ether,Alcohol; Alkane; Alkene; Arene; Ether; Ketone,aligned_chunk_29.parquet,377,542198,C26H29N3O3,COc1ccc(Cc2cc3c(=O)n([C@H]4CCCC[C@@H]4O)cnc3c3c2C=CCN3C)cc1
C26H29N3O3,0,78634,correct,Alkane; Amine; Arene; Carbamate; Ether,Alkane; Amine; Arene; Carbamate; Ether,aligned_chunk_221.parquet,2470,447031,C26H29N3O3,COc1c(C)cc(N2CCN(c3ccc(NC(=O)Oc4ccccc4)cc3)CC2)cc1C
C20H19ClN4O3,0,35728,correct,Alkane; Amide; Amine; Arene; Ether; Haloalkane,Alkane; Amide; Amine; Arene; Ether; Haloalkane,aligned_chunk_96.parquet,3085,784482,C20H19ClN4O3,CN1C(=O)[C@@]2(N=C1N)c1cc(-c3cncc(Cl)c3)ccc1O[C@H]1CCCO[C@@H]12
C20H19ClN4O3,0,37340,false negative,Alkane; Amide; Arene; Ether; Haloalkane,Alkane; Amide; Arene; Haloalkane,aligned_chunk_48.parquet,1780,611678,C20H19ClN4O3,COc1c2c(nn1C)C(=O)N(c1cc(C)c(=O)n(C)c1)C2c1ccc(Cl)cc1
C20H19ClN4O3,1,43466,mixed error,Alkane; Amine; Arene; Ester; Ether; Haloalkane; Ketone,Alkane; Amide; Arene; Haloalkane,aligned_chunk_91.parquet,1143,766285,C20H19ClN4O3,COC(=O)c1nc(CN(C)C)n(-c2ccc(Cl)cc2C(=O)c2ccccc2)n1
C20H19ClN4O3,0,67954,false negative,Alkane; Amide; Amine; Arene; Ether; Haloalkane,Alkane; Amide; Amine; Arene; Haloalkane,aligned_chunk_241.parquet,782,516606,C20H19ClN4O3,O=C(Cc1cccc(Cl)c1)Nn1nc(N2CCOCC2)c2ccccc2c1=O
C20H19ClN4O3,0,77301,false negative,Alcohol; Alkane; Amide; Amine; Arene; Carboxylic acid; Haloalkane; Nitrile,Alcohol; Alkane; Amine; Arene; Carboxylic acid; Nitrile,aligned_chunk_166.parquet,2103,245663,C20H19ClN4O3,N#Cc1cnc(N2CCC(CC(=O)O)CC2)c(NC(=O)c2cccc(Cl)c2)c1
C11H23NO3,0,14006,correct,Alcohol; Alkane; Carbamate; Ether,Alcohol; Alkane; Carbamate; Ether,aligned_chunk_47.parquet,2665,609314,C11H23NO3,CC(C)[C@@H](NC(=O)OC(C)(C)C)C(C)O
C11H23NO3,1,37990,false negative,Alcohol; Alkane; Amine; Ether,Alcohol; Alkane,aligned_chunk_55.parquet,541,636368,C11H23NO3,CC(C)(C)OC(O)N1CCC(CO)CC1
C11H23NO3,0,38384,correct,Alcohol; Alkane; Carbamate; Ether,Alcohol; Alkane; Carbamate; Ether,aligned_chunk_167.parquet,1686,248490,C11H23NO3,CCC(CC)(CO)NC(=O)OC(C)(C)C
C11H23NO3,0,49998,correct,Alcohol; Alkane; Amine,Alcohol; Alkane; Amine,aligned_chunk_41.parquet,2147,589569,C11H23NO3,N[C@@H](CC1CCCCC1)[C@@H](O)C(O)CO
C11H23NO3,0,53345,correct,Alcohol; Alkane; Carbamate; Ether,Alcohol; Alkane; Carbamate; Ether,aligned_chunk_128.parquet,893,108111,C11H23NO3,CCC(CCCO)NC(=O)OC(C)(C)C
C24H15BrClN3O4,1,18839,false negative,Alcohol; Alkane; Amide; Arene; Haloalkane; Imide; Phenol,Alcohol; Amide; Arene; Imide; Phenol,aligned_chunk_30.parquet,1736,550073,C24H15BrClN3O4,Cn1c(C(=O)Nc2ccccc2O)c(Br)c2c3c(c(-c4ccccc4Cl)cc21)C(=O)NC3=O
C22H18N4O2S,1,21591,false negative,Alkane; Amide; Amine; Arene; Ether; Nitrile; Thioamide,Amide; Arene; Nitrile,aligned_chunk_153.parquet,1432,199313,C22H18N4O2S,COc1ccc(C(=O)Nc2ccccc2)cc1NC(=S)Nc1cccc(C#N)c1
C21H28N4,1,9266,false positive,Alkane; Amine; Arene,Alkane; Amide; Amine; Arene; Haloalkane,aligned_chunk_72.parquet,1114,698255,C21H28N4,NCCCCCc1cccc(C(CC2=NCCN2)c2ccccn2)c1
C21H28N4,0,33602,false positive,Alkane; Amine; Arene,Alkane; Amine; Arene; Ether,aligned_chunk_211.parquet,751,409598,C21H28N4,c1ccc(CN2CCN(c3ccc(N4CCNCC4)cc3)CC2)cc1
C8H8ClN3O,0,4961,false positive,Alkane; Haloalkane,Alkane; Haloalkane; Ketone,aligned_chunk_191.parquet,2819,337354,C8H8ClN3O,Cn1ccc2nc(CCl)cn2c1=O
C8H8ClN3O,0,21449,correct,Alkane; Haloalkane,Alkane; Haloalkane,aligned_chunk_88.parquet,2527,754662,C8H8ClN3O,CN1Cc2c(Cl)ccnc2NC1=O
C8H8ClN3O,0,31558,false positive,Alkane; Haloalkane,Alkane; Ether; Haloalkane,aligned_chunk_231.parquet,405,480672,C8H8ClN3O,ON=C1CCCc2cnc(Cl)nc21
C8H8ClN3O,1,56131,false positive,Alkane; Amide; Haloalkane,Alkane; Amide; Amine; Haloalkane; Sulfide,aligned_chunk_196.parquet,1923,352659,C8H8ClN3O,O=C1CCCN1c1nccnc1Cl
C16H17N7O3,0,42431,false negative,Alkane; Amine; Ether,Alkane; Amine,aligned_chunk_71.parquet,2052,695947,C16H17N7O3,CCn1c(-c2nonc2N)nc2c(-c3ccoc3)nc(OCCN)cc21
C16H17N7O3,1,69024,mixed error,Alcohol; Alkane; Amide; Amine; Carboxylic acid,Alcohol; Alkane; Amide; Amine; Arene; Ketone,aligned_chunk_13.parquet,578,114261,C16H17N7O3,Cn1ncc(C(=O)O)c1C(=O)Nc1ccc2nc(N3CCCC3)nn2c1
C7H13Br,1,77149,correct,Alkane; Haloalkane,Alkane; Haloalkane,aligned_chunk_81.parquet,56,729452,C7H13Br,CC1CCCC(Br)C1
C12H13NO3,0,1818,false positive,Alkane; Arene; Ester; Ether; Isocyanate,Alkane; Arene; Ester; Ether; Haloalkane; Isocyanate,aligned_chunk_216.parquet,1135,426286,C12H13NO3,Cc1ccc(N=C=O)cc1C(=O)OC(C)C
C12H13NO3,0,3863,false negative,Alkane; Amide; Arene; Ether,Alkane; Amide; Arene,aligned_chunk_63.parquet,139,665045,C12H13NO3,O=C1CCc2c(cccc2OC[C@@H]2CO2)N1
C12H13NO3,0,5118,false positive,Alkane; Arene; Ether,Alkane; Amide; Arene; Carbamate; Ether,aligned_chunk_152.parquet,10,194697,C12H13NO3,COc1c(OC)c2ccccc2n(C)c1=O
C12H13NO3,0,5992,correct,Alkane; Arene; Ester; Ether,Alkane; Arene; Ester; Ether,aligned_chunk_32.parquet,637,555477,C12H13NO3,CCOC(=O)c1ccc2oc(CC)nc2c1
C12H13NO3,1,7035,mixed error,Alkane; Amine; Arene,Arene; Haloalkane; Ketone,aligned_chunk_206.parquet,371,389846,C12H13NO3,CCCCc1cc2cc([N+](=O)[O-])ccc2o1
C12H13NO3,0,9560,correct,Alkane; Arene; Ester; Ether,Alkane; Arene; Ester; Ether,aligned_chunk_153.parquet,1592,199473,C12H13NO3,CCOC(=O)COc1ccc2[nH]ccc2c1
C12H13NO3,0,10075,false positive,Alkane; Arene; Ester; Ether,Aldehyde; Alkane; Arene; Carbamate; Ester; Ether,aligned_chunk_154.parquet,869,202010,C12H13NO3,CCOC(=O)C1=NOC(c2ccccc2)C1
C12H13NO3,0,10461,mixed error,Alcohol; Alkane; Arene; Ester; Ether; Phenol,Alcohol; Alkane; Arene; Carboxylic acid; Ester; Ether,aligned_chunk_175.parquet,2591,278814,C12H13NO3,CCn1ccc2c(O)cc(C(=O)OC)cc21
C12H13NO3,0,13347,false negative,Alcohol; Alkane; Amine; Arene; Carboxylic acid,Alcohol; Arene; Carboxylic acid,aligned_chunk_26.parquet,1302,533308,C12H13NO3,CN(C)Cc1c(C(=O)O)oc2ccccc12
C12H13NO3,0,18636,mixed error,Aldehyde; Alkane; Alkyne; Ester; Ether,Alkane; Alkyne; Arene; Carbamate; Ester; Ether,aligned_chunk_112.parquet,2000,53949,C12H13NO3,C#CCn1c(C)c(C)c(C=O)c1C(=O)OC
C12H13NO3,0,22670,correct,Alcohol; Alkane; Arene; Ester; Ether; Phenol,Alcohol; Alkane; Arene; Ester; Ether; Phenol,aligned_chunk_168.parquet,1242,251292,C12H13NO3,COC(=O)[C@@H](C)n1ccc2cc(O)ccc21
C12H13NO3,0,28684,false negative,Acid anhydride; Alkane; Amine; Arene; Ester; Ether,Alkane; Amine; Arene; Ester; Ether,aligned_chunk_195.parquet,2034,349552,C12H13NO3,O=C(OC(=O)[C@@H]1CCCN1)c1ccccc1
C12H13NO3,0,31261,false negative,Alkane; Alkene; Amide; Arene; Ether,Alkane; Alkene; Amide; Arene,aligned_chunk_126.parquet,3179,103838,C12H13NO3,COC=Cc1cccc2c1OCC(=O)N2C
C12H13NO3,0,33034,false positive,Alkane; Arene; Ester; Ether,Alkane; Arene; Ester; Ether; Haloalkane,aligned_chunk_230.parquet,565,477580,C12H13NO3,CCCc1noc2ccc(C(=O)OC)cc12
C12H13NO3,0,33461,false negative,Alkane; Alkene; Amine; Arene; Enamine; Ester; Ether; Ketone,Alkane; Amine; Arene; Ester; Ether,aligned_chunk_44.parquet,700,597653,C12H13NO3,COC(=O)C(C(C)=O)=C(N)c1ccccc1
C12H13NO3,0,39185,correct,Alcohol; Alkane; Amide; Arene; Carboxylic acid,Alcohol; Alkane; Amide; Arene; Carboxylic acid,aligned_chunk_17.parquet,1862,258358,C12H13NO3,O=C(O)c1ccc(N2CCCCC2=O)cc1
C12H13NO3,0,42667,false positive,Alkane; Arene; Ether,Alkane; Arene; Ether; Haloalkane,aligned_chunk_46.parquet,122,603510,C12H13NO3,COc1cccc(-c2oc(C)c(C)[n+]2[O-])c1
C12H13NO3,0,43915,mixed error,Alcohol; Alkane; Alkene; Amide; Arene; Carboxylic acid; Enamine,Alcohol; Alkane; Amide; Carboxylic acid; Sulfide,aligned_chunk_234.parquet,240,490216,C12H13NO3,CC(C)=C(NC(=O)c1ccccc1)C(=O)O
C12H13NO3,0,44016,correct,Alcohol; Alkane; Amide; Arene; Carboxylic acid,Alcohol; Alkane; Amide; Arene; Carboxylic acid,aligned_chunk_213.parquet,2822,418197,C12H13NO3,Cc1ccccc1N1CCC(C(=O)O)C1=O
C12H13NO3,0,48435,false positive,Alkane; Arene; Ester; Ether; Nitrile,Alkane; Arene; Ester; Ether; Haloalkane; Nitrile,aligned_chunk_66.parquet,1657,676198,C12H13NO3,CCOC(=O)Cc1ccc(C#N)c(OC)c1
C12H13NO3,0,49428,correct,Alkane; Arene; Ester; Ether,Alkane; Arene; Ester; Ether,aligned_chunk_170.parquet,3082,262956,C12H13NO3,CCOC(=O)c1cc2cc(OC)ccc2[nH]1
C12H13NO3,0,49582,mixed error,Alcohol; Alkane; Amide; Arene; Carboxylic acid,Alcohol; Alkane; Arene; Carboxylic acid; Ether; Haloalkane,aligned_chunk_16.parquet,123,220771,C12H13NO3,O=C(O)Cc1ccc(N2CCCC2=O)cc1
C12H13NO3,0,54899,false positive,Alkane; Arene; Ester; Ether,Alkane; Arene; Ester; Ether; Haloalkane,aligned_chunk_214.parquet,1879,420522,C12H13NO3,CCOC(=O)c1cc2cccc(OC)c2[nH]1
C12H13NO3,0,60275,false negative,Alcohol; Alkane; Amide; Arene; Carboxylic acid,Alcohol; Alkane; Amide; Carboxylic acid,aligned_chunk_153.parquet,603,198484,C12H13NO3,O=C(O)C1CCN(Cc2ccccc2)C1=O
C12H13NO3,0,61205,false positive,Alkane; Amide; Arene; Ether; Ketone,Alkane; Amide; Arene; Ester; Ether; Ketone,aligned_chunk_121.parquet,340,84725,C12H13NO3,COc1ccc(CN2CC(=O)CC2=O)cc1
C12H13NO3,0,64503,mixed error,Alkane; Amide; Arene; Ether; Ketone,Alkane; Arene; Haloalkane,aligned_chunk_216.parquet,781,425932,C12H13NO3,COc1cccc2c1C(CC(C)=O)NC2=O
C12H13NO3,0,67950,false positive,Alcohol; Alkane; Amide; Arene,Alcohol; Alkane; Amide; Arene; Carbamate; Ether,aligned_chunk_47.parquet,1485,608134,C12H13NO3,CC(O)CNC(=O)c1cc2ccccc2o1
C12H13NO3,0,75863,correct,Alkane; Arene; Ester; Ether,Alkane; Arene; Ester; Ether,aligned_chunk_44.parquet,9,596962,C12H13NO3,COC(=O)c1cc2c(OC)cccc2n1C
C12H13NO3,0,78601,correct,Alkane; Ester; Ether,Alkane; Ester; Ether,aligned_chunk_230.parquet,2184,479199,C12H13NO3,CCCCOC(=O)c1cc2ccoc2cn1
C18H25NO5,0,2026,correct,Alcohol; Alkane; Amide; Arene; Carboxylic acid; Ester; Ether,Alcohol; Alkane; Amide; Arene; Carboxylic acid; Ester; Ether,aligned_chunk_55.parquet,2698,638525,C18H25NO5,CC(C)(C)OC(=O)C(Cc1ccccc1)NC(=O)CCCC(=O)O
C18H25NO5,0,7262,mixed error,Alkane; Amide; Arene; Ester; Ether,Alkane; Amide; Amine; Carbamate; Ester; Ether,aligned_chunk_148.parquet,2575,181108,C18H25NO5,COCOc1c(C(=O)NC(C)(C)C(=O)OC)ccc2c1CCCC2
C18H25NO5,0,9228,correct,Alkane; Ester; Ether; Ketone,Alkane; Ester; Ether; Ketone,aligned_chunk_44.parquet,672,597625,C18H25NO5,CCOC(=O)CCCCCC(C(=O)OCC)C(=O)c1cccnc1
C18H25NO5,0,24509,mixed error,Alcohol; Alkane; Amide; Arene; Ester; Ether,Alcohol; Alkane; Amide; Arene; Carbamate; Ether,aligned_chunk_116.parquet,1040,66002,C18H25NO5,CCOC(=O)[C@H]1O[C@@H]1C(=O)N[C@@H](C(C)CC)[C@H](O)c1ccccc1
C18H25NO5,0,26005,correct,Alcohol; Alkane; Arene; Carbamate; Carboxylic acid; Ether,Alcohol; Alkane; Arene; Carbamate; Carboxylic acid; Ether,aligned_chunk_32.parquet,2908,557748,C18H25NO5,CC(C)(C)OC(=O)N1CCC[C@H]1COc1cccc(CC(=O)O)c1
C18H25NO5,0,26711,correct,Alkane; Ester; Ether,Alkane; Ester; Ether,aligned_chunk_230.parquet,205,477220,C18H25NO5,COC(=O)[C@H]1C[C@H](Oc2ccncc2)CC[C@@H]1C(=O)OC(C)(C)C
C18H25NO5,0,35703,correct,Alkane; Arene; Carbamate; Ester; Ether,Alkane; Arene; Carbamate; Ester; Ether,aligned_chunk_140.parquet,1183,153666,C18H25NO5,COC(=O)[C@@H]1[C@@H](OCc2ccccc2)CCN1C(=O)OC(C)(C)C
C18H25NO5,0,37493,correct,Alkane; Arene; Carbamate; Ester; Ether,Alkane; Arene; Carbamate; Ester; Ether,aligned_chunk_28.parquet,1437,539929,C18H25NO5,COC1CC[C@@H](C(=O)OC(C)(C)C)N1C(=O)OCc1ccccc1
C18H25NO5,0,39810,false negative,Alcohol; Alkane; Arene; Carbamate; Ester; Ether,Alcohol; Alkane; Arene; Carbamate; Ether,aligned_chunk_78.parquet,170,716651,C18H25NO5,COC(=O)[C@@H]1CC[C@@H](C(C)(C)O)N(C(=O)OCc2ccccc2)C1
C18H25NO5,0,43642,false positive,Alkane; Arene; Carbamate; Ether,Aldehyde; Alkane; Arene; Carbamate; Ether,aligned_chunk_105.parquet,1498,27453,C18H25NO5,COC[C@H]1CN(c2ccc(CCCC3(C)OCCO3)cc2)C(=O)O1
C18H25NO5,0,52803,false negative,Alkane; Arene; Carbamate; Ester; Ether; Ketone,Alkane; Arene; Carbamate; Ester; Ether,aligned_chunk_125.parquet,2842,100239,C18H25NO5,CC(C)OC(=O)C(=O)[C@H](Cc1ccccc1)NC(=O)OC(C)(C)C
C18H25NO5,0,54387,false positive,Alkane; Arene; Carbamate; Ether,Aldehyde; Alkane; Arene; Carbamate; Ether,aligned_chunk_131.parquet,983,121147,C18H25NO5,CC(C)(C)OC(=O)N1CCC(COC(=O)Oc2ccccc2)CC1
C18H25NO5,1,59700,mixed error,Alcohol; Alkane; Amine; Arene; Ester; Ether,Alcohol; Alkane; Amide; Amine; Phenol,aligned_chunk_49.parquet,1590,614665,C18H25NO5,CCOC(=O)c1oc2cccc(OCC(O)CNC(C)C)c2c1C
C18H25NO5,0,60705,false negative,Alkane; Alkene; Amine; Arene; Ester; Ether,Alkane; Amine; Arene; Ester; Ether,aligned_chunk_2.parquet,989,364667,C18H25NO5,COC(=O)/C(Cc1ccc(OCCN)cc1)=C(\C(=O)OC)C(C)C
C21H29N3O2,1,1120,false positive,Alkane; Amine; Arene; Ester; Ether,Alkane; Amine; Arene; Ester; Ether; Haloalkane,aligned_chunk_202.parquet,1556,378060,C21H29N3O2,CCOC(=O)c1cc(-c2ccc(N3CCCCC3)cc2)n(C(C)(C)C)n1
C21H29N3O2,0,14353,false positive,Alkane; Amine; Arene; Carbamate; Ether,Alkane; Amide; Amine; Arene; Carbamate; Ether,aligned_chunk_176.parquet,2428,281900,C21H29N3O2,Cc1cncc2cccc(N[C@@H]3CC[C@H](NC(=O)OC(C)(C)C)CC3)c12
C21H29N3O2,0,17640,correct,Alkane; Amide; Imide; Nitrile,Alkane; Amide; Imide; Nitrile,aligned_chunk_2.parquet,1825,365503,C21H29N3O2,CCCC1CCC(C2CCC3(CC2)C(C#N)C(=O)NC(=O)C3C#N)CC1
C21H29N3O2,0,19627,false negative,Alkane; Amine; Arene; Ether,Alkane; Amine; Arene,aligned_chunk_21.parquet,744,403108,C21H29N3O2,c1cc(NC2CCN(CCOC3CCCCO3)CC2)c2ccncc2c1
C21H29N3O2,0,23058,false negative,Alkane; Amine; Arene; Ester; Ether,Alkane; Amine; Ester; Ether,aligned_chunk_5.parquet,1230,617583,C21H29N3O2,CCCCc1cc(N2CCNCC2)c2nc(CCC(=O)OC)ccc2c1
C16H12N4O2,0,66800,mixed error,Alkane; Amine; Arene,Amine; Arene; Sulfide,aligned_chunk_65.parquet,2635,673913,C16H12N4O2,Nc1ccc(Cn2c(=O)c3cccc4ncc(c2=O)n43)cc1
C16H12N4O2,1,75870,mixed error,Alkane; Amine; Arene; Ether; Ketone; Nitrile,Alkane; Amine; Arene; Ester; Ether; Sulfide,aligned_chunk_228.parquet,2152,469436,C16H12N4O2,COc1cc(C(=O)c2nc(C#N)c3ccccn23)ccc1N
C16H12N4O2,0,79403,false negative,Alkane; Amide; Amine; Arene; Imide,Amide; Amine; Arene,aligned_chunk_231.parquet,374,480641,C16H12N4O2,Nc1ccc2[nH]nc(CN3C(=O)c4ccccc4C3=O)c2c1
C13H14N4OS,1,65930,false negative,Alkane; Amine; Arene; Ether; Thioamide,Alkane; Amine; Arene; Thioamide,aligned_chunk_13.parquet,1793,115476,C13H14N4OS,COc1cc(NC(N)=S)ccc1-c1cnnc(C)c1
C11H9NO3S,1,60778,mixed error,Alkane; Arene; Ether; Ketone; Nitrile; Sulfide,Alkane; Arene; Ether; Haloalkane; Ketone; Nitrile,aligned_chunk_149.parquet,2041,183805,C11H9NO3S,COc1ccc2c(c1)SC(C#N)C(=O)CO2
C14H24O2,0,26172,correct,Alcohol; Alkane; Carboxylic acid,Alcohol; Alkane; Carboxylic acid,aligned_chunk_121.parquet,1646,86031,C14H24O2,CCCCCC12CCC(C(=O)O)(CC1)CC2
C14H24O2,0,27987,correct,Alkane; Alkene; Ester; Ether,Alkane; Alkene; Ester; Ether,aligned_chunk_143.parquet,879,163012,C14H24O2,C=C(C)C(CC=C(C)C)COC(=O)CCC
C14H24O2,0,31747,correct,Alkane; Alkene; Ester; Ether,Alkane; Alkene; Ester; Ether,aligned_chunk_18.parquet,631,292971,C14H24O2,CCOC(=O)C=C1CC(C)(C)CC(C)(C)C1
C14H24O2,0,36714,correct,Alcohol; Alkane; Alkene; Carboxylic acid,Alcohol; Alkane; Alkene; Carboxylic acid,aligned_chunk_2.parquet,2925,366603,C14H24O2,C=CCCCCC(CCCCC=C)C(=O)O
C14H24O2,0,48086,correct,Alkane; Ether; Ketone,Alkane; Ether; Ketone,aligned_chunk_26.parquet,1219,533225,C14H24O2,CC(C)(C)O[C@H]1CC[C@H]2CC(=O)CC[C@@]21C
C14H24O2,1,53821,false negative,Alcohol; Alkane; Alkene; Carboxylic acid,Alcohol; Alkene; Carboxylic acid,aligned_chunk_120.parquet,2943,84111,C14H24O2,CCCCCCCCCC=CC=CC(=O)O
C14H24O2,0,77272,false positive,Alcohol; Alkane; Alkene; Carboxylic acid,Alcohol; Alkane; Alkene; Carboxylic acid; Ether,aligned_chunk_6.parquet,1295,653291,C14H24O2,CCCCCCCCC/C=C/C=C/C(=O)O
C14H24O2,0,77519,false negative,Alkane; Alkene; Ether; Ketone,Alkane; Alkene; Ketone,aligned_chunk_214.parquet,298,418941,C14H24O2,CC(=O)CCC=C(C)CCC1(C)OC1(C)C
C22H20N6O3,1,1202,false negative,Alkane; Amide; Arene; Ether,Amide; Arene,aligned_chunk_31.parquet,2118,553730,C22H20N6O3,Cn1cccc1C(=O)Nc1cccc(Oc2ccc3nc(NC(=O)C4CC4)cn3n2)c1
C22H20N6O3,0,4194,false positive,Alcohol; Alkane; Alkyne; Amide; Arene,Alcohol; Alkane; Alkyne; Amide; Arene; Ether; Haloalkane,aligned_chunk_107.parquet,299,32770,C22H20N6O3,CN1CC[C@@](O)(C#Cc2cccc(-c3nc(C(N)=O)cc(-c4ccn(C)n4)n3)c2)C1=O
C22H20N6O3,0,70904,correct,Alcohol; Alkane; Amide; Arene; Ether; Phenol,Alcohol; Alkane; Amide; Arene; Ether; Phenol,aligned_chunk_58.parquet,2542,647994,C22H20N6O3,O=C(c1ccccc1)N1CCC[C@H](n2cc(Oc3nc(O)c4ccncc4n3)cn2)C1
C22H20N6O3,0,77938,correct,Alcohol; Alkane; Arene; Ether,Alcohol; Alkane; Arene; Ether,aligned_chunk_239.parquet,2722,508808,C22H20N6O3,CCn1c(=O)n(-c2ccc(Oc3nc4cccnc4n3C)cc2)c2nccc(CO)c21
C17H22N2,1,15545,mixed error,Alkane; Alkene; Amine; Arene,Alkane; Amine; Arene; Haloalkane; Sulfide,aligned_chunk_22.parquet,2561,440667,C17H22N2,CCCN1CCC=C(c2cccc3c2ccn3C)C1
C17H22N2,0,18399,false positive,Alkane; Amine; Arene,Alkane; Amide; Amine; Arene,aligned_chunk_81.parquet,2200,731596,C17H22N2,CCCNC(Cc1ccccc1N)c1ccccc1
C17H22N2,0,29846,correct,Alkane; Alkene; Amine; Arene,Alkane; Alkene; Amine; Arene,aligned_chunk_206.parquet,2729,392204,C17H22N2,C=CCC1(C)CN(C)Cc2c1[nH]c1ccc(C)cc21
C17H22N2,0,45824,correct,Alkane; Amine; Arene,Alkane; Amine; Arene,aligned_chunk_47.parquet,1746,608395,C17H22N2,NCCN1CCC(c2cccc3ccccc23)CC1
C9H17N3O2,1,35865,correct,Alkane; Amine; Nitrile,Alkane; Amine; Nitrile,aligned_chunk_26.parquet,2749,534755,C9H17N3O2,CCONC1(C#N)CCN(OC)CC1
C26H34N2O2,1,49202,false positive,Alkane; Alkene; Amide; Arene; Ether,Alkane; Alkene; Amide; Arene; Ether; Ketone,aligned_chunk_164.parquet,947,237933,C26H34N2O2,CCCCC/C(=C/C=C/C(=O)NCCCCc1cccnc1)c1ccc(OC)cc1
C22H28O3,0,5532,false positive,Alcohol; Alkane; Alkene; Arene; Phenol,Alcohol; Alkane; Alkene; Arene; Ether; Phenol,aligned_chunk_205.parquet,534,386755,C22H28O3,CC(C)(O)CCCCc1cccc(C=Cc2cc(O)cc(CO)c2)c1
C22H28O3,0,35325,false positive,Alkane; Arene; Ester; Ether,Alkane; Alkene; Arene; Ester; Ether,aligned_chunk_154.parquet,2007,203148,C22H28O3,CCCCCCC(C)OC(=O)c1ccc(OCc2ccccc2)cc1
C22H28O3,1,54036,false positive,Alkane; Arene; Ether; Ketone,Alkane; Alkene; Arene; Ester; Ether; Ketone,aligned_chunk_94.parquet,1414,776331,C22H28O3,Cc1cc(C2CC2)cc(C)c1C1C(=O)CC(CC2CCOCC2)C1=O
C22H28O3,0,64786,correct,Alkane; Arene; Ether; Ketone,Alkane; Arene; Ether; Ketone,aligned_chunk_228.parquet,526,467810,C22H28O3,CCCc1cc(C(=O)CC)ccc1-c1cc(OCOCC)ccc1C
C22H28O3,0,68241,correct,Alcohol; Alkane; Arene; Carboxylic acid; Ether,Alcohol; Alkane; Arene; Carboxylic acid; Ether,aligned_chunk_228.parquet,2099,469383,C22H28O3,CC(C)(C)c1cc(OCc2ccccc2C(=O)O)cc(C(C)(C)C)c1
C22H28O3,0,69799,false positive,Alkane; Arene; Ether,Alkane; Arene; Ether; Ketone,aligned_chunk_91.parquet,252,765394,C22H28O3,c1ccc(CCOCc2cccc(CCOC3CCCCO3)c2)cc1
C17H15ClN2O3,1,21530,mixed error,Alkane; Amine; Arene; Ester; Ether; Haloalkane,Alkane; Amide; Amine; Arene; Ester; Ether; Sulfide,aligned_chunk_34.parquet,1083,562503,C17H15ClN2O3,CCOC(=O)Cc1ccc(Nc2nc3ccccc3o2)c(Cl)c1
C17H15ClN2O3,0,46109,false negative,Alkane; Amide; Arene; Ether; Haloalkane,Alkane; Amide; Haloalkane,aligned_chunk_101.parquet,1258,14226,C17H15ClN2O3,Cc1ccc(NC(=O)C2(c3ccc4c(c3)OCO4)CC2)nc1Cl
C17H15ClN2O3,0,66446,correct,Alkane; Arene; Ester; Ether; Haloalkane,Alkane; Arene; Ester; Ether; Haloalkane,aligned_chunk_149.parquet,3153,184917,C17H15ClN2O3,CCOC(=O)c1cnc2cc(-c3c(C)noc3C)ccc2c1Cl
C17H15ClN2O3,0,68516,mixed error,Alcohol; Alkane; Arene; Haloalkane; Phenol,Alcohol; Alkane; Arene; Ester; Ether; Phenol,aligned_chunk_73.parquet,2999,703353,C17H15ClN2O3,CC(O)Cc1c(O)c2cccnc2n(-c2cccc(Cl)c2)c1=O
C17H15ClN2O3,0,74992,false negative,Alcohol; Alkane; Arene; Carboxylic acid; Ether; Haloalkane,Alcohol; Alkane; Carboxylic acid; Ether,aligned_chunk_62.parquet,2670,664352,C17H15ClN2O3,Cn1nc(COCc2ccc3ccccc3c2)c(Cl)c1C(=O)O
C19H22N6O3,1,9812,mixed error,Alkane; Amide; Amine; Ether,Alkane; Amide; Amine; Haloalkane,aligned_chunk_71.parquet,777,694672,C19H22N6O3,Cc1cc(C)n(-c2cc(NC(=O)C3CNCCO3)nc(-c3ccc(C)o3)n2)n1
C19H22N6O3,0,44703,mixed error,Alkane; Amine; Arene; Carbamate; Ether,Alkane; Amine; Arene; Ether; Haloalkane,aligned_chunk_224.parquet,1449,455718,C19H22N6O3,CN(C(=O)OC(C)(C)C)c1cc(Oc2ccc(-c3nnn[nH]3)cc2)ccc1N
C19H22N6O3,0,52507,false positive,Alcohol; Alkane; Amine; Arene; Carboxylic acid; Ether,Alcohol; Alkane; Amine; Arene; Carboxylic acid; Ether; Haloalkane,aligned_chunk_74.parquet,1769,705362,C19H22N6O3,CC(C)n1ncnc1-c1cn2c(n1)-c1ccc(N[C@@H](C)C(=O)O)cc1OCC2
C10H16O4,0,7707,correct,Alcohol; Alkane; Carboxylic acid; Ester; Ether,Alcohol; Alkane; Carboxylic acid; Ester; Ether,aligned_chunk_144.parquet,2669,168076,C10H16O4,COC(=O)C(C(=O)O)C1CCCCC1
C10H16O4,0,14459,correct,Alkane; Ester; Ether; Ketone,Alkane; Ester; Ether; Ketone,aligned_chunk_119.parquet,2440,77064,C10H16O4,CCOC(=O)C(CC(C)=O)C(=O)CC
C10H16O4,1,15281,mixed error,Alcohol; Alkane; Ester; Ether; Ketone,Alcohol; Alkane; Alkene; Enol; Ester; Ether,aligned_chunk_217.parquet,1078,429475,C10H16O4,CCOC(=O)C(=O)C(O)C1CCCC1
C10H16O4,0,48388,correct,Alkane; Alkene; Ester; Ether,Alkane; Alkene; Ester; Ether,aligned_chunk_158.parquet,2786,216913,C10H16O4,C=CC(C)(C)C(C(=O)OC)C(=O)OC
C10H16O4,0,50300,correct,Alkane; Ester; Ether,Alkane; Ester; Ether,aligned_chunk_218.parquet,1299,432917,C10H16O4,O=C1CC[C@@H](COC2CCCCO2)O1
C10H16O4,0,54601,correct,Alkane; Alkene; Ester; Ether,Alkane; Alkene; Ester; Ether,aligned_chunk_63.parquet,356,665262,C10H16O4,C=C(CC(=O)OC(C)(C)C)C(=O)OC
C10H16O4,0,60217,correct,Alkane; Alkene; Ester; Ether,Alkane; Alkene; Ester; Ether,aligned_chunk_21.parquet,2055,404419,C10H16O4,C=CC(=O)OCCCCOCC1CO1
C10H16O4,0,72350,correct,Alkane; Ether; Ketone,Alkane; Ether; Ketone,aligned_chunk_143.parquet,1361,163494,C10H16O4,CC1(C)COC2(CCC(=O)CC2)OO1
C22H20N2O4,0,11877,correct,Alkane; Amide; Arene; Carbamate; Ether; Imide,Alkane; Amide; Arene; Carbamate; Ether; Imide,aligned_chunk_153.parquet,2936,200817,C22H20N2O4,O=C(N[C@H]1C[C@@H]2C[C@@H]2[C@H]1N1C(=O)c2ccccc2C1=O)OCc1ccccc1
C22H20N2O4,0,25552,correct,Alkane; Arene; Ester; Ether; Nitrile,Alkane; Arene; Ester; Ether; Nitrile,aligned_chunk_211.parquet,2351,411198,C22H20N2O4,CCOC(=O)c1cc(-n2cc(C#N)c(-c3ccccc3)c2)ccc1OCOC
C22H20N2O4,0,29064,mixed error,Alcohol; Alkane; Amine; Arene; Carboxylic acid; Ether,Alcohol; Alkane; Amine; Arene; Carboxylic acid; Haloalkane,aligned_chunk_137.parquet,1624,141147,C22H20N2O4,COc1c(-c2ccc3c(c2)CNC3)ccc2c(=O)c(C(=O)O)cn(C3CC3)c12
C22H20N2O4,0,33569,false negative,Alkane; Arene; Ester; Ether; Ketone,Alkane; Arene; Ester; Ether,aligned_chunk_56.parquet,2924,641968,C22H20N2O4,CC(=O)O[C@H]1C(=O)c2ccc3c(nc(C4CC4)n3C)c2O[C@@H]1c1ccccc1
C22H20N2O4,1,53058,mixed error,Alkane; Amide; Arene; Ester; Ether,Alkane; Amide; Arene; Haloalkane,aligned_chunk_46.parquet,1892,605280,C22H20N2O4,COC(=O)c1ccc(NC(=O)c2ccc(OCc3ccccn3)cc2)c(C)c1
C21H24N4O3,0,11524,false negative,Alkane; Amide; Amine; Arene; Carbamate; Ether; Nitrile,Alkane; Amide; Arene; Carbamate; Ether,aligned_chunk_27.parquet,1158,536409,C21H24N4O3,C[C@H](NC(=O)OC(C)(C)C)C(=O)Nc1ccc(C#N)cc1Nc1ccccc1
C21H24N4O3,1,25185,mixed error,Alcohol; Alkane; Amine; Arene; Carboxylic acid; Ether,Alkane; Amine; Arene; Haloalkane,aligned_chunk_217.parquet,2502,430899,C21H24N4O3,CNc1cccc(CCOc2ccc(CC(CC(=O)O)c3ncc[nH]3)cc2)n1
C21H24N4O3,0,41000,mixed error,Alkane; Amine; Arene; Ether,Alkane; Amine; Arene; Sulfide,aligned_chunk_29.parquet,3002,544823,C21H24N4O3,COc1ccccc1N1CCN(CCn2c(=O)[nH]c3ccccc3c2=O)CC1
C21H24N4O3,0,41014,correct,Alkane; Arene; Carbamate; Ether,Alkane; Arene; Carbamate; Ether,aligned_chunk_90.parquet,2117,763969,C21H24N4O3,CCn1c(=O)n(-c2ccc3c(c2)CCN3C(=O)OC(C)(C)C)c2ncccc21
C21H24N4O3,0,41388,false positive,Alkane; Arene; Ether,Alkane; Arene; Ether; Haloalkane; Ketone,aligned_chunk_184.parquet,1628,310180,C21H24N4O3,COC(OC)c1ccc(-c2ccccc2-c2nnn(C3CCCCO3)n2)cc1
C21H24N4O3,0,49290,false negative,Alcohol; Alkane; Amide; Amine; Arene,Alcohol; Alkane; Amine,aligned_chunk_95.parquet,2319,780461,C21H24N4O3,CC(Nc1c(C(N)=O)cnn2cc(-c3cccc([C@@H](O)CO)c3)cc12)C1CC1
C21H24N4O3,0,76166,mixed error,Alkane; Amide; Amine; Arene; Ether,Alkane; Amine; Arene; Ether; Haloalkane,aligned_chunk_79.parquet,2582,722307,C21H24N4O3,CNC(=O)c1cc(Oc2ccc3nc(NCC4CCCCC4)oc3c2)ccn1
C18H31F2N3O5,1,53366,mixed error,Alkane; Amide; Amine; Carbamate; Ether; Haloalkane,Alkane; Amine; Carbamate; Ester; Ether,aligned_chunk_3.parquet,521,545632,C18H31F2N3O5,CON(C)C(=O)C1CN(CC(F)F)CC2(CCN(C(=O)OC(C)(C)C)CC2)O1
C20H29NO2,1,63842,correct,Alkane; Amine; Arene; Ester; Ether,Alkane; Amine; Arene; Ester; Ether,aligned_chunk_81.parquet,829,730225,C20H29NO2,COC(=O)c1ccc(CNC2CCC3(CCCCC3)CC2)cc1
C17H15NO2,0,587,correct,Alcohol; Alkane; Arene; Ketone; Nitrile,Alcohol; Alkane; Arene; Ketone; Nitrile,aligned_chunk_36.parquet,2823,570756,C17H15NO2,N#CCC(O)Cc1cccc(C(=O)c2ccccc2)c1
C17H15NO2,0,3559,false negative,Alkane; Amide; Arene; Ketone,Alkane; Amide; Arene,aligned_chunk_224.parquet,1501,455770,C17H15NO2,CC1CC(=O)c2cc(NC(=O)c3ccccc3)ccc21
C17H15NO2,0,9074,mixed error,Alkane; Arene; Ether,Alkane; Arene; Sulfide,aligned_chunk_16.parquet,839,221487,C17H15NO2,COc1cc2cnccc2cc1OCc1ccccc1
C17H15NO2,0,13877,false negative,Alkane; Alkene; Amine; Arene; Enamine; Ether; Ketone,Amine; Arene; Enamine,aligned_chunk_143.parquet,507,162640,C17H15NO2,CN(C)C=C1C(=O)c2ccccc2Oc2ccccc21
C17H15NO2,0,16279,correct,Alkane; Arene; Ether,Alkane; Arene; Ether,aligned_chunk_103.parquet,2392,21828,C17H15NO2,COc1ccc2cccc(OCc3ccccc3)c2n1
C17H15NO2,0,16712,mixed error,Alkane; Arene; Ether,Alkane; Arene; Haloalkane,aligned_chunk_58.parquet,526,645978,C17H15NO2,COc1ccc2c(-c3ccccc3)cc(=O)n(C)c2c1
C17H15NO2,0,24927,false positive,Alcohol; Alkane; Arene; Carboxylic acid; Nitrile,Alcohol; Alkane; Amine; Arene; Carboxylic acid; Nitrile,aligned_chunk_48.parquet,1599,611497,C17H15NO2,N#CC(Cc1ccccc1)(Cc1ccccc1)C(=O)O
C17H15NO2,0,25808,correct,Alcohol; Alkane; Arene; Ether,Alcohol; Alkane; Arene; Ether,aligned_chunk_46.parquet,2928,606316,C17H15NO2,OCc1ccc(OCc2ccc3ccccc3n2)cc1
C17H15NO2,0,38246,false positive,Alkane; Arene; Ester; Ether,Alkane; Arene; Ester; Ether; Sulfide,aligned_chunk_159.parquet,1387,218802,C17H15NO2,COC(=O)c1cn(-c2ccc(C)cc2)c2ccccc12
C17H15NO2,0,39203,correct,Alkane; Arene; Ester; Ether,Alkane; Arene; Ester; Ether,aligned_chunk_160.parquet,1067,224991,C17H15NO2,CCOC(=O)c1cc2ccccn2c1-c1ccccc1
C17H15NO2,0,40020,correct,Alkane; Amide; Arene; Imide,Alkane; Amide; Arene; Imide,aligned_chunk_210.parquet,3173,408778,C17H15NO2,O=C1c2ccccc2C(=O)N1CCCc1ccccc1
C17H15NO2,0,46093,correct,Alkane; Amine; Arene; Ether,Alkane; Amine; Arene; Ether,aligned_chunk_46.parquet,3178,606566,C17H15NO2,NCC1Cc2cccc(-c3cc4ccccc4o3)c2O1
C17H15NO2,0,46356,false positive,Aldehyde; Alkane; Arene; Ether,Aldehyde; Alkane; Arene; Ether; Haloalkane,aligned_chunk_130.parquet,2289,119215,C17H15NO2,Cn1c(C=O)cc2cc(OCc3ccccc3)ccc21
C17H15NO2,0,46478,correct,Alcohol; Alkane; Arene; Ether,Alcohol; Alkane; Arene; Ether,aligned_chunk_214.parquet,839,419482,C17H15NO2,OCc1cccc(OCc2ccc3ccccc3n2)c1
C17H15NO2,0,49569,correct,Alcohol; Alkane; Arene; Ether; Nitrile,Alcohol; Alkane; Arene; Ether; Nitrile,aligned_chunk_165.parquet,2334,242598,C17H15NO2,N#Cc1ccc(-c2ccc3c(c2)CC(CCO)O3)cc1
C17H15NO2,0,56188,false negative,Alkane; Arene; Ester; Ether,Alkane; Arene; Ether,aligned_chunk_53.parquet,2509,631885,C17H15NO2,Cn1ccc2ccc(C(=O)OCc3ccccc3)cc21
C17H15NO2,0,57875,false positive,Alkane; Arene; Ether; Ketone,Alkane; Arene; Ether; Haloalkane; Ketone,aligned_chunk_144.parquet,499,165906,C17H15NO2,COc1ccc(C(=O)c2c(C)[nH]c3ccccc23)cc1
C17H15NO2,1,60416,mixed error,Alcohol; Alkane; Alkene; Arene; Ketone,Alcohol; Alkane; Arene; Ester; Ether,aligned_chunk_173.parquet,2935,272660,C17H15NO2,Cc1cccc(C2(O)CC(=O)C=C2c2ccncc2)c1
C17H15NO2,0,69492,false negative,Aldehyde; Alkane; Arene; Ether,Aldehyde; Arene,aligned_chunk_166.parquet,752,244312,C17H15NO2,Cn1cc(C=O)c2cccc(OCc3ccccc3)c21
C17H19FN2O2,1,31248,correct,Alkane; Arene; Carbamate; Ether; Haloalkane,Alkane; Arene; Carbamate; Ether; Haloalkane,aligned_chunk_236.parquet,317,496782,C17H19FN2O2,CC(C)(C)OC(=O)NCc1ccc(F)cc1-c1ccncc1
C10H10N2O,0,9500,false negative,Alkane; Arene,Arene,aligned_chunk_171.parquet,2732,265886,C10H10N2O,CON=Cc1cccc2[nH]ccc12
C10H10N2O,0,15257,false positive,Alkane; Nitrile,Alkane; Alkene; Amine; Enamine; Haloalkane; Ketone; Nitrile,aligned_chunk_166.parquet,1937,245497,C10H10N2O,N#Cc1cc2c([n+]([O-])c1)CCCC2
C10H10N2O,1,16456,mixed error,Alkane; Arene; Ether,Amine; Arene,aligned_chunk_229.parquet,1103,471587,C10H10N2O,COc1ccc(-c2ncc[nH]2)cc1
C10H10N2O,0,23701,correct,Aldehyde; Alkane; Arene,Aldehyde; Alkane; Arene,aligned_chunk_4.parquet,12,580838,C10H10N2O,O=CCCn1cnc2ccccc21
C10H10N2O,0,24408,false negative,Alkane; Amide; Arene,Amide; Arene,aligned_chunk_75.parquet,1655,708450,C10H10N2O,Cn1cc(C(N)=O)c2ccccc21
C10H10N2O,0,35753,mixed error,Alkane; Alkene; Arene; Enamine,Alkene; Amide; Arene,aligned_chunk_207.parquet,2537,395248,C10H10N2O,O=C1NCC=CN1c1ccccc1
C10H10N2O,0,39208,correct,Alkane; Amine; Arene,Alkane; Amine; Arene,aligned_chunk_218.parquet,1993,433611,C10H10N2O,Cc1cccc(-c2cc(N)on2)c1
C10H10N2O,0,43010,correct,Alkane; Arene; Ether,Alkane; Arene; Ether,aligned_chunk_131.parquet,149,120313,C10H10N2O,COc1ccc(-c2cn[nH]c2)cc1
C10H10N2O,0,45674,false negative,Alkane; Amine; Arene; Ether,Alkane; Amine,aligned_chunk_243.parquet,3046,525355,C10H10N2O,COc1ccc(N)c2ncccc12
C10H10N2O,0,47671,false positive,Alkane; Amine; Arene; Ketone,Alkane; Alkene; Amine; Arene; Ketone,aligned_chunk_223.parquet,1367,452405,C10H10N2O,CC(=O)c1c[nH]c2ccc(N)cc12
C10H10N2O,0,56410,false negative,Alkane; Arene; Ether,Arene; Ether,aligned_chunk_33.parquet,2726,560850,C10H10N2O,COc1cccc(-n2cccn2)c1
C10H10N2O,0,65416,false negative,Alkane; Amine; Arene,Alkane; Amine,aligned_chunk_146.parquet,2644,174587,C10H10N2O,Cc1c[nH]c(=O)c2cccc(N)c12
C10H10N2O,0,66435,mixed error,Alcohol; Alkane; Arene; Phenol,Alcohol; Arene; Sulfide,aligned_chunk_57.parquet,1280,643529,C10H10N2O,Cc1ccccc1-n1ccc(O)n1
C10H10N2O,0,66890,mixed error,Alcohol; Alkane; Phenol,Alcohol; Haloalkane,aligned_chunk_166.parquet,758,244318,C10H10N2O,CCc1nc2ncccc2cc1O
C10H10N2O,0,72854,correct,Alkane; Amine; Arene,Alkane; Amine; Arene,aligned_chunk_105.parquet,2014,27969,C10H10N2O,NOCc1ccnc2ccccc12
C10H10N2O,0,73904,mixed error,Alcohol; Alkane; Amine; Arene,Alcohol; Amine; Arene; Haloalkane,aligned_chunk_4.parquet,867,581693,C10H10N2O,Nc1nccc2ccc(CO)cc12
C10H10N2O,0,77110,correct,Alcohol; Alkane; Arene,Alcohol; Alkane; Arene,aligned_chunk_93.parquet,1875,773522,C10H10N2O,OCc1cnc(-c2ccccc2)[nH]1
C15H21NO4S,0,3415,mixed error,Alkane; Amide; Arene; Ether; Sulfone,Alkane; Amide; Arene; Sulfide,aligned_chunk_22.parquet,1079,439185,C15H21NO4S,CC(C)(C)S(=O)(=O)CN(Cc1ccccc1)C(=O)[C@H]1CO1
C15H21NO4S,0,31999,false negative,Alcohol; Alkane; Carbamate; Carboxylic acid; Ether; Sulfide,Alcohol; Alkane; Carbamate; Carboxylic acid; Ether,aligned_chunk_65.parquet,1958,673236,C15H21NO4S,CC(C)(C)OC(=O)NC(C(=O)O)c1cc2c(s1)CCCC2
C15H21NO4S,0,42105,mixed error,Alcohol; Alkane; Amide; Arene; Carboxylic acid; Ether; Sulfide,Alcohol; Alkane; Amide; Arene; Carboxylic acid; Ether; Haloalkane,aligned_chunk_223.parquet,2569,453607,C15H21NO4S,COc1ccc(SCC(=O)NCCCCCC(=O)O)cc1
C15H21NO4S,0,50845,correct,Alkane; Amide; Ester; Ether; Sulfide,Alkane; Amide; Ester; Ether; Sulfide,aligned_chunk_134.parquet,449,130277,C15H21NO4S,CCOC(=O)c1c(NC(C)=O)sc2c1C(C)(C)OC2(C)C
C15H21NO4S,0,56464,false positive,Alkane; Arene; Ester; Ether; Sulfide,Alkane; Arene; Ester; Ether; Haloalkane; Sulfide,aligned_chunk_168.parquet,191,250241,C15H21NO4S,CCOC(=O)C(C)(C)Oc1ccc(SC(=O)N(C)C)cc1
C15H21NO4S,0,60774,false positive,Alcohol; Alkane; Amine; Arene; Carboxylic acid; Sulfone,Alcohol; Alkane; Alkene; Amine; Arene; Carboxylic acid; Sulfone,aligned_chunk_23.parquet,2406,476125,C15H21NO4S,CC1(C)CCN(c2ccc(S(C)(=O)=O)cc2C(=O)O)CC1
C15H21NO4S,1,71134,mixed error,Alkane; Alkene; Amine; Enamine; Ester; Ether; Sulfide,Alkane; Alkene; Ester; Ether; Haloalkane,aligned_chunk_124.parquet,2007,96173,C15H21NO4S,CCOC(=O)C=C1CSC2=C(C(=O)OC(C)C)C(C)CN12
C11H10O2,0,11903,false negative,Alkane; Alkene; Arene; Ether; Ketone,Alkane; Arene; Ether; Ketone,aligned_chunk_196.parquet,2258,352994,C11H10O2,C=Cc1ccc2c(c1)OCCC2=O
C11H10O2,0,15228,correct,Alkane; Alkyne; Arene; Ester; Ether,Alkane; Alkyne; Arene; Ester; Ether,aligned_chunk_162.parquet,2942,233423,C11H10O2,C#Cc1ccc(CC(=O)OC)cc1
C11H10O2,0,26881,false negative,Alcohol; Alkane; Arene,Alcohol; Arene,aligned_chunk_98.parquet,1683,789565,C11H10O2,OCc1cocc1-c1ccccc1
C11H10O2,0,30483,false negative,Alkane; Alkyne; Arene; Ether; Ketone,Alkane; Alkyne; Arene; Ketone,aligned_chunk_101.parquet,2645,15613,C11H10O2,COc1ccc(C#CC(C)=O)cc1
C11H10O2,1,32594,mixed error,Alcohol; Alkane; Alkyne; Arene; Ketone,Alcohol; Alkane; Alkyne; Arene; Haloalkane; Sulfide,aligned_chunk_64.parquet,1702,669751,C11H10O2,Cc1ccc(C(=O)C#CCO)cc1
C11H10O2,0,41181,false negative,Alkane; Alkene; Arene; Ether; Ketone,Alkane; Alkene; Arene; Ketone,aligned_chunk_28.parquet,107,538599,C11H10O2,CC(=O)C1=Cc2ccccc2OC1
C11H10O2,0,46035,mixed error,Alkane; Arene,Alkane; Haloalkane,aligned_chunk_10.parquet,1301,7809,C11H10O2,Cc1cc(=O)c2cccc(C)c2o1
C11H10O2,0,55660,false positive,Alcohol; Alkane; Arene; Ether; Phenol,Alcohol; Alkane; Alkene; Arene; Ester; Ether; Phenol,aligned_chunk_179.parquet,820,289959,C11H10O2,COc1cccc2cc(O)ccc12
C11H10O2,0,67237,false positive,Alkane; Alkene; Arene; Ester; Ether,Alkane; Alkene; Arene; Ester; Ether; Haloalkane,aligned_chunk_118.parquet,2658,74043,C11H10O2,C=Cc1ccc2c(c1)CCOC2=O
C11H10O2,0,73718,mixed error,Alkane; Arene; Ketone,Acyl halide; Arene; Haloalkane; Ketone,aligned_chunk_144.parquet,930,166337,C11H10O2,CC(=O)c1cc2cccc(C)c2o1
C7H7I,1,14146,mixed error,Alkane; Arene; Haloalkane,Arene; Haloalkane; Sulfide,aligned_chunk_18.parquet,1520,293860,C7H7I,Cc1cccc(I)c1
C12H12O4,0,8485,correct,Alcohol; Aldehyde; Alkane; Arene; Carboxylic acid; Ether,Alcohol; Aldehyde; Alkane; Arene; Carboxylic acid; Ether,aligned_chunk_241.parquet,249,516073,C12H12O4,O=Cc1cc(C(=O)O)ccc1OCC1CC1
C12H12O4,0,9507,false negative,Aldehyde; Alkane; Alkene; Arene; Ester; Ether,Alkane; Alkene; Arene; Ether,aligned_chunk_107.parquet,1241,33712,C12H12O4,C=C(COc1ccccc1C=O)C(=O)OC
C12H12O4,0,13469,correct,Alcohol; Alkane; Arene; Ester; Ether; Phenol,Alcohol; Alkane; Arene; Ester; Ether; Phenol,aligned_chunk_122.parquet,133,87794,C12H12O4,CCOC(=O)C1C2Oc3ccc(O)cc3C21
C12H12O4,0,19174,mixed error,Alcohol; Alkane; Arene; Ether,Alcohol; Alkane; Arene; Haloalkane; Phenol,aligned_chunk_21.parquet,2918,405282,C12H12O4,Cc1cc2c3c(ccc2o1)OC[C@H](CO)O3
C12H12O4,0,21384,false positive,Alkane; Arene; Ether,Alkane; Arene; Ether; Haloalkane; Nitrile,aligned_chunk_126.parquet,134,100793,C12H12O4,COC(OC)c1cc(=O)c2ccccc2o1
C12H12O4,1,32389,mixed error,Alcohol; Alkane; Arene; Carboxylic acid; Ester; Ether,Alcohol; Arene; Carboxylic acid; Haloalkane,aligned_chunk_175.parquet,1685,277908,C12H12O4,COC(=O)c1cc(C(=O)O)cc(C2CC2)c1
C12H12O4,0,35524,false positive,Alcohol; Alkane; Arene; Ester; Ether; Phenol,Alcohol; Alkane; Arene; Ester; Ether; Phenol; Sulfide,aligned_chunk_170.parquet,1760,261634,C12H12O4,COC(=O)Cc1coc2cc(O)cc(C)c12
C12H12O4,0,37103,correct,Alcohol; Alkane; Alkene; Arene; Carboxylic acid; Ether,Alcohol; Alkane; Alkene; Arene; Carboxylic acid; Ether,aligned_chunk_189.parquet,379,325178,C12H12O4,COc1ccc2c(c1)C=C(C(=O)O)CCO2
C12H12O4,0,40080,correct,Alkane; Arene; Ether; Ketone,Alkane; Arene; Ether; Ketone,aligned_chunk_112.parquet,1090,53039,C12H12O4,COc1cc2cc(C(C)=O)oc2cc1OC
C12H12O4,0,40845,correct,Alcohol; Alkane; Alkene; Arene; Ester; Ether,Alcohol; Alkane; Alkene; Arene; Ester; Ether,aligned_chunk_198.parquet,1345,358519,C12H12O4,COc1ccc(C2=CC(=O)OC2(C)O)cc1
C12H12O4,0,46328,mixed error,Alcohol; Alkane; Alkene; Arene; Carboxylic acid; Ester; Ether,Alcohol; Alkene; Arene; Carboxylic acid; Haloalkane,aligned_chunk_116.parquet,399,65361,C12H12O4,CCOC(=O)c1ccccc1/C=C/C(=O)O
C12H12O4,0,49825,false negative,Alkane; Alkene; Ester; Ether; Ketone,Alkane; Ester; Ether,aligned_chunk_45.parquet,2350,602469,C12H12O4,COC(=O)C1CCC2=C(C1)C(=O)C=CC2=O
C12H12O4,0,50181,mixed error,Alcohol; Alkane; Arene; Ether; Phenol,Alcohol; Alkene; Arene; Ether; Phenol,aligned_chunk_193.parquet,2237,343262,C12H12O4,COc1cc(-c2ccco2)cc(OC)c1O
C12H12O4,0,62056,false negative,Alcohol; Alkane; Arene; Carboxylic acid; Ester; Ether,Alcohol; Arene; Carboxylic acid,aligned_chunk_17.parquet,993,257489,C12H12O4,COC(=O)C1(c2ccc(C(=O)O)cc2)CC1
C12H12O4,0,62722,false negative,Alkane; Arene; Ester; Ether; Ketone,Alkane; Arene; Ketone,aligned_chunk_126.parquet,208,100867,C12H12O4,COC(=O)c1cccc(C(=O)CC(C)=O)c1
C12H12O4,0,66324,false negative,Alcohol; Alkane; Alkene; Arene; Carboxylic acid; Ether; Phenol,Alcohol; Alkene; Arene; Carboxylic acid; Ether; Phenol,aligned_chunk_80.parquet,1926,728086,C12H12O4,C=CCOc1cc(C=CC(=O)O)ccc1O
C12H12O4,0,72183,mixed error,Alcohol; Alkane; Alkene; Arene; Carboxylic acid; Ether,Alcohol; Alkane; Arene; Carboxylic acid; Ether; Haloalkane,aligned_chunk_219.parquet,2743,437619,C12H12O4,O=C(O)CCCc1cccc2c1OC=CO2
C12H12O4,0,74847,correct,Alkane; Arene; Ester; Ether; Ketone,Alkane; Arene; Ester; Ether; Ketone,aligned_chunk_135.parquet,827,133887,C12H12O4,COC(=O)c1ccc2c(c1)C(=O)CC(C)O2
C19H18N6,0,31084,correct,Alkane; Amine; Arene,Alkane; Amine; Arene,aligned_chunk_135.parquet,1369,134429,C19H18N6,C[C@H](Nc1nccc(-n2cnc3ccc(N)cc32)n1)c1ccccc1
C19H18N6,0,32720,correct,Alkane; Amine; Arene,Alkane; Amine; Arene,aligned_chunk_44.parquet,101,597054,C19H18N6,C[C@H](Nc1nccc(-n2cnc3ccccc32)n1)c1cccc(N)c1
C19H18N6,1,43654,mixed error,Alkane; Amine; Arene,Amine; Arene; Haloalkane,aligned_chunk_240.parquet,1513,514059,C19H18N6,Nc1nc(NCc2ccccc2)nc2c1ncn2Cc1ccccc1
C7H6BrN3,0,5373,false negative,Alkane; Haloalkane,Alkane,aligned_chunk_3.parquet,3149,548260,C7H6BrN3,BrCc1n[nH]c2ncccc12
C7H6BrN3,0,12650,false positive,Alkane; Haloalkane,Alkane; Ester; Ether; Haloalkane,aligned_chunk_219.parquet,1885,436761,C7H6BrN3,Cn1ncc2cc(Br)cnc21
C7H6BrN3,1,46503,mixed error,Amine; Arene; Haloalkane,Alkane; Amine; Arene,aligned_chunk_200.parquet,2047,372108,C7H6BrN3,Nc1ccc2[nH]nc(Br)c2c1
C7H6BrN3,0,49636,false negative,Alkane; Haloalkane,Alkane,aligned_chunk_93.parquet,1843,773490,C7H6BrN3,Cc1cc2nc(Br)ccn2n1
C7H6BrN3,0,54197,correct,Alkane; Haloalkane,Alkane; Haloalkane,aligned_chunk_165.parquet,566,240830,C7H6BrN3,Cc1cnc2c(Br)cnn2c1
C7H6BrN3,0,65146,correct,Alkane; Haloalkane,Alkane; Haloalkane,aligned_chunk_104.parquet,1855,24566,C7H6BrN3,Cc1nc2cnccn2c1Br
C7H6BrN3,0,74416,false negative,Alkane; Arene; Haloalkane,Arene; Haloalkane,aligned_chunk_94.parquet,380,775297,C7H6BrN3,[N-]=[N+]=NCc1ccccc1Br
C7H15NO,0,3910,correct,Alcohol; Alkane; Amine,Alcohol; Alkane; Amine,aligned_chunk_184.parquet,1315,309867,C7H15NO,CNC1CCC(O)CC1
C7H15NO,0,9223,correct,Alcohol; Alkane; Amine,Alcohol; Alkane; Amine,aligned_chunk_46.parquet,757,604145,C7H15NO,OCCN1CCCCC1
C7H15NO,0,10051,correct,Alcohol; Alkane; Amine,Alcohol; Alkane; Amine,aligned_chunk_232.parquet,561,484053,C7H15NO,CC(C)(O)C1CC(N)C1
C7H15NO,0,15990,false positive,Alcohol; Alkane; Amine,Alcohol; Alkane; Amine; Haloalkane,aligned_chunk_194.parquet,1546,345813,C7H15NO,OCCCC1CCCN1
C7H15NO,0,35577,false negative,Alkane; Amine; Ether,Alkane; Amine,aligned_chunk_29.parquet,1230,543051,C7H15NO,COCC1CCCNC1
C7H15NO,0,42114,false negative,Alkane; Amine; Ether,Alkane,aligned_chunk_43.parquet,2926,596733,C7H15NO,CC1CN(C)CC(C)O1
C7H15NO,0,52958,correct,Alcohol; Alkane; Alkene; Amine,Alcohol; Alkane; Alkene; Amine,aligned_chunk_130.parquet,1488,118414,C7H15NO,CC(C)=CC(O)CCN
C7H15NO,0,56053,correct,Alcohol; Alkane; Amine,Alcohol; Alkane; Amine,aligned_chunk_36.parquet,2479,570412,C7H15NO,CC(C)(O)[C@@H]1CCNC1
C7H15NO,0,61067,correct,Alcohol; Alkane; Amine,Alcohol; Alkane; Amine,aligned_chunk_165.parquet,3030,243294,C7H15NO,CN[C@H]1CCCC[C@@H]1O
C7H15NO,1,62985,mixed error,Alkane; Amine; Ether,Alkane; Amine; Haloalkane,aligned_chunk_48.parquet,974,610872,C7H15NO,CN(C)C1CCOCC1
C7H15NO,0,64684,correct,Alcohol; Alkane; Amine,Alcohol; Alkane; Amine,aligned_chunk_132.parquet,1251,124594,C7H15NO,C[C@H]1CCCN[C@H]1CO
C7H15NO,0,77454,false negative,Alkane; Amine; Ether,Alkane; Amine,aligned_chunk_85.parquet,2147,744494,C7H15NO,CCNC[C@@H]1CCCO1
C7H15NO,0,78174,correct,Alcohol; Alkane; Amine,Alcohol; Alkane; Amine,aligned_chunk_114.parquet,1823,60284,C7H15NO,CC(O)C1CCCCN1
C12H16N4S,1,15507,false positive,Alkane; Amine; Arene; Sulfide,Alkane; Amine; Arene; Sulfide; Sulfoxide,aligned_chunk_72.parquet,2739,699880,C12H16N4S,CCCn1cnnc1CSc1ccc(N)cc1
C25H23ClN2O2,1,29473,correct,Alcohol; Alkane; Arene; Carboxylic acid; Haloalkane,Alcohol; Alkane; Arene; Carboxylic acid; Haloalkane,aligned_chunk_15.parquet,1014,186005,C25H23ClN2O2,CCCCc1nc2ccccc2n1Cc1ccc(-c2cc(Cl)ccc2C(=O)O)cc1
C19H18BrNO3,1,5601,mixed error,Alcohol; Aldehyde; Alkane; Amide; Arene; Haloalkane,Alcohol; Alkane; Arene; Ether; Haloalkane; Phenol,aligned_chunk_215.parquet,351,422232,C19H18BrNO3,CC(C)(O)c1ccc2c(c1)CCN(c1cccc(Br)c1C=O)C2=O
C19H18BrNO3,0,38385,mixed error,Alkane; Amide; Arene; Ether; Haloalkane; Imide,Alkane; Arene; Ether; Imide; Sulfide,aligned_chunk_2.parquet,1650,365328,C19H18BrNO3,COc1cccc(C(CN2C(=O)CCC2=O)c2ccc(Br)cc2)c1
C19H18BrNO3,0,42677,mixed error,Alcohol; Alkane; Arene; Ether; Haloalkane,Alcohol; Alkane; Arene; Haloalkane; Ketone,aligned_chunk_177.parquet,1278,284004,C19H18BrNO3,Cc1noc(-c2ccc(Br)cc2)c1C(O)COCc1ccccc1
C19H18BrNO3,0,47055,false positive,Alcohol; Alkane; Amine; Arene; Haloalkane; Ketone,Alcohol; Alkane; Amine; Arene; Ester; Ether; Haloalkane; Ketone,aligned_chunk_153.parquet,1231,199112,C19H18BrNO3,CC(C)(CO)CNc1ccc(Br)c2c1C(=O)c1ccccc1C2=O
C9H8N2O2,0,82,mixed error,Alcohol; Alkane; Arene; Carboxylic acid,Alcohol; Arene; Carboxylic acid; Haloalkane,aligned_chunk_120.parquet,1869,83037,C9H8N2O2,Cc1n[nH]c2cc(C(=O)O)ccc12
C9H8N2O2,0,2275,false negative,Alcohol; Alkane; Arene; Carboxylic acid,Alcohol; Arene; Carboxylic acid,aligned_chunk_37.parquet,2131,573280,C9H8N2O2,O=C(O)Cc1n[nH]c2ccccc12
C9H8N2O2,0,6295,false negative,Alkane; Amide; Arene; Ether; Nitrile,Amide; Arene; Nitrile,aligned_chunk_87.parquet,1600,750476,C9H8N2O2,N#Cc1cccc(OCC(N)=O)c1
C9H8N2O2,0,11686,false positive,Alkane; Ester; Ether,Alkane; Ester; Ether; Haloalkane,aligned_chunk_166.parquet,2839,246399,C9H8N2O2,COC(=O)c1c[nH]c2cccnc12
C9H8N2O2,0,16727,mixed error,Alkane; Ester; Ether,Alkane; Ketone; Sulfide,aligned_chunk_79.parquet,2994,722719,C9H8N2O2,COC(=O)c1ccc2cncn2c1
C9H8N2O2,0,18139,mixed error,Alkane; Amine; Arene,Alkane; Arene; Haloalkane,aligned_chunk_131.parquet,51,120215,C9H8N2O2,Cc1c([N+](=O)[O-])ccc2cc[nH]c12
C9H8N2O2,0,33955,mixed error,Alkane; Amine; Arene,Alkane; Arene; Ether; Haloalkane,aligned_chunk_5.parquet,756,617109,C9H8N2O2,Cc1ccc([N+](=O)[O-])c2cc[nH]c12
C9H8N2O2,1,38097,mixed error,Alkane; Amine; Arene; Nitrile,Arene; Haloalkane; Ketone,aligned_chunk_30.parquet,2405,550742,C9H8N2O2,CCc1cccc([N+](=O)[O-])c1C#N
C9H8N2O2,0,38174,false positive,Alcohol; Amine; Arene; Phenol,Alcohol; Alkane; Amine; Arene; Ether; Phenol,aligned_chunk_202.parquet,1335,377839,C9H8N2O2,Nn1c(=O)cc(O)c2ccccc21
C9H8N2O2,0,43434,mixed error,Alkane; Amine; Arene,Alkane; Arene; Ether; Haloalkane,aligned_chunk_41.parquet,131,587553,C9H8N2O2,Cc1c([N+](=O)[O-])ccc2[nH]ccc12
C9H8N2O2,0,53938,mixed error,Alcohol; Alkane; Carboxylic acid,Alcohol; Carboxylic acid; Haloalkane,aligned_chunk_73.parquet,425,700779,C9H8N2O2,O=C(O)Cc1ccn2ccnc2c1
C9H8N2O2,0,63254,mixed error,Alkane; Ether; Nitrile,Alkane; Amide; Sulfide,aligned_chunk_237.parquet,3081,502723,C9H8N2O2,N#Cc1ccc(C2OCCO2)cn1
C9H8N2O2,0,63616,mixed error,Alcohol; Alkane; Arene; Phenol,Alcohol; Carboxylic acid; Phenol; Sulfide,aligned_chunk_181.parquet,2883,301770,C9H8N2O2,Cn1nc(O)c2ccccc2c1=O
C9H8N2O2,0,63996,false positive,Alkane; Amine; Arene; Ester; Ether; Nitrile,Alkane; Amine; Arene; Ester; Ether; Nitrile; Sulfide,aligned_chunk_158.parquet,1474,215601,C9H8N2O2,COC(=O)c1ccc(C#N)cc1N
C9H8N2O2,0,64866,mixed error,Alcohol; Alkane; Arene; Carboxylic acid,Alcohol; Arene; Carboxylic acid; Ester; Ether,aligned_chunk_213.parquet,1973,417348,C9H8N2O2,Cn1ncc2cc(C(=O)O)ccc21
C9H8N2O2,0,67723,mixed error,Alkane,Aldehyde; Amine,aligned_chunk_35.parquet,934,565621,C9H8N2O2,COn1ccc(=O)c2ncccc21
C9H8N2O2,0,68096,false positive,Alcohol; Alkane; Arene; Carboxylic acid,Alcohol; Alkane; Arene; Carboxylic acid; Ether,aligned_chunk_150.parquet,1800,189995,C9H8N2O2,O=C(O)Cc1ccc2nc[nH]c2c1
C9H8N2O2,0,75197,false positive,Alkane; Ester; Ether; Nitrile,Alkane; Amine; Ester; Ether; Nitrile,aligned_chunk_37.parquet,2187,573336,C9H8N2O2,COC(=O)Cc1ccncc1C#N
C9H8N2O2,0,77999,mixed error,Amide; Arene,Alcohol; Alkane; Arene; Haloalkane,aligned_chunk_206.parquet,1893,391368,C9H8N2O2,O=C(NO)c1ccc2cc[nH]c2c1
C22H28N2O3,0,32517,false positive,Alkane; Arene; Ketone,Alkane; Arene; Ether; Ketone,aligned_chunk_26.parquet,3027,535033,C22H28N2O3,CCc1c(C(=O)c2cc(C)cc(C)c2)n(C(C)C2CCCC2)c(=O)[nH]c1=O
C22H28N2O3,1,38946,mixed error,Alcohol; Alkane; Amine; Arene; Carbamate; Ether,Alcohol; Alkane; Alkene; Amide; Arene; Ester; Ether; Haloalkane,aligned_chunk_50.parquet,3034,622679,C22H28N2O3,CC(C)(C)OC(=O)N1CCN(c2ccccc2-c2ccc(CO)cc2)CC1
C22H28N2O3,0,59283,false positive,Alkane; Arene; Ether; Nitrile,Alkane; Arene; Ether; Haloalkane; Nitrile,aligned_chunk_195.parquet,1134,348652,C22H28N2O3,Cc1cccc(-c2nc(CO[C@H]3CCC[C@@H](OCCCC#N)C3)c(C)o2)c1
C22H28N2O3,0,61383,correct,Alkane; Amine; Arene; Ether,Alkane; Amine; Arene; Ether,aligned_chunk_143.parquet,1662,163795,C22H28N2O3,COc1ccccc1N1CCC(CNC[C@H]2COc3ccccc3O2)CC1
C22H28N2O3,0,61606,correct,Alcohol; Alkane; Amine; Arene; Ether,Alcohol; Alkane; Amine; Arene; Ether,aligned_chunk_238.parquet,1727,504612,C22H28N2O3,COc1ccccc1N1CCN([C@@H]2Cc3c(cccc3OC)C[C@H]2O)CC1
C22H28N2O3,0,70650,false negative,Alkane; Alkene; Amine; Arene; Ester; Ether,Alkane; Amine; Arene; Ether,aligned_chunk_37.parquet,2438,573587,C22H28N2O3,CC[C@@H]1CN2CCc3c([nH]c4ccccc34)[C@@H]2C[C@@H]1/C(=C/OC)C(=O)OC
C28H20N4O2,1,175,false negative,Alkane; Amide; Arene; Imide,Amide; Arene; Imide,aligned_chunk_22.parquet,3196,441302,C28H20N4O2,CC(c1ccc2c(c1)ncn2-c1cccc(-c2cccnc2)c1)N1C(=O)c2ccccc2C1=O
