trial_id,num_sites,physical_dim,bond_dim,dropout_rate,apply_snv,target_length,batch_size,num_epochs,learning_rate,weight_decay,patience,min_delta,num_workers,pin_memory,use_amp,lr_scheduler_factor,lr_scheduler_patience,lr_scheduler_min_lr,threshold_metric,best_epoch,best_val_f1_micro,best_val_f1_macro,best_val_loss,test_f1_micro,test_f1_macro,test_loss
1,4,200,64,0.2,True,1800,512,200,0.001,1e-06,20,0.0001,4,True,True,0.7,10,1e-06,f1_micro,69,0.705950991831972,0.27367133407202693,2.712244749069214,0.7121257041209605,0.2945520010481545,5.268042087554932
2,4,200,64,0.2,True,1800,512,200,0.001,1e-06,20,0.0001,4,True,True,0.7,10,1e-06,f1_macro,47,0.7222870478413069,0.29927863530767035,2.3511688709259033,0.7155146840700088,0.29948152483246543,4.7527265548706055
3,4,200,64,0.2,True,1800,512,200,0.0001,1e-06,20,0.0001,4,True,True,0.7,10,1e-06,f1_micro,122,0.6686620772223885,0.27124908754466903,1.214961290359497,0.6682779456193354,0.27941651291567604,2.460864543914795
4,4,200,64,0.2,True,1800,512,200,0.0001,1e-06,20,0.0001,4,True,True,0.7,10,1e-06,f1_macro,85,0.6671779141104295,0.3058118065024846,1.1622765064239502,0.6659680377259628,0.27563787124033573,2.3710453510284424
5,4,200,64,0.2,True,1800,1024,200,0.001,1e-06,20,0.0001,4,True,True,0.7,10,1e-06,f1_micro,90,0.723725613593455,0.2734623659191035,2.52201771736145,0.7193320488118176,0.2792396435577294,5.3932013511657715
6,4,200,64,0.2,True,1800,1024,200,0.001,1e-06,20,0.0001,4,True,True,0.7,10,1e-06,f1_macro,83,0.7385334501898919,0.3154790050477514,2.4890260696411133,0.7193035124587212,0.27474470689114466,5.352200508117676
7,4,200,64,0.2,True,1800,1024,200,0.0001,1e-06,20,0.0001,4,True,True,0.7,10,1e-06,f1_micro,107,0.6620005832604258,0.26868100920271326,1.0754204988479614,0.6646866646866647,0.26927044122956506,1.9924418926239014
8,4,200,64,0.2,True,1800,1024,200,0.0001,1e-06,20,0.0001,4,True,True,0.7,10,1e-06,f1_macro,105,0.6412745830221558,0.31142292253121506,1.0684844255447388,0.6370332740665481,0.28091734614178737,1.9807196855545044
9,4,200,64,0.2,True,1800,2048,200,0.001,1e-06,20,0.0001,4,True,True,0.7,10,1e-06,f1_micro,118,0.7185735512630015,0.2774577317695502,2.240568161010742,0.7234169653524493,0.3216186482233608,4.859356880187988
10,4,200,64,0.2,True,1800,2048,200,0.001,1e-06,20,0.0001,4,True,True,0.7,10,1e-06,f1_macro,65,0.7337003767024051,0.30726216412414087,2.0656044483184814,0.7218621096051856,0.28343655495847847,4.458474636077881
11,4,200,64,0.2,True,1800,2048,200,0.0001,1e-06,20,0.0001,4,True,True,0.7,10,1e-06,f1_micro,146,0.6544035674470458,0.28412249036712556,0.9699066281318665,0.6460326392796849,0.27951704811726297,1.7224041223526
12,4,200,64,0.2,True,1800,2048,200,0.0001,1e-06,20,0.0001,4,True,True,0.7,10,1e-06,f1_macro,77,0.58249832999332,0.30874885071101016,0.9271847605705261,0.581651376146789,0.2780269363971437,1.576775074005127
13,4,200,64,0.3,True,1800,512,200,0.001,1e-06,20,0.0001,4,True,True,0.7,10,1e-06,f1_micro,136,0.6969014084507043,0.3082036925477466,2.2587223052978516,0.7117765620501008,0.3147260815583104,5.936692714691162
14,4,200,64,0.3,True,1800,512,200,0.001,1e-06,20,0.0001,4,True,True,0.7,10,1e-06,f1_macro,45,0.7160561828697328,0.3241342730234571,1.7658954858779907,0.7021396396396397,0.31143108819003135,4.429062366485596
15,4,200,64,0.3,True,1800,512,200,0.0001,1e-06,20,0.0001,4,True,True,0.7,10,1e-06,f1_micro,136,0.6526075805072671,0.28035573458210034,1.1095298528671265,0.6518731988472622,0.31271022922145525,2.370044231414795
16,4,200,64,0.3,True,1800,512,200,0.0001,1e-06,20,0.0001,4,True,True,0.7,10,1e-06,f1_macro,71,0.6413726437892702,0.3196295488269314,1.0130603313446045,0.6422563087580406,0.29743942280826613,2.1370925903320312
17,4,200,64,0.3,True,1800,1024,200,0.001,1e-06,20,0.0001,4,True,True,0.7,10,1e-06,f1_micro,100,0.7243849268140766,0.27866249669239745,2.5358996391296387,0.740018861993084,0.31931875167379925,5.651501655578613
18,4,200,64,0.3,True,1800,1024,200,0.001,1e-06,20,0.0001,4,True,True,0.7,10,1e-06,f1_macro,79,0.7392700729927008,0.30000302563466114,2.426558017730713,0.7328018895777975,0.3195773619771712,5.43941593170166
19,4,200,64,0.3,True,1800,1024,200,0.0001,1e-06,20,0.0001,4,True,True,0.7,10,1e-06,f1_micro,106,0.6476769911504425,0.27328370881795155,1.010269284248352,0.6537271448663854,0.3018202964927612,1.9141329526901245
20,4,200,64,0.3,True,1800,1024,200,0.0001,1e-06,20,0.0001,4,True,True,0.7,10,1e-06,f1_macro,65,0.6152424942263279,0.30639855152990114,0.9284720420837402,0.6112285647169368,0.2863494930472784,1.672747015953064
21,4,200,64,0.3,True,1800,2048,200,0.001,1e-06,20,0.0001,4,True,True,0.7,10,1e-06,f1_micro,131,0.7109913147648996,0.2672512767354231,2.1758222579956055,0.7126436781609196,0.28665518677608065,4.821532249450684
22,4,200,64,0.3,True,1800,2048,200,0.001,1e-06,20,0.0001,4,True,True,0.7,10,1e-06,f1_macro,51,0.7082538817760828,0.3106943233065804,1.7323228120803833,0.7012041444973397,0.28603607608084186,3.8827433586120605
23,4,200,64,0.3,True,1800,2048,200,0.0001,1e-06,20,0.0001,4,True,True,0.7,10,1e-06,f1_micro,148,0.6327234155396446,0.27534788273362715,0.9346179962158203,0.6295902075572113,0.28198127288502184,1.722109317779541
24,4,200,64,0.3,True,1800,2048,200,0.0001,1e-06,20,0.0001,4,True,True,0.7,10,1e-06,f1_macro,82,0.5855175477565526,0.30705217726285733,0.8951973915100098,0.5813008130081301,0.27628644575757766,1.57464599609375
25,4,200,64,0.4,True,1800,512,200,0.001,1e-06,20,0.0001,4,True,True,0.7,10,1e-06,f1_micro,185,0.6974470396523629,0.2988371282650491,2.297126531600952,0.6949659863945579,0.28966875166975836,5.69646692276001
26,4,200,64,0.4,True,1800,512,200,0.001,1e-06,20,0.0001,4,True,True,0.7,10,1e-06,f1_macro,76,0.7162867344136227,0.3238005893323303,2.0939083099365234,0.6979341150195422,0.3149298636555194,5.368816375732422
27,4,200,64,0.4,True,1800,512,200,0.0001,1e-06,20,0.0001,4,True,True,0.7,10,1e-06,f1_micro,133,0.6322024771136241,0.27271588103688965,1.077893614768982,0.6335877862595419,0.3101987653308417,2.3054096698760986
28,4,200,64,0.4,True,1800,512,200,0.0001,1e-06,20,0.0001,4,True,True,0.7,10,1e-06,f1_macro,139,0.636231884057971,0.3125057929099738,1.0755248069763184,0.6331781426121049,0.28543236054612303,2.2997114658355713
29,4,200,64,0.4,True,1800,1024,200,0.001,1e-06,20,0.0001,4,True,True,0.7,10,1e-06,f1_micro,96,0.7125850340136054,0.29938966754832586,2.280452251434326,0.7252304147465438,0.30380138018004166,5.4201130867004395
30,4,200,64,0.4,True,1800,1024,200,0.001,1e-06,20,0.0001,4,True,True,0.7,10,1e-06,f1_macro,60,0.7391304347826086,0.31217425685332856,2.044049024581909,0.7385718553928892,0.29130746151665365,4.6965718269348145
31,4,200,64,0.4,True,1800,1024,200,0.0001,1e-06,20,0.0001,4,True,True,0.7,10,1e-06,f1_micro,145,0.6285864701237168,0.2698081737366168,0.9786272644996643,0.616557161629435,0.29336318902973896,1.844063639640808
32,4,200,64,0.4,True,1800,1024,200,0.0001,1e-06,20,0.0001,4,True,True,0.7,10,1e-06,f1_macro,81,0.5997357992073976,0.31093912271358715,0.9313908815383911,0.5857721746960829,0.26944275275177626,1.6908093690872192
33,4,200,64,0.4,True,1800,2048,200,0.001,1e-06,20,0.0001,4,True,True,0.7,10,1e-06,f1_micro,102,0.6990116801437556,0.271095121744732,1.8325310945510864,0.693455098934551,0.28897308094052027,4.342226505279541
34,4,200,64,0.4,True,1800,2048,200,0.001,1e-06,20,0.0001,4,True,True,0.7,10,1e-06,f1_macro,42,0.7124394184168013,0.31014532646607457,1.4188573360443115,0.7086657496561211,0.29350783166982297,3.421006441116333
35,4,200,64,0.4,True,1800,2048,200,0.0001,1e-06,20,0.0001,4,True,True,0.7,10,1e-06,f1_micro,193,0.6275115919629057,0.27895012246892925,0.9308158159255981,0.6209573091849935,0.2858476396776777,1.8167811632156372
36,4,200,64,0.4,True,1800,2048,200,0.0001,1e-06,20,0.0001,4,True,True,0.7,10,1e-06,f1_macro,115,0.5922242314647378,0.31519245240766425,0.9043176770210266,0.5803180456326342,0.2522230176924821,1.7104966640472412
37,4,200,128,0.2,True,1800,512,200,0.001,1e-06,20,0.0001,4,True,True,0.7,10,1e-06,f1_micro,100,0.6951965065502184,0.27385823481028987,2.783397912979126,0.708994708994709,0.28166064428518767,6.505087375640869
38,4,200,128,0.2,True,1800,512,200,0.001,1e-06,20,0.0001,4,True,True,0.7,10,1e-06,f1_macro,74,0.7245787332945962,0.31776674584610715,2.631288528442383,0.7101704879482658,0.2543145390535555,5.9778313636779785
39,4,200,128,0.2,True,1800,512,200,0.0001,1e-06,20,0.0001,4,True,True,0.7,10,1e-06,f1_micro,106,0.6976609875830205,0.251636697697453,1.3459612131118774,0.7006369426751592,0.27272548272816105,2.6487491130828857
40,4,200,128,0.2,True,1800,512,200,0.0001,1e-06,20,0.0001,4,True,True,0.7,10,1e-06,f1_macro,47,0.6466088730239674,0.29589316741586097,1.1764360666275024,0.6303219106957425,0.26660048391587254,2.293383836746216
41,4,200,128,0.2,True,1800,1024,200,0.001,1e-06,20,0.0001,4,True,True,0.7,10,1e-06,f1_micro,87,0.7203182374541004,0.26663930216746873,2.591670274734497,0.7314958191390524,0.31516999841578364,5.514836311340332
42,4,200,128,0.2,True,1800,1024,200,0.001,1e-06,20,0.0001,4,True,True,0.7,10,1e-06,f1_macro,47,0.7316209034543845,0.2921832007222043,2.2637453079223633,0.7235064545181628,0.3130004761853631,4.969631671905518
43,4,200,128,0.2,True,1800,1024,200,0.0001,1e-06,20,0.0001,4,True,True,0.7,10,1e-06,f1_micro,160,0.689787001638449,0.25401175399803894,1.156617283821106,0.6770321876704856,0.27242855068344707,2.176795721054077
44,4,200,128,0.2,True,1800,1024,200,0.0001,1e-06,20,0.0001,4,True,True,0.7,10,1e-06,f1_macro,49,0.5701130179991628,0.3010687875200729,1.0367120504379272,0.552581664910432,0.2594599441822906,1.8595446348190308
45,4,200,128,0.2,True,1800,2048,200,0.001,1e-06,20,0.0001,4,True,True,0.7,10,1e-06,f1_micro,135,0.7269461077844311,0.27431645762617485,2.3713440895080566,0.7354642313546423,0.3045339144955783,4.8221821784973145
46,4,200,128,0.2,True,1800,2048,200,0.001,1e-06,20,0.0001,4,True,True,0.7,10,1e-06,f1_macro,58,0.7352170113603262,0.3031990606100238,2.081411123275757,0.7167255594817432,0.29983691413169067,4.399359226226807
47,4,200,128,0.2,True,1800,2048,200,0.0001,1e-06,20,0.0001,4,True,True,0.7,10,1e-06,f1_micro,200,0.6175318315377081,0.24153051453279706,1.057288408279419,0.6069505628976994,0.25914234728142005,1.8856741189956665
48,4,200,128,0.2,True,1800,2048,200,0.0001,1e-06,20,0.0001,4,True,True,0.7,10,1e-06,f1_macro,73,0.530486553069185,0.2881652962284328,1.0273408889770508,0.5222638368705784,0.26439728635574666,1.7826521396636963
49,4,200,128,0.3,True,1800,512,200,0.001,1e-06,20,0.0001,4,True,True,0.7,10,1e-06,f1_micro,166,0.7042001787310098,0.29858558784105915,2.528024435043335,0.7061668681983071,0.289455329873211,6.347911834716797
50,4,200,128,0.3,True,1800,512,200,0.001,1e-06,20,0.0001,4,True,True,0.7,10,1e-06,f1_macro,25,0.7070870385340878,0.32573065448868643,1.687341332435608,0.6832332058984162,0.2634792798637524,3.928436040878296
51,4,200,128,0.3,True,1800,512,200,0.0001,1e-06,20,0.0001,4,True,True,0.7,10,1e-06,f1_micro,135,0.6804750069041701,0.25959092552194163,1.2642102241516113,0.6788685524126455,0.2725886312714554,2.7032504081726074
52,4,200,128,0.3,True,1800,512,200,0.0001,1e-06,20,0.0001,4,True,True,0.7,10,1e-06,f1_macro,60,0.6644312612844984,0.2997233454339033,1.100782036781311,0.649187205034085,0.26436093301317193,2.3688089847564697
53,4,200,128,0.3,True,1800,1024,200,0.001,1e-06,20,0.0001,4,True,True,0.7,10,1e-06,f1_micro,86,0.7187399549983928,0.2670914513772681,2.564924955368042,0.7347334410339257,0.3233685560852806,5.6813201904296875
54,4,200,128,0.3,True,1800,1024,200,0.001,1e-06,20,0.0001,4,True,True,0.7,10,1e-06,f1_macro,50,0.7333918642083699,0.30850375851017603,2.2144129276275635,0.7233154442456768,0.30381400442361467,5.209584712982178
55,4,200,128,0.3,True,1800,1024,200,0.0001,1e-06,20,0.0001,4,True,True,0.7,10,1e-06,f1_micro,140,0.6680705448802317,0.25570877574084966,1.1362003087997437,0.6631411951348493,0.27129603871089447,2.1001968383789062
56,4,200,128,0.3,True,1800,1024,200,0.0001,1e-06,20,0.0001,4,True,True,0.7,10,1e-06,f1_macro,69,0.5811437403400309,0.30298971760074767,1.0740858316421509,0.5763935906116001,0.2744096559185685,1.9545843601226807
57,4,200,128,0.3,True,1800,2048,200,0.001,1e-06,20,0.0001,4,True,True,0.7,10,1e-06,f1_micro,85,0.7122473246135553,0.2738469379560246,2.017153263092041,0.7194244604316546,0.3257952781557292,4.3121771812438965
58,4,200,128,0.3,True,1800,2048,200,0.001,1e-06,20,0.0001,4,True,True,0.7,10,1e-06,f1_macro,100,0.7298410829899941,0.29871934087147306,2.0331685543060303,0.7188612099644128,0.31271236467893687,4.309430122375488
59,4,200,128,0.3,True,1800,2048,200,0.0001,1e-06,20,0.0001,4,True,True,0.7,10,1e-06,f1_micro,190,0.620855358000961,0.250111592586104,1.0604770183563232,0.6172422120260806,0.253428556808544,1.8894644975662231
60,4,200,128,0.3,True,1800,2048,200,0.0001,1e-06,20,0.0001,4,True,True,0.7,10,1e-06,f1_macro,89,0.5644717340673301,0.2957552220848176,1.033091425895691,0.5539845758354756,0.26708777130995964,1.819954752922058
61,4,200,128,0.4,True,1800,512,200,0.001,1e-06,20,0.0001,4,True,True,0.7,10,1e-06,f1_micro,147,0.6977378032161352,0.2860190546554645,2.3178019523620605,0.6930475405331135,0.3043007616937834,6.106254577636719
62,4,200,128,0.4,True,1800,512,200,0.001,1e-06,20,0.0001,4,True,True,0.7,10,1e-06,f1_macro,49,0.7227324913892078,0.31124332078853056,1.835511326789856,0.7044463818657367,0.2911761804234788,5.061589241027832
63,4,200,128,0.4,True,1800,512,200,0.0001,1e-06,20,0.0001,4,True,True,0.7,10,1e-06,f1_micro,144,0.668419668682619,0.2812451276618596,1.241711974143982,0.6647261180206404,0.27152335318185444,2.715296506881714
64,4,200,128,0.4,True,1800,512,200,0.0001,1e-06,20,0.0001,4,True,True,0.7,10,1e-06,f1_macro,58,0.6355851569933397,0.29474199279773833,1.1021010875701904,0.6313241345921085,0.2915782250781258,2.3214893341064453
65,4,200,128,0.4,True,1800,1024,200,0.001,1e-06,20,0.0001,4,True,True,0.7,10,1e-06,f1_micro,87,0.7162121666167216,0.27886462680096274,2.309933662414551,0.7208182912154031,0.30664336635212,5.595500469207764
66,4,200,128,0.4,True,1800,1024,200,0.001,1e-06,20,0.0001,4,True,True,0.7,10,1e-06,f1_macro,51,0.7285592980469856,0.3175934516267409,1.9622124433517456,0.7096774193548387,0.30313050260549484,4.906594753265381
67,4,200,128,0.4,True,1800,1024,200,0.0001,1e-06,20,0.0001,4,True,True,0.7,10,1e-06,f1_micro,139,0.6617497456765005,0.26810039759681975,1.1011749505996704,0.6541008660213958,0.2692402022239002,2.16804838180542
68,4,200,128,0.4,True,1800,1024,200,0.0001,1e-06,20,0.0001,4,True,True,0.7,10,1e-06,f1_macro,33,0.5451612903225806,0.3002499876395308,0.9466493129730225,0.5310985460420032,0.2717854745843331,1.5659053325653076
69,4,200,128,0.4,True,1800,2048,200,0.001,1e-06,20,0.0001,4,True,True,0.7,10,1e-06,f1_micro,128,0.705646316996274,0.28170933081062527,2.1341989040374756,0.7095292766934558,0.3133836203482197,4.419848918914795
70,4,200,128,0.4,True,1800,2048,200,0.001,1e-06,20,0.0001,4,True,True,0.7,10,1e-06,f1_macro,43,0.7050592034445641,0.30348676175193573,1.680292010307312,0.696862210095498,0.2965490677949664,3.373072624206543
71,4,200,128,0.4,True,1800,2048,200,0.0001,1e-06,20,0.0001,4,True,True,0.7,10,1e-06,f1_micro,197,0.5791505791505791,0.24997977335904223,1.0195049047470093,0.5653021442495126,0.2512781576813334,1.8258203268051147
72,4,200,128,0.4,True,1800,2048,200,0.0001,1e-06,20,0.0001,4,True,True,0.7,10,1e-06,f1_macro,61,0.534447615165104,0.2937876536710578,0.9764675498008728,0.5261417648274437,0.26498354221839815,1.6620426177978516
73,4,200,256,0.2,True,1800,512,200,0.001,1e-06,20,0.0001,4,True,True,0.7,10,1e-06,f1_micro,79,0.6664801343033017,0.2782203040126374,2.0890214443206787,0.6566145092460882,0.2708746986559758,4.236169338226318
74,4,200,256,0.2,True,1800,512,200,0.001,1e-06,20,0.0001,4,True,True,0.7,10,1e-06,f1_macro,84,0.6985313751668892,0.3017605567845303,2.0726425647735596,0.6845238095238095,0.278300110094718,4.098569393157959
75,4,200,256,0.2,True,1800,512,200,0.0001,1e-06,20,0.0001,4,True,True,0.7,10,1e-06,f1_micro,124,0.6717267552182163,0.2516361652945983,1.1917816400527954,0.6765350877192983,0.28442303567589045,2.0926852226257324
76,4,200,256,0.2,True,1800,512,200,0.0001,1e-06,20,0.0001,4,True,True,0.7,10,1e-06,f1_macro,119,0.6664984863773966,0.3075407274063608,1.186095118522644,0.656670113753878,0.2659734484863553,2.0827534198760986
77,4,200,256,0.2,True,1800,1024,200,0.001,1e-06,20,0.0001,4,True,True,0.7,10,1e-06,f1_micro,119,0.7167980594299576,0.2663654155159368,2.5696403980255127,0.738176197836167,0.3180111808817413,5.1347503662109375
78,4,200,256,0.2,True,1800,1024,200,0.001,1e-06,20,0.0001,4,True,True,0.7,10,1e-06,f1_macro,72,0.723629935179729,0.29161367855411174,2.384408473968506,0.7295032914422501,0.31230892063394483,4.915897846221924
79,4,200,256,0.2,True,1800,1024,200,0.0001,1e-06,20,0.0001,4,True,True,0.7,10,1e-06,f1_micro,199,0.6247995724211651,0.24040591530035832,1.0751584768295288,0.629080118694362,0.27576752110403524,1.703246831893921
80,4,200,256,0.2,True,1800,1024,200,0.0001,1e-06,20,0.0001,4,True,True,0.7,10,1e-06,f1_macro,38,0.5244687073503607,0.2919623149652693,1.0125211477279663,0.5137216189536031,0.25949242638302067,1.4809826612472534
81,4,200,256,0.2,True,1800,2048,200,0.001,1e-06,20,0.0001,4,True,True,0.7,10,1e-06,f1_micro,98,0.7146990740740741,0.2804800430357081,2.2040963172912598,0.7083700440528634,0.3085779902032956,4.591078281402588
82,4,200,256,0.2,True,1800,2048,200,0.001,1e-06,20,0.0001,4,True,True,0.7,10,1e-06,f1_macro,100,0.7409797594602523,0.2981590193056601,2.1885833740234375,0.7198813056379822,0.2981692056761825,4.559523582458496
83,4,200,256,0.2,True,1800,2048,200,0.0001,1e-06,20,0.0001,4,True,True,0.7,10,1e-06,f1_micro,194,0.5530484877580413,0.23342895959393922,1.0244157314300537,0.5584941624970217,0.24701554366033754,1.5364245176315308
84,4,200,256,0.2,True,1800,2048,200,0.0001,1e-06,20,0.0001,4,True,True,0.7,10,1e-06,f1_macro,13,0.49681050656660414,0.2813571604761921,0.9877437949180603,0.4956389836935912,0.2641643563899801,1.2958474159240723
85,4,200,256,0.3,True,1800,512,200,0.001,1e-06,20,0.0001,4,True,True,0.7,10,1e-06,f1_micro,125,0.6965918536990856,0.2930753387377782,2.4219977855682373,0.6951185495118549,0.2788673565071209,5.622268199920654
86,4,200,256,0.3,True,1800,512,200,0.001,1e-06,20,0.0001,4,True,True,0.7,10,1e-06,f1_macro,86,0.719293245939014,0.3282399244546088,2.229308843612671,0.7036823935558113,0.28859746130641833,5.526430606842041
87,4,200,256,0.3,True,1800,512,200,0.0001,1e-06,20,0.0001,4,True,True,0.7,10,1e-06,f1_micro,126,0.6725099601593626,0.25935555801426047,1.191150188446045,0.6819296811120196,0.26917567220217914,2.1509928703308105
88,4,200,256,0.3,True,1800,512,200,0.0001,1e-06,20,0.0001,4,True,True,0.7,10,1e-06,f1_macro,41,0.6175984902099552,0.30325400269175057,1.0483372211456299,0.6107755496496738,0.2761287878650716,1.6992124319076538
89,4,200,256,0.3,True,1800,1024,200,0.001,1e-06,20,0.0001,4,True,True,0.7,10,1e-06,f1_micro,113,0.7238390092879257,0.27332238965736105,2.379171848297119,0.7298636926889716,0.3286135260990619,4.934571266174316
90,4,200,256,0.3,True,1800,1024,200,0.001,1e-06,20,0.0001,4,True,True,0.7,10,1e-06,f1_macro,46,0.7179058758006126,0.31367918865257477,1.8094990253448486,0.7091879741500422,0.29212794131064634,4.061097621917725
91,4,200,256,0.3,True,1800,1024,200,0.0001,1e-06,20,0.0001,4,True,True,0.7,10,1e-06,f1_micro,124,0.6317787418655098,0.24261405656884455,1.0760042667388916,0.6453026568063545,0.28408658481959637,1.731338620185852
92,4,200,256,0.3,True,1800,1024,200,0.0001,1e-06,20,0.0001,4,True,True,0.7,10,1e-06,f1_macro,36,0.5193994930785728,0.2948502611750044,1.0068862438201904,0.5062451209992194,0.25781463381568887,1.4703997373580933
93,4,200,256,0.3,True,1800,2048,200,0.001,1e-06,20,0.0001,4,True,True,0.7,10,1e-06,f1_micro,70,0.7064555420219245,0.27315950649775883,1.937212586402893,0.6971358927483242,0.27453971387319487,4.342318534851074
94,4,200,256,0.3,True,1800,2048,200,0.001,1e-06,20,0.0001,4,True,True,0.7,10,1e-06,f1_macro,75,0.7335995436394752,0.32890217348669115,1.9044559001922607,0.7126897737038098,0.2727012473815086,4.3014044761657715
95,4,200,256,0.3,True,1800,2048,200,0.0001,1e-06,20,0.0001,4,True,True,0.7,10,1e-06,f1_micro,159,0.5503857844283376,0.23440810532729767,1.0065234899520874,0.5558381502890174,0.2566282060965106,1.5247021913528442
96,4,200,256,0.3,True,1800,2048,200,0.0001,1e-06,20,0.0001,4,True,True,0.7,10,1e-06,f1_macro,58,0.5096392441305593,0.2994973129648888,0.9878765344619751,0.5022282503390816,0.2671270124556916,1.4509284496307373
97,4,200,256,0.4,True,1800,512,200,0.001,1e-06,20,0.0001,4,True,True,0.7,10,1e-06,f1_micro,181,0.6701958708311275,0.2765835520215895,2.2989578247070312,0.6693354683746997,0.30989335560532066,5.092056751251221
98,4,200,256,0.4,True,1800,512,200,0.001,1e-06,20,0.0001,4,True,True,0.7,10,1e-06,f1_macro,49,0.7120675565241079,0.2982213728943781,1.6827971935272217,0.6914922533297092,0.2961719827539509,3.7296016216278076
99,4,200,256,0.4,True,1800,512,200,0.0001,1e-06,20,0.0001,4,True,True,0.7,10,1e-06,f1_micro,99,0.6661124965364367,0.2549124888393143,1.1138103008270264,0.6740885054272195,0.3124086893333121,1.9142588376998901
100,4,200,256,0.4,True,1800,512,200,0.0001,1e-06,20,0.0001,4,True,True,0.7,10,1e-06,f1_macro,83,0.626347866854196,0.3134970775605479,1.0847171545028687,0.6095598674869853,0.27597914146761315,1.867323398590088
101,4,200,256,0.4,True,1800,1024,200,0.001,1e-06,20,0.0001,4,True,True,0.7,10,1e-06,f1_micro,68,0.6953586497890295,0.27935930594191394,2.1594605445861816,0.7045977011494253,0.3398569300448218,4.772555351257324
102,4,200,256,0.4,True,1800,1024,200,0.001,1e-06,20,0.0001,4,True,True,0.7,10,1e-06,f1_macro,47,0.7241573033707865,0.3020998849381446,1.8737175464630127,0.7151826484018264,0.31760319874544246,4.209001541137695
103,4,200,256,0.4,True,1800,1024,200,0.0001,1e-06,20,0.0001,4,True,True,0.7,10,1e-06,f1_micro,160,0.640234167110165,0.24060295133713708,1.0792676210403442,0.6462123269074125,0.270778187943105,1.72549307346344
104,4,200,256,0.4,True,1800,1024,200,0.0001,1e-06,20,0.0001,4,True,True,0.7,10,1e-06,f1_macro,20,0.5212144803425457,0.2860160304986789,0.9682103395462036,0.518752467429925,0.26193206021442567,1.3287672996520996
105,4,200,256,0.4,True,1800,2048,200,0.001,1e-06,20,0.0001,4,True,True,0.7,10,1e-06,f1_micro,158,0.6981300089047195,0.27977610573794937,2.008784532546997,0.6976183298160988,0.30850826351444266,4.577871322631836
106,4,200,256,0.4,True,1800,2048,200,0.001,1e-06,20,0.0001,4,True,True,0.7,10,1e-06,f1_macro,62,0.7206954570947841,0.30366642329279847,1.724783182144165,0.694910435029855,0.2911967282910487,3.9653801918029785
107,4,200,256,0.4,True,1800,2048,200,0.0001,1e-06,20,0.0001,4,True,True,0.7,10,1e-06,f1_micro,137,0.570764582849175,0.2380383556806658,1.009833574295044,0.5737666588730419,0.25570393902946054,1.5665897130966187
108,4,200,256,0.4,True,1800,2048,200,0.0001,1e-06,20,0.0001,4,True,True,0.7,10,1e-06,f1_macro,48,0.5176792342254346,0.29979992879769646,0.9802985191345215,0.5077288941736029,0.26203144721106747,1.4395815134048462
109,4,300,64,0.2,True,1800,512,200,0.001,1e-06,20,0.0001,4,True,True,0.7,10,1e-06,f1_micro,67,0.7018759018759019,0.2809924938925858,2.4367456436157227,0.6973646104836374,0.30231276298240023,5.338563919067383
110,4,300,64,0.2,True,1800,512,200,0.001,1e-06,20,0.0001,4,True,True,0.7,10,1e-06,f1_macro,81,0.7277471730936503,0.30758879649810156,2.593993663787842,0.7067757009345794,0.27731801611418216,5.275330066680908
111,4,300,64,0.2,True,1800,512,200,0.0001,1e-06,20,0.0001,4,True,True,0.7,10,1e-06,f1_micro,107,0.6763848396501457,0.26682065289282586,1.2043663263320923,0.6766431924882629,0.2800240348241532,2.4990944862365723
112,4,300,64,0.2,True,1800,512,200,0.0001,1e-06,20,0.0001,4,True,True,0.7,10,1e-06,f1_macro,18,0.5415371866583799,0.2799270489603598,0.9285600185394287,0.5393115172120697,0.26153135054313037,1.4444553852081299
113,4,300,64,0.2,True,1800,1024,200,0.001,1e-06,20,0.0001,4,True,True,0.7,10,1e-06,f1_micro,112,0.7261637239165329,0.27456728477590214,2.6839330196380615,0.7225063938618926,0.30412329654181885,5.255019187927246
114,4,300,64,0.2,True,1800,1024,200,0.001,1e-06,20,0.0001,4,True,True,0.7,10,1e-06,f1_macro,80,0.7453565008987417,0.31828535764167915,2.531951904296875,0.7225381622268782,0.2973368030008921,4.632843017578125
115,4,300,64,0.2,True,1800,1024,200,0.0001,1e-06,20,0.0001,4,True,True,0.7,10,1e-06,f1_micro,149,0.6777875329236172,0.26747226938664426,1.103503704071045,0.6765053128689492,0.25086939472771436,2.107668876647949
116,4,300,64,0.2,True,1800,1024,200,0.0001,1e-06,20,0.0001,4,True,True,0.7,10,1e-06,f1_macro,110,0.6727557411273486,0.306972005428117,1.0889506340026855,0.6603275224511358,0.2631164033576461,2.0656933784484863
117,4,300,64,0.2,True,1800,2048,200,0.001,1e-06,20,0.0001,4,True,True,0.7,10,1e-06,f1_micro,130,0.7167458432304038,0.2619359426694134,2.3001668453216553,0.7255897282770977,0.2819556858684967,4.726929664611816
118,4,300,64,0.2,True,1800,2048,200,0.001,1e-06,20,0.0001,4,True,True,0.7,10,1e-06,f1_macro,64,0.7292316416217749,0.28642810848019434,2.091090679168701,0.7184354328444061,0.29509681363225704,4.406332015991211
119,4,300,64,0.2,True,1800,2048,200,0.0001,1e-06,20,0.0001,4,True,True,0.7,10,1e-06,f1_micro,134,0.6485013623978202,0.25778425304628566,1.014485239982605,0.6470101956461836,0.25439284282823743,1.7588862180709839
120,4,300,64,0.2,True,1800,2048,200,0.0001,1e-06,20,0.0001,4,True,True,0.7,10,1e-06,f1_macro,61,0.5273775216138329,0.299250117906914,0.9558773040771484,0.5244725738396624,0.2585127135636833,1.5691218376159668
121,4,300,64,0.3,True,1800,512,200,0.001,1e-06,20,0.0001,4,True,True,0.7,10,1e-06,f1_micro,128,0.6971627099015634,0.28598980770223487,2.5372049808502197,0.7005747126436782,0.2910466195491869,6.088408946990967
122,4,300,64,0.3,True,1800,512,200,0.001,1e-06,20,0.0001,4,True,True,0.7,10,1e-06,f1_macro,33,0.7097646740600487,0.3197197868603293,1.4999163150787354,0.6906395827614603,0.2819675304836844,3.956643581390381
123,4,300,64,0.3,True,1800,512,200,0.0001,1e-06,20,0.0001,4,True,True,0.7,10,1e-06,f1_micro,72,0.6548061603823686,0.26808826598123064,1.1162790060043335,0.64612911867131,0.27103770759855067,2.2294962406158447
124,4,300,64,0.3,True,1800,512,200,0.0001,1e-06,20,0.0001,4,True,True,0.7,10,1e-06,f1_macro,160,0.6656496313246886,0.29953547526394614,1.1890782117843628,0.6525336091003102,0.2659643633824021,2.454042673110962
125,4,300,64,0.3,True,1800,1024,200,0.001,1e-06,20,0.0001,4,True,True,0.7,10,1e-06,f1_micro,127,0.723826714801444,0.2840771663684123,2.612544298171997,0.7209726443768997,0.288379553919972,5.542206764221191
126,4,300,64,0.3,True,1800,1024,200,0.001,1e-06,20,0.0001,4,True,True,0.7,10,1e-06,f1_macro,82,0.7414806110458284,0.308750421103486,2.466513156890869,0.7196702002355713,0.2754661607341397,5.0543742179870605
127,4,300,64,0.3,True,1800,1024,200,0.0001,1e-06,20,0.0001,4,True,True,0.7,10,1e-06,f1_micro,133,0.6588041689522764,0.2674153039120498,1.0352329015731812,0.6597765363128492,0.26390506882917164,2.001939058303833
128,4,300,64,0.3,True,1800,1024,200,0.0001,1e-06,20,0.0001,4,True,True,0.7,10,1e-06,f1_macro,91,0.597828495457567,0.3178546217032581,1.0092906951904297,0.5927456382001837,0.2737424775791128,1.9125248193740845
129,4,300,64,0.3,True,1800,2048,200,0.001,1e-06,20,0.0001,4,True,True,0.7,10,1e-06,f1_micro,74,0.7016607354685647,0.27781218203547975,2.0311150550842285,0.6926024167403477,0.28233184024441155,4.013946533203125
130,4,300,64,0.3,True,1800,2048,200,0.001,1e-06,20,0.0001,4,True,True,0.7,10,1e-06,f1_macro,49,0.7245798917687268,0.29335273012201196,1.8190456628799438,0.7025028441410694,0.26486019374246217,3.5585100650787354
131,4,300,64,0.3,True,1800,2048,200,0.0001,1e-06,20,0.0001,4,True,True,0.7,10,1e-06,f1_micro,172,0.624,0.26340583435886994,0.9858793020248413,0.619235836627141,0.2514499159473179,1.7352221012115479
132,4,300,64,0.3,True,1800,2048,200,0.0001,1e-06,20,0.0001,4,True,True,0.7,10,1e-06,f1_macro,54,0.5239197530864198,0.3012401144651688,0.9281570911407471,0.5295049504950495,0.24838150969862155,1.5098379850387573
133,4,300,64,0.4,True,1800,512,200,0.001,1e-06,20,0.0001,4,True,True,0.7,10,1e-06,f1_micro,175,0.6634819532908705,0.2784640952089502,2.1564252376556396,0.6622162883845126,0.2736603870662053,4.871877670288086
134,4,300,64,0.4,True,1800,512,200,0.001,1e-06,20,0.0001,4,True,True,0.7,10,1e-06,f1_macro,35,0.7047413793103449,0.324329528618952,1.5090270042419434,0.6850798808556728,0.27377058713883723,3.327296495437622
135,4,300,64,0.4,True,1800,512,200,0.0001,1e-06,20,0.0001,4,True,True,0.7,10,1e-06,f1_micro,90,0.6400812801625603,0.26740705367823053,1.1187511682510376,0.6324477688934743,0.2600388898571525,2.180823802947998
136,4,300,64,0.4,True,1800,512,200,0.0001,1e-06,20,0.0001,4,True,True,0.7,10,1e-06,f1_macro,50,0.5898024804777217,0.29382802387454454,0.97624671459198,0.5838450637694851,0.2692201568748459,1.7698893547058105
137,4,300,64,0.4,True,1800,1024,200,0.001,1e-06,20,0.0001,4,True,True,0.7,10,1e-06,f1_micro,134,0.720143669560012,0.28688169995390905,2.4693756103515625,0.7068706870687068,0.2769387146229161,5.179129123687744
138,4,300,64,0.4,True,1800,1024,200,0.001,1e-06,20,0.0001,4,True,True,0.7,10,1e-06,f1_macro,42,0.7263709010746762,0.316321635035284,1.8731000423431396,0.7064346865506766,0.2822956310984464,4.169501781463623
139,4,300,64,0.4,True,1800,1024,200,0.0001,1e-06,20,0.0001,4,True,True,0.7,10,1e-06,f1_micro,186,0.658695652173913,0.2728777200145937,1.0680955648422241,0.6532302595251243,0.2657462096263422,2.120252847671509
140,4,300,64,0.4,True,1800,1024,200,0.0001,1e-06,20,0.0001,4,True,True,0.7,10,1e-06,f1_macro,88,0.6156015037593985,0.31841493604068893,1.00910222530365,0.6088001923539312,0.26329156547402843,1.94643235206604
141,4,300,64,0.4,True,1800,2048,200,0.001,1e-06,20,0.0001,4,True,True,0.7,10,1e-06,f1_micro,88,0.6980528916012787,0.2713043246073676,1.9474204778671265,0.6964596633778294,0.28844543837777514,4.292166709899902
142,4,300,64,0.4,True,1800,2048,200,0.001,1e-06,20,0.0001,4,True,True,0.7,10,1e-06,f1_macro,50,0.7279887482419128,0.3033706773108329,1.6339821815490723,0.7143264027342637,0.2795168587956955,3.637146234512329
143,4,300,64,0.4,True,1800,2048,200,0.0001,1e-06,20,0.0001,4,True,True,0.7,10,1e-06,f1_micro,172,0.6061204343534057,0.24812594956932135,0.9479542970657349,0.5993468977643808,0.24753289900811373,1.686134696006775
144,4,300,64,0.4,True,1800,2048,200,0.0001,1e-06,20,0.0001,4,True,True,0.7,10,1e-06,f1_macro,51,0.5535895871466341,0.28415444644830923,0.9099136590957642,0.5586661177439275,0.25413315625850486,1.4459294080734253
145,4,300,128,0.2,True,1800,512,200,0.001,1e-06,20,0.0001,4,True,True,0.7,10,1e-06,f1_micro,124,0.7050746268656717,0.2768042315236849,2.5520591735839844,0.7029137879243016,0.2973877647556521,6.385356903076172
146,4,300,128,0.2,True,1800,512,200,0.001,1e-06,20,0.0001,4,True,True,0.7,10,1e-06,f1_macro,63,0.7205252640593777,0.3153840505306048,2.1891722679138184,0.7011261911637309,0.3237515403166682,6.02979040145874
147,4,300,128,0.2,True,1800,512,200,0.0001,1e-06,20,0.0001,4,True,True,0.7,10,1e-06,f1_micro,14,0.6256769671870023,0.2521192706688811,0.9760981798171997,0.61632,0.23117562880008968,1.527438759803772
148,4,300,128,0.2,True,1800,512,200,0.0001,1e-06,20,0.0001,4,True,True,0.7,10,1e-06,f1_macro,58,0.6857901726427623,0.32613537137244875,1.1708505153656006,0.6764786045243936,0.2603373379354829,2.288827657699585
149,4,300,128,0.2,True,1800,1024,200,0.001,1e-06,20,0.0001,4,True,True,0.7,10,1e-06,f1_micro,98,0.7365491651205937,0.28504909898392994,2.527761936187744,0.7349246231155779,0.2905310106974264,5.155663967132568
150,4,300,128,0.2,True,1800,1024,200,0.001,1e-06,20,0.0001,4,True,True,0.7,10,1e-06,f1_macro,63,0.746690734055355,0.31034546820023917,2.3258790969848633,0.7246554364471669,0.28195820886443473,4.686065673828125
151,4,300,128,0.2,True,1800,1024,200,0.0001,1e-06,20,0.0001,4,True,True,0.7,10,1e-06,f1_micro,128,0.6469398077895802,0.2550080504357211,1.0834813117980957,0.6542827657378741,0.2834346693026676,1.9389779567718506
152,4,300,128,0.2,True,1800,1024,200,0.0001,1e-06,20,0.0001,4,True,True,0.7,10,1e-06,f1_macro,42,0.5760208514335361,0.2985089563554144,1.0060131549835205,0.5750281214848144,0.27871244893867436,1.6786363124847412
153,4,300,128,0.2,True,1800,2048,200,0.001,1e-06,20,0.0001,4,True,True,0.7,10,1e-06,f1_micro,92,0.7122177185871453,0.2686539863871856,1.970109462738037,0.7085880640465794,0.26712969671603903,4.580904960632324
154,4,300,128,0.2,True,1800,2048,200,0.001,1e-06,20,0.0001,4,True,True,0.7,10,1e-06,f1_macro,70,0.7236693091732729,0.30814621233782524,1.8832367658615112,0.7043553504470724,0.2505332686174863,4.32551383972168
155,4,300,128,0.2,True,1800,2048,200,0.0001,1e-06,20,0.0001,4,True,True,0.7,10,1e-06,f1_micro,92,0.6221408966148216,0.2526163683787416,1.0211975574493408,0.6190622126877107,0.2574529421576838,1.6823046207427979
156,4,300,128,0.2,True,1800,2048,200,0.0001,1e-06,20,0.0001,4,True,True,0.7,10,1e-06,f1_macro,52,0.5711801782221256,0.29754456760972403,0.998329222202301,0.5645339827319017,0.27412396280291335,1.5900142192840576
157,4,300,128,0.3,True,1800,512,200,0.001,1e-06,20,0.0001,4,True,True,0.7,10,1e-06,f1_micro,123,0.702490904002239,0.28021334496766775,2.526824474334717,0.7076749435665914,0.28742180818803825,6.420131206512451
158,4,300,128,0.3,True,1800,512,200,0.001,1e-06,20,0.0001,4,True,True,0.7,10,1e-06,f1_macro,29,0.7140902872777017,0.31416371539869853,1.6224910020828247,0.6870692031982355,0.27608057945625725,3.574249505996704
159,4,300,128,0.3,True,1800,512,200,0.0001,1e-06,20,0.0001,4,True,True,0.7,10,1e-06,f1_micro,20,0.6307987922042273,0.27140741604761426,0.9773505926132202,0.6294556507322465,0.27203220218787677,1.59368097782135
160,4,300,128,0.3,True,1800,512,200,0.0001,1e-06,20,0.0001,4,True,True,0.7,10,1e-06,f1_macro,63,0.6602774274905422,0.3178959688599526,1.1141773462295532,0.6536661466458659,0.262942091122244,2.179614782333374
161,4,300,128,0.3,True,1800,1024,200,0.001,1e-06,20,0.0001,4,True,True,0.7,10,1e-06,f1_micro,67,0.7250482936252415,0.27594186436256096,2.370175838470459,0.7191736604260813,0.2751550820885316,5.567502498626709
162,4,300,128,0.3,True,1800,1024,200,0.001,1e-06,20,0.0001,4,True,True,0.7,10,1e-06,f1_macro,70,0.7411871045495632,0.3119379232292137,2.3398709297180176,0.7262706674831598,0.27542404185546177,5.455953598022461
163,4,300,128,0.3,True,1800,1024,200,0.0001,1e-06,20,0.0001,4,True,True,0.7,10,1e-06,f1_micro,25,0.6213540272946213,0.2653809453521846,0.9607799649238586,0.6181039100160686,0.2680733146610376,1.5056408643722534
164,4,300,128,0.3,True,1800,1024,200,0.0001,1e-06,20,0.0001,4,True,True,0.7,10,1e-06,f1_macro,100,0.6028143440762597,0.3042394579005512,1.11214280128479,0.5923149015932521,0.2674815857853273,2.037536859512329
165,4,300,128,0.3,True,1800,2048,200,0.001,1e-06,20,0.0001,4,True,True,0.7,10,1e-06,f1_micro,111,0.7148834429169157,0.27400952277245844,1.9821609258651733,0.712616122265508,0.27728735673912336,4.536640644073486
166,4,300,128,0.3,True,1800,2048,200,0.001,1e-06,20,0.0001,4,True,True,0.7,10,1e-06,f1_macro,43,0.7181719260065288,0.316967917239058,1.5423389673233032,0.6976872246696035,0.28400909368247257,3.6738572120666504
167,4,300,128,0.3,True,1800,2048,200,0.0001,1e-06,20,0.0001,4,True,True,0.7,10,1e-06,f1_micro,55,0.6203115983843047,0.2545935237168464,0.9909109473228455,0.6177583697234352,0.28452012240067226,1.6035279035568237
168,4,300,128,0.3,True,1800,2048,200,0.0001,1e-06,20,0.0001,4,True,True,0.7,10,1e-06,f1_macro,92,0.6197513488153882,0.3056545363281941,1.022836685180664,0.6084017382906808,0.2657894914265124,1.7037874460220337
169,4,300,128,0.4,True,1800,512,200,0.001,1e-06,20,0.0001,4,True,True,0.7,10,1e-06,f1_micro,157,0.691358024691358,0.2809713839493564,2.624455451965332,0.6880499574226512,0.2918070613185007,5.806488037109375
170,4,300,128,0.4,True,1800,512,200,0.001,1e-06,20,0.0001,4,True,True,0.7,10,1e-06,f1_macro,69,0.7198669991687449,0.31668943639114083,2.4289677143096924,0.6991869918699187,0.29278614584287405,5.2129998207092285
171,4,300,128,0.4,True,1800,512,200,0.0001,1e-06,20,0.0001,4,True,True,0.7,10,1e-06,f1_micro,18,0.6235955056179775,0.2650535617393706,0.9424756765365601,0.6314122862571248,0.24543757065860752,1.4643020629882812
172,4,300,128,0.4,True,1800,512,200,0.0001,1e-06,20,0.0001,4,True,True,0.7,10,1e-06,f1_macro,69,0.6550505050505051,0.3173937552789054,1.1330691576004028,0.6537656903765691,0.2751855944686268,2.2674596309661865
173,4,300,128,0.4,True,1800,1024,200,0.001,1e-06,20,0.0001,4,True,True,0.7,10,1e-06,f1_micro,111,0.7096774193548387,0.28008679903376893,2.3994967937469482,0.721391516631065,0.2721323288103916,5.174499988555908
174,4,300,128,0.4,True,1800,1024,200,0.001,1e-06,20,0.0001,4,True,True,0.7,10,1e-06,f1_macro,67,0.7250138045278851,0.3106733407952577,2.2100353240966797,0.7053571428571429,0.2715726343024653,4.781653881072998
175,4,300,128,0.4,True,1800,1024,200,0.0001,1e-06,20,0.0001,4,True,True,0.7,10,1e-06,f1_micro,36,0.619126589275843,0.2647950511909829,0.9670950174331665,0.618192026951151,0.27386145188955807,1.6267181634902954
176,4,300,128,0.4,True,1800,1024,200,0.0001,1e-06,20,0.0001,4,True,True,0.7,10,1e-06,f1_macro,51,0.5966178128523112,0.3051536053487771,1.004037857055664,0.5880175803839925,0.26471118011634115,1.7586467266082764
177,4,300,128,0.4,True,1800,2048,200,0.001,1e-06,20,0.0001,4,True,True,0.7,10,1e-06,f1_micro,200,0.7052692530399537,0.276927935731447,2.1220664978027344,0.703768115942029,0.28724859765450483,4.758388042449951
178,4,300,128,0.4,True,1800,2048,200,0.001,1e-06,20,0.0001,4,True,True,0.7,10,1e-06,f1_macro,96,0.7305422871593145,0.3106312341936388,1.9739309549331665,0.7057150980949674,0.2680279444213621,4.461891174316406
179,4,300,128,0.4,True,1800,2048,200,0.0001,1e-06,20,0.0001,4,True,True,0.7,10,1e-06,f1_micro,49,0.6221384325343388,0.258979455627501,0.959513247013092,0.6190862395241957,0.28007990019137885,1.5635782480239868
180,4,300,128,0.4,True,1800,2048,200,0.0001,1e-06,20,0.0001,4,True,True,0.7,10,1e-06,f1_macro,58,0.5822675048775201,0.3137003731723621,0.9525761008262634,0.5747839574562376,0.27538811820076886,1.5792534351348877
181,4,300,256,0.2,True,1800,512,200,0.001,1e-06,20,0.0001,4,True,True,0.7,10,1e-06,f1_micro,114,0.7031528851873885,0.2738608944054085,2.437620162963867,0.6880239520958084,0.2990522743328566,5.243232250213623
182,4,300,256,0.2,True,1800,512,200,0.001,1e-06,20,0.0001,4,True,True,0.7,10,1e-06,f1_macro,51,0.732564841498559,0.3101605865439871,1.952824592590332,0.7153284671532847,0.3143404817179363,3.9698638916015625
183,4,300,256,0.2,True,1800,512,200,0.0001,1e-06,20,0.0001,4,True,True,0.7,10,1e-06,f1_micro,146,0.6974552309142319,0.2745352659995236,1.245259165763855,0.7049857097491267,0.2733218691310648,2.320068359375
184,4,300,256,0.2,True,1800,512,200,0.0001,1e-06,20,0.0001,4,True,True,0.7,10,1e-06,f1_macro,36,0.6550592985112289,0.3073271592362696,1.0318787097930908,0.6453100973859559,0.2818507869406028,1.7468769550323486
185,4,300,256,0.2,True,1800,1024,200,0.001,1e-06,20,0.0001,4,True,True,0.7,10,1e-06,f1_micro,98,0.7177242888402626,0.28288781894921744,2.503565549850464,0.7149122807017544,0.31371916338247124,4.893625259399414
186,4,300,256,0.2,True,1800,1024,200,0.001,1e-06,20,0.0001,4,True,True,0.7,10,1e-06,f1_macro,38,0.7295243456234168,0.3070189553241069,1.8575968742370605,0.7130135018672795,0.31533185001859204,3.6376142501831055
187,4,300,256,0.2,True,1800,1024,200,0.0001,1e-06,20,0.0001,4,True,True,0.7,10,1e-06,f1_micro,129,0.6848086124401914,0.2732349586731854,1.0806770324707031,0.6941140591643794,0.28459948539713026,1.9007149934768677
188,4,300,256,0.2,True,1800,1024,200,0.0001,1e-06,20,0.0001,4,True,True,0.7,10,1e-06,f1_macro,55,0.66,0.31114985730027644,1.031146764755249,0.6536585365853659,0.2682640619322069,1.745599627494812
189,4,300,256,0.2,True,1800,2048,200,0.001,1e-06,20,0.0001,4,True,True,0.7,10,1e-06,f1_micro,109,0.7070124879923151,0.2767990822947938,1.9768677949905396,0.7090386458000639,0.31045013317990205,4.313563823699951
190,4,300,256,0.2,True,1800,2048,200,0.001,1e-06,20,0.0001,4,True,True,0.7,10,1e-06,f1_macro,104,0.7254845241538906,0.3138539049491248,1.942211627960205,0.7045913947444412,0.30929252415015274,4.232970237731934
191,4,300,256,0.2,True,1800,2048,200,0.0001,1e-06,20,0.0001,4,True,True,0.7,10,1e-06,f1_micro,136,0.6203243958953989,0.2450202180345486,1.0032600164413452,0.6267958569996659,0.24939796888466195,1.5963375568389893
192,4,300,256,0.2,True,1800,2048,200,0.0001,1e-06,20,0.0001,4,True,True,0.7,10,1e-06,f1_macro,41,0.558275789914208,0.3192552028220213,0.9773423671722412,0.5551055212108292,0.2719808970508286,1.4713529348373413
193,4,300,256,0.3,True,1800,512,200,0.001,1e-06,20,0.0001,4,True,True,0.7,10,1e-06,f1_micro,126,0.6596888260254596,0.2721473725359894,2.173769474029541,0.6504662333992653,0.2795573435098117,4.861114978790283
194,4,300,256,0.3,True,1800,512,200,0.001,1e-06,20,0.0001,4,True,True,0.7,10,1e-06,f1_macro,82,0.7121001390820584,0.2993188695488535,2.0848896503448486,0.7007672634271099,0.2839610378927476,4.630014419555664
195,4,300,256,0.3,True,1800,512,200,0.0001,1e-06,20,0.0001,4,True,True,0.7,10,1e-06,f1_micro,133,0.6837080381890976,0.2638422053267087,1.227924108505249,0.6917808219178082,0.27898171705544333,2.3944449424743652
196,4,300,256,0.3,True,1800,512,200,0.0001,1e-06,20,0.0001,4,True,True,0.7,10,1e-06,f1_macro,107,0.7013550135501355,0.32450225247437076,1.202851414680481,0.6869133075648812,0.28425948252270566,2.3460752964019775
197,4,300,256,0.3,True,1800,1024,200,0.001,1e-06,20,0.0001,4,True,True,0.7,10,1e-06,f1_micro,105,0.7092592592592593,0.28142298924068526,2.4868719577789307,0.7163164400494437,0.3191425518642105,4.652215957641602
198,4,300,256,0.3,True,1800,1024,200,0.001,1e-06,20,0.0001,4,True,True,0.7,10,1e-06,f1_macro,60,0.7146443514644352,0.3086183981075291,2.2370352745056152,0.7024583215597626,0.2884773225044992,4.137098789215088
199,4,300,256,0.3,True,1800,1024,200,0.0001,1e-06,20,0.0001,4,True,True,0.7,10,1e-06,f1_micro,159,0.6775147928994083,0.26635052137915466,1.0801993608474731,0.6914925825007568,0.24630952119577676,1.8909634351730347
200,4,300,256,0.3,True,1800,1024,200,0.0001,1e-06,20,0.0001,4,True,True,0.7,10,1e-06,f1_macro,16,0.5639372447883086,0.3180478672738889,0.9525508880615234,0.56,0.26120358587820447,1.4081971645355225
201,4,300,256,0.3,True,1800,2048,200,0.001,1e-06,20,0.0001,4,True,True,0.7,10,1e-06,f1_micro,161,0.7091013824884793,0.28015028576169865,2.0221216678619385,0.7055410501885697,0.28233793587702605,3.923999786376953
202,4,300,256,0.3,True,1800,2048,200,0.001,1e-06,20,0.0001,4,True,True,0.7,10,1e-06,f1_macro,52,0.709247431269092,0.3129162450099369,1.6468898057937622,0.6920045045045045,0.275668379825626,3.0530550479888916
203,4,300,256,0.3,True,1800,2048,200,0.0001,1e-06,20,0.0001,4,True,True,0.7,10,1e-06,f1_micro,121,0.6171465968586387,0.24547627388494997,1.0032886266708374,0.6221198156682027,0.22136910606767987,1.5977108478546143
204,4,300,256,0.3,True,1800,2048,200,0.0001,1e-06,20,0.0001,4,True,True,0.7,10,1e-06,f1_macro,24,0.5555798209215986,0.3006161878588953,0.9639110565185547,0.550569323509712,0.27072021759999226,1.3828219175338745
205,4,300,256,0.4,True,1800,512,200,0.001,1e-06,20,0.0001,4,True,True,0.7,10,1e-06,f1_micro,86,0.6396344945745288,0.2732881980274213,1.7612988948822021,0.6340902558206382,0.3011169054923648,4.316201686859131
206,4,300,256,0.4,True,1800,512,200,0.001,1e-06,20,0.0001,4,True,True,0.7,10,1e-06,f1_macro,37,0.6869908015768725,0.30920071358802065,1.388569712638855,0.6621088614251907,0.27215219494125736,3.0592918395996094
207,4,300,256,0.4,True,1800,512,200,0.0001,1e-06,20,0.0001,4,True,True,0.7,10,1e-06,f1_micro,119,0.6727219455024904,0.2837431723003344,1.141342043876648,0.6723984583456863,0.2653832176729018,2.250124454498291
208,4,300,256,0.4,True,1800,512,200,0.0001,1e-06,20,0.0001,4,True,True,0.7,10,1e-06,f1_macro,38,0.648406374501992,0.30529954759532585,0.9891580939292908,0.6473928755807951,0.2814852287413624,1.7420088052749634
209,4,300,256,0.4,True,1800,1024,200,0.001,1e-06,20,0.0001,4,True,True,0.7,10,1e-06,f1_micro,90,0.7079077910709075,0.29212515527371635,2.1222331523895264,0.7021906453522795,0.3080402309022306,4.733767986297607
210,4,300,256,0.4,True,1800,1024,200,0.001,1e-06,20,0.0001,4,True,True,0.7,10,1e-06,f1_macro,99,0.7394713912285797,0.3229955902318809,2.184688091278076,0.7238320520402128,0.28489799642811087,4.842355251312256
211,4,300,256,0.4,True,1800,1024,200,0.0001,1e-06,20,0.0001,4,True,True,0.7,10,1e-06,f1_micro,113,0.6776470588235294,0.2760931697699183,1.0796728134155273,0.6868867082961642,0.2751888649851066,1.8995778560638428
212,4,300,256,0.4,True,1800,1024,200,0.0001,1e-06,20,0.0001,4,True,True,0.7,10,1e-06,f1_macro,25,0.5811927630109448,0.32690609122157904,0.9508630633354187,0.5767568796906982,0.2737391850248448,1.4393550157546997
213,4,300,256,0.4,True,1800,2048,200,0.001,1e-06,20,0.0001,4,True,True,0.7,10,1e-06,f1_micro,95,0.6977266348582655,0.3044026086197718,1.7846015691757202,0.6913996627318718,0.30015851177414693,4.031264781951904
214,4,300,256,0.4,True,1800,2048,200,0.001,1e-06,20,0.0001,4,True,True,0.7,10,1e-06,f1_macro,64,0.7320924985899605,0.3296781078749476,1.6427100896835327,0.7130584192439863,0.30902519870555695,3.69573974609375
215,4,300,256,0.4,True,1800,2048,200,0.0001,1e-06,20,0.0001,4,True,True,0.7,10,1e-06,f1_micro,144,0.6189241736876215,0.24827819953945007,0.9963192343711853,0.631544502617801,0.2537156953962404,1.6400065422058105
216,4,300,256,0.4,True,1800,2048,200,0.0001,1e-06,20,0.0001,4,True,True,0.7,10,1e-06,f1_macro,111,0.6209386281588448,0.3362141563874341,0.9907844066619873,0.6178217821782178,0.2889237163853473,1.6261987686157227
217,4,360,64,0.2,True,1800,512,200,0.001,1e-06,20,0.0001,4,True,True,0.7,10,1e-06,f1_micro,115,0.694273127753304,0.26616549903290154,2.6180996894836426,0.703493580173186,0.29529496407585903,5.796686172485352
218,4,360,64,0.2,True,1800,512,200,0.001,1e-06,20,0.0001,4,True,True,0.7,10,1e-06,f1_macro,34,0.7203366058906031,0.3165118581099186,1.9135422706604004,0.6903553299492385,0.2789318035590059,4.371029853820801
219,4,360,64,0.2,True,1800,512,200,0.0001,1e-06,20,0.0001,4,True,True,0.7,10,1e-06,f1_micro,123,0.6898189373701396,0.26377360787488935,1.2468520402908325,0.668235294117647,0.25486413082102677,2.4229743480682373
220,4,360,64,0.2,True,1800,512,200,0.0001,1e-06,20,0.0001,4,True,True,0.7,10,1e-06,f1_macro,61,0.6472187886279357,0.2903612071807006,1.1460061073303223,0.6293359762140733,0.26552897654048646,2.2139081954956055
221,4,360,64,0.2,True,1800,1024,200,0.001,1e-06,20,0.0001,4,True,True,0.7,10,1e-06,f1_micro,107,0.7167235494880546,0.2588831319499409,2.6887948513031006,0.7240848969547832,0.2899117708859892,5.379324913024902
222,4,360,64,0.2,True,1800,1024,200,0.001,1e-06,20,0.0001,4,True,True,0.7,10,1e-06,f1_macro,38,0.7185354691075515,0.28703336910519767,2.149261713027954,0.7021943573667712,0.28335508099187895,4.611762046813965
223,4,360,64,0.2,True,1800,1024,200,0.0001,1e-06,20,0.0001,4,True,True,0.7,10,1e-06,f1_micro,118,0.6777427671154397,0.2647256804603062,1.1200041770935059,0.6622932116371933,0.26324632221107164,2.113699197769165
224,4,360,64,0.2,True,1800,1024,200,0.0001,1e-06,20,0.0001,4,True,True,0.7,10,1e-06,f1_macro,90,0.5732004429678849,0.2912365524758484,1.0897516012191772,0.5513728963684676,0.26029753794292615,2.0403449535369873
225,4,360,64,0.2,True,1800,2048,200,0.001,1e-06,20,0.0001,4,True,True,0.7,10,1e-06,f1_micro,121,0.7138442521631644,0.26800871731738035,2.286454677581787,0.7232842369163272,0.28978406690219266,4.484971523284912
226,4,360,64,0.2,True,1800,2048,200,0.001,1e-06,20,0.0001,4,True,True,0.7,10,1e-06,f1_macro,99,0.7212553495007132,0.29991129632741226,2.253631830215454,0.7110596409959468,0.2840167085216165,4.446698188781738
227,4,360,64,0.2,True,1800,2048,200,0.0001,1e-06,20,0.0001,4,True,True,0.7,10,1e-06,f1_micro,147,0.6292065452300093,0.24772211162783872,1.020100712776184,0.6171003717472119,0.25105475315730147,1.8088992834091187
228,4,360,64,0.2,True,1800,2048,200,0.0001,1e-06,20,0.0001,4,True,True,0.7,10,1e-06,f1_macro,45,0.5360323886639676,0.2868681235683061,0.9534119367599487,0.5272543059777103,0.2661287525600551,1.5607273578643799
229,4,360,64,0.3,True,1800,512,200,0.001,1e-06,20,0.0001,4,True,True,0.7,10,1e-06,f1_micro,124,0.6952224052718287,0.2898700727861206,2.861398220062256,0.6898276820455809,0.2810109634813161,6.536983489990234
230,4,360,64,0.3,True,1800,512,200,0.001,1e-06,20,0.0001,4,True,True,0.7,10,1e-06,f1_macro,58,0.7171945701357466,0.3152256065221061,2.3662495613098145,0.6886467889908257,0.2598634647610832,5.6261444091796875
231,4,360,64,0.3,True,1800,512,200,0.0001,1e-06,20,0.0001,4,True,True,0.7,10,1e-06,f1_micro,171,0.6687358916478555,0.2617391539026074,1.2285971641540527,0.6608744394618834,0.2632527949640971,2.4652743339538574
232,4,360,64,0.3,True,1800,512,200,0.0001,1e-06,20,0.0001,4,True,True,0.7,10,1e-06,f1_macro,110,0.6607505070993914,0.28902516376198506,1.2057019472122192,0.6439471007121058,0.27203264277576605,2.3948121070861816
233,4,360,64,0.3,True,1800,1024,200,0.001,1e-06,20,0.0001,4,True,True,0.7,10,1e-06,f1_micro,111,0.7151442307692307,0.2579937257978461,2.690753221511841,0.7164358819987959,0.3187834080138035,5.9503021240234375
234,4,360,64,0.3,True,1800,1024,200,0.001,1e-06,20,0.0001,4,True,True,0.7,10,1e-06,f1_macro,32,0.7165266106442577,0.304369468708115,1.8673194646835327,0.6954802259887005,0.30277233249403235,4.334690570831299
235,4,360,64,0.3,True,1800,1024,200,0.0001,1e-06,20,0.0001,4,True,True,0.7,10,1e-06,f1_micro,166,0.6624133148404993,0.258163829558149,1.1078013181686401,0.6585100598151169,0.2763897868665341,2.166156530380249
236,4,360,64,0.3,True,1800,1024,200,0.0001,1e-06,20,0.0001,4,True,True,0.7,10,1e-06,f1_macro,100,0.5787978142076503,0.2882474914295874,1.0859551429748535,0.5630050229307709,0.2674515246814034,2.1144089698791504
237,4,360,64,0.3,True,1800,2048,200,0.001,1e-06,20,0.0001,4,True,True,0.7,10,1e-06,f1_micro,147,0.7043553504470724,0.2869632095437435,2.195573568344116,0.7116777745580991,0.30630975067470295,4.682134628295898
238,4,360,64,0.3,True,1800,2048,200,0.001,1e-06,20,0.0001,4,True,True,0.7,10,1e-06,f1_macro,89,0.7147994467496542,0.3086332540681815,2.13193678855896,0.7120448179271709,0.30363435046953663,4.576331615447998
239,4,360,64,0.3,True,1800,2048,200,0.0001,1e-06,20,0.0001,4,True,True,0.7,10,1e-06,f1_micro,170,0.6349124613800206,0.2571721916950816,1.040825605392456,0.6328662420382165,0.30226052279103943,1.86282217502594
240,4,360,64,0.3,True,1800,2048,200,0.0001,1e-06,20,0.0001,4,True,True,0.7,10,1e-06,f1_macro,71,0.568411980176686,0.2856260724886853,0.9898824691772461,0.5603990457601388,0.273935014828301,1.7087875604629517
241,4,360,64,0.4,True,1800,512,200,0.001,1e-06,20,0.0001,4,True,True,0.7,10,1e-06,f1_micro,127,0.6848249027237354,0.29494241506279034,2.3315799236297607,0.680394922425952,0.28935515163028847,6.77933931350708
242,4,360,64,0.4,True,1800,512,200,0.001,1e-06,20,0.0001,4,True,True,0.7,10,1e-06,f1_macro,77,0.7120390455531453,0.3047702557444973,2.154107093811035,0.6875860170657858,0.27989844303842415,6.237086296081543
243,4,360,64,0.4,True,1800,512,200,0.0001,1e-06,20,0.0001,4,True,True,0.7,10,1e-06,f1_micro,197,0.6306443429731101,0.25790690482282325,1.1176117658615112,0.6173086543271635,0.2722181062931272,2.2963433265686035
244,4,360,64,0.4,True,1800,512,200,0.0001,1e-06,20,0.0001,4,True,True,0.7,10,1e-06,f1_macro,141,0.6403723664870161,0.293572275304914,1.1081583499908447,0.6277939747327502,0.2815362663032618,2.270143508911133
245,4,360,64,0.4,True,1800,1024,200,0.001,1e-06,20,0.0001,4,True,True,0.7,10,1e-06,f1_micro,104,0.7040704070407041,0.2678856322113775,2.5809171199798584,0.704304080491895,0.28416728703462607,5.6316914558410645
246,4,360,64,0.4,True,1800,1024,200,0.001,1e-06,20,0.0001,4,True,True,0.7,10,1e-06,f1_macro,43,0.7162124965593174,0.28557028763986514,2.1151950359344482,0.6978158695051148,0.2796619323594774,4.517581939697266
247,4,360,64,0.4,True,1800,1024,200,0.0001,1e-06,20,0.0001,4,True,True,0.7,10,1e-06,f1_micro,161,0.6493092454835282,0.26121163190856905,1.09341299533844,0.6407513696843203,0.3042302220987776,2.185861587524414
248,4,360,64,0.4,True,1800,1024,200,0.0001,1e-06,20,0.0001,4,True,True,0.7,10,1e-06,f1_macro,58,0.5511351801707978,0.29576868193627165,0.9818674325942993,0.5422740524781341,0.28791659549147414,1.8569976091384888
249,4,360,64,0.4,True,1800,2048,200,0.001,1e-06,20,0.0001,4,True,True,0.7,10,1e-06,f1_micro,113,0.6933659431366554,0.2764054373425835,2.067721128463745,0.6942098914354644,0.29092913424064704,4.759342670440674
250,4,360,64,0.4,True,1800,2048,200,0.001,1e-06,20,0.0001,4,True,True,0.7,10,1e-06,f1_macro,61,0.7101528384279476,0.30674840812929194,1.8516967296600342,0.6920110192837465,0.28438440803503673,4.258357524871826
251,4,360,64,0.4,True,1800,2048,200,0.0001,1e-06,20,0.0001,4,True,True,0.7,10,1e-06,f1_micro,159,0.596830985915493,0.24923841052652387,0.9841172099113464,0.5978009259259259,0.28663496697209734,1.7759578227996826
252,4,360,64,0.4,True,1800,2048,200,0.0001,1e-06,20,0.0001,4,True,True,0.7,10,1e-06,f1_macro,58,0.5445878848063556,0.291122116635539,0.9378634095191956,0.536448971439984,0.2710545331748803,1.568250060081482
253,4,360,128,0.2,True,1800,512,200,0.001,1e-06,20,0.0001,4,True,True,0.7,10,1e-06,f1_micro,71,0.6926774102346621,0.28927515438307094,2.383302927017212,0.6986998304126625,0.2796752665363032,4.753656387329102
254,4,360,128,0.2,True,1800,512,200,0.001,1e-06,20,0.0001,4,True,True,0.7,10,1e-06,f1_macro,40,0.7174271577789995,0.32955682306896755,1.9676519632339478,0.7092760180995475,0.2808444819157652,3.7439701557159424
255,4,360,128,0.2,True,1800,512,200,0.0001,1e-06,20,0.0001,4,True,True,0.7,10,1e-06,f1_micro,99,0.7013869232946505,0.2683422994675107,1.284028172492981,0.6946279804653835,0.2692339401747957,2.0346076488494873
256,4,360,128,0.2,True,1800,512,200,0.0001,1e-06,20,0.0001,4,True,True,0.7,10,1e-06,f1_macro,62,0.6974858069748581,0.3068251610074147,1.202974796295166,0.6793478260869565,0.27452183444128564,1.8531438112258911
257,4,360,128,0.2,True,1800,1024,200,0.001,1e-06,20,0.0001,4,True,True,0.7,10,1e-06,f1_micro,50,0.7184049079754601,0.2852615510250829,2.198044776916504,0.7233644859813084,0.2852951924662312,4.2626118659973145
258,4,360,128,0.2,True,1800,1024,200,0.001,1e-06,20,0.0001,4,True,True,0.7,10,1e-06,f1_macro,35,0.7365322343244038,0.321735466819338,1.8918592929840088,0.7184061849539102,0.28732835154107733,3.7274410724639893
259,4,360,128,0.2,True,1800,1024,200,0.0001,1e-06,20,0.0001,4,True,True,0.7,10,1e-06,f1_micro,184,0.6712485681557846,0.24892801282689245,1.117845058441162,0.6566657231814322,0.24241839852846445,1.5993009805679321
260,4,360,128,0.2,True,1800,1024,200,0.0001,1e-06,20,0.0001,4,True,True,0.7,10,1e-06,f1_macro,78,0.6043755697356427,0.30255456484608373,1.0913161039352417,0.5836380255941499,0.26137070862671796,1.5436853170394897
261,4,360,128,0.2,True,1800,2048,200,0.001,1e-06,20,0.0001,4,True,True,0.7,10,1e-06,f1_micro,107,0.7231093702922567,0.2743936011179806,2.189042329788208,0.7301587301587301,0.2822899750926354,4.495918273925781
262,4,360,128,0.2,True,1800,2048,200,0.001,1e-06,20,0.0001,4,True,True,0.7,10,1e-06,f1_macro,100,0.7367799113737076,0.3218978282997009,2.1935439109802246,0.7291291291291291,0.27782223265271594,4.471076488494873
263,4,360,128,0.2,True,1800,2048,200,0.0001,1e-06,20,0.0001,4,True,True,0.7,10,1e-06,f1_micro,118,0.5739212449893893,0.25037190674977894,1.0458343029022217,0.5710906079962148,0.2480799734305619,1.3898314237594604
264,4,360,128,0.2,True,1800,2048,200,0.0001,1e-06,20,0.0001,4,True,True,0.7,10,1e-06,f1_macro,48,0.46959807626245276,0.3066103543252379,1.0158405303955078,0.4584417837931633,0.2630543528444013,1.332227110862732
265,4,360,128,0.3,True,1800,512,200,0.001,1e-06,20,0.0001,4,True,True,0.7,10,1e-06,f1_micro,91,0.6924939467312349,0.2892000185675234,2.3534719944000244,0.6902320561252023,0.2767544201525408,5.528148174285889
266,4,360,128,0.3,True,1800,512,200,0.001,1e-06,20,0.0001,4,True,True,0.7,10,1e-06,f1_macro,90,0.7175360710321864,0.3317209721670487,2.322669267654419,0.6982975160480045,0.288950435293163,5.465066432952881
267,4,360,128,0.3,True,1800,512,200,0.0001,1e-06,20,0.0001,4,True,True,0.7,10,1e-06,f1_micro,70,0.6983505731059547,0.27020115832951785,1.2854729890823364,0.6929355474247115,0.24994432904332725,2.1165168285369873
268,4,360,128,0.3,True,1800,512,200,0.0001,1e-06,20,0.0001,4,True,True,0.7,10,1e-06,f1_macro,123,0.6863328822733423,0.3041214114862438,1.3782424926757812,0.6805671392827356,0.2636143688556257,2.322293519973755
269,4,360,128,0.3,True,1800,1024,200,0.001,1e-06,20,0.0001,4,True,True,0.7,10,1e-06,f1_micro,93,0.7045252883762201,0.30271382310344885,2.4645915031433105,0.7207422927267285,0.2951575915862945,4.671385765075684
270,4,360,128,0.3,True,1800,1024,200,0.001,1e-06,20,0.0001,4,True,True,0.7,10,1e-06,f1_macro,68,0.7246952083924014,0.3309286894121916,2.3235220909118652,0.719930775886934,0.2934260283448017,4.414750576019287
271,4,360,128,0.3,True,1800,1024,200,0.0001,1e-06,20,0.0001,4,True,True,0.7,10,1e-06,f1_micro,88,0.6760321100917431,0.25698302684626134,1.1098268032073975,0.6674298797939324,0.25643836055433566,1.5932326316833496
272,4,360,128,0.3,True,1800,1024,200,0.0001,1e-06,20,0.0001,4,True,True,0.7,10,1e-06,f1_macro,70,0.6267639902676398,0.30961419933003786,1.0885035991668701,0.6112071093557147,0.2801370516022662,1.5473289489746094
273,4,360,128,0.3,True,1800,2048,200,0.001,1e-06,20,0.0001,4,True,True,0.7,10,1e-06,f1_micro,112,0.7199500468310959,0.25819632796197883,2.2923104763031006,0.7247103037895396,0.28734265504818013,4.423170566558838
274,4,360,128,0.3,True,1800,2048,200,0.001,1e-06,20,0.0001,4,True,True,0.7,10,1e-06,f1_macro,87,0.7383367139959433,0.32376815826220545,2.2141590118408203,0.7302147690497205,0.28295564028866066,4.320659160614014
275,4,360,128,0.3,True,1800,2048,200,0.0001,1e-06,20,0.0001,4,True,True,0.7,10,1e-06,f1_micro,122,0.5731028420744213,0.24817404208967736,1.0265790224075317,0.5678866587957497,0.23626034542808486,1.3802204132080078
276,4,360,128,0.3,True,1800,2048,200,0.0001,1e-06,20,0.0001,4,True,True,0.7,10,1e-06,f1_macro,63,0.509009009009009,0.3239216008890072,1.0098334550857544,0.49690373428410584,0.269627162054317,1.3421332836151123
277,4,360,128,0.4,True,1800,512,200,0.001,1e-06,20,0.0001,4,True,True,0.7,10,1e-06,f1_micro,172,0.6765840220385675,0.28235697842085405,2.1485660076141357,0.6664845670581808,0.30440122426575184,4.7688984870910645
278,4,360,128,0.4,True,1800,512,200,0.001,1e-06,20,0.0001,4,True,True,0.7,10,1e-06,f1_macro,62,0.71293545773697,0.31785226324275345,1.7492958307266235,0.6840829517910045,0.29415180317335554,4.142650604248047
279,4,360,128,0.4,True,1800,512,200,0.0001,1e-06,20,0.0001,4,True,True,0.7,10,1e-06,f1_micro,114,0.6889668195306178,0.28298604062973903,1.2244212627410889,0.6807817589576547,0.2751752291072257,2.0542938709259033
280,4,360,128,0.4,True,1800,512,200,0.0001,1e-06,20,0.0001,4,True,True,0.7,10,1e-06,f1_macro,96,0.7045139850456937,0.31030744716457753,1.2032395601272583,0.6897913141567964,0.27197249438320414,2.0108606815338135
281,4,360,128,0.4,True,1800,1024,200,0.001,1e-06,20,0.0001,4,True,True,0.7,10,1e-06,f1_micro,94,0.7181514138035877,0.264250200672909,2.457526683807373,0.7149847094801223,0.2823677429821714,5.020535945892334
282,4,360,128,0.4,True,1800,1024,200,0.001,1e-06,20,0.0001,4,True,True,0.7,10,1e-06,f1_macro,57,0.7304101838755304,0.30839995073524085,2.1272215843200684,0.7176674364896074,0.28478349651010865,4.281155109405518
283,4,360,128,0.4,True,1800,1024,200,0.0001,1e-06,20,0.0001,4,True,True,0.7,10,1e-06,f1_micro,134,0.6440953412784398,0.26021011230242425,1.0683543682098389,0.6291408564503097,0.2618882281729343,1.553575038909912
284,4,360,128,0.4,True,1800,1024,200,0.0001,1e-06,20,0.0001,4,True,True,0.7,10,1e-06,f1_macro,90,0.6119933633562455,0.3119514109709842,1.0530558824539185,0.600674373795761,0.27651511337806006,1.5173007249832153
285,4,360,128,0.4,True,1800,2048,200,0.001,1e-06,20,0.0001,4,True,True,0.7,10,1e-06,f1_micro,75,0.7073030477285797,0.28975434441159126,1.9978220462799072,0.7206524905330615,0.29211820203810823,4.231598377227783
286,4,360,128,0.4,True,1800,2048,200,0.001,1e-06,20,0.0001,4,True,True,0.7,10,1e-06,f1_macro,41,0.7006265322800327,0.3228541184145515,1.597266674041748,0.6840958605664488,0.28417265259944385,3.256197690963745
287,4,360,128,0.4,True,1800,2048,200,0.0001,1e-06,20,0.0001,4,True,True,0.7,10,1e-06,f1_micro,169,0.5877338385034335,0.26037951879924737,1.0098323822021484,0.5765040265277119,0.26099655213772555,1.3928645849227905
288,4,360,128,0.4,True,1800,2048,200,0.0001,1e-06,20,0.0001,4,True,True,0.7,10,1e-06,f1_macro,63,0.5261282660332541,0.30965529422608906,0.9872092008590698,0.515344758868075,0.2688971544098015,1.3479137420654297
289,4,360,256,0.2,True,1800,512,200,0.001,1e-06,20,0.0001,4,True,True,0.7,10,1e-06,f1_micro,78,0.7099850968703427,0.2847536678361005,2.2992920875549316,0.7055946193824518,0.2753888999683413,5.514247417449951
290,4,360,256,0.2,True,1800,512,200,0.001,1e-06,20,0.0001,4,True,True,0.7,10,1e-06,f1_macro,84,0.740829825616356,0.31475709075604374,2.340871810913086,0.7256528417818741,0.2886981592332355,5.501453399658203
291,4,360,256,0.2,True,1800,512,200,0.0001,1e-06,20,0.0001,4,True,True,0.7,10,1e-06,f1_micro,138,0.7272727272727273,0.2542705239088222,1.2898540496826172,0.7255216693418941,0.25930798918946246,2.4612908363342285
292,4,360,256,0.2,True,1800,512,200,0.0001,1e-06,20,0.0001,4,True,True,0.7,10,1e-06,f1_macro,58,0.6580284552845529,0.30489575294616156,1.161052942276001,0.645344338405984,0.2628035321122718,2.1883113384246826
293,4,360,256,0.2,True,1800,1024,200,0.001,1e-06,20,0.0001,4,True,True,0.7,10,1e-06,f1_micro,109,0.7119393556538218,0.2778500732892404,2.4513652324676514,0.7190582246261533,0.28770376479905074,5.000025272369385
294,4,360,256,0.2,True,1800,1024,200,0.001,1e-06,20,0.0001,4,True,True,0.7,10,1e-06,f1_macro,68,0.7321324811156305,0.3260559796423574,2.2134385108947754,0.7081367924528302,0.29975049622165795,4.660048007965088
295,4,360,256,0.2,True,1800,1024,200,0.0001,1e-06,20,0.0001,4,True,True,0.7,10,1e-06,f1_micro,107,0.709814646004254,0.24471249516928573,1.075452446937561,0.7095397744590064,0.24657338686650088,1.799298644065857
296,4,360,256,0.2,True,1800,1024,200,0.0001,1e-06,20,0.0001,4,True,True,0.7,10,1e-06,f1_macro,31,0.5415132924335379,0.29547278766691226,0.9408782124519348,0.5346248969497115,0.27735294803614025,1.446062445640564
297,4,360,256,0.2,True,1800,2048,200,0.001,1e-06,20,0.0001,4,True,True,0.7,10,1e-06,f1_micro,99,0.7122011797578391,0.27788171974433795,1.9927717447280884,0.7110552763819096,0.27619281284148417,4.6499128341674805
298,4,360,256,0.2,True,1800,2048,200,0.001,1e-06,20,0.0001,4,True,True,0.7,10,1e-06,f1_macro,30,0.7131324004305705,0.3031640829906894,1.3760137557983398,0.6934286499862524,0.2821466375878497,3.183750629425049
299,4,360,256,0.2,True,1800,2048,200,0.0001,1e-06,20,0.0001,4,True,True,0.7,10,1e-06,f1_micro,154,0.6458000638773554,0.23932525169240693,0.9789139628410339,0.6489119844105229,0.24043047686272673,1.5716248750686646
300,4,360,256,0.2,True,1800,2048,200,0.0001,1e-06,20,0.0001,4,True,True,0.7,10,1e-06,f1_macro,39,0.5598621877691645,0.29267456616673565,0.937724769115448,0.5517988729952319,0.28108957548248936,1.4283332824707031
301,4,360,256,0.3,True,1800,512,200,0.001,1e-06,20,0.0001,4,True,True,0.7,10,1e-06,f1_micro,98,0.7035684180949705,0.27025576843026533,2.609719753265381,0.7034917000572409,0.2852937175668758,6.1215081214904785
302,4,360,256,0.3,True,1800,512,200,0.001,1e-06,20,0.0001,4,True,True,0.7,10,1e-06,f1_macro,37,0.7211298809194129,0.29740735810435653,1.9729987382888794,0.703486750348675,0.3116101695472713,4.682937145233154
303,4,360,256,0.3,True,1800,512,200,0.0001,1e-06,20,0.0001,4,True,True,0.7,10,1e-06,f1_micro,118,0.7269851312875673,0.25604270664832113,1.2806816101074219,0.7233770386952351,0.2582088418931775,2.4990427494049072
304,4,360,256,0.3,True,1800,512,200,0.0001,1e-06,20,0.0001,4,True,True,0.7,10,1e-06,f1_macro,92,0.6936912751677853,0.2975095281424177,1.250476598739624,0.6764307024681313,0.25432526861681315,2.427290916442871
305,4,360,256,0.3,True,1800,1024,200,0.001,1e-06,20,0.0001,4,True,True,0.7,10,1e-06,f1_micro,86,0.7073880162885399,0.27543197942086356,2.2870850563049316,0.7246722288438617,0.28899735873309357,5.410211086273193
306,4,360,256,0.3,True,1800,1024,200,0.001,1e-06,20,0.0001,4,True,True,0.7,10,1e-06,f1_macro,25,0.7110504774897681,0.32039415576314095,1.306593418121338,0.705718270571827,0.2972277727640748,3.0185201168060303
307,4,360,256,0.3,True,1800,1024,200,0.0001,1e-06,20,0.0001,4,True,True,0.7,10,1e-06,f1_micro,177,0.718500307314075,0.2556568310132666,1.1007767915725708,0.7166305357695881,0.25395919950329315,1.8841181993484497
308,4,360,256,0.3,True,1800,1024,200,0.0001,1e-06,20,0.0001,4,True,True,0.7,10,1e-06,f1_macro,26,0.5428990979651772,0.2877456153922447,0.9265991449356079,0.5384940778341794,0.27576790122782907,1.399635672569275
309,4,360,256,0.3,True,1800,2048,200,0.001,1e-06,20,0.0001,4,True,True,0.7,10,1e-06,f1_micro,81,0.7025067955300514,0.27954245348698753,1.7987391948699951,0.699578567128236,0.2988249987350583,4.515501022338867
310,4,360,256,0.3,True,1800,2048,200,0.001,1e-06,20,0.0001,4,True,True,0.7,10,1e-06,f1_macro,30,0.7053964757709251,0.32434178732915875,1.2508866786956787,0.6847704367301232,0.25897906037716667,2.9110267162323
311,4,360,256,0.3,True,1800,2048,200,0.0001,1e-06,20,0.0001,4,True,True,0.7,10,1e-06,f1_micro,129,0.6791277258566978,0.25343802321130704,0.971921980381012,0.6769318505845452,0.24764670988766777,1.6561154127120972
312,4,360,256,0.3,True,1800,2048,200,0.0001,1e-06,20,0.0001,4,True,True,0.7,10,1e-06,f1_macro,38,0.5770609318996416,0.2991433056929375,0.9131506085395813,0.5664351333183957,0.2607493710265599,1.4252556562423706
313,4,360,256,0.4,True,1800,512,200,0.001,1e-06,20,0.0001,4,True,True,0.7,10,1e-06,f1_micro,147,0.6761623219564633,0.2730817281415523,2.3180251121520996,0.6741996233521658,0.28602779137659723,6.003792762756348
314,4,360,256,0.4,True,1800,512,200,0.001,1e-06,20,0.0001,4,True,True,0.7,10,1e-06,f1_macro,54,0.7184035476718403,0.30362179411567086,1.7798618078231812,0.698707138842046,0.29208666174329473,5.062955379486084
315,4,360,256,0.4,True,1800,512,200,0.0001,1e-06,20,0.0001,4,True,True,0.7,10,1e-06,f1_micro,121,0.7191080829978321,0.27541730216701615,1.2312887907028198,0.7126865671641791,0.25823541609202316,2.4294347763061523
316,4,360,256,0.4,True,1800,512,200,0.0001,1e-06,20,0.0001,4,True,True,0.7,10,1e-06,f1_macro,54,0.686080683943361,0.29097886458768213,1.1129372119903564,0.676486341724692,0.27400185376155517,2.0895564556121826
317,4,360,256,0.4,True,1800,1024,200,0.001,1e-06,20,0.0001,4,True,True,0.7,10,1e-06,f1_micro,95,0.7098430813124108,0.28511562144876945,2.21244740486145,0.7118840579710145,0.28582487725398253,5.6807026863098145
318,4,360,256,0.4,True,1800,1024,200,0.001,1e-06,20,0.0001,4,True,True,0.7,10,1e-06,f1_macro,37,0.7293785310734463,0.3287146122059122,1.6307322978973389,0.7053417576105686,0.29097698272848976,4.288719177246094
319,4,360,256,0.4,True,1800,1024,200,0.0001,1e-06,20,0.0001,4,True,True,0.7,10,1e-06,f1_micro,121,0.72513170127053,0.2516195184827033,1.1340858936309814,0.7196757093857188,0.2591271760846344,2.049405813217163
320,4,360,256,0.4,True,1800,1024,200,0.0001,1e-06,20,0.0001,4,True,True,0.7,10,1e-06,f1_macro,28,0.585432266848196,0.2944842285661492,0.9072710275650024,0.5764732859435909,0.2737363931883401,1.3727705478668213
321,4,360,256,0.4,True,1800,2048,200,0.001,1e-06,20,0.0001,4,True,True,0.7,10,1e-06,f1_micro,79,0.690846286701209,0.2920753070821067,1.7316150665283203,0.6919976971790444,0.2881044339245415,3.672107458114624
322,4,360,256,0.4,True,1800,2048,200,0.001,1e-06,20,0.0001,4,True,True,0.7,10,1e-06,f1_macro,55,0.7273231622746186,0.32550762229705216,1.5383524894714355,0.7142051860202931,0.3163806900656216,3.3682100772857666
323,4,360,256,0.4,True,1800,2048,200,0.0001,1e-06,20,0.0001,4,True,True,0.7,10,1e-06,f1_micro,136,0.6933486898934639,0.2560280156050784,0.9953359365463257,0.6930055604331284,0.25221837041834494,1.708908200263977
324,4,360,256,0.4,True,1800,2048,200,0.0001,1e-06,20,0.0001,4,True,True,0.7,10,1e-06,f1_macro,51,0.5801389822909662,0.3071742542395943,0.9169980883598328,0.5657388549445576,0.25902256477389546,1.4725834131240845
325,5,200,64,0.2,True,1800,512,200,0.001,1e-06,20,0.0001,4,True,True,0.7,10,1e-06,f1_micro,96,0.6955772544514647,0.27776992674946605,2.8067424297332764,0.7004608294930875,0.30659104660882824,7.412156581878662
326,5,200,64,0.2,True,1800,512,200,0.001,1e-06,20,0.0001,4,True,True,0.7,10,1e-06,f1_macro,37,0.7149703975190301,0.3007288560246681,2.1681056022644043,0.7004243281471004,0.26831756235822063,5.798986434936523
327,5,200,64,0.2,True,1800,512,200,0.0001,1e-06,20,0.0001,4,True,True,0.7,10,1e-06,f1_micro,118,0.6657183499288762,0.2695729114482326,1.2392734289169312,0.6651428571428571,0.2524705222638362,2.6791768074035645
328,5,200,64,0.2,True,1800,512,200,0.0001,1e-06,20,0.0001,4,True,True,0.7,10,1e-06,f1_macro,121,0.6534062655395325,0.3162560200720874,1.2421106100082397,0.6308691308691309,0.24212949729276842,2.6854562759399414
329,5,200,64,0.2,True,1800,1024,200,0.001,1e-06,20,0.0001,4,True,True,0.7,10,1e-06,f1_micro,117,0.7249453637215111,0.28301713798444583,2.680083751678467,0.7297805642633229,0.2813174557313328,6.364515781402588
330,5,200,64,0.2,True,1800,1024,200,0.001,1e-06,20,0.0001,4,True,True,0.7,10,1e-06,f1_macro,73,0.7351092487279258,0.3011046763358964,2.5026845932006836,0.7222884386174017,0.2811418014628669,5.883556365966797
331,5,200,64,0.2,True,1800,1024,200,0.0001,1e-06,20,0.0001,4,True,True,0.7,10,1e-06,f1_micro,118,0.6646575342465754,0.26071172774395185,1.0812351703643799,0.6659298148659851,0.2501489407090269,2.2067618370056152
332,5,200,64,0.2,True,1800,1024,200,0.0001,1e-06,20,0.0001,4,True,True,0.7,10,1e-06,f1_macro,57,0.5485952133194589,0.29199921241686844,0.9904695153236389,0.5377731529656608,0.24142854102355402,1.871777892112732
333,5,200,64,0.2,True,1800,2048,200,0.001,1e-06,20,0.0001,4,True,True,0.7,10,1e-06,f1_micro,89,0.6967141610933411,0.2819859292958827,2.085981845855713,0.7027027027027027,0.3143337392302696,4.6295695304870605
334,5,200,64,0.2,True,1800,2048,200,0.001,1e-06,20,0.0001,4,True,True,0.7,10,1e-06,f1_macro,38,0.7005891805034815,0.29733904143996837,1.6628425121307373,0.6848944233892799,0.2933588200513997,3.5289642810821533
335,5,200,64,0.2,True,1800,2048,200,0.0001,1e-06,20,0.0001,4,True,True,0.7,10,1e-06,f1_micro,145,0.6564885496183206,0.24327480454048594,1.00395929813385,0.6484662576687117,0.2634970263462614,1.9417797327041626
336,5,200,64,0.2,True,1800,2048,200,0.0001,1e-06,20,0.0001,4,True,True,0.7,10,1e-06,f1_macro,46,0.5150361629234869,0.2758611004678816,0.9342262148857117,0.5029619721001337,0.25251534792514135,1.5189659595489502
337,5,200,64,0.3,True,1800,512,200,0.001,1e-06,20,0.0001,4,True,True,0.7,10,1e-06,f1_micro,139,0.6808002388772768,0.2882719980020154,2.683067560195923,0.6851355376824546,0.30852473777849293,6.045004844665527
338,5,200,64,0.3,True,1800,512,200,0.001,1e-06,20,0.0001,4,True,True,0.7,10,1e-06,f1_macro,116,0.7223812249570692,0.30948015210526825,2.6555612087249756,0.7127167630057804,0.30496301008483473,5.977581024169922
339,5,200,64,0.3,True,1800,512,200,0.0001,1e-06,20,0.0001,4,True,True,0.7,10,1e-06,f1_micro,85,0.6365591397849463,0.25362920738494366,1.1606138944625854,0.642967542503864,0.2788152169809459,2.486642360687256
340,5,200,64,0.3,True,1800,512,200,0.0001,1e-06,20,0.0001,4,True,True,0.7,10,1e-06,f1_macro,100,0.6530912659470068,0.29690356625174075,1.169482707977295,0.6435299950421418,0.2687692422470179,2.5524675846099854
341,5,200,64,0.3,True,1800,1024,200,0.001,1e-06,20,0.0001,4,True,True,0.7,10,1e-06,f1_micro,102,0.7201991907874261,0.300246894371069,2.568268060684204,0.7080979284369114,0.2846352238667732,5.706897735595703
342,5,200,64,0.3,True,1800,1024,200,0.001,1e-06,20,0.0001,4,True,True,0.7,10,1e-06,f1_macro,63,0.7273798997936929,0.31572203092443885,2.290590524673462,0.7154278945809891,0.3075595993233029,5.0553364753723145
343,5,200,64,0.3,True,1800,1024,200,0.0001,1e-06,20,0.0001,4,True,True,0.7,10,1e-06,f1_micro,95,0.652676399026764,0.2607193178977346,1.0158847570419312,0.6455968088370666,0.25574526841923023,2.024595022201538
344,5,200,64,0.3,True,1800,1024,200,0.0001,1e-06,20,0.0001,4,True,True,0.7,10,1e-06,f1_macro,64,0.551440329218107,0.29623457056992686,0.9638168811798096,0.53886444584119,0.2556082994998921,1.8016372919082642
345,5,200,64,0.3,True,1800,2048,200,0.001,1e-06,20,0.0001,4,True,True,0.7,10,1e-06,f1_micro,98,0.7021961932650074,0.28240337044627023,2.159517526626587,0.7146650929477723,0.3305384683101158,4.2870965003967285
346,5,200,64,0.3,True,1800,2048,200,0.001,1e-06,20,0.0001,4,True,True,0.7,10,1e-06,f1_macro,57,0.7301405219386292,0.3097404376144418,1.874863862991333,0.7184522090672827,0.3176497115724369,3.6942896842956543
347,5,200,64,0.3,True,1800,2048,200,0.0001,1e-06,20,0.0001,4,True,True,0.7,10,1e-06,f1_micro,143,0.6501640322099612,0.2634952921167495,0.9951950907707214,0.6421084156933213,0.2745905729656654,1.964594841003418
348,5,200,64,0.3,True,1800,2048,200,0.0001,1e-06,20,0.0001,4,True,True,0.7,10,1e-06,f1_macro,59,0.5128875607022787,0.28164989385283273,0.9264059662818909,0.503208758021895,0.257913645265577,1.6271036863327026
349,5,200,64,0.4,True,1800,512,200,0.001,1e-06,20,0.0001,4,True,True,0.7,10,1e-06,f1_micro,149,0.6476141872926767,0.28851739516341013,2.4011037349700928,0.647633744855967,0.30984833137955053,6.3907294273376465
350,5,200,64,0.4,True,1800,512,200,0.001,1e-06,20,0.0001,4,True,True,0.7,10,1e-06,f1_macro,48,0.6849170834430113,0.310968701885067,1.7817844152450562,0.6725192870444268,0.29777803348013043,5.131618022918701
351,5,200,64,0.4,True,1800,512,200,0.0001,1e-06,20,0.0001,4,True,True,0.7,10,1e-06,f1_micro,85,0.6264068075761735,0.2671090590818852,1.0200176239013672,0.616461366181411,0.2558433540799683,2.1713833808898926
352,5,200,64,0.4,True,1800,512,200,0.0001,1e-06,20,0.0001,4,True,True,0.7,10,1e-06,f1_macro,82,0.5651720542231491,0.3060076704617429,0.9898035526275635,0.5549542048293089,0.27357412972892936,2.098080635070801
353,5,200,64,0.4,True,1800,1024,200,0.001,1e-06,20,0.0001,4,True,True,0.7,10,1e-06,f1_micro,118,0.7000592768227623,0.3042546676590017,2.4869370460510254,0.7084078711985689,0.30305755109954957,5.426416397094727
354,5,200,64,0.4,True,1800,1024,200,0.001,1e-06,20,0.0001,4,True,True,0.7,10,1e-06,f1_macro,70,0.730580421599769,0.32963059149442475,2.2534265518188477,0.7151621384750219,0.2865491570512747,5.040158271789551
355,5,200,64,0.4,True,1800,1024,200,0.0001,1e-06,20,0.0001,4,True,True,0.7,10,1e-06,f1_micro,82,0.638150289017341,0.2704422203646528,1.0140525102615356,0.6242335766423358,0.27595283234537443,1.969650149345398
356,5,200,64,0.4,True,1800,1024,200,0.0001,1e-06,20,0.0001,4,True,True,0.7,10,1e-06,f1_macro,62,0.5123059447179099,0.2918103539578276,0.9555832147598267,0.5002842524161455,0.2682538956233903,1.7149033546447754
357,5,200,64,0.4,True,1800,2048,200,0.001,1e-06,20,0.0001,4,True,True,0.7,10,1e-06,f1_micro,125,0.6755725190839694,0.2782076822638702,2.0285394191741943,0.6766548624353037,0.3178640960564011,4.1329522132873535
358,5,200,64,0.4,True,1800,2048,200,0.001,1e-06,20,0.0001,4,True,True,0.7,10,1e-06,f1_macro,49,0.7004333694474539,0.3254544035300745,1.5891265869140625,0.6894664842681258,0.3122432114120656,3.3573358058929443
359,5,200,64,0.4,True,1800,2048,200,0.0001,1e-06,20,0.0001,4,True,True,0.7,10,1e-06,f1_micro,197,0.6155892524607608,0.2539336746823707,0.9592622518539429,0.6088362068965517,0.244220547138731,1.8542150259017944
360,5,200,64,0.4,True,1800,2048,200,0.0001,1e-06,20,0.0001,4,True,True,0.7,10,1e-06,f1_macro,54,0.4729131175468484,0.2688872627212602,0.9273520112037659,0.46441433716343683,0.24032440074909203,1.4928557872772217
361,5,200,128,0.2,True,1800,512,200,0.001,1e-06,20,0.0001,4,True,True,0.7,10,1e-06,f1_micro,72,0.6797122302158274,0.2546792532341383,2.385667324066162,0.6823324630113142,0.2718986312221287,6.333606719970703
362,5,200,128,0.2,True,1800,512,200,0.001,1e-06,20,0.0001,4,True,True,0.7,10,1e-06,f1_macro,73,0.707640259374119,0.2822235627655129,2.3813726902008057,0.6961918194640339,0.2672532293098746,6.270730495452881
363,5,200,128,0.2,True,1800,512,200,0.0001,1e-06,20,0.0001,4,True,True,0.7,10,1e-06,f1_micro,155,0.6770169115608539,0.2425184070928351,1.273736834526062,0.6661246612466125,0.27052688724665086,2.583366870880127
364,5,200,128,0.2,True,1800,512,200,0.0001,1e-06,20,0.0001,4,True,True,0.7,10,1e-06,f1_macro,110,0.6678681771369722,0.2864292420626672,1.2571606636047363,0.6393900889453621,0.25423682980420115,2.5085031986236572
365,5,200,128,0.2,True,1800,1024,200,0.001,1e-06,20,0.0001,4,True,True,0.7,10,1e-06,f1_micro,56,0.7131587251498895,0.25912156104047823,2.266303777694702,0.706430568499534,0.3143103299190602,5.634376049041748
366,5,200,128,0.2,True,1800,1024,200,0.001,1e-06,20,0.0001,4,True,True,0.7,10,1e-06,f1_macro,38,0.7251930225907921,0.3180960247353313,2.04257869720459,0.7043132803632236,0.30791653982530454,5.16054105758667
367,5,200,128,0.2,True,1800,1024,200,0.0001,1e-06,20,0.0001,4,True,True,0.7,10,1e-06,f1_micro,183,0.6472377090724785,0.2439258521191777,1.1600134372711182,0.6409798417963767,0.23471220492119466,2.2003445625305176
368,5,200,128,0.2,True,1800,1024,200,0.0001,1e-06,20,0.0001,4,True,True,0.7,10,1e-06,f1_macro,69,0.554849639983058,0.2753094077217303,1.0980966091156006,0.5387062566277837,0.24683770926860035,2.034719944000244
369,5,200,128,0.2,True,1800,2048,200,0.001,1e-06,20,0.0001,4,True,True,0.7,10,1e-06,f1_micro,67,0.7088243748203507,0.274625503627392,1.8911281824111938,0.7048710601719198,0.2836884759724868,4.442850589752197
370,5,200,128,0.2,True,1800,2048,200,0.001,1e-06,20,0.0001,4,True,True,0.7,10,1e-06,f1_macro,58,0.7191269385410684,0.3001697824287334,1.8182059526443481,0.7132987910189983,0.28285837767437766,4.222175121307373
371,5,200,128,0.2,True,1800,2048,200,0.0001,1e-06,20,0.0001,4,True,True,0.7,10,1e-06,f1_micro,125,0.6171369402019156,0.2356858109160619,1.047785997390747,0.6069857697283312,0.2345357097415242,1.8261934518814087
372,5,200,128,0.2,True,1800,2048,200,0.0001,1e-06,20,0.0001,4,True,True,0.7,10,1e-06,f1_macro,44,0.5055072463768115,0.2730673684995823,0.9674769043922424,0.49479768786127165,0.23526076231828677,1.5590369701385498
373,5,200,128,0.3,True,1800,512,200,0.001,1e-06,20,0.0001,4,True,True,0.7,10,1e-06,f1_micro,110,0.6885060717311494,0.26949237996626163,2.733013391494751,0.688422247446084,0.2801560707889262,5.574758529663086
374,5,200,128,0.3,True,1800,512,200,0.001,1e-06,20,0.0001,4,True,True,0.7,10,1e-06,f1_macro,82,0.7062464828362408,0.2971317227993564,2.5504016876220703,0.6888131743327655,0.2682959322146805,5.455495834350586
375,5,200,128,0.3,True,1800,512,200,0.0001,1e-06,20,0.0001,4,True,True,0.7,10,1e-06,f1_micro,113,0.6567546782876186,0.2514152084463014,1.230431318283081,0.6424923391215526,0.26617155072703835,2.4352827072143555
376,5,200,128,0.3,True,1800,512,200,0.0001,1e-06,20,0.0001,4,True,True,0.7,10,1e-06,f1_macro,58,0.664258064516129,0.29034776211328034,1.123980164527893,0.6452448820938067,0.2509432677151599,2.1772546768188477
377,5,200,128,0.3,True,1800,1024,200,0.001,1e-06,20,0.0001,4,True,True,0.7,10,1e-06,f1_micro,87,0.70995670995671,0.2682398438201867,2.424769163131714,0.7055520898315658,0.2867998278841198,5.71052360534668
378,5,200,128,0.3,True,1800,1024,200,0.001,1e-06,20,0.0001,4,True,True,0.7,10,1e-06,f1_macro,67,0.7325343466822567,0.2878285605930196,2.305187463760376,0.7215041128084606,0.31366861009262764,5.443081378936768
379,5,200,128,0.3,True,1800,1024,200,0.0001,1e-06,20,0.0001,4,True,True,0.7,10,1e-06,f1_micro,134,0.6461272674920818,0.24908682259427598,1.1661163568496704,0.639377342173537,0.2600666209445893,2.2620418071746826
380,5,200,128,0.3,True,1800,1024,200,0.0001,1e-06,20,0.0001,4,True,True,0.7,10,1e-06,f1_macro,56,0.5463680133975298,0.293136695319187,1.0545750856399536,0.5318699873364289,0.2508013568721176,1.9715884923934937
381,5,200,128,0.3,True,1800,2048,200,0.001,1e-06,20,0.0001,4,True,True,0.7,10,1e-06,f1_micro,73,0.7139899438036084,0.27436986631275595,1.928778052330017,0.7091821671095364,0.2945174392857444,4.508032321929932
382,5,200,128,0.3,True,1800,2048,200,0.001,1e-06,20,0.0001,4,True,True,0.7,10,1e-06,f1_macro,44,0.7314923619271445,0.3078289157364015,1.6564230918884277,0.7197170645446508,0.27543293097059474,3.94063663482666
383,5,200,128,0.3,True,1800,2048,200,0.0001,1e-06,20,0.0001,4,True,True,0.7,10,1e-06,f1_micro,173,0.6161852719229769,0.24103252267042374,1.0431535243988037,0.6122980719124544,0.2488498171230376,1.9339091777801514
384,5,200,128,0.3,True,1800,2048,200,0.0001,1e-06,20,0.0001,4,True,True,0.7,10,1e-06,f1_macro,32,0.5349643221202854,0.284401761887885,0.931719958782196,0.5225845655256228,0.23480997954451485,1.4305890798568726
385,5,200,128,0.4,True,1800,512,200,0.001,1e-06,20,0.0001,4,True,True,0.7,10,1e-06,f1_micro,114,0.6813739179000279,0.27362592313822953,2.2976648807525635,0.6711371891589829,0.31160002340924503,5.376471042633057
386,5,200,128,0.4,True,1800,512,200,0.001,1e-06,20,0.0001,4,True,True,0.7,10,1e-06,f1_macro,61,0.7183924085961485,0.3058196020443928,2.0975546836853027,0.7030812324929971,0.29534152257272245,4.6028733253479
387,5,200,128,0.4,True,1800,512,200,0.0001,1e-06,20,0.0001,4,True,True,0.7,10,1e-06,f1_micro,113,0.6467746518897414,0.2567215156105956,1.1789536476135254,0.6432189082723692,0.27197917678842154,2.426297426223755
388,5,200,128,0.4,True,1800,512,200,0.0001,1e-06,20,0.0001,4,True,True,0.7,10,1e-06,f1_macro,19,0.5653469561515538,0.27275880861849133,0.911021888256073,0.5582608695652174,0.23674735207710934,1.4482234716415405
389,5,200,128,0.4,True,1800,1024,200,0.001,1e-06,20,0.0001,4,True,True,0.7,10,1e-06,f1_micro,90,0.7045262861962328,0.2763720704720798,2.297585964202881,0.7101738387004844,0.31918577759196065,5.0597243309021
390,5,200,128,0.4,True,1800,1024,200,0.001,1e-06,20,0.0001,4,True,True,0.7,10,1e-06,f1_macro,75,0.7329228965112871,0.2979577783180301,2.179032564163208,0.7240461401952085,0.31190674720078343,4.931517601013184
391,5,200,128,0.4,True,1800,1024,200,0.0001,1e-06,20,0.0001,4,True,True,0.7,10,1e-06,f1_micro,134,0.6389508928571429,0.24823179160627684,1.1398251056671143,0.6350631136044881,0.27442386651367817,2.301811933517456
392,5,200,128,0.4,True,1800,1024,200,0.0001,1e-06,20,0.0001,4,True,True,0.7,10,1e-06,f1_macro,24,0.49648088263268025,0.2669876370581713,0.9333309531211853,0.4833906071019473,0.22844249446063916,1.434646725654602
393,5,200,128,0.4,True,1800,2048,200,0.001,1e-06,20,0.0001,4,True,True,0.7,10,1e-06,f1_micro,113,0.6959144502330683,0.27585578773450037,2.0086171627044678,0.6830198964295449,0.27254544438218253,5.368762493133545
394,5,200,128,0.4,True,1800,2048,200,0.001,1e-06,20,0.0001,4,True,True,0.7,10,1e-06,f1_macro,101,0.7269110542767832,0.2981784006217017,1.9720293283462524,0.7080147267063155,0.27373857091694825,5.224606037139893
395,5,200,128,0.4,True,1800,2048,200,0.0001,1e-06,20,0.0001,4,True,True,0.7,10,1e-06,f1_micro,190,0.5865019011406845,0.2372069519258791,1.0051013231277466,0.5872176838058626,0.2589294013651083,1.8497488498687744
396,5,200,128,0.4,True,1800,2048,200,0.0001,1e-06,20,0.0001,4,True,True,0.7,10,1e-06,f1_macro,51,0.5086551264980027,0.28500275387040147,0.9417767524719238,0.4982698961937716,0.25100984474030896,1.5836472511291504
397,5,200,256,0.2,True,1800,512,200,0.001,1e-06,20,0.0001,4,True,True,0.7,10,1e-06,f1_micro,118,0.7045660719685516,0.26918207287910634,2.968707799911499,0.6973483693995733,0.2809149412909521,5.186770915985107
398,5,200,256,0.2,True,1800,512,200,0.001,1e-06,20,0.0001,4,True,True,0.7,10,1e-06,f1_macro,67,0.7188221709006929,0.2886306697993471,2.635240077972412,0.7,0.2744023126455355,4.632527828216553
399,5,200,256,0.2,True,1800,512,200,0.0001,1e-06,20,0.0001,4,True,True,0.7,10,1e-06,f1_micro,142,0.6857142857142857,0.24921595472420685,1.3242390155792236,0.6851051570152694,0.269333230436145,2.3898086547851562
400,5,200,256,0.2,True,1800,512,200,0.0001,1e-06,20,0.0001,4,True,True,0.7,10,1e-06,f1_macro,53,0.6792942397509082,0.2921074071947814,1.1747326850891113,0.6552631578947369,0.2538611662911351,2.055324077606201
401,5,200,256,0.2,True,1800,1024,200,0.001,1e-06,20,0.0001,4,True,True,0.7,10,1e-06,f1_micro,91,0.7107992678462477,0.29075453774390214,2.5281693935394287,0.7057379564283522,0.3108990181044393,5.344208717346191
402,5,200,256,0.2,True,1800,1024,200,0.001,1e-06,20,0.0001,4,True,True,0.7,10,1e-06,f1_macro,75,0.732592159157402,0.31672166488274583,2.424161195755005,0.7167801124593075,0.30507972184905563,5.154475212097168
403,5,200,256,0.2,True,1800,1024,200,0.0001,1e-06,20,0.0001,4,True,True,0.7,10,1e-06,f1_micro,193,0.6056899760701941,0.23374537516781,1.1017016172409058,0.6,0.2723283757263353,1.7566474676132202
404,5,200,256,0.2,True,1800,1024,200,0.0001,1e-06,20,0.0001,4,True,True,0.7,10,1e-06,f1_macro,19,0.49441663457835966,0.2831612532748454,0.9769957065582275,0.49077132310083543,0.2566897722827686,1.3482475280761719
405,5,200,256,0.2,True,1800,2048,200,0.001,1e-06,20,0.0001,4,True,True,0.7,10,1e-06,f1_micro,126,0.7160058737151248,0.2831151047494879,2.2827296257019043,0.7068155111633373,0.287817379758293,4.75931978225708
406,5,200,256,0.2,True,1800,2048,200,0.001,1e-06,20,0.0001,4,True,True,0.7,10,1e-06,f1_macro,60,0.7254004576659039,0.3013390324177809,2.025282382965088,0.7063878544829562,0.2762202415882284,4.12631893157959
407,5,200,256,0.2,True,1800,2048,200,0.0001,1e-06,20,0.0001,4,True,True,0.7,10,1e-06,f1_micro,197,0.5176967776016904,0.22498360025332345,1.0363796949386597,0.5038492168834616,0.24513752411295534,1.567001223564148
408,5,200,256,0.2,True,1800,2048,200,0.0001,1e-06,20,0.0001,4,True,True,0.7,10,1e-06,f1_macro,32,0.451831750339213,0.2835122161649086,0.9944567084312439,0.4325148179508891,0.24862826819806794,1.3729678392410278
409,5,200,256,0.3,True,1800,512,200,0.001,1e-06,20,0.0001,4,True,True,0.7,10,1e-06,f1_micro,131,0.6860244233378562,0.27136524663277245,2.6127305030822754,0.6661285983319881,0.270031445733329,6.464602947235107
410,5,200,256,0.3,True,1800,512,200,0.001,1e-06,20,0.0001,4,True,True,0.7,10,1e-06,f1_macro,91,0.7080472397692942,0.2986811878895035,2.408864736557007,0.6900713110257817,0.2744949104625964,6.243188381195068
411,5,200,256,0.3,True,1800,512,200,0.0001,1e-06,20,0.0001,4,True,True,0.7,10,1e-06,f1_micro,120,0.701123595505618,0.25856241971552524,1.3023436069488525,0.6897530513766676,0.30111728714071234,2.4047763347625732
412,5,200,256,0.3,True,1800,512,200,0.0001,1e-06,20,0.0001,4,True,True,0.7,10,1e-06,f1_macro,63,0.6653019447287615,0.297216600213707,1.192465901374817,0.6358201195736938,0.27403774118623114,2.161254644393921
413,5,200,256,0.3,True,1800,1024,200,0.001,1e-06,20,0.0001,4,True,True,0.7,10,1e-06,f1_micro,77,0.7046450482033304,0.2922838137679766,2.2768137454986572,0.6995620437956205,0.28924924020979675,5.031188488006592
414,5,200,256,0.3,True,1800,1024,200,0.001,1e-06,20,0.0001,4,True,True,0.7,10,1e-06,f1_macro,66,0.7246708643388666,0.31191501960274715,2.1890389919281006,0.7082971957213068,0.28553169934214634,4.807484149932861
415,5,200,256,0.3,True,1800,1024,200,0.0001,1e-06,20,0.0001,4,True,True,0.7,10,1e-06,f1_micro,139,0.6061401207032275,0.23696364912560886,1.0820704698562622,0.5928874734607219,0.26773927259056707,1.7007243633270264
416,5,200,256,0.3,True,1800,1024,200,0.0001,1e-06,20,0.0001,4,True,True,0.7,10,1e-06,f1_macro,50,0.5299316994777019,0.2892074608598455,1.0190457105636597,0.5119808306709265,0.2711762237581644,1.528777837753296
417,5,200,256,0.3,True,1800,2048,200,0.001,1e-06,20,0.0001,4,True,True,0.7,10,1e-06,f1_micro,117,0.6997716894977168,0.28107699515949747,2.2506260871887207,0.6928999144568007,0.29814917332191554,4.672532081604004
418,5,200,256,0.3,True,1800,2048,200,0.001,1e-06,20,0.0001,4,True,True,0.7,10,1e-06,f1_macro,39,0.7007895453307923,0.3155610281449487,1.4637863636016846,0.6701199563794984,0.2910656591075847,3.242532730102539
419,5,200,256,0.3,True,1800,2048,200,0.0001,1e-06,20,0.0001,4,True,True,0.7,10,1e-06,f1_micro,199,0.5369565217391304,0.2345811361004392,1.0309652090072632,0.5207133058984911,0.24360266290725402,1.590338110923767
420,5,200,256,0.3,True,1800,2048,200,0.0001,1e-06,20,0.0001,4,True,True,0.7,10,1e-06,f1_macro,63,0.4986067248746052,0.30419417858380693,1.0056872367858887,0.47896200185356813,0.26489105916756994,1.5057106018066406
421,5,200,256,0.4,True,1800,512,200,0.001,1e-06,20,0.0001,4,True,True,0.7,10,1e-06,f1_micro,123,0.6577217962760131,0.28077425303386583,2.2873287200927734,0.6462809917355372,0.2562358530177166,5.758559226989746
422,5,200,256,0.4,True,1800,512,200,0.001,1e-06,20,0.0001,4,True,True,0.7,10,1e-06,f1_macro,120,0.7153652392947103,0.3130889994303,2.289900064468384,0.6865671641791045,0.26714575807578794,5.72258186340332
423,5,200,256,0.4,True,1800,512,200,0.0001,1e-06,20,0.0001,4,True,True,0.7,10,1e-06,f1_micro,148,0.7018425460636516,0.2617433076313004,1.3331176042556763,0.6971331251774057,0.30527406352362424,2.436089038848877
424,5,200,256,0.4,True,1800,512,200,0.0001,1e-06,20,0.0001,4,True,True,0.7,10,1e-06,f1_macro,62,0.6826098258383155,0.3117666142904453,1.1704909801483154,0.6555671175858481,0.302014132770008,2.0673091411590576
425,5,200,256,0.4,True,1800,1024,200,0.001,1e-06,20,0.0001,4,True,True,0.7,10,1e-06,f1_micro,94,0.6944917660420216,0.2717405187537219,2.188868284225464,0.6880973066898349,0.269139690427493,5.203363418579102
426,5,200,256,0.4,True,1800,1024,200,0.001,1e-06,20,0.0001,4,True,True,0.7,10,1e-06,f1_macro,116,0.7077793493635077,0.28670280015939786,2.288870096206665,0.6903935185185185,0.2737132632735394,5.390902996063232
427,5,200,256,0.4,True,1800,1024,200,0.0001,1e-06,20,0.0001,4,True,True,0.7,10,1e-06,f1_micro,185,0.6379356211758447,0.2591887684445817,1.0929017066955566,0.6277762911426278,0.27902325917120796,1.8437047004699707
428,5,200,256,0.4,True,1800,1024,200,0.0001,1e-06,20,0.0001,4,True,True,0.7,10,1e-06,f1_macro,36,0.528855821435753,0.30508888536496215,0.9678875207901001,0.515077424612877,0.2732038532852206,1.4697474241256714
429,5,200,256,0.4,True,1800,2048,200,0.001,1e-06,20,0.0001,4,True,True,0.7,10,1e-06,f1_micro,92,0.6867500638243553,0.2850075939143757,1.9481043815612793,0.6612534889621924,0.2693293270378055,4.042694568634033
430,5,200,256,0.4,True,1800,2048,200,0.001,1e-06,20,0.0001,4,True,True,0.7,10,1e-06,f1_macro,52,0.7039827771797632,0.30896404187637294,1.624103307723999,0.6704545454545454,0.27507413732179914,3.311272621154785
431,5,200,256,0.4,True,1800,2048,200,0.0001,1e-06,20,0.0001,4,True,True,0.7,10,1e-06,f1_micro,200,0.5260005445140212,0.2355377223289018,1.0111109018325806,0.5161290322580645,0.2547096014319451,1.581827998161316
432,5,200,256,0.4,True,1800,2048,200,0.0001,1e-06,20,0.0001,4,True,True,0.7,10,1e-06,f1_macro,44,0.49421581642328843,0.3015563754153012,0.9656326174736023,0.48601332064700287,0.2739048710968387,1.408867597579956
433,5,300,64,0.2,True,1800,512,200,0.001,1e-06,20,0.0001,4,True,True,0.7,10,1e-06,f1_micro,96,0.6789366053169734,0.24662412810193501,2.630415201187134,0.6577415599534342,0.2528718631584499,3.9726269245147705
434,5,300,64,0.2,True,1800,512,200,0.001,1e-06,20,0.0001,4,True,True,0.7,10,1e-06,f1_macro,36,0.682421667551779,0.2739632592431856,1.8030567169189453,0.65625,0.24275687973584437,3.2221570014953613
435,5,300,64,0.2,True,1800,512,200,0.0001,1e-06,20,0.0001,4,True,True,0.7,10,1e-06,f1_micro,128,0.6341068537506745,0.24338110493890294,1.2596975564956665,0.6345685691100893,0.23647466328250052,2.1000194549560547
436,5,300,64,0.2,True,1800,512,200,0.0001,1e-06,20,0.0001,4,True,True,0.7,10,1e-06,f1_macro,73,0.6375888262680716,0.2719279965351971,1.221622347831726,0.6266666666666667,0.25237901889378317,2.008321762084961
437,5,300,64,0.2,True,1800,1024,200,0.001,1e-06,20,0.0001,4,True,True,0.7,10,1e-06,f1_micro,112,0.7243145525760771,0.2743626942012304,2.8506312370300293,0.7106357694592988,0.28398753055963377,4.485581874847412
438,5,300,64,0.2,True,1800,1024,200,0.001,1e-06,20,0.0001,4,True,True,0.7,10,1e-06,f1_macro,60,0.7323615160349854,0.30284294532216194,2.5280003547668457,0.7092651757188498,0.27465520712484537,3.967808246612549
439,5,300,64,0.2,True,1800,1024,200,0.0001,1e-06,20,0.0001,4,True,True,0.7,10,1e-06,f1_micro,177,0.588048651507139,0.21899148998316592,1.0803285837173462,0.5814014066163063,0.2538702932053712,1.5641393661499023
440,5,300,64,0.2,True,1800,1024,200,0.0001,1e-06,20,0.0001,4,True,True,0.7,10,1e-06,f1_macro,16,0.4775488642366614,0.24769756312788768,0.9911692142486572,0.4686840253342716,0.22469047282657828,1.3102049827575684
441,5,300,64,0.2,True,1800,2048,200,0.001,1e-06,20,0.0001,4,True,True,0.7,10,1e-06,f1_micro,80,0.7045650301464255,0.2752202932832977,2.235970973968506,0.7175174013921114,0.31084508260899013,3.578469753265381
442,5,300,64,0.2,True,1800,2048,200,0.001,1e-06,20,0.0001,4,True,True,0.7,10,1e-06,f1_macro,53,0.7106288258208124,0.2871911274715282,2.0263469219207764,0.7008403361344537,0.30426405656044864,3.1703598499298096
443,5,300,64,0.2,True,1800,2048,200,0.0001,1e-06,20,0.0001,4,True,True,0.7,10,1e-06,f1_micro,102,0.5652052499301871,0.2082412757117524,1.0240569114685059,0.5462530881141916,0.23417999524789815,1.4572169780731201
444,5,300,64,0.2,True,1800,2048,200,0.0001,1e-06,20,0.0001,4,True,True,0.7,10,1e-06,f1_macro,29,0.48429366361514986,0.2650227330432598,0.9939360618591309,0.47535400609428213,0.23350804385575907,1.3631783723831177
445,5,300,64,0.3,True,1800,512,200,0.001,1e-06,20,0.0001,4,True,True,0.7,10,1e-06,f1_micro,59,0.6808982533961742,0.2760151316237843,2.326071262359619,0.6772486772486772,0.315362056058923,4.634202480316162
446,5,300,64,0.3,True,1800,512,200,0.001,1e-06,20,0.0001,4,True,True,0.7,10,1e-06,f1_macro,76,0.7194326241134752,0.30431676502796223,2.4318737983703613,0.7114285714285714,0.2995061629746658,4.973467826843262
447,5,300,64,0.3,True,1800,512,200,0.0001,1e-06,20,0.0001,4,True,True,0.7,10,1e-06,f1_micro,150,0.623146944083225,0.2481919128458912,1.2545243501663208,0.6228229789446322,0.26328129398526817,2.067497491836548
448,5,300,64,0.3,True,1800,512,200,0.0001,1e-06,20,0.0001,4,True,True,0.7,10,1e-06,f1_macro,104,0.6237209302325581,0.28509543107889224,1.2316535711288452,0.6042394595853715,0.2612353151185184,2.025043249130249
449,5,300,64,0.3,True,1800,1024,200,0.001,1e-06,20,0.0001,4,True,True,0.7,10,1e-06,f1_micro,91,0.7161232425964702,0.27780302318412586,2.7235236167907715,0.7177637511271415,0.3089065857150442,4.443756103515625
450,5,300,64,0.3,True,1800,1024,200,0.001,1e-06,20,0.0001,4,True,True,0.7,10,1e-06,f1_macro,56,0.7160278745644599,0.29758225187623333,2.431300401687622,0.7119040655162329,0.29363695483600843,4.088850021362305
451,5,300,64,0.3,True,1800,1024,200,0.0001,1e-06,20,0.0001,4,True,True,0.7,10,1e-06,f1_micro,131,0.581351689612015,0.22482254381108138,1.0853309631347656,0.5604775369148602,0.26019568332306364,1.6058157682418823
452,5,300,64,0.3,True,1800,1024,200,0.0001,1e-06,20,0.0001,4,True,True,0.7,10,1e-06,f1_macro,60,0.5043216835776024,0.27628413194833834,1.042235016822815,0.4919765905229375,0.2439130621194802,1.5133695602416992
453,5,300,64,0.3,True,1800,2048,200,0.001,1e-06,20,0.0001,4,True,True,0.7,10,1e-06,f1_micro,123,0.7032772364924712,0.27397585528282,2.2947938442230225,0.7129963898916968,0.3058763226517094,3.489297389984131
454,5,300,64,0.3,True,1800,2048,200,0.001,1e-06,20,0.0001,4,True,True,0.7,10,1e-06,f1_macro,41,0.709501769670569,0.30532044260887864,1.6888314485549927,0.6978397593656002,0.2954113797516724,2.6873209476470947
455,5,300,64,0.3,True,1800,2048,200,0.0001,1e-06,20,0.0001,4,True,True,0.7,10,1e-06,f1_micro,121,0.5532381997804611,0.20776541417538924,1.0171054601669312,0.5418502202643172,0.23282069196756716,1.4675629138946533
456,5,300,64,0.3,True,1800,2048,200,0.0001,1e-06,20,0.0001,4,True,True,0.7,10,1e-06,f1_macro,34,0.46919183103508466,0.2675785037141013,0.9891124963760376,0.4616459898654552,0.23277184964511774,1.3459175825119019
457,5,300,64,0.4,True,1800,512,200,0.001,1e-06,20,0.0001,4,True,True,0.7,10,1e-06,f1_micro,134,0.6870026525198939,0.27662170333536285,2.624988079071045,0.6853632478632479,0.31368440724863345,4.771642684936523
458,5,300,64,0.4,True,1800,512,200,0.001,1e-06,20,0.0001,4,True,True,0.7,10,1e-06,f1_macro,79,0.6970910061382439,0.30796478718292125,2.4029877185821533,0.6834143706104808,0.3068255880891216,4.479444980621338
459,5,300,64,0.4,True,1800,512,200,0.0001,1e-06,20,0.0001,4,True,True,0.7,10,1e-06,f1_micro,137,0.6033545948499882,0.24481205953105475,1.1914265155792236,0.5944928218404331,0.24224064342336937,1.9991477727890015
460,5,300,64,0.4,True,1800,512,200,0.0001,1e-06,20,0.0001,4,True,True,0.7,10,1e-06,f1_macro,86,0.65686994856723,0.29033909414324294,1.1451159715652466,0.626044226044226,0.24685636795744303,1.8987947702407837
461,5,300,64,0.4,True,1800,1024,200,0.001,1e-06,20,0.0001,4,True,True,0.7,10,1e-06,f1_micro,128,0.7081532699510228,0.28518832077983464,2.568544387817383,0.715028901734104,0.31084174683791593,4.423490047454834
462,5,300,64,0.4,True,1800,1024,200,0.001,1e-06,20,0.0001,4,True,True,0.7,10,1e-06,f1_macro,53,0.7172027972027972,0.3190263495219173,2.1275713443756104,0.6926528323051038,0.2782544300004395,3.8489534854888916
463,5,300,64,0.4,True,1800,1024,200,0.0001,1e-06,20,0.0001,4,True,True,0.7,10,1e-06,f1_micro,84,0.5524673851389676,0.21823162075741048,1.0443617105484009,0.543854669315924,0.21976913759991965,1.5829499959945679
464,5,300,64,0.4,True,1800,1024,200,0.0001,1e-06,20,0.0001,4,True,True,0.7,10,1e-06,f1_macro,41,0.4916561995334649,0.27849699910150943,0.9904661774635315,0.47651487988526353,0.23426952277740024,1.4160560369491577
465,5,300,64,0.4,True,1800,2048,200,0.001,1e-06,20,0.0001,4,True,True,0.7,10,1e-06,f1_micro,125,0.6948304613674263,0.2848053254175086,2.0515944957733154,0.6940133037694013,0.32654758762436614,3.0722458362579346
466,5,300,64,0.4,True,1800,2048,200,0.001,1e-06,20,0.0001,4,True,True,0.7,10,1e-06,f1_macro,45,0.702355460385439,0.3010411587285866,1.6257719993591309,0.6877534468775345,0.3020043119938548,2.324545383453369
467,5,300,64,0.4,True,1800,2048,200,0.0001,1e-06,20,0.0001,4,True,True,0.7,10,1e-06,f1_micro,123,0.5506619832477708,0.21566091897888,1.0123966932296753,0.5387277082778813,0.24180570019657185,1.460048794746399
468,5,300,64,0.4,True,1800,2048,200,0.0001,1e-06,20,0.0001,4,True,True,0.7,10,1e-06,f1_macro,57,0.48751733703190014,0.2737784789719804,0.983035147190094,0.471280276816609,0.2406897065509331,1.3696372509002686
469,5,300,128,0.2,True,1800,512,200,0.001,1e-06,20,0.0001,4,True,True,0.7,10,1e-06,f1_micro,146,0.6939226519337016,0.2921209319697242,2.401751756668091,0.6889074228523769,0.2908265894900314,6.9322967529296875
470,5,300,128,0.2,True,1800,512,200,0.001,1e-06,20,0.0001,4,True,True,0.7,10,1e-06,f1_macro,41,0.6977509599561162,0.31531231833827716,1.5544838905334473,0.6903297931805478,0.3008644209943876,5.273242950439453
471,5,300,128,0.2,True,1800,512,200,0.0001,1e-06,20,0.0001,4,True,True,0.7,10,1e-06,f1_micro,65,0.6848145182812917,0.2525753661248823,1.1937414407730103,0.6840548534552299,0.3040284924520068,2.114302158355713
472,5,300,128,0.2,True,1800,512,200,0.0001,1e-06,20,0.0001,4,True,True,0.7,10,1e-06,f1_macro,63,0.6473236618309155,0.2946886206443179,1.164117455482483,0.6283429142714322,0.26773880329606226,2.069737195968628
473,5,300,128,0.2,True,1800,1024,200,0.001,1e-06,20,0.0001,4,True,True,0.7,10,1e-06,f1_micro,94,0.7094954559699154,0.2706816322514359,2.5960938930511475,0.7138344914718888,0.3252289514910343,6.214938163757324
474,5,300,128,0.2,True,1800,1024,200,0.001,1e-06,20,0.0001,4,True,True,0.7,10,1e-06,f1_macro,71,0.7350579839429081,0.30868249549663496,2.369220733642578,0.7192561487702459,0.3101875137635891,5.8886284828186035
475,5,300,128,0.2,True,1800,1024,200,0.0001,1e-06,20,0.0001,4,True,True,0.7,10,1e-06,f1_micro,93,0.7101704879482658,0.2651224568663323,1.086715817451477,0.6978824932895914,0.2781643525981357,1.8094960451126099
476,5,300,128,0.2,True,1800,1024,200,0.0001,1e-06,20,0.0001,4,True,True,0.7,10,1e-06,f1_macro,80,0.6007905138339921,0.30404425867369683,1.0782909393310547,0.5851466414380322,0.25512756548163706,1.7768357992172241
477,5,300,128,0.2,True,1800,2048,200,0.001,1e-06,20,0.0001,4,True,True,0.7,10,1e-06,f1_micro,79,0.7231467473524962,0.276606169748967,2.1922261714935303,0.7207968608511923,0.3323987767482303,4.420650005340576
478,5,300,128,0.2,True,1800,2048,200,0.001,1e-06,20,0.0001,4,True,True,0.7,10,1e-06,f1_macro,48,0.724342663273961,0.3128687028828481,1.932565450668335,0.7033153867951261,0.3078383488095447,4.0264482498168945
479,5,300,128,0.2,True,1800,2048,200,0.0001,1e-06,20,0.0001,4,True,True,0.7,10,1e-06,f1_micro,147,0.664929990231195,0.2592264852727468,1.041916847229004,0.6606965174129353,0.2638224656332871,1.5520185232162476
480,5,300,128,0.2,True,1800,2048,200,0.0001,1e-06,20,0.0001,4,True,True,0.7,10,1e-06,f1_macro,76,0.5192697768762677,0.2994528319613638,1.026365041732788,0.5120359037127703,0.2646757489913719,1.5159364938735962
481,5,300,128,0.3,True,1800,512,200,0.001,1e-06,20,0.0001,4,True,True,0.7,10,1e-06,f1_micro,94,0.6765405977254695,0.28064912798790703,2.493889808654785,0.6789039638201649,0.30276219581601765,5.373199462890625
482,5,300,128,0.3,True,1800,512,200,0.001,1e-06,20,0.0001,4,True,True,0.7,10,1e-06,f1_macro,46,0.7113945106736901,0.3074318592063909,2.0037455558776855,0.7016375242853178,0.32009371988320673,4.42350959777832
483,5,300,128,0.3,True,1800,512,200,0.0001,1e-06,20,0.0001,4,True,True,0.7,10,1e-06,f1_micro,81,0.7053084648493544,0.2674960950033408,1.189967393875122,0.6884771279675739,0.29623305243464004,2.1568479537963867
484,5,300,128,0.3,True,1800,512,200,0.0001,1e-06,20,0.0001,4,True,True,0.7,10,1e-06,f1_macro,52,0.6040298845370161,0.30221954468465884,1.1051150560379028,0.5817351598173516,0.27313748050199055,1.9524939060211182
485,5,300,128,0.3,True,1800,1024,200,0.001,1e-06,20,0.0001,4,True,True,0.7,10,1e-06,f1_micro,71,0.7143723468768951,0.28739971312373175,2.39263916015625,0.7147183525136281,0.313426128837521,5.552143573760986
486,5,300,128,0.3,True,1800,1024,200,0.001,1e-06,20,0.0001,4,True,True,0.7,10,1e-06,f1_macro,48,0.7288428324697754,0.3116339691689758,2.192695379257202,0.7138300956799072,0.29662307340185845,4.85465669631958
487,5,300,128,0.3,True,1800,1024,200,0.0001,1e-06,20,0.0001,4,True,True,0.7,10,1e-06,f1_micro,136,0.7150319210679048,0.2822746293908423,1.0978540182113647,0.7044917257683215,0.2943137405576414,1.898764967918396
488,5,300,128,0.3,True,1800,1024,200,0.0001,1e-06,20,0.0001,4,True,True,0.7,10,1e-06,f1_macro,81,0.6023432115782219,0.3126468299837423,1.0670585632324219,0.5888395984123278,0.26439298411093143,1.81526517868042
489,5,300,128,0.3,True,1800,2048,200,0.001,1e-06,20,0.0001,4,True,True,0.7,10,1e-06,f1_micro,54,0.7025900565644537,0.28669829961453436,1.8425978422164917,0.7039904705181655,0.340831189407779,3.9061849117279053
490,5,300,128,0.3,True,1800,2048,200,0.001,1e-06,20,0.0001,4,True,True,0.7,10,1e-06,f1_macro,53,0.7223159078133783,0.313661428930336,1.8713830709457397,0.7142857142857143,0.3333239515459987,3.926107883453369
491,5,300,128,0.3,True,1800,2048,200,0.0001,1e-06,20,0.0001,4,True,True,0.7,10,1e-06,f1_micro,127,0.6647173489278753,0.2521086622913997,1.0316485166549683,0.6655672823218998,0.26770205057497864,1.5942399501800537
492,5,300,128,0.3,True,1800,2048,200,0.0001,1e-06,20,0.0001,4,True,True,0.7,10,1e-06,f1_macro,84,0.5268074735987003,0.30392950235867316,1.021762490272522,0.5286783042394015,0.26056964320594156,1.5598212480545044
493,5,300,128,0.4,True,1800,512,200,0.001,1e-06,20,0.0001,4,True,True,0.7,10,1e-06,f1_micro,124,0.6461377870563675,0.29280994933685545,1.9508544206619263,0.633202614379085,0.3039412741282365,5.646727085113525
494,5,300,128,0.4,True,1800,512,200,0.001,1e-06,20,0.0001,4,True,True,0.7,10,1e-06,f1_macro,80,0.7126690587910571,0.3207723403995777,1.813056230545044,0.6968680089485458,0.29691183125133164,5.315515518188477
495,5,300,128,0.4,True,1800,512,200,0.0001,1e-06,20,0.0001,4,True,True,0.7,10,1e-06,f1_micro,87,0.6942194917620776,0.28591240990235983,1.1968451738357544,0.6888951681265895,0.3253944035334147,2.2228941917419434
496,5,300,128,0.4,True,1800,512,200,0.0001,1e-06,20,0.0001,4,True,True,0.7,10,1e-06,f1_macro,53,0.6388611388611388,0.30725108425187286,1.1086530685424805,0.6229007633587786,0.2636381495824283,1.9644269943237305
497,5,300,128,0.4,True,1800,1024,200,0.001,1e-06,20,0.0001,4,True,True,0.7,10,1e-06,f1_micro,104,0.7106807511737089,0.2963098665141721,2.35994815826416,0.7020262216924911,0.3057139584934973,6.1965861320495605
498,5,300,128,0.4,True,1800,1024,200,0.001,1e-06,20,0.0001,4,True,True,0.7,10,1e-06,f1_macro,78,0.7260234755224735,0.3152686483799242,2.216907262802124,0.7076209794262532,0.311724444996637,5.828435897827148
499,5,300,128,0.4,True,1800,1024,200,0.0001,1e-06,20,0.0001,4,True,True,0.7,10,1e-06,f1_micro,97,0.6973936899862826,0.29007322694555754,1.0581432580947876,0.6932136848008974,0.28577082839203427,1.7775781154632568
500,5,300,128,0.4,True,1800,1024,200,0.0001,1e-06,20,0.0001,4,True,True,0.7,10,1e-06,f1_macro,68,0.602285458211965,0.312951034171181,1.0281661748886108,0.5818431911966988,0.26336565501143683,1.7056288719177246
501,5,300,128,0.4,True,1800,2048,200,0.001,1e-06,20,0.0001,4,True,True,0.7,10,1e-06,f1_micro,97,0.7108076009501187,0.2901762819937948,1.9612951278686523,0.7057057057057057,0.32914282597504446,4.512521743774414
502,5,300,128,0.4,True,1800,2048,200,0.001,1e-06,20,0.0001,4,True,True,0.7,10,1e-06,f1_macro,45,0.7192691029900332,0.308573054297122,1.5716980695724487,0.7100028019052956,0.3118658780249273,3.7300028800964355
503,5,300,128,0.4,True,1800,2048,200,0.0001,1e-06,20,0.0001,4,True,True,0.7,10,1e-06,f1_micro,160,0.6794698404111442,0.28119307197313054,1.021496295928955,0.6754098360655738,0.2810649032466623,1.6121641397476196
504,5,300,128,0.4,True,1800,2048,200,0.0001,1e-06,20,0.0001,4,True,True,0.7,10,1e-06,f1_macro,81,0.5661457186880916,0.30881722775647646,0.9989890456199646,0.5655110310670869,0.2684156494329823,1.5411622524261475
505,5,300,256,0.2,True,1800,512,200,0.001,1e-06,20,0.0001,4,True,True,0.7,10,1e-06,f1_micro,145,0.7060191916254726,0.28891831848800603,2.607461452484131,0.7066784348337747,0.29184104113481324,5.601659774780273
506,5,300,256,0.2,True,1800,512,200,0.001,1e-06,20,0.0001,4,True,True,0.7,10,1e-06,f1_macro,112,0.7273252455228192,0.31752132690023954,2.5628182888031006,0.7132907719094602,0.3024990188360513,5.369833469390869
507,5,300,256,0.2,True,1800,512,200,0.0001,1e-06,20,0.0001,4,True,True,0.7,10,1e-06,f1_micro,117,0.7144654088050314,0.25952551544910635,1.319547176361084,0.7003473318598042,0.28479365092541664,2.2286336421966553
508,5,300,256,0.2,True,1800,512,200,0.0001,1e-06,20,0.0001,4,True,True,0.7,10,1e-06,f1_macro,93,0.7121546961325966,0.2992222809999485,1.295436143875122,0.6927097661623108,0.295289542052524,2.178340196609497
509,5,300,256,0.2,True,1800,1024,200,0.001,1e-06,20,0.0001,4,True,True,0.7,10,1e-06,f1_micro,73,0.7142025611175786,0.27376610709496974,2.3973264694213867,0.7074361182888315,0.3199119091718905,4.689815044403076
510,5,300,256,0.2,True,1800,1024,200,0.001,1e-06,20,0.0001,4,True,True,0.7,10,1e-06,f1_macro,37,0.7208151382823872,0.3120364999100937,1.8188077211380005,0.7085747392815759,0.2904155169987981,3.6082234382629395
511,5,300,256,0.2,True,1800,1024,200,0.0001,1e-06,20,0.0001,4,True,True,0.7,10,1e-06,f1_micro,105,0.6926070038910506,0.2580616365805133,1.1540783643722534,0.6861749776052553,0.2759569725556872,1.814965009689331
512,5,300,256,0.2,True,1800,1024,200,0.0001,1e-06,20,0.0001,4,True,True,0.7,10,1e-06,f1_macro,110,0.6715867158671587,0.3012994762455955,1.1567986011505127,0.6577216521967904,0.26634358704799127,1.8277894258499146
513,5,300,256,0.2,True,1800,2048,200,0.001,1e-06,20,0.0001,4,True,True,0.7,10,1e-06,f1_micro,107,0.7036172695449242,0.273264123774281,1.994945764541626,0.6986899563318777,0.29146666292034856,4.25244140625
514,5,300,256,0.2,True,1800,2048,200,0.001,1e-06,20,0.0001,4,True,True,0.7,10,1e-06,f1_macro,52,0.709305517430689,0.3125460026758967,1.7730709314346313,0.6902412280701754,0.3035147108492714,3.8466289043426514
515,5,300,256,0.2,True,1800,2048,200,0.0001,1e-06,20,0.0001,4,True,True,0.7,10,1e-06,f1_micro,134,0.6030959752321982,0.2304835758038363,1.047211766242981,0.6124103523542251,0.25285098554261204,1.523290753364563
516,5,300,256,0.2,True,1800,2048,200,0.0001,1e-06,20,0.0001,4,True,True,0.7,10,1e-06,f1_macro,53,0.5230708035003978,0.305030921640796,1.0069897174835205,0.5062289895194779,0.2800265088010106,1.4269640445709229
517,5,300,256,0.3,True,1800,512,200,0.001,1e-06,20,0.0001,4,True,True,0.7,10,1e-06,f1_micro,130,0.6954055587067498,0.29259048317295583,2.5376884937286377,0.6912390133257726,0.31537439843588666,5.658568859100342
518,5,300,256,0.3,True,1800,512,200,0.001,1e-06,20,0.0001,4,True,True,0.7,10,1e-06,f1_macro,55,0.7301768397033657,0.33355333973600454,2.038658857345581,0.7151162790697675,0.30728851278778263,4.38299036026001
519,5,300,256,0.3,True,1800,512,200,0.0001,1e-06,20,0.0001,4,True,True,0.7,10,1e-06,f1_micro,143,0.7151553989106055,0.264624206415756,1.3819400072097778,0.7068351149983803,0.2901622088755762,2.3588223457336426
520,5,300,256,0.3,True,1800,512,200,0.0001,1e-06,20,0.0001,4,True,True,0.7,10,1e-06,f1_macro,41,0.7095505617977528,0.309565700914303,1.1173144578933716,0.6815020862308763,0.2669420191491792,1.8226045370101929
521,5,300,256,0.3,True,1800,1024,200,0.001,1e-06,20,0.0001,4,True,True,0.7,10,1e-06,f1_micro,141,0.7077195050088392,0.2827538757014112,2.6137564182281494,0.7186943620178041,0.3261284448036528,4.91357421875
522,5,300,256,0.3,True,1800,1024,200,0.001,1e-06,20,0.0001,4,True,True,0.7,10,1e-06,f1_macro,75,0.7183257918552036,0.30223143948698394,2.292618989944458,0.7054153671675645,0.29344579978040414,4.3798089027404785
523,5,300,256,0.3,True,1800,1024,200,0.0001,1e-06,20,0.0001,4,True,True,0.7,10,1e-06,f1_micro,149,0.6872305140961857,0.25452783788733424,1.1296504735946655,0.6833834837846874,0.27611269175619535,1.800129771232605
524,5,300,256,0.3,True,1800,1024,200,0.0001,1e-06,20,0.0001,4,True,True,0.7,10,1e-06,f1_macro,109,0.632936025297981,0.29563443689824076,1.118836760520935,0.6112574850299402,0.26495381181242533,1.7748768329620361
525,5,300,256,0.3,True,1800,2048,200,0.001,1e-06,20,0.0001,4,True,True,0.7,10,1e-06,f1_micro,139,0.7020065887990417,0.2711367343448871,2.3259146213531494,0.7079593058049073,0.3147410100925517,4.659963607788086
526,5,300,256,0.3,True,1800,2048,200,0.001,1e-06,20,0.0001,4,True,True,0.7,10,1e-06,f1_macro,53,0.6945786366076221,0.29320207690561206,1.9288064241409302,0.6839686401730197,0.2925434179427582,4.1359710693359375
527,5,300,256,0.3,True,1800,2048,200,0.0001,1e-06,20,0.0001,4,True,True,0.7,10,1e-06,f1_micro,197,0.6398491514770585,0.23962678705904553,1.0498849153518677,0.6469104665825978,0.26562577342270915,1.623416781425476
528,5,300,256,0.3,True,1800,2048,200,0.0001,1e-06,20,0.0001,4,True,True,0.7,10,1e-06,f1_macro,45,0.556639796351294,0.2967302314105814,0.9780827760696411,0.5437141033822591,0.27732865094613873,1.4394418001174927
529,5,300,256,0.4,True,1800,512,200,0.001,1e-06,20,0.0001,4,True,True,0.7,10,1e-06,f1_micro,152,0.6635046113306983,0.27551172472517893,1.8342219591140747,0.6688034188034188,0.3027258549443523,5.6269001960754395
530,5,300,256,0.4,True,1800,512,200,0.001,1e-06,20,0.0001,4,True,True,0.7,10,1e-06,f1_macro,56,0.7042938158250067,0.3218128401881846,1.5312165021896362,0.6981858163826278,0.29049061444567215,4.50844669342041
531,5,300,256,0.4,True,1800,512,200,0.0001,1e-06,20,0.0001,4,True,True,0.7,10,1e-06,f1_micro,141,0.7120743034055728,0.2980847118767799,1.3027726411819458,0.6960024790827394,0.29525304607350844,2.2478866577148438
532,5,300,256,0.4,True,1800,512,200,0.0001,1e-06,20,0.0001,4,True,True,0.7,10,1e-06,f1_macro,69,0.7131914893617022,0.3245127545567129,1.1901437044143677,0.7062517841849842,0.2971098894514949,2.0642240047454834
533,5,300,256,0.4,True,1800,1024,200,0.001,1e-06,20,0.0001,4,True,True,0.7,10,1e-06,f1_micro,97,0.6972644376899696,0.28116075638859755,2.326308488845825,0.7003654080389768,0.29613309981835817,4.697473049163818
534,5,300,256,0.4,True,1800,1024,200,0.001,1e-06,20,0.0001,4,True,True,0.7,10,1e-06,f1_macro,76,0.7128658199889564,0.3113600287893187,2.131465435028076,0.7075550599386674,0.2900278009514908,4.522055625915527
535,5,300,256,0.4,True,1800,1024,200,0.0001,1e-06,20,0.0001,4,True,True,0.7,10,1e-06,f1_micro,183,0.6836027713625866,0.2592138432094906,1.1275781393051147,0.6879493816508484,0.28679071843713744,1.7871204614639282
536,5,300,256,0.4,True,1800,1024,200,0.0001,1e-06,20,0.0001,4,True,True,0.7,10,1e-06,f1_macro,67,0.6369018253576715,0.30457106774078097,1.0616463422775269,0.6294642857142857,0.2842881511449589,1.6448874473571777
537,5,300,256,0.4,True,1800,2048,200,0.001,1e-06,20,0.0001,4,True,True,0.7,10,1e-06,f1_micro,136,0.7022945106012198,0.2803217895456859,2.062894582748413,0.7056115107913669,0.31990570172485333,4.051368713378906
538,5,300,256,0.4,True,1800,2048,200,0.001,1e-06,20,0.0001,4,True,True,0.7,10,1e-06,f1_macro,78,0.7341991341991342,0.3217179606970871,1.8339896202087402,0.7280600461893765,0.33123348884574105,3.6740400791168213
539,5,300,256,0.4,True,1800,2048,200,0.0001,1e-06,20,0.0001,4,True,True,0.7,10,1e-06,f1_micro,177,0.6174617461746175,0.25310622160511864,1.036181092262268,0.626928895612708,0.26921842877931346,1.5584498643875122
540,5,300,256,0.4,True,1800,2048,200,0.0001,1e-06,20,0.0001,4,True,True,0.7,10,1e-06,f1_macro,137,0.5822727272727273,0.306273886092529,1.0342477560043335,0.5731958762886598,0.2888279967203131,1.5556706190109253
541,5,360,64,0.2,True,1800,512,200,0.001,1e-06,20,0.0001,4,True,True,0.7,10,1e-06,f1_micro,101,0.6951779563719862,0.29173958667753785,2.5806164741516113,0.6756062767475036,0.30570559038690687,5.787876605987549
542,5,360,64,0.2,True,1800,512,200,0.001,1e-06,20,0.0001,4,True,True,0.7,10,1e-06,f1_macro,35,0.7153485808762745,0.31443740848972085,1.7889344692230225,0.6891447368421053,0.2971248706827189,4.078841686248779
543,5,360,64,0.2,True,1800,512,200,0.0001,1e-06,20,0.0001,4,True,True,0.7,10,1e-06,f1_micro,117,0.6564369310793238,0.266758502410623,1.3162199258804321,0.651602732527588,0.26392638612384456,2.6675429344177246
544,5,360,64,0.2,True,1800,512,200,0.0001,1e-06,20,0.0001,4,True,True,0.7,10,1e-06,f1_macro,45,0.6312945222304103,0.2899664189755763,1.1430621147155762,0.616106719367589,0.25653878007440634,2.1653366088867188
545,5,360,64,0.2,True,1800,1024,200,0.001,1e-06,20,0.0001,4,True,True,0.7,10,1e-06,f1_micro,49,0.7155688622754491,0.2785892049616212,2.108120918273926,0.6969605777911526,0.2667090256783903,4.222901344299316
546,5,360,64,0.2,True,1800,1024,200,0.001,1e-06,20,0.0001,4,True,True,0.7,10,1e-06,f1_macro,52,0.729585798816568,0.3139805172936496,2.1180036067962646,0.7088455772113943,0.27889709781772176,4.109262943267822
547,5,360,64,0.2,True,1800,1024,200,0.0001,1e-06,20,0.0001,4,True,True,0.7,10,1e-06,f1_micro,112,0.6645732229517557,0.26868097510782596,1.1715011596679688,0.6522111269614836,0.24427284162074966,2.0218372344970703
548,5,360,64,0.2,True,1800,1024,200,0.0001,1e-06,20,0.0001,4,True,True,0.7,10,1e-06,f1_macro,82,0.6251203079884504,0.30326614376781913,1.137373447418213,0.6119980648282535,0.2662615565380904,1.946567416191101
549,5,360,64,0.2,True,1800,2048,200,0.001,1e-06,20,0.0001,4,True,True,0.7,10,1e-06,f1_micro,89,0.6952326901248581,0.2807932352633006,2.1064975261688232,0.7058489494605338,0.29095634145279897,4.05847692489624
550,5,360,64,0.2,True,1800,2048,200,0.001,1e-06,20,0.0001,4,True,True,0.7,10,1e-06,f1_macro,45,0.7068077027393544,0.3035140974190568,1.7742122411727905,0.6839945280437757,0.28144056246800303,3.296769142150879
551,5,360,64,0.2,True,1800,2048,200,0.0001,1e-06,20,0.0001,4,True,True,0.7,10,1e-06,f1_micro,192,0.5962953565085004,0.26043956104919114,1.077506184577942,0.5806122448979592,0.24464612531338323,1.7700879573822021
552,5,360,64,0.2,True,1800,2048,200,0.0001,1e-06,20,0.0001,4,True,True,0.7,10,1e-06,f1_macro,31,0.4987108655616943,0.2856059741207652,1.0067381858825684,0.4830917874396135,0.24863570007280852,1.4870052337646484
553,5,360,64,0.3,True,1800,512,200,0.001,1e-06,20,0.0001,4,True,True,0.7,10,1e-06,f1_micro,126,0.6869158878504673,0.29207410766477215,2.3301453590393066,0.687408277076607,0.27994707906998545,5.904257297515869
554,5,360,64,0.3,True,1800,512,200,0.001,1e-06,20,0.0001,4,True,True,0.7,10,1e-06,f1_macro,29,0.6871230002622607,0.3208930266848417,1.3259690999984741,0.6502746534135496,0.2768569210109289,3.384502649307251
555,5,360,64,0.3,True,1800,512,200,0.0001,1e-06,20,0.0001,4,True,True,0.7,10,1e-06,f1_micro,123,0.6386881600889383,0.25547090250291815,1.2829809188842773,0.6434540389972145,0.26668042232353706,2.440498113632202
556,5,360,64,0.3,True,1800,512,200,0.0001,1e-06,20,0.0001,4,True,True,0.7,10,1e-06,f1_macro,123,0.6882462191562748,0.2936416899219167,1.2829809188842773,0.6764548852108916,0.2818070484102178,2.440498113632202
557,5,360,64,0.3,True,1800,1024,200,0.001,1e-06,20,0.0001,4,True,True,0.7,10,1e-06,f1_micro,37,0.6894024802705749,0.2850175147296087,1.952155590057373,0.6745428973277074,0.2770448840899381,4.257474422454834
558,5,360,64,0.3,True,1800,1024,200,0.001,1e-06,20,0.0001,4,True,True,0.7,10,1e-06,f1_macro,86,0.7268505079825834,0.31335709446152027,2.3722424507141113,0.7126637554585152,0.29095673096656793,5.298654556274414
559,5,360,64,0.3,True,1800,1024,200,0.0001,1e-06,20,0.0001,4,True,True,0.7,10,1e-06,f1_micro,105,0.6432432432432432,0.25822665206003775,1.1332906484603882,0.6378466557911908,0.26559236476780745,1.9554502964019775
560,5,360,64,0.3,True,1800,1024,200,0.0001,1e-06,20,0.0001,4,True,True,0.7,10,1e-06,f1_macro,92,0.6344294003868471,0.29386330553128903,1.1204919815063477,0.627555988315482,0.26595949587867557,1.9287245273590088
561,5,360,64,0.3,True,1800,2048,200,0.001,1e-06,20,0.0001,4,True,True,0.7,10,1e-06,f1_micro,84,0.6932409012131716,0.2792330087711712,2.0902066230773926,0.6921977707916548,0.31467361827498885,4.193181991577148
562,5,360,64,0.3,True,1800,2048,200,0.001,1e-06,20,0.0001,4,True,True,0.7,10,1e-06,f1_macro,43,0.7039614561027837,0.30191873033796196,1.7079499959945679,0.6897477187332259,0.27781925110539996,3.3454086780548096
563,5,360,64,0.3,True,1800,2048,200,0.0001,1e-06,20,0.0001,4,True,True,0.7,10,1e-06,f1_micro,167,0.6099691675231244,0.254984232929128,1.1005924940109253,0.6066252587991718,0.25393300630822396,1.845599889755249
564,5,360,64,0.3,True,1800,2048,200,0.0001,1e-06,20,0.0001,4,True,True,0.7,10,1e-06,f1_macro,59,0.5092133940955023,0.2889442664367471,1.0299067497253418,0.4992012779552716,0.25119516191358227,1.6207150220870972
565,5,360,64,0.4,True,1800,512,200,0.001,1e-06,20,0.0001,4,True,True,0.7,10,1e-06,f1_micro,105,0.6515742909185532,0.2899006037527738,2.132239580154419,0.6457516339869281,0.2796466002588263,5.2562785148620605
566,5,360,64,0.4,True,1800,512,200,0.001,1e-06,20,0.0001,4,True,True,0.7,10,1e-06,f1_macro,57,0.6918138041733547,0.31221059275026697,1.783034086227417,0.6677384780278671,0.2677017035749935,4.1637701988220215
567,5,360,64,0.4,True,1800,512,200,0.0001,1e-06,20,0.0001,4,True,True,0.7,10,1e-06,f1_micro,126,0.6216494845360825,0.26374432271645465,1.2056809663772583,0.6129696345856922,0.25530537549880544,2.383316993713379
568,5,360,64,0.4,True,1800,512,200,0.0001,1e-06,20,0.0001,4,True,True,0.7,10,1e-06,f1_macro,84,0.6329235960472402,0.3041474427363609,1.1664097309112549,0.6153846153846154,0.262047047712601,2.257330894470215
569,5,360,64,0.4,True,1800,1024,200,0.001,1e-06,20,0.0001,4,True,True,0.7,10,1e-06,f1_micro,97,0.7041773231031543,0.274102866465263,2.4077279567718506,0.6973572037510657,0.30174370075833973,5.325292587280273
570,5,360,64,0.4,True,1800,1024,200,0.001,1e-06,20,0.0001,4,True,True,0.7,10,1e-06,f1_macro,40,0.7232017912118668,0.30546367456405843,1.7706466913223267,0.6996625421822272,0.3068372180496992,4.077646255493164
571,5,360,64,0.4,True,1800,1024,200,0.0001,1e-06,20,0.0001,4,True,True,0.7,10,1e-06,f1_micro,124,0.6238485158648925,0.2627508224515801,1.114917516708374,0.6163781968483596,0.24484651994355014,1.9216744899749756
572,5,360,64,0.4,True,1800,1024,200,0.0001,1e-06,20,0.0001,4,True,True,0.7,10,1e-06,f1_macro,115,0.6408094435075885,0.30296919457127053,1.1135600805282593,0.6290556900726392,0.26982710241820057,1.9101988077163696
573,5,360,64,0.4,True,1800,2048,200,0.001,1e-06,20,0.0001,4,True,True,0.7,10,1e-06,f1_micro,154,0.6844319775596073,0.27695490365575404,2.089128255844116,0.6789709172259508,0.3096778948131578,4.764970779418945
574,5,360,64,0.4,True,1800,2048,200,0.001,1e-06,20,0.0001,4,True,True,0.7,10,1e-06,f1_macro,113,0.7292316416217749,0.3098825623376692,2.0462684631347656,0.711864406779661,0.29995782987064906,4.683623313903809
575,5,360,64,0.4,True,1800,2048,200,0.0001,1e-06,20,0.0001,4,True,True,0.7,10,1e-06,f1_micro,169,0.5264797507788161,0.248760524329612,1.044409155845642,0.5311592584319857,0.23988999729729074,1.6182928085327148
576,5,360,64,0.4,True,1800,2048,200,0.0001,1e-06,20,0.0001,4,True,True,0.7,10,1e-06,f1_macro,69,0.5168009432108469,0.2938914059599534,1.0276813507080078,0.5105189340813464,0.2735912269754519,1.5284876823425293
577,5,360,128,0.2,True,1800,512,200,0.001,1e-06,20,0.0001,4,True,True,0.7,10,1e-06,f1_micro,58,0.6898319567074908,0.29118608554987313,2.40449857711792,0.6810097532989099,0.27177035516941667,4.88293981552124
578,5,360,128,0.2,True,1800,512,200,0.001,1e-06,20,0.0001,4,True,True,0.7,10,1e-06,f1_macro,37,0.694765100671141,0.3187163433395757,1.8734017610549927,0.6779016036966568,0.2872365211037865,4.204606056213379
579,5,360,128,0.2,True,1800,512,200,0.0001,1e-06,20,0.0001,4,True,True,0.7,10,1e-06,f1_micro,133,0.6967592592592593,0.2615081608341155,1.2996065616607666,0.710710128055879,0.3191737967638325,2.508615732192993
580,5,360,128,0.2,True,1800,512,200,0.0001,1e-06,20,0.0001,4,True,True,0.7,10,1e-06,f1_macro,121,0.6648030495552731,0.2887724554628724,1.2961674928665161,0.6611782865963468,0.29415365799476817,2.5019564628601074
581,5,360,128,0.2,True,1800,1024,200,0.001,1e-06,20,0.0001,4,True,True,0.7,10,1e-06,f1_micro,59,0.693034238488784,0.25503373368798615,2.264641046524048,0.7028003613369467,0.299921605426277,5.102107524871826
582,5,360,128,0.2,True,1800,1024,200,0.001,1e-06,20,0.0001,4,True,True,0.7,10,1e-06,f1_macro,28,0.7046998098342842,0.3016953524412338,1.7866450548171997,0.6867903627803933,0.26908779027745505,4.1464152336120605
583,5,360,128,0.2,True,1800,1024,200,0.0001,1e-06,20,0.0001,4,True,True,0.7,10,1e-06,f1_micro,113,0.6706479546133174,0.24847758383237323,1.1068143844604492,0.6756756756756757,0.2733382304437097,2.0308921337127686
584,5,360,128,0.2,True,1800,1024,200,0.0001,1e-06,20,0.0001,4,True,True,0.7,10,1e-06,f1_macro,51,0.5120659211300765,0.2768667816398583,1.0305861234664917,0.5139306474243336,0.24888888881622367,1.80413019657135
585,5,360,128,0.2,True,1800,2048,200,0.001,1e-06,20,0.0001,4,True,True,0.7,10,1e-06,f1_micro,103,0.6929496402877697,0.2690635155257629,2.1630144119262695,0.6997084548104956,0.27719815430962985,4.825704574584961
586,5,360,128,0.2,True,1800,2048,200,0.001,1e-06,20,0.0001,4,True,True,0.7,10,1e-06,f1_macro,34,0.7111356119073869,0.2948832486944887,1.6753371953964233,0.6905356647238412,0.25514466844818867,3.656158924102783
587,5,360,128,0.2,True,1800,2048,200,0.0001,1e-06,20,0.0001,4,True,True,0.7,10,1e-06,f1_micro,156,0.6289752650176679,0.2380584169310059,1.0183182954788208,0.6372549019607843,0.2815754194902253,1.736440896987915
588,5,360,128,0.2,True,1800,2048,200,0.0001,1e-06,20,0.0001,4,True,True,0.7,10,1e-06,f1_macro,76,0.5502127659574468,0.2826193509628621,0.9968759417533875,0.5479629230437594,0.26315395499862565,1.6653039455413818
589,5,360,128,0.3,True,1800,512,200,0.001,1e-06,20,0.0001,4,True,True,0.7,10,1e-06,f1_micro,84,0.6736900471305795,0.2751350815100603,2.669586181640625,0.6835158663296826,0.3003648945072657,5.312989234924316
590,5,360,128,0.3,True,1800,512,200,0.001,1e-06,20,0.0001,4,True,True,0.7,10,1e-06,f1_macro,57,0.7167630057803468,0.31688407056135076,2.4313318729400635,0.7008830022075055,0.2877592569838134,5.082413196563721
591,5,360,128,0.3,True,1800,512,200,0.0001,1e-06,20,0.0001,4,True,True,0.7,10,1e-06,f1_micro,79,0.692191739523666,0.25708977028304675,1.2576075792312622,0.6916058394160584,0.2756510766381439,2.4558968544006348
592,5,360,128,0.3,True,1800,512,200,0.0001,1e-06,20,0.0001,4,True,True,0.7,10,1e-06,f1_macro,72,0.6719794344473008,0.3068095189236962,1.206853985786438,0.6597617814603832,0.2707120117281967,2.3994791507720947
593,5,360,128,0.3,True,1800,1024,200,0.001,1e-06,20,0.0001,4,True,True,0.7,10,1e-06,f1_micro,91,0.6974267968056788,0.27692794400577647,2.486562490463257,0.7096011816838995,0.31169494862399477,4.673618793487549
594,5,360,128,0.3,True,1800,1024,200,0.001,1e-06,20,0.0001,4,True,True,0.7,10,1e-06,f1_macro,61,0.711285354242509,0.29822707371174606,2.2899954319000244,0.7087461081234079,0.32121492887448727,4.451590538024902
595,5,360,128,0.3,True,1800,1024,200,0.0001,1e-06,20,0.0001,4,True,True,0.7,10,1e-06,f1_micro,109,0.6643026004728132,0.2487223156430033,1.096846342086792,0.686144578313253,0.2867634869838201,1.9815317392349243
596,5,360,128,0.3,True,1800,1024,200,0.0001,1e-06,20,0.0001,4,True,True,0.7,10,1e-06,f1_macro,32,0.5598463836142522,0.2828282941345559,0.9699435234069824,0.5601397074874481,0.26434161940794765,1.5973747968673706
597,5,360,128,0.3,True,1800,2048,200,0.001,1e-06,20,0.0001,4,True,True,0.7,10,1e-06,f1_micro,77,0.695752009184845,0.2851384487123722,1.9134389162063599,0.6876261897894433,0.2829060622415152,4.200016021728516
598,5,360,128,0.3,True,1800,2048,200,0.001,1e-06,20,0.0001,4,True,True,0.7,10,1e-06,f1_macro,60,0.7044967880085653,0.2973232093672057,1.7671278715133667,0.688622754491018,0.2688206970166623,3.8849592208862305
599,5,360,128,0.3,True,1800,2048,200,0.0001,1e-06,20,0.0001,4,True,True,0.7,10,1e-06,f1_micro,146,0.6376502002670227,0.2433855072307634,1.0380393266677856,0.6321187584345479,0.25810273169609965,1.7432700395584106
600,5,360,128,0.3,True,1800,2048,200,0.0001,1e-06,20,0.0001,4,True,True,0.7,10,1e-06,f1_macro,26,0.4786885245901639,0.262466064991464,0.9722753763198853,0.47795216741405083,0.24070723854505616,1.4021459817886353
601,5,360,128,0.4,True,1800,512,200,0.001,1e-06,20,0.0001,4,True,True,0.7,10,1e-06,f1_micro,143,0.6841654778887304,0.28485532289082044,2.6627416610717773,0.678714859437751,0.30925539172435434,5.6202545166015625
602,5,360,128,0.4,True,1800,512,200,0.001,1e-06,20,0.0001,4,True,True,0.7,10,1e-06,f1_macro,66,0.7044361304115446,0.32360174029863714,2.348541736602783,0.6929943197186909,0.3211620188704261,5.165699481964111
603,5,360,128,0.4,True,1800,512,200,0.0001,1e-06,20,0.0001,4,True,True,0.7,10,1e-06,f1_micro,99,0.6732386198898231,0.2677171567550623,1.1925830841064453,0.6645551396487187,0.3106364119841706,2.306931257247925
604,5,360,128,0.4,True,1800,512,200,0.0001,1e-06,20,0.0001,4,True,True,0.7,10,1e-06,f1_macro,61,0.6448167030832727,0.3021307804531641,1.1260960102081299,0.6281553398058253,0.2714781579446989,2.14931583404541
605,5,360,128,0.4,True,1800,1024,200,0.001,1e-06,20,0.0001,4,True,True,0.7,10,1e-06,f1_micro,90,0.6964692482915718,0.2798529997145332,2.1874592304229736,0.6992887624466572,0.3082494753465598,4.561285972595215
606,5,360,128,0.4,True,1800,1024,200,0.001,1e-06,20,0.0001,4,True,True,0.7,10,1e-06,f1_macro,30,0.7071311921611323,0.298561164006052,1.523949146270752,0.6974015088013411,0.28697758621623903,3.372523069381714
607,5,360,128,0.4,True,1800,1024,200,0.0001,1e-06,20,0.0001,4,True,True,0.7,10,1e-06,f1_micro,153,0.6649572649572649,0.2577432207512201,1.070691704750061,0.6687916545928716,0.29400510647477474,1.9198726415634155
608,5,360,128,0.4,True,1800,1024,200,0.0001,1e-06,20,0.0001,4,True,True,0.7,10,1e-06,f1_macro,53,0.5834457939721097,0.28721864862843566,0.9879398345947266,0.5750056908718416,0.26362455594275086,1.7074936628341675
609,5,360,128,0.4,True,1800,2048,200,0.001,1e-06,20,0.0001,4,True,True,0.7,10,1e-06,f1_micro,136,0.6926579396698919,0.28599298762039743,2.069669008255005,0.6897142857142857,0.30946458904876,4.031330108642578
610,5,360,128,0.4,True,1800,2048,200,0.001,1e-06,20,0.0001,4,True,True,0.7,10,1e-06,f1_macro,51,0.7103010218171776,0.3036856699081101,1.6852233409881592,0.6937290033594625,0.2949571529479572,3.6126348972320557
611,5,360,128,0.4,True,1800,2048,200,0.0001,1e-06,20,0.0001,4,True,True,0.7,10,1e-06,f1_micro,128,0.6264073694984647,0.2513274662999531,1.0111126899719238,0.6202433341962206,0.25811220394106027,1.6964898109436035
612,5,360,128,0.4,True,1800,2048,200,0.0001,1e-06,20,0.0001,4,True,True,0.7,10,1e-06,f1_macro,59,0.518197914617352,0.29294695454867464,0.9725189208984375,0.5173463177115033,0.25389819520152573,1.5581579208374023
613,5,360,256,0.2,True,1800,512,200,0.001,1e-06,20,0.0001,4,True,True,0.7,10,1e-06,f1_micro,104,0.6880992667794699,0.2731353911172535,2.621157646179199,0.6901805869074492,0.3198508053995838,5.794461727142334
614,5,360,256,0.2,True,1800,512,200,0.001,1e-06,20,0.0001,4,True,True,0.7,10,1e-06,f1_macro,61,0.7045267489711934,0.3079981629493351,2.2586772441864014,0.6937534549474847,0.3200829045942165,5.483607292175293
615,5,360,256,0.2,True,1800,512,200,0.0001,1e-06,20,0.0001,4,True,True,0.7,10,1e-06,f1_micro,131,0.7019369760046256,0.26398012045178715,1.4026414155960083,0.7139152981849611,0.3006598072481334,2.83825945854187
616,5,360,256,0.2,True,1800,512,200,0.0001,1e-06,20,0.0001,4,True,True,0.7,10,1e-06,f1_macro,92,0.678742674480554,0.28691005291517063,1.3592824935913086,0.6679064824654622,0.2833413787739584,2.7439796924591064
617,5,360,256,0.2,True,1800,1024,200,0.001,1e-06,20,0.0001,4,True,True,0.7,10,1e-06,f1_micro,78,0.701386748844376,0.2629730902594643,2.597172498703003,0.6966780502949395,0.29902710386658826,5.136752605438232
618,5,360,256,0.2,True,1800,1024,200,0.001,1e-06,20,0.0001,4,True,True,0.7,10,1e-06,f1_macro,74,0.7138711549622752,0.2877070168950248,2.55523419380188,0.7001753360607832,0.28417987212846774,5.145902633666992
619,5,360,256,0.2,True,1800,1024,200,0.0001,1e-06,20,0.0001,4,True,True,0.7,10,1e-06,f1_micro,98,0.6659685863874345,0.24928282201347104,1.142817497253418,0.6729609231576187,0.29679443627745855,2.1915245056152344
620,5,360,256,0.2,True,1800,1024,200,0.0001,1e-06,20,0.0001,4,True,True,0.7,10,1e-06,f1_macro,38,0.5679118980781689,0.29095843895075635,1.02620267868042,0.5601211072664359,0.2692062833315791,1.7949838638305664
621,5,360,256,0.2,True,1800,2048,200,0.001,1e-06,20,0.0001,4,True,True,0.7,10,1e-06,f1_micro,112,0.6909845788849348,0.26617092558523997,2.2432351112365723,0.6989311163895487,0.27844111063721777,4.937734127044678
622,5,360,256,0.2,True,1800,2048,200,0.001,1e-06,20,0.0001,4,True,True,0.7,10,1e-06,f1_macro,59,0.7037037037037037,0.30012247125955044,1.8842195272445679,0.6950082281952825,0.277009926422617,4.324650764465332
623,5,360,256,0.2,True,1800,2048,200,0.0001,1e-06,20,0.0001,4,True,True,0.7,10,1e-06,f1_micro,153,0.6312931885488647,0.24709976415040688,1.0929756164550781,0.6434955312810328,0.29064934763360173,2.0433647632598877
624,5,360,256,0.2,True,1800,2048,200,0.0001,1e-06,20,0.0001,4,True,True,0.7,10,1e-06,f1_macro,44,0.5682895303748384,0.2841745607720612,1.0070463418960571,0.5716162943495401,0.27091584137062236,1.7182070016860962
625,5,360,256,0.3,True,1800,512,200,0.001,1e-06,20,0.0001,4,True,True,0.7,10,1e-06,f1_micro,164,0.6855895196506551,0.2771730178406976,2.32633638381958,0.6666666666666666,0.30670650241132696,5.637567520141602
626,5,360,256,0.3,True,1800,512,200,0.001,1e-06,20,0.0001,4,True,True,0.7,10,1e-06,f1_macro,40,0.698781838316722,0.32619120221235376,1.646126627922058,0.684152401987852,0.2755548799250079,3.979048728942871
627,5,360,256,0.3,True,1800,512,200,0.0001,1e-06,20,0.0001,4,True,True,0.7,10,1e-06,f1_micro,158,0.6916830019602352,0.26906576618158806,1.3209116458892822,0.7023842917251052,0.3047329755901583,2.5396368503570557
628,5,360,256,0.3,True,1800,512,200,0.0001,1e-06,20,0.0001,4,True,True,0.7,10,1e-06,f1_macro,123,0.6522495650012429,0.2950277085380104,1.3072165250778198,0.6429282868525896,0.2862317185833104,2.5122947692871094
629,5,360,256,0.3,True,1800,1024,200,0.001,1e-06,20,0.0001,4,True,True,0.7,10,1e-06,f1_micro,103,0.7021650087770626,0.2734061109333551,2.6815969944000244,0.7122407245106631,0.3146496622640227,5.601537227630615
630,5,360,256,0.3,True,1800,1024,200,0.001,1e-06,20,0.0001,4,True,True,0.7,10,1e-06,f1_macro,59,0.7078867820829898,0.31966927801329986,2.3692004680633545,0.6957236842105263,0.30972792079029127,5.0704264640808105
631,5,360,256,0.3,True,1800,1024,200,0.0001,1e-06,20,0.0001,4,True,True,0.7,10,1e-06,f1_micro,122,0.6608032834945764,0.2441694683747172,1.1460083723068237,0.6827403704792708,0.3033333601892633,2.1714558601379395
632,5,360,256,0.3,True,1800,1024,200,0.0001,1e-06,20,0.0001,4,True,True,0.7,10,1e-06,f1_macro,71,0.581032947462155,0.29830091889904753,1.101493000984192,0.5767148014440433,0.26939014583694454,2.0220866203308105
633,5,360,256,0.3,True,1800,2048,200,0.001,1e-06,20,0.0001,4,True,True,0.7,10,1e-06,f1_micro,113,0.6950934579439252,0.2707362769177232,2.220536708831787,0.7020408163265306,0.31749333665109897,4.598382472991943
634,5,360,256,0.3,True,1800,2048,200,0.001,1e-06,20,0.0001,4,True,True,0.7,10,1e-06,f1_macro,67,0.7110117384013416,0.2894308507724384,1.9810575246810913,0.6969866071428571,0.31152770551890985,4.075907230377197
635,5,360,256,0.3,True,1800,2048,200,0.0001,1e-06,20,0.0001,4,True,True,0.7,10,1e-06,f1_micro,199,0.573449401523395,0.24292060904433818,1.0366402864456177,0.5919603524229075,0.29296821523345873,1.8386746644973755
636,5,360,256,0.3,True,1800,2048,200,0.0001,1e-06,20,0.0001,4,True,True,0.7,10,1e-06,f1_macro,65,0.5669557859107256,0.30077135011766826,1.0070265531539917,0.5625933034762209,0.28076596459571734,1.7161872386932373
637,5,360,256,0.4,True,1800,512,200,0.001,1e-06,20,0.0001,4,True,True,0.7,10,1e-06,f1_micro,125,0.6551278739343839,0.2839940146977386,2.2255029678344727,0.6575844904375163,0.2923124667471088,5.01548957824707
638,5,360,256,0.4,True,1800,512,200,0.001,1e-06,20,0.0001,4,True,True,0.7,10,1e-06,f1_macro,75,0.7122615803814714,0.3182577819879707,1.9820162057876587,0.6922439966878278,0.2974540367988004,4.689586639404297
639,5,360,256,0.4,True,1800,512,200,0.0001,1e-06,20,0.0001,4,True,True,0.7,10,1e-06,f1_micro,118,0.6843065693430657,0.261430189658465,1.287871241569519,0.6981531940660006,0.3008839698265489,2.5003509521484375
640,5,360,256,0.4,True,1800,512,200,0.0001,1e-06,20,0.0001,4,True,True,0.7,10,1e-06,f1_macro,18,0.5100057175528874,0.2840989321966194,0.9712729454040527,0.5077160493827161,0.24689778261548642,1.5125871896743774
641,5,360,256,0.4,True,1800,1024,200,0.001,1e-06,20,0.0001,4,True,True,0.7,10,1e-06,f1_micro,78,0.6989010989010989,0.28102450499252146,2.163519859313965,0.6995019369120089,0.3092220813193131,5.425256729125977
642,5,360,256,0.4,True,1800,1024,200,0.001,1e-06,20,0.0001,4,True,True,0.7,10,1e-06,f1_macro,79,0.7297752808988764,0.3031735000043558,2.1187808513641357,0.7125850340136054,0.3171731695497273,5.320361614227295
643,5,360,256,0.4,True,1800,1024,200,0.0001,1e-06,20,0.0001,4,True,True,0.7,10,1e-06,f1_micro,133,0.6621761658031088,0.2600794204089043,1.1532801389694214,0.6777076761303891,0.30783298512472107,2.2244224548339844
644,5,360,256,0.4,True,1800,1024,200,0.0001,1e-06,20,0.0001,4,True,True,0.7,10,1e-06,f1_macro,41,0.5895823978446341,0.3017990185890546,1.020094394683838,0.5878884100703107,0.2854060062926728,1.7575922012329102
645,5,360,256,0.4,True,1800,2048,200,0.001,1e-06,20,0.0001,4,True,True,0.7,10,1e-06,f1_micro,142,0.66875,0.2733738143390618,1.795588731765747,0.6832083092902481,0.2936411204204088,4.389363765716553
646,5,360,256,0.4,True,1800,2048,200,0.001,1e-06,20,0.0001,4,True,True,0.7,10,1e-06,f1_macro,44,0.6784253578732107,0.31385347299175714,1.410623550415039,0.6701543290609469,0.2913556452604808,3.466261625289917
647,5,360,256,0.4,True,1800,2048,200,0.0001,1e-06,20,0.0001,4,True,True,0.7,10,1e-06,f1_micro,191,0.6203438395415473,0.2542081047895049,1.0558398962020874,0.6285714285714286,0.2932292938011552,1.945200800895691
648,5,360,256,0.4,True,1800,2048,200,0.0001,1e-06,20,0.0001,4,True,True,0.7,10,1e-06,f1_macro,82,0.5662360411648785,0.29946822991226607,1.0239894390106201,0.5590308370044053,0.27034012001325697,1.8325060606002808
649,6,200,64,0.2,True,1800,512,200,0.001,1e-06,20,0.0001,4,True,True,0.7,10,1e-06,f1_micro,81,0.6672403901319564,0.24471433193123512,2.980121374130249,0.6705403834979663,0.2462107411107926,5.647751808166504
650,6,200,64,0.2,True,1800,512,200,0.001,1e-06,20,0.0001,4,True,True,0.7,10,1e-06,f1_macro,100,0.7017037250938493,0.26118096431802007,3.1140215396881104,0.6963396778916545,0.24692862981034244,5.564757347106934
651,6,200,64,0.2,True,1800,512,200,0.0001,1e-06,20,0.0001,4,True,True,0.7,10,1e-06,f1_micro,154,0.6380650734235531,0.22161724621537077,1.3275052309036255,0.6229792147806005,0.21526154492196167,2.7707011699676514
652,6,200,64,0.2,True,1800,512,200,0.0001,1e-06,20,0.0001,4,True,True,0.7,10,1e-06,f1_macro,48,0.5525161829191898,0.24851767540435263,1.1247005462646484,0.5457227138643068,0.23471862852369435,2.2017953395843506
653,6,200,64,0.2,True,1800,1024,200,0.001,1e-06,20,0.0001,4,True,True,0.7,10,1e-06,f1_micro,70,0.680320569902048,0.22722333270390346,2.7746593952178955,0.6906474820143885,0.25518329386811744,6.08195161819458
654,6,200,64,0.2,True,1800,1024,200,0.001,1e-06,20,0.0001,4,True,True,0.7,10,1e-06,f1_macro,70,0.6975149957155099,0.2606157430040147,2.7746593952178955,0.6947733179324286,0.25513338101507943,6.08195161819458
655,6,200,64,0.2,True,1800,1024,200,0.0001,1e-06,20,0.0001,4,True,True,0.7,10,1e-06,f1_micro,136,0.6100258884443398,0.22970019031540856,1.0743223428726196,0.6082621082621082,0.23525450226860598,1.9786522388458252
656,6,200,64,0.2,True,1800,1024,200,0.0001,1e-06,20,0.0001,4,True,True,0.7,10,1e-06,f1_macro,78,0.52698024842191,0.262149465728084,1.04080069065094,0.5226151315789473,0.24520631606527535,1.8521027565002441
657,6,200,64,0.2,True,1800,2048,200,0.001,1e-06,20,0.0001,4,True,True,0.7,10,1e-06,f1_micro,94,0.6883551231377318,0.22763513582855546,2.3082690238952637,0.6844660194174758,0.2377318622454403,4.68156099319458
658,6,200,64,0.2,True,1800,2048,200,0.001,1e-06,20,0.0001,4,True,True,0.7,10,1e-06,f1_macro,82,0.6809960681520315,0.26617654388174194,2.257258176803589,0.6733403582718651,0.24683092926467556,4.631558895111084
659,6,200,64,0.2,True,1800,2048,200,0.0001,1e-06,20,0.0001,4,True,True,0.7,10,1e-06,f1_micro,184,0.6042054830982166,0.2101091751458744,1.0608832836151123,0.5975081256771397,0.2284244906616013,1.944893479347229
660,6,200,64,0.2,True,1800,2048,200,0.0001,1e-06,20,0.0001,4,True,True,0.7,10,1e-06,f1_macro,48,0.5033885542168675,0.24814030779985008,0.9736054539680481,0.49980835569183596,0.22275831257414674,1.5338366031646729
661,6,200,64,0.3,True,1800,512,200,0.001,1e-06,20,0.0001,4,True,True,0.7,10,1e-06,f1_micro,163,0.6712842712842713,0.24144729045571847,2.918333053588867,0.6710944267975744,0.27472989677462145,6.216366291046143
662,6,200,64,0.3,True,1800,512,200,0.001,1e-06,20,0.0001,4,True,True,0.7,10,1e-06,f1_macro,51,0.6710910538890363,0.26740422027461064,2.30583119392395,0.6734420968173308,0.2922532084846696,5.221073627471924
663,6,200,64,0.3,True,1800,512,200,0.0001,1e-06,20,0.0001,4,True,True,0.7,10,1e-06,f1_micro,156,0.6306849315068493,0.21874978943847845,1.2834981679916382,0.6270211016716909,0.23757964151192035,2.76875638961792
664,6,200,64,0.3,True,1800,512,200,0.0001,1e-06,20,0.0001,4,True,True,0.7,10,1e-06,f1_macro,80,0.6513693560325685,0.2639141034347636,1.1963250637054443,0.6422703510082151,0.23821166748006778,2.5101404190063477
665,6,200,64,0.3,True,1800,1024,200,0.001,1e-06,20,0.0001,4,True,True,0.7,10,1e-06,f1_micro,99,0.6917425800764032,0.24606508752380493,2.8455147743225098,0.7077195050088392,0.26798896382226794,5.622239589691162
666,6,200,64,0.3,True,1800,1024,200,0.001,1e-06,20,0.0001,4,True,True,0.7,10,1e-06,f1_macro,50,0.6975596380586784,0.27609994842187285,2.334503650665283,0.6874139355549436,0.25353797209821843,4.6383442878723145
667,6,200,64,0.3,True,1800,1024,200,0.0001,1e-06,20,0.0001,4,True,True,0.7,10,1e-06,f1_micro,149,0.6342541436464089,0.22888861717805983,1.1314139366149902,0.633221850613155,0.2422074591589142,2.3865437507629395
668,6,200,64,0.3,True,1800,1024,200,0.0001,1e-06,20,0.0001,4,True,True,0.7,10,1e-06,f1_macro,108,0.6054532742950361,0.2727823627161389,1.1042574644088745,0.593953488372093,0.25097630386306474,2.3064022064208984
669,6,200,64,0.3,True,1800,2048,200,0.001,1e-06,20,0.0001,4,True,True,0.7,10,1e-06,f1_micro,96,0.6794125796619562,0.2557195250952102,2.4294633865356445,0.6848467809952207,0.27111243529016504,5.1728596687316895
670,6,200,64,0.3,True,1800,2048,200,0.001,1e-06,20,0.0001,4,True,True,0.7,10,1e-06,f1_macro,93,0.6947595894111291,0.2841330071698616,2.4178578853607178,0.691512513601741,0.26712014799050177,5.142934799194336
671,6,200,64,0.3,True,1800,2048,200,0.0001,1e-06,20,0.0001,4,True,True,0.7,10,1e-06,f1_micro,191,0.5815672745194678,0.23275378857905898,1.0051559209823608,0.5670307845084409,0.23362477563906725,1.9150348901748657
672,6,200,64,0.3,True,1800,2048,200,0.0001,1e-06,20,0.0001,4,True,True,0.7,10,1e-06,f1_macro,64,0.5234248788368336,0.26781435228830464,0.9609828591346741,0.5285272914521112,0.23769843156031648,1.6606851816177368
673,6,200,64,0.4,True,1800,512,200,0.001,1e-06,20,0.0001,4,True,True,0.7,10,1e-06,f1_micro,112,0.642744892613934,0.24443015456474876,2.552934408187866,0.6365770936603183,0.2592180151294164,6.723052501678467
674,6,200,64,0.4,True,1800,512,200,0.001,1e-06,20,0.0001,4,True,True,0.7,10,1e-06,f1_macro,67,0.6798590403903497,0.2633558981064992,2.1393826007843018,0.6601200218221495,0.24816752706901707,5.9575324058532715
675,6,200,64,0.4,True,1800,512,200,0.0001,1e-06,20,0.0001,4,True,True,0.7,10,1e-06,f1_micro,109,0.5891209324915008,0.24194292678785753,1.0984622240066528,0.5761158021712907,0.23057260202495347,2.440558671951294
676,6,200,64,0.4,True,1800,512,200,0.0001,1e-06,20,0.0001,4,True,True,0.7,10,1e-06,f1_macro,113,0.6433939393939394,0.2890661838383604,1.0999141931533813,0.6331877729257642,0.25248469870427204,2.4373974800109863
677,6,200,64,0.4,True,1800,1024,200,0.001,1e-06,20,0.0001,4,True,True,0.7,10,1e-06,f1_micro,77,0.6757567493864194,0.24254632790654035,2.489908456802368,0.6778056251740462,0.2588007547242052,5.629185676574707
678,6,200,64,0.4,True,1800,1024,200,0.001,1e-06,20,0.0001,4,True,True,0.7,10,1e-06,f1_macro,31,0.6787470877556303,0.2731669905056746,1.7692601680755615,0.6590138272893296,0.23548591697750917,3.8132383823394775
679,6,200,64,0.4,True,1800,1024,200,0.0001,1e-06,20,0.0001,4,True,True,0.7,10,1e-06,f1_micro,166,0.5979381443298969,0.23658885721264478,1.0560935735702515,0.5858636137381782,0.2344983583071433,2.137722969055176
680,6,200,64,0.4,True,1800,1024,200,0.0001,1e-06,20,0.0001,4,True,True,0.7,10,1e-06,f1_macro,73,0.5401459854014599,0.27528300809005074,0.9852079749107361,0.5245305875227135,0.24926841773859998,1.8968483209609985
681,6,200,64,0.4,True,1800,2048,200,0.001,1e-06,20,0.0001,4,True,True,0.7,10,1e-06,f1_micro,140,0.6770919067215363,0.244969931362741,2.1532199382781982,0.668145273080122,0.2726671381143984,4.6417083740234375
682,6,200,64,0.4,True,1800,2048,200,0.001,1e-06,20,0.0001,4,True,True,0.7,10,1e-06,f1_macro,141,0.6852696538771129,0.281379061711855,2.1540513038635254,0.6648793565683646,0.2658662072695792,4.637246608734131
683,6,200,64,0.4,True,1800,2048,200,0.0001,1e-06,20,0.0001,4,True,True,0.7,10,1e-06,f1_micro,200,0.5523766614102276,0.22780752382798608,0.9928918480873108,0.546617915904936,0.22197109320308153,1.92937433719635
684,6,200,64,0.4,True,1800,2048,200,0.0001,1e-06,20,0.0001,4,True,True,0.7,10,1e-06,f1_macro,117,0.5209790209790209,0.26889566363681094,0.9647495746612549,0.5080912458568921,0.2450505884236859,1.7634724378585815
685,6,200,128,0.2,True,1800,512,200,0.001,1e-06,20,0.0001,4,True,True,0.7,10,1e-06,f1_micro,88,0.6786542923433875,0.24972467492887865,2.9111521244049072,0.6654877689360448,0.24214212747269737,6.0068793296813965
686,6,200,128,0.2,True,1800,512,200,0.001,1e-06,20,0.0001,4,True,True,0.7,10,1e-06,f1_macro,47,0.6920600858369099,0.27684092046062003,2.4202754497528076,0.6675704989154013,0.2261248965064877,4.823094844818115
687,6,200,128,0.2,True,1800,512,200,0.0001,1e-06,20,0.0001,4,True,True,0.7,10,1e-06,f1_micro,149,0.6643300080884336,0.2347935581755657,1.3589911460876465,0.6650205761316872,0.23625835974349493,2.391950845718384
688,6,200,128,0.2,True,1800,512,200,0.0001,1e-06,20,0.0001,4,True,True,0.7,10,1e-06,f1_macro,53,0.6043000914913084,0.2628255425981172,1.1940141916275024,0.5966953688619967,0.22734945732566086,2.0930850505828857
689,6,200,128,0.2,True,1800,1024,200,0.001,1e-06,20,0.0001,4,True,True,0.7,10,1e-06,f1_micro,72,0.6980576809888169,0.24687859767997722,2.952235460281372,0.6879474940334129,0.24902277423529948,5.463441371917725
690,6,200,128,0.2,True,1800,1024,200,0.001,1e-06,20,0.0001,4,True,True,0.7,10,1e-06,f1_macro,66,0.6974128233970753,0.2636638674507251,2.875410556793213,0.6826758147512865,0.24940070379870355,5.335190773010254
691,6,200,128,0.2,True,1800,1024,200,0.0001,1e-06,20,0.0001,4,True,True,0.7,10,1e-06,f1_micro,140,0.6154655444502893,0.20378000165923546,1.1224194765090942,0.6241664443851693,0.218103559726225,1.9323532581329346
692,6,200,128,0.2,True,1800,1024,200,0.0001,1e-06,20,0.0001,4,True,True,0.7,10,1e-06,f1_macro,38,0.5593803786574871,0.27059083033004644,1.021017074584961,0.5483304042179262,0.24292464483600587,1.6096446514129639
693,6,200,128,0.2,True,1800,2048,200,0.001,1e-06,20,0.0001,4,True,True,0.7,10,1e-06,f1_micro,72,0.6746635459332944,0.245714279683556,2.2826309204101562,0.675022381378693,0.247300542725114,4.94636869430542
694,6,200,128,0.2,True,1800,2048,200,0.001,1e-06,20,0.0001,4,True,True,0.7,10,1e-06,f1_macro,75,0.6892154144718603,0.2647632161054486,2.276700496673584,0.678581560283688,0.25753576172815285,4.932920932769775
695,6,200,128,0.2,True,1800,2048,200,0.0001,1e-06,20,0.0001,4,True,True,0.7,10,1e-06,f1_micro,193,0.5681552490063129,0.20128525255672108,1.0735197067260742,0.5667767815007079,0.19895708829214548,1.6332765817642212
696,6,200,128,0.2,True,1800,2048,200,0.0001,1e-06,20,0.0001,4,True,True,0.7,10,1e-06,f1_macro,82,0.5069197311190193,0.2623960925999819,1.0546202659606934,0.5004989024146876,0.2574739510283631,1.57621431350708
697,6,200,128,0.3,True,1800,512,200,0.001,1e-06,20,0.0001,4,True,True,0.7,10,1e-06,f1_micro,86,0.6551181102362205,0.24513769223939927,2.4203712940216064,0.6518518518518519,0.24768062211528227,5.707959175109863
698,6,200,128,0.3,True,1800,512,200,0.001,1e-06,20,0.0001,4,True,True,0.7,10,1e-06,f1_macro,49,0.6854410201912858,0.2753878197667582,2.011483907699585,0.6659528907922913,0.2674497524815448,4.839837074279785
699,6,200,128,0.3,True,1800,512,200,0.0001,1e-06,20,0.0001,4,True,True,0.7,10,1e-06,f1_micro,105,0.6735990756787984,0.22956287659837302,1.3086870908737183,0.6668597914252608,0.23356900925188442,2.50311541557312
700,6,200,128,0.3,True,1800,512,200,0.0001,1e-06,20,0.0001,4,True,True,0.7,10,1e-06,f1_macro,107,0.652457372116349,0.26585354814823037,1.3034651279449463,0.6447700859019707,0.2514679233571515,2.497793436050415
701,6,200,128,0.3,True,1800,1024,200,0.001,1e-06,20,0.0001,4,True,True,0.7,10,1e-06,f1_micro,64,0.6835659356308744,0.23178102613292967,2.788848876953125,0.6802877697841727,0.257201834066846,5.552877902984619
702,6,200,128,0.3,True,1800,1024,200,0.001,1e-06,20,0.0001,4,True,True,0.7,10,1e-06,f1_macro,108,0.6978793720738089,0.2591128867403045,3.0902113914489746,0.6805324459234608,0.25032581365186757,6.123464584350586
703,6,200,128,0.3,True,1800,1024,200,0.0001,1e-06,20,0.0001,4,True,True,0.7,10,1e-06,f1_micro,189,0.6470267321331151,0.21492521370999204,1.178004503250122,0.647964796479648,0.2466828503104801,2.094280481338501
704,6,200,128,0.3,True,1800,1024,200,0.0001,1e-06,20,0.0001,4,True,True,0.7,10,1e-06,f1_macro,50,0.5421095666394112,0.2699017578408182,1.0582770109176636,0.5302557704304429,0.24187499939513038,1.7587605714797974
705,6,200,128,0.3,True,1800,2048,200,0.001,1e-06,20,0.0001,4,True,True,0.7,10,1e-06,f1_micro,93,0.681029658645775,0.24433421048373613,2.417144536972046,0.6883116883116883,0.25935802676853614,4.870980262756348
706,6,200,128,0.3,True,1800,2048,200,0.001,1e-06,20,0.0001,4,True,True,0.7,10,1e-06,f1_macro,39,0.6744186046511628,0.27417874050249597,1.8294591903686523,0.6494954859267127,0.2542028623230158,3.8069863319396973
707,6,200,128,0.3,True,1800,2048,200,0.0001,1e-06,20,0.0001,4,True,True,0.7,10,1e-06,f1_micro,164,0.5696259576385759,0.21250668061171424,1.0575659275054932,0.5643810816926906,0.2069997335899636,1.669036626815796
708,6,200,128,0.3,True,1800,2048,200,0.0001,1e-06,20,0.0001,4,True,True,0.7,10,1e-06,f1_macro,46,0.4738515901060071,0.26643950351588,1.0079048871994019,0.4702498651806579,0.25568674195978386,1.5082465410232544
709,6,200,128,0.4,True,1800,512,200,0.001,1e-06,20,0.0001,4,True,True,0.7,10,1e-06,f1_micro,126,0.6576072475353051,0.26787813735372534,2.380244731903076,0.6427231305280086,0.2445740731767781,5.9020256996154785
710,6,200,128,0.4,True,1800,512,200,0.001,1e-06,20,0.0001,4,True,True,0.7,10,1e-06,f1_macro,53,0.6630961489415965,0.28044630187392444,2.0015318393707275,0.6477272727272727,0.26124241194978287,4.705789089202881
711,6,200,128,0.4,True,1800,512,200,0.0001,1e-06,20,0.0001,4,True,True,0.7,10,1e-06,f1_micro,125,0.6560988715744224,0.2484975898569754,1.22846257686615,0.6509100787829394,0.24837457632263776,2.443032741546631
712,6,200,128,0.4,True,1800,512,200,0.0001,1e-06,20,0.0001,4,True,True,0.7,10,1e-06,f1_macro,53,0.5947416137805984,0.2895057593134356,1.0855945348739624,0.5764946578767902,0.2421589112761011,2.115501642227173
713,6,200,128,0.4,True,1800,1024,200,0.001,1e-06,20,0.0001,4,True,True,0.7,10,1e-06,f1_micro,128,0.6887343532684284,0.2565757148150488,2.556363344192505,0.6953828828828829,0.2759939328978694,5.882344722747803
714,6,200,128,0.4,True,1800,1024,200,0.001,1e-06,20,0.0001,4,True,True,0.7,10,1e-06,f1_macro,36,0.6759820722383337,0.28579073450044407,1.7009209394454956,0.6666666666666666,0.2750862762486902,4.268812656402588
715,6,200,128,0.4,True,1800,1024,200,0.0001,1e-06,20,0.0001,4,True,True,0.7,10,1e-06,f1_micro,195,0.6493236212278877,0.2352022898758942,1.1238877773284912,0.6449065543564095,0.2348354078894315,2.090273141860962
716,6,200,128,0.4,True,1800,1024,200,0.0001,1e-06,20,0.0001,4,True,True,0.7,10,1e-06,f1_macro,53,0.5410071942446043,0.2891527339294883,1.0036085844039917,0.5339480301760269,0.2608823368740216,1.7848814725875854
717,6,200,128,0.4,True,1800,2048,200,0.001,1e-06,20,0.0001,4,True,True,0.7,10,1e-06,f1_micro,117,0.674673071790766,0.2729345029738518,2.1018426418304443,0.6746010278604274,0.26673400256198326,5.0645527839660645
718,6,200,128,0.4,True,1800,2048,200,0.001,1e-06,20,0.0001,4,True,True,0.7,10,1e-06,f1_macro,48,0.6891642499340891,0.29060111089442997,1.6527998447418213,0.6754221388367729,0.2565639157322421,3.9437508583068848
719,6,200,128,0.4,True,1800,2048,200,0.0001,1e-06,20,0.0001,4,True,True,0.7,10,1e-06,f1_micro,192,0.5840345690243348,0.22782871285669062,1.0558186769485474,0.5860165593376265,0.22214555498218264,1.8117891550064087
720,6,200,128,0.4,True,1800,2048,200,0.0001,1e-06,20,0.0001,4,True,True,0.7,10,1e-06,f1_macro,70,0.5171116961263633,0.27165852789820144,1.0027772188186646,0.5050009435742593,0.24801057133045365,1.6533784866333008
721,6,200,256,0.2,True,1800,512,200,0.001,1e-06,20,0.0001,4,True,True,0.7,10,1e-06,f1_micro,120,0.5833960371206421,0.20829504920974218,2.4671168327331543,0.5854788877445932,0.2164881304272427,3.9780077934265137
722,6,200,256,0.2,True,1800,512,200,0.001,1e-06,20,0.0001,4,True,True,0.7,10,1e-06,f1_macro,39,0.6106615897191814,0.25026361045171897,1.893403172492981,0.5984903822741661,0.22871130619528773,3.109696388244629
723,6,200,256,0.2,True,1800,512,200,0.0001,1e-06,20,0.0001,4,True,True,0.7,10,1e-06,f1_micro,117,0.6585514303104077,0.22759289502836105,1.2470765113830566,0.6735941320293398,0.22270655004351123,2.3589491844177246
724,6,200,256,0.2,True,1800,512,200,0.0001,1e-06,20,0.0001,4,True,True,0.7,10,1e-06,f1_macro,97,0.6214532871972318,0.2709480097365171,1.2321099042892456,0.6036161335187761,0.22658001660674854,2.3167271614074707
725,6,200,256,0.2,True,1800,1024,200,0.001,1e-06,20,0.0001,4,True,True,0.7,10,1e-06,f1_micro,131,0.6760651629072681,0.24999735792054306,2.7331554889678955,0.6917293233082706,0.23519795473020597,5.288105010986328
726,6,200,256,0.2,True,1800,1024,200,0.001,1e-06,20,0.0001,4,True,True,0.7,10,1e-06,f1_macro,69,0.685856628840299,0.27887718106839804,2.502777338027954,0.6804008908685969,0.2582735413728151,4.772487640380859
727,6,200,256,0.2,True,1800,1024,200,0.0001,1e-06,20,0.0001,4,True,True,0.7,10,1e-06,f1_micro,100,0.6418289585097375,0.2353321377415489,1.0711917877197266,0.6641618497109827,0.21941356684204352,1.8713761568069458
728,6,200,256,0.2,True,1800,1024,200,0.0001,1e-06,20,0.0001,4,True,True,0.7,10,1e-06,f1_macro,38,0.5214395099540582,0.2684113884915323,0.9988043904304504,0.5146630413672558,0.22374983598179687,1.588428258895874
729,6,200,256,0.2,True,1800,2048,200,0.001,1e-06,20,0.0001,4,True,True,0.7,10,1e-06,f1_micro,98,0.6753799392097265,0.23540947977012303,2.2562246322631836,0.6935679611650486,0.24701600468833967,4.775145530700684
730,6,200,256,0.2,True,1800,2048,200,0.001,1e-06,20,0.0001,4,True,True,0.7,10,1e-06,f1_macro,65,0.6778833107191317,0.2772780765634796,2.0319859981536865,0.6732564524986271,0.2568371602771585,4.392967700958252
731,6,200,256,0.2,True,1800,2048,200,0.0001,1e-06,20,0.0001,4,True,True,0.7,10,1e-06,f1_micro,137,0.650314465408805,0.23217318859369235,1.039196252822876,0.6722044728434505,0.22927708874133856,1.784429907798767
732,6,200,256,0.2,True,1800,2048,200,0.0001,1e-06,20,0.0001,4,True,True,0.7,10,1e-06,f1_macro,36,0.5634886703719538,0.2763426812401387,0.9569252133369446,0.5515320334261838,0.22585476772873478,1.4789884090423584
733,6,200,256,0.3,True,1800,512,200,0.001,1e-06,20,0.0001,4,True,True,0.7,10,1e-06,f1_micro,163,0.643074371025712,0.2551614554765391,2.2788944244384766,0.6572637517630465,0.2530730332580677,6.305001735687256
734,6,200,256,0.3,True,1800,512,200,0.001,1e-06,20,0.0001,4,True,True,0.7,10,1e-06,f1_macro,107,0.6844836533471718,0.2815407874519484,2.220003843307495,0.665081880612784,0.24947075446861616,6.105236053466797
735,6,200,256,0.3,True,1800,512,200,0.0001,1e-06,20,0.0001,4,True,True,0.7,10,1e-06,f1_micro,86,0.6551070170685451,0.25335953377229603,1.2753392457962036,0.654843110504775,0.21806591007032858,2.567812204360962
736,6,200,256,0.3,True,1800,512,200,0.0001,1e-06,20,0.0001,4,True,True,0.7,10,1e-06,f1_macro,79,0.6440929312901631,0.2790960285216359,1.2571651935577393,0.6248153618906942,0.23158376314611112,2.5431270599365234
737,6,200,256,0.3,True,1800,1024,200,0.001,1e-06,20,0.0001,4,True,True,0.7,10,1e-06,f1_micro,93,0.6794945433658817,0.25923526011697057,2.383939266204834,0.6736111111111112,0.24419202309844848,4.989266872406006
738,6,200,256,0.3,True,1800,1024,200,0.001,1e-06,20,0.0001,4,True,True,0.7,10,1e-06,f1_macro,105,0.6892441072879978,0.28727300617891327,2.4515328407287598,0.6819058110713302,0.23900565043385352,5.1394829750061035
739,6,200,256,0.3,True,1800,1024,200,0.0001,1e-06,20,0.0001,4,True,True,0.7,10,1e-06,f1_micro,102,0.6655433866891323,0.2599896749377949,1.076725959777832,0.6731932047221423,0.23416486221347066,1.8979934453964233
740,6,200,256,0.3,True,1800,1024,200,0.0001,1e-06,20,0.0001,4,True,True,0.7,10,1e-06,f1_macro,100,0.5936535918907008,0.2895560570290433,1.074977993965149,0.5840232714253748,0.23599296262110184,1.8942471742630005
741,6,200,256,0.3,True,1800,2048,200,0.001,1e-06,20,0.0001,4,True,True,0.7,10,1e-06,f1_micro,100,0.6686763496848451,0.24871540194027894,2.007303237915039,0.6725860155382908,0.24264576577810543,4.4129228591918945
742,6,200,256,0.3,True,1800,2048,200,0.001,1e-06,20,0.0001,4,True,True,0.7,10,1e-06,f1_macro,33,0.6564807741278329,0.28893875654561524,1.3494266271591187,0.6497145822522055,0.23147070455917468,3.179338216781616
743,6,200,256,0.3,True,1800,2048,200,0.0001,1e-06,20,0.0001,4,True,True,0.7,10,1e-06,f1_micro,114,0.6349534643226473,0.22874457201663476,1.0168532133102417,0.6350039359748098,0.2194090008629682,1.6615926027297974
744,6,200,256,0.3,True,1800,2048,200,0.0001,1e-06,20,0.0001,4,True,True,0.7,10,1e-06,f1_macro,53,0.5332797104363564,0.26260639655948415,0.9809350371360779,0.5319235461569743,0.22559583162992503,1.533260703086853
745,6,200,256,0.4,True,1800,512,200,0.001,1e-06,20,0.0001,4,True,True,0.7,10,1e-06,f1_micro,87,0.6240875912408759,0.27474111167418747,2.062164783477783,0.619348054679285,0.2487992641843978,5.692632675170898
746,6,200,256,0.4,True,1800,512,200,0.001,1e-06,20,0.0001,4,True,True,0.7,10,1e-06,f1_macro,76,0.6828240252897787,0.30256378969734515,1.9938125610351562,0.6742948376796168,0.2551143885898863,5.466172218322754
747,6,200,256,0.4,True,1800,512,200,0.0001,1e-06,20,0.0001,4,True,True,0.7,10,1e-06,f1_micro,88,0.6676209561981105,0.25827938705721626,1.2059351205825806,0.6695427092320967,0.23283978713982187,2.2764506340026855
748,6,200,256,0.4,True,1800,512,200,0.0001,1e-06,20,0.0001,4,True,True,0.7,10,1e-06,f1_macro,80,0.6180319922443044,0.28290474833519347,1.1852270364761353,0.6093102607847917,0.23597807056792322,2.209496021270752
749,6,200,256,0.4,True,1800,1024,200,0.001,1e-06,20,0.0001,4,True,True,0.7,10,1e-06,f1_micro,95,0.6822057987492893,0.2587987400092393,2.3925139904022217,0.6756369882622387,0.24925287545737637,5.835203647613525
750,6,200,256,0.4,True,1800,1024,200,0.001,1e-06,20,0.0001,4,True,True,0.7,10,1e-06,f1_macro,59,0.6724409448818898,0.2885152644714495,2.1082093715667725,0.6532321381837215,0.2540647069484176,5.214289665222168
751,6,200,256,0.4,True,1800,1024,200,0.0001,1e-06,20,0.0001,4,True,True,0.7,10,1e-06,f1_micro,85,0.6616052060737527,0.253798154389145,1.0425536632537842,0.6657450926181919,0.23156037442877037,1.8427181243896484
752,6,200,256,0.4,True,1800,1024,200,0.0001,1e-06,20,0.0001,4,True,True,0.7,10,1e-06,f1_macro,42,0.5256986515536447,0.286293348104638,0.9639461636543274,0.518882769472856,0.2426163092177081,1.6209138631820679
753,6,200,256,0.4,True,1800,2048,200,0.001,1e-06,20,0.0001,4,True,True,0.7,10,1e-06,f1_micro,156,0.6497190259566498,0.23495108422602257,1.9135363101959229,0.6628509130553284,0.2586018923495326,4.716344356536865
754,6,200,256,0.4,True,1800,2048,200,0.001,1e-06,20,0.0001,4,True,True,0.7,10,1e-06,f1_macro,45,0.6545810877021068,0.31296558401495395,1.3084120750427246,0.6418650793650794,0.26082312257040324,3.401773452758789
755,6,200,256,0.4,True,1800,2048,200,0.0001,1e-06,20,0.0001,4,True,True,0.7,10,1e-06,f1_micro,111,0.6572419311816484,0.24780292116570524,1.0325300693511963,0.6558353642025454,0.22358447316580837,1.7620905637741089
756,6,200,256,0.4,True,1800,2048,200,0.0001,1e-06,20,0.0001,4,True,True,0.7,10,1e-06,f1_macro,39,0.5332783845044302,0.2769959722004537,0.9442616701126099,0.5288501452885015,0.23119286221550545,1.4592784643173218
757,6,300,64,0.2,True,1800,512,200,0.001,1e-06,20,0.0001,4,True,True,0.7,10,1e-06,f1_micro,138,0.6670470756062767,0.22905632874367143,3.2368786334991455,0.6722063037249284,0.2548072557186501,6.486096382141113
758,6,300,64,0.2,True,1800,512,200,0.001,1e-06,20,0.0001,4,True,True,0.7,10,1e-06,f1_macro,27,0.6625985252987542,0.26814989257084476,1.7486510276794434,0.6403061224489796,0.2414233962971616,3.5970606803894043
759,6,300,64,0.2,True,1800,512,200,0.0001,1e-06,20,0.0001,4,True,True,0.7,10,1e-06,f1_micro,106,0.668128254316251,0.23264771503813766,1.316612720489502,0.6707555059938668,0.22510717277798462,2.795480489730835
760,6,300,64,0.2,True,1800,512,200,0.0001,1e-06,20,0.0001,4,True,True,0.7,10,1e-06,f1_macro,132,0.6507128309572301,0.27602749203389126,1.3333426713943481,0.6313052522100884,0.22264449260225055,2.829648017883301
761,6,300,64,0.2,True,1800,1024,200,0.001,1e-06,20,0.0001,4,True,True,0.7,10,1e-06,f1_micro,91,0.6885245901639344,0.2628088745811644,2.862764596939087,0.6901162790697675,0.2655898651905987,5.52540397644043
762,6,300,64,0.2,True,1800,1024,200,0.001,1e-06,20,0.0001,4,True,True,0.7,10,1e-06,f1_macro,56,0.6992316136114161,0.28374006535233226,2.6026151180267334,0.6818806708825955,0.26513839572750675,4.837813377380371
763,6,300,64,0.2,True,1800,1024,200,0.0001,1e-06,20,0.0001,4,True,True,0.7,10,1e-06,f1_micro,126,0.6381909547738693,0.2189331492429011,1.1856282949447632,0.623882503192848,0.20588798782692003,2.1338095664978027
764,6,300,64,0.2,True,1800,1024,200,0.0001,1e-06,20,0.0001,4,True,True,0.7,10,1e-06,f1_macro,55,0.5228600201409869,0.2676449982194512,1.1170825958251953,0.5102698348771647,0.2242576263187684,1.946557641029358
765,6,300,64,0.2,True,1800,2048,200,0.001,1e-06,20,0.0001,4,True,True,0.7,10,1e-06,f1_micro,75,0.6779463243873979,0.23836863719353782,2.191593885421753,0.7005046007717424,0.26805337581252536,4.976161956787109
766,6,300,64,0.2,True,1800,2048,200,0.001,1e-06,20,0.0001,4,True,True,0.7,10,1e-06,f1_macro,94,0.6835443037974683,0.2727538361190094,2.265049695968628,0.6769983686786297,0.25549394147896554,5.13735818862915
767,6,300,64,0.2,True,1800,2048,200,0.0001,1e-06,20,0.0001,4,True,True,0.7,10,1e-06,f1_micro,166,0.5938995215311005,0.20413522814737023,1.120906114578247,0.6048604860486049,0.22030034637809637,1.9345370531082153
768,6,300,64,0.2,True,1800,2048,200,0.0001,1e-06,20,0.0001,4,True,True,0.7,10,1e-06,f1_macro,50,0.5032570258700912,0.254468466076224,1.0642155408859253,0.4959760434212989,0.22528874047997893,1.746940016746521
769,6,300,64,0.3,True,1800,512,200,0.001,1e-06,20,0.0001,4,True,True,0.7,10,1e-06,f1_micro,104,0.6599269868014602,0.23967269741611782,2.638068199157715,0.663839411931015,0.314997418768037,6.529544830322266
770,6,300,64,0.3,True,1800,512,200,0.001,1e-06,20,0.0001,4,True,True,0.7,10,1e-06,f1_macro,49,0.6844186659636172,0.2819043616184602,1.8967193365097046,0.6716738197424893,0.2819213684808651,5.135605812072754
771,6,300,64,0.3,True,1800,512,200,0.0001,1e-06,20,0.0001,4,True,True,0.7,10,1e-06,f1_micro,85,0.6572164948453608,0.2392008231293662,1.2416597604751587,0.6500130106687484,0.2282926531612647,2.826918840408325
772,6,300,64,0.3,True,1800,512,200,0.0001,1e-06,20,0.0001,4,True,True,0.7,10,1e-06,f1_macro,103,0.6659793814432989,0.28015070673780057,1.2563883066177368,0.6513713080168776,0.23132100079258158,2.878170967102051
773,6,300,64,0.3,True,1800,1024,200,0.001,1e-06,20,0.0001,4,True,True,0.7,10,1e-06,f1_micro,61,0.6880759564367495,0.24656080256320637,2.64267897605896,0.690084985835694,0.25442625567325716,5.377506256103516
774,6,300,64,0.3,True,1800,1024,200,0.001,1e-06,20,0.0001,4,True,True,0.7,10,1e-06,f1_macro,46,0.7028649386084584,0.2695106390201828,2.3280513286590576,0.6858407079646017,0.2571212616733306,4.845322132110596
775,6,300,64,0.3,True,1800,1024,200,0.0001,1e-06,20,0.0001,4,True,True,0.7,10,1e-06,f1_micro,147,0.6462409886714727,0.232344099751575,1.1898279190063477,0.6393822393822394,0.24926813476422663,2.2610561847686768
776,6,300,64,0.3,True,1800,1024,200,0.0001,1e-06,20,0.0001,4,True,True,0.7,10,1e-06,f1_macro,67,0.5612665365430493,0.2718484370905882,1.1168861389160156,0.5479991253006778,0.234389069433372,2.073991060256958
777,6,300,64,0.3,True,1800,2048,200,0.001,1e-06,20,0.0001,4,True,True,0.7,10,1e-06,f1_micro,88,0.6810780460415496,0.2512060591931148,2.2484242916107178,0.6834429511009437,0.25878105259820555,5.156617164611816
778,6,300,64,0.3,True,1800,2048,200,0.001,1e-06,20,0.0001,4,True,True,0.7,10,1e-06,f1_macro,57,0.7027624309392265,0.2829565742227071,2.061978340148926,0.6914623837700761,0.25680775162699115,4.752388954162598
779,6,300,64,0.3,True,1800,2048,200,0.0001,1e-06,20,0.0001,4,True,True,0.7,10,1e-06,f1_micro,176,0.5975889781859931,0.21287481062862185,1.0929421186447144,0.6023885814156714,0.20408907749201877,1.9683798551559448
780,6,300,64,0.3,True,1800,2048,200,0.0001,1e-06,20,0.0001,4,True,True,0.7,10,1e-06,f1_macro,72,0.49632623071271126,0.2676255592185024,1.0564519166946411,0.4851095710807267,0.2339844347712828,1.8535654544830322
781,6,300,64,0.4,True,1800,512,200,0.001,1e-06,20,0.0001,4,True,True,0.7,10,1e-06,f1_micro,89,0.6577967003725386,0.2591117754220152,2.4127678871154785,0.6572116671126572,0.27325114571912473,5.727295875549316
782,6,300,64,0.4,True,1800,512,200,0.001,1e-06,20,0.0001,4,True,True,0.7,10,1e-06,f1_macro,70,0.7003512564171845,0.28250092475299854,2.2469377517700195,0.6871766947998911,0.2675009223829825,5.268868923187256
783,6,300,64,0.4,True,1800,512,200,0.0001,1e-06,20,0.0001,4,True,True,0.7,10,1e-06,f1_micro,105,0.6431952662721894,0.23939779176267378,1.2111338376998901,0.6360595925813317,0.24307946152150292,2.712071418762207
784,6,300,64,0.4,True,1800,512,200,0.0001,1e-06,20,0.0001,4,True,True,0.7,10,1e-06,f1_macro,134,0.6803409696323921,0.2888638607634908,1.236937165260315,0.6712593000826674,0.24501356065475668,2.7705843448638916
785,6,300,64,0.4,True,1800,1024,200,0.001,1e-06,20,0.0001,4,True,True,0.7,10,1e-06,f1_micro,92,0.6804347826086956,0.2632496527340174,2.7321391105651855,0.6850676235164228,0.2689491008101061,5.536380290985107
786,6,300,64,0.4,True,1800,1024,200,0.001,1e-06,20,0.0001,4,True,True,0.7,10,1e-06,f1_macro,46,0.6853549908304951,0.3006812536960975,2.122077226638794,0.674653887113951,0.26525365261623424,4.687958717346191
787,6,300,64,0.4,True,1800,1024,200,0.0001,1e-06,20,0.0001,4,True,True,0.7,10,1e-06,f1_micro,156,0.629486799169386,0.23592393640788534,1.1021976470947266,0.6211480362537765,0.2105349810252792,2.146259307861328
788,6,300,64,0.4,True,1800,1024,200,0.0001,1e-06,20,0.0001,4,True,True,0.7,10,1e-06,f1_macro,49,0.5800884955752212,0.26844763712848696,1.04718816280365,0.5754780652418447,0.24325157866276792,1.8209987878799438
789,6,300,64,0.4,True,1800,2048,200,0.001,1e-06,20,0.0001,4,True,True,0.7,10,1e-06,f1_micro,119,0.6729934924078091,0.286470495219911,2.0827527046203613,0.6704699809834285,0.26750029878620135,4.864193916320801
790,6,300,64,0.4,True,1800,2048,200,0.001,1e-06,20,0.0001,4,True,True,0.7,10,1e-06,f1_macro,61,0.6760140210315473,0.3089640808751256,1.7714112997055054,0.6611195158850227,0.2836786349079575,4.212406635284424
791,6,300,64,0.4,True,1800,2048,200,0.0001,1e-06,20,0.0001,4,True,True,0.7,10,1e-06,f1_micro,132,0.5592034445640474,0.2022569939497107,1.0249031782150269,0.5605895196506551,0.19106456346556713,1.8731824159622192
792,6,300,64,0.4,True,1800,2048,200,0.0001,1e-06,20,0.0001,4,True,True,0.7,10,1e-06,f1_macro,79,0.5208500400962309,0.26683893776940043,1.0175864696502686,0.5111338100102145,0.23438430396157225,1.7508560419082642
793,6,300,128,0.2,True,1800,512,200,0.001,1e-06,20,0.0001,4,True,True,0.7,10,1e-06,f1_micro,139,0.6578366445916115,0.2569941402576898,2.6228790283203125,0.6546463245492372,0.27823591845935114,5.96476936340332
794,6,300,128,0.2,True,1800,512,200,0.001,1e-06,20,0.0001,4,True,True,0.7,10,1e-06,f1_macro,68,0.6811710985764169,0.28091419108326215,2.41324782371521,0.6675646551724138,0.2826832439438169,5.048562526702881
795,6,300,128,0.2,True,1800,512,200,0.0001,1e-06,20,0.0001,4,True,True,0.7,10,1e-06,f1_micro,77,0.6642003414911781,0.2235647476728642,1.277233362197876,0.664919941775837,0.25990050140541604,2.6322238445281982
796,6,300,128,0.2,True,1800,512,200,0.0001,1e-06,20,0.0001,4,True,True,0.7,10,1e-06,f1_macro,60,0.6295195641406637,0.2679746306881524,1.2213025093078613,0.6189751395230847,0.25174914704437207,2.4594614505767822
797,6,300,128,0.2,True,1800,1024,200,0.001,1e-06,20,0.0001,4,True,True,0.7,10,1e-06,f1_micro,126,0.673298103823438,0.22839907046769256,2.783780336380005,0.6836477987421383,0.2636186651295661,5.645755767822266
798,6,300,128,0.2,True,1800,1024,200,0.001,1e-06,20,0.0001,4,True,True,0.7,10,1e-06,f1_macro,86,0.6933184232597148,0.26375498383564816,2.6182022094726562,0.6833765485450879,0.24986482703939933,5.453069686889648
799,6,300,128,0.2,True,1800,1024,200,0.0001,1e-06,20,0.0001,4,True,True,0.7,10,1e-06,f1_micro,104,0.6531231049120679,0.221261796548331,1.0641082525253296,0.666055606477238,0.23033878817388526,1.933834195137024
800,6,300,128,0.2,True,1800,1024,200,0.0001,1e-06,20,0.0001,4,True,True,0.7,10,1e-06,f1_macro,64,0.5443959243085881,0.27822966829426515,1.0382230281829834,0.5395152792413066,0.24153825172322807,1.8449054956436157
801,6,300,128,0.2,True,1800,2048,200,0.001,1e-06,20,0.0001,4,True,True,0.7,10,1e-06,f1_micro,83,0.6634423897581793,0.237210603025169,2.1813642978668213,0.6596797671033479,0.23434808472504234,4.760627269744873
802,6,300,128,0.2,True,1800,2048,200,0.001,1e-06,20,0.0001,4,True,True,0.7,10,1e-06,f1_macro,86,0.6749014454664914,0.2686234277097259,2.1729676723480225,0.6535809018567639,0.23083737156817521,4.739901065826416
803,6,300,128,0.2,True,1800,2048,200,0.0001,1e-06,20,0.0001,4,True,True,0.7,10,1e-06,f1_micro,138,0.6361873095040177,0.22123387997886085,1.040601134300232,0.6389668725435149,0.229418069250192,1.729995608329773
804,6,300,128,0.2,True,1800,2048,200,0.0001,1e-06,20,0.0001,4,True,True,0.7,10,1e-06,f1_macro,43,0.47359884663903407,0.26494466769170205,1.0073429346084595,0.46766890056149246,0.2434845157728316,1.5729243755340576
805,6,300,128,0.3,True,1800,512,200,0.001,1e-06,20,0.0001,4,True,True,0.7,10,1e-06,f1_micro,130,0.6462189317821259,0.27457094650001473,2.2363250255584717,0.6429725363489499,0.2580359607105184,6.637262344360352
806,6,300,128,0.3,True,1800,512,200,0.001,1e-06,20,0.0001,4,True,True,0.7,10,1e-06,f1_macro,51,0.6842105263157895,0.3086423160327646,1.8152889013290405,0.6724230976794388,0.25097987846843095,5.281370162963867
807,6,300,128,0.3,True,1800,512,200,0.0001,1e-06,20,0.0001,4,True,True,0.7,10,1e-06,f1_micro,57,0.6705955334987593,0.23402068898401895,1.184980034828186,0.6622348844571067,0.22700059181092228,2.4428586959838867
808,6,300,128,0.3,True,1800,512,200,0.0001,1e-06,20,0.0001,4,True,True,0.7,10,1e-06,f1_macro,88,0.627151051625239,0.284409619295684,1.2366833686828613,0.6109911207103432,0.25308649097719593,2.647421360015869
809,6,300,128,0.3,True,1800,1024,200,0.001,1e-06,20,0.0001,4,True,True,0.7,10,1e-06,f1_micro,109,0.6762259822196731,0.27600249678309396,2.3627772331237793,0.6757304020827307,0.24097096638880505,5.730599880218506
810,6,300,128,0.3,True,1800,1024,200,0.001,1e-06,20,0.0001,4,True,True,0.7,10,1e-06,f1_macro,90,0.6866812227074236,0.30283056152630716,2.368851661682129,0.6728767123287671,0.24823219938092353,5.7405571937561035
811,6,300,128,0.3,True,1800,1024,200,0.0001,1e-06,20,0.0001,4,True,True,0.7,10,1e-06,f1_micro,64,0.6553607358436332,0.23029108986286825,1.0512059926986694,0.6565685988930964,0.2364287037949519,1.8785526752471924
812,6,300,128,0.3,True,1800,1024,200,0.0001,1e-06,20,0.0001,4,True,True,0.7,10,1e-06,f1_macro,52,0.5401369010578718,0.28456278474427926,1.032483696937561,0.538592750533049,0.24558246813235723,1.813096046447754
813,6,300,128,0.3,True,1800,2048,200,0.001,1e-06,20,0.0001,4,True,True,0.7,10,1e-06,f1_micro,125,0.6815963250071777,0.25826901577980343,2.3044896125793457,0.6992966002344666,0.2803402138394647,5.09364128112793
814,6,300,128,0.3,True,1800,2048,200,0.001,1e-06,20,0.0001,4,True,True,0.7,10,1e-06,f1_macro,41,0.6759968312648534,0.2765388305764371,1.6664992570877075,0.6745308310991958,0.2797927227223832,3.963620662689209
815,6,300,128,0.3,True,1800,2048,200,0.0001,1e-06,20,0.0001,4,True,True,0.7,10,1e-06,f1_micro,139,0.6543804933371137,0.2289490149125406,1.0589962005615234,0.6510028653295129,0.2560480957389427,1.8102909326553345
816,6,300,128,0.3,True,1800,2048,200,0.0001,1e-06,20,0.0001,4,True,True,0.7,10,1e-06,f1_macro,49,0.503550182306659,0.26467291366911216,1.0095010995864868,0.4904141104294479,0.25082401172597824,1.6316826343536377
817,6,300,128,0.4,True,1800,512,200,0.001,1e-06,20,0.0001,4,True,True,0.7,10,1e-06,f1_micro,115,0.6519480519480519,0.2634698077406882,2.3748583793640137,0.6356222046829781,0.27377340031967556,6.322861194610596
818,6,300,128,0.4,True,1800,512,200,0.001,1e-06,20,0.0001,4,True,True,0.7,10,1e-06,f1_macro,31,0.6826315789473684,0.29503519135669176,1.4516433477401733,0.661897191308956,0.2615442936490753,3.706407070159912
819,6,300,128,0.4,True,1800,512,200,0.0001,1e-06,20,0.0001,4,True,True,0.7,10,1e-06,f1_micro,72,0.6489075127207423,0.23493213289387124,1.1716811656951904,0.6403138201569101,0.23778766711244587,2.4125638008117676
820,6,300,128,0.4,True,1800,512,200,0.0001,1e-06,20,0.0001,4,True,True,0.7,10,1e-06,f1_macro,41,0.5679548415110726,0.2816265080263521,1.045617699623108,0.5517998244073749,0.2361940448521823,2.030756711959839
821,6,300,128,0.4,True,1800,1024,200,0.001,1e-06,20,0.0001,4,True,True,0.7,10,1e-06,f1_micro,76,0.6684534977217904,0.2600935920864387,2.2408766746520996,0.6756682281620281,0.2605640702317621,5.312792778015137
822,6,300,128,0.4,True,1800,1024,200,0.001,1e-06,20,0.0001,4,True,True,0.7,10,1e-06,f1_macro,23,0.6871523178807947,0.3059710490931855,1.3648368120193481,0.6764069264069265,0.2601314799893492,3.345296621322632
823,6,300,128,0.4,True,1800,1024,200,0.0001,1e-06,20,0.0001,4,True,True,0.7,10,1e-06,f1_micro,99,0.6684815486993345,0.23404895092184547,1.0998399257659912,0.6693202694427434,0.2470670272762191,2.1152126789093018
824,6,300,128,0.4,True,1800,1024,200,0.0001,1e-06,20,0.0001,4,True,True,0.7,10,1e-06,f1_macro,79,0.5378356387306753,0.29570165370965557,1.0684092044830322,0.5381294964028777,0.26146331298286796,2.0457358360290527
825,6,300,128,0.4,True,1800,2048,200,0.001,1e-06,20,0.0001,4,True,True,0.7,10,1e-06,f1_micro,108,0.6645195920558239,0.24382884701386837,2.164832830429077,0.6423841059602649,0.23380877897230024,5.0808796882629395
826,6,300,128,0.4,True,1800,2048,200,0.001,1e-06,20,0.0001,4,True,True,0.7,10,1e-06,f1_macro,35,0.6578750933067927,0.2612816342246768,1.5403872728347778,0.6410709775195756,0.24582129394327537,3.8035106658935547
827,6,300,128,0.4,True,1800,2048,200,0.0001,1e-06,20,0.0001,4,True,True,0.7,10,1e-06,f1_micro,113,0.6564159910539559,0.23391021670883658,1.0504438877105713,0.6503695281409893,0.23259665387792036,1.8932610750198364
828,6,300,128,0.4,True,1800,2048,200,0.0001,1e-06,20,0.0001,4,True,True,0.7,10,1e-06,f1_macro,67,0.5379746835443038,0.2800421111986229,1.0261744260787964,0.5353080060098734,0.26182052343870515,1.7687336206436157
829,6,300,256,0.2,True,1800,512,200,0.001,1e-06,20,0.0001,4,True,True,0.7,10,1e-06,f1_micro,174,0.6503516174402251,0.2554694235619749,2.3768177032470703,0.6454545454545455,0.24889922542272586,5.745297431945801
830,6,300,256,0.2,True,1800,512,200,0.001,1e-06,20,0.0001,4,True,True,0.7,10,1e-06,f1_macro,57,0.6748434237995825,0.29800834499891443,1.9623440504074097,0.6589897932478409,0.2504202212039683,4.768855571746826
831,6,300,256,0.2,True,1800,512,200,0.0001,1e-06,20,0.0001,4,True,True,0.7,10,1e-06,f1_micro,124,0.6819747416762342,0.24798781475178347,1.395782232284546,0.6789258610624636,0.2579376991974442,2.822603940963745
832,6,300,256,0.2,True,1800,512,200,0.0001,1e-06,20,0.0001,4,True,True,0.7,10,1e-06,f1_macro,77,0.6609180826781639,0.2814086905590583,1.3317021131515503,0.6520392359318534,0.2458107616654833,2.6323673725128174
833,6,300,256,0.2,True,1800,1024,200,0.001,1e-06,20,0.0001,4,True,True,0.7,10,1e-06,f1_micro,84,0.691180695202528,0.26300693450578566,2.4877073764801025,0.6735632183908046,0.24626421991067257,5.305922508239746
834,6,300,256,0.2,True,1800,1024,200,0.001,1e-06,20,0.0001,4,True,True,0.7,10,1e-06,f1_macro,54,0.7043189368770764,0.28206386288988683,2.219998598098755,0.6780689655172414,0.24730792623607548,4.5744404792785645
835,6,300,256,0.2,True,1800,1024,200,0.0001,1e-06,20,0.0001,4,True,True,0.7,10,1e-06,f1_micro,166,0.650984682713348,0.22875678210959627,1.208748698234558,0.6521860206070732,0.22497385454635585,2.1109235286712646
836,6,300,256,0.2,True,1800,1024,200,0.0001,1e-06,20,0.0001,4,True,True,0.7,10,1e-06,f1_macro,16,0.4673873873873874,0.2576692091798464,1.024855375289917,0.45940521802590767,0.2350813606104047,1.5174628496170044
837,6,300,256,0.2,True,1800,2048,200,0.001,1e-06,20,0.0001,4,True,True,0.7,10,1e-06,f1_micro,69,0.6853226727584237,0.2513309986785615,2.2563388347625732,0.6945093457943925,0.26586491210572344,4.519184589385986
838,6,300,256,0.2,True,1800,2048,200,0.001,1e-06,20,0.0001,4,True,True,0.7,10,1e-06,f1_macro,95,0.6969779471821399,0.2805064729899411,2.373678207397461,0.6921806167400881,0.26291086878182496,4.706728935241699
839,6,300,256,0.2,True,1800,2048,200,0.0001,1e-06,20,0.0001,4,True,True,0.7,10,1e-06,f1_micro,157,0.5945114131828674,0.22544039688386866,1.1040399074554443,0.5906843611761644,0.2102547666162985,1.8816900253295898
840,6,300,256,0.2,True,1800,2048,200,0.0001,1e-06,20,0.0001,4,True,True,0.7,10,1e-06,f1_macro,30,0.4984709480122324,0.27032145250807277,1.0035550594329834,0.48909476934954643,0.23688107838986924,1.501417636871338
841,6,300,256,0.3,True,1800,512,200,0.001,1e-06,20,0.0001,4,True,True,0.7,10,1e-06,f1_micro,106,0.642838370565046,0.2718663280235237,2.310250759124756,0.6505190311418685,0.2565228709212152,5.879183292388916
842,6,300,256,0.3,True,1800,512,200,0.001,1e-06,20,0.0001,4,True,True,0.7,10,1e-06,f1_macro,58,0.6786364819151705,0.2944657432252793,1.9961847066879272,0.6727078891257996,0.26663955436972475,5.164608955383301
843,6,300,256,0.3,True,1800,512,200,0.0001,1e-06,20,0.0001,4,True,True,0.7,10,1e-06,f1_micro,115,0.6847515705311251,0.24756678541572408,1.38761305809021,0.6847106248200403,0.25473743257795234,2.5840320587158203
844,6,300,256,0.3,True,1800,512,200,0.0001,1e-06,20,0.0001,4,True,True,0.7,10,1e-06,f1_macro,56,0.6339458413926499,0.2817560111874182,1.2416704893112183,0.618860510805501,0.24461372256859606,2.2504830360412598
845,6,300,256,0.3,True,1800,1024,200,0.001,1e-06,20,0.0001,4,True,True,0.7,10,1e-06,f1_micro,85,0.6780432309442548,0.2628045197386507,2.5311439037323,0.6698946169182569,0.2622282503803631,5.567168712615967
846,6,300,256,0.3,True,1800,1024,200,0.001,1e-06,20,0.0001,4,True,True,0.7,10,1e-06,f1_macro,52,0.6954866775421424,0.2952943506601225,2.1866981983184814,0.6699642758999725,0.25514308792569707,4.665482044219971
847,6,300,256,0.3,True,1800,1024,200,0.0001,1e-06,20,0.0001,4,True,True,0.7,10,1e-06,f1_micro,160,0.6405919661733616,0.2303161092201291,1.1683560609817505,0.6389776357827476,0.21588872935034406,2.0301880836486816
848,6,300,256,0.3,True,1800,1024,200,0.0001,1e-06,20,0.0001,4,True,True,0.7,10,1e-06,f1_macro,12,0.4817061959919103,0.2576196169552938,1.0188771486282349,0.4804323518449497,0.22462621393056306,1.4529566764831543
849,6,300,256,0.3,True,1800,2048,200,0.001,1e-06,20,0.0001,4,True,True,0.7,10,1e-06,f1_micro,154,0.6722083679689664,0.2541757224001476,2.1834022998809814,0.6689265536723163,0.26005340480927486,4.899843692779541
850,6,300,256,0.3,True,1800,2048,200,0.001,1e-06,20,0.0001,4,True,True,0.7,10,1e-06,f1_macro,31,0.6734961912266877,0.2934597083866727,1.3955563306808472,0.6542948038176034,0.2376664372910043,3.221907138824463
851,6,300,256,0.3,True,1800,2048,200,0.0001,1e-06,20,0.0001,4,True,True,0.7,10,1e-06,f1_micro,168,0.6346356916578669,0.23126231882330558,1.1210198402404785,0.6346922462030375,0.22160886590140944,2.0295848846435547
852,6,300,256,0.3,True,1800,2048,200,0.0001,1e-06,20,0.0001,4,True,True,0.7,10,1e-06,f1_macro,78,0.5463829787234042,0.28652014299615597,1.0765284299850464,0.5380972879896685,0.25413435713770005,1.9038769006729126
853,6,300,256,0.4,True,1800,512,200,0.001,1e-06,20,0.0001,4,True,True,0.7,10,1e-06,f1_micro,103,0.6380182002022244,0.25916544395085106,2.2413132190704346,0.6377693282636249,0.2647294204672954,5.86478853225708
854,6,300,256,0.4,True,1800,512,200,0.001,1e-06,20,0.0001,4,True,True,0.7,10,1e-06,f1_macro,74,0.6747799067840498,0.2942641703464999,2.1230435371398926,0.6652708714996074,0.25536175023530044,5.375269889831543
855,6,300,256,0.4,True,1800,512,200,0.0001,1e-06,20,0.0001,4,True,True,0.7,10,1e-06,f1_micro,145,0.6816226183159189,0.26043214577468476,1.3881772756576538,0.6719852715556919,0.2555953542077397,2.8279261589050293
856,6,300,256,0.4,True,1800,512,200,0.0001,1e-06,20,0.0001,4,True,True,0.7,10,1e-06,f1_macro,142,0.6504146770545363,0.2951375154630423,1.3872512578964233,0.6364779874213836,0.25661193337482163,2.8260979652404785
857,6,300,256,0.4,True,1800,1024,200,0.001,1e-06,20,0.0001,4,True,True,0.7,10,1e-06,f1_micro,145,0.6689914163090128,0.24230213588333777,2.579416275024414,0.6668485675306958,0.23546169995803695,6.619815349578857
858,6,300,256,0.4,True,1800,1024,200,0.001,1e-06,20,0.0001,4,True,True,0.7,10,1e-06,f1_macro,76,0.6661665416354089,0.282562714323976,2.2660558223724365,0.6474310301189572,0.24534987909744355,6.020546913146973
859,6,300,256,0.4,True,1800,1024,200,0.0001,1e-06,20,0.0001,4,True,True,0.7,10,1e-06,f1_micro,158,0.6797241379310345,0.24590087073167863,1.2248547077178955,0.674282529952633,0.23038056621648434,2.28265380859375
860,6,300,256,0.4,True,1800,1024,200,0.0001,1e-06,20,0.0001,4,True,True,0.7,10,1e-06,f1_macro,44,0.5404388714733542,0.28138238097451757,1.0484552383422852,0.5287404902789519,0.24933216814694703,1.7920193672180176
861,6,300,256,0.4,True,1800,2048,200,0.001,1e-06,20,0.0001,4,True,True,0.7,10,1e-06,f1_micro,136,0.6782892944701716,0.2616620219778456,2.1308982372283936,0.6727777777777778,0.2638529801425434,4.919064521789551
862,6,300,256,0.4,True,1800,2048,200,0.001,1e-06,20,0.0001,4,True,True,0.7,10,1e-06,f1_macro,60,0.6831941544885177,0.2872873500691946,1.7329903841018677,0.6673695308381655,0.25315657695965926,4.361751556396484
863,6,300,256,0.4,True,1800,2048,200,0.0001,1e-06,20,0.0001,4,True,True,0.7,10,1e-06,f1_micro,168,0.5415274994433311,0.22416782674086103,1.0458189249038696,0.5363252610530993,0.21195116863164373,1.7705539464950562
864,6,300,256,0.4,True,1800,2048,200,0.0001,1e-06,20,0.0001,4,True,True,0.7,10,1e-06,f1_macro,27,0.5178055822906641,0.27736927625351293,0.9996838569641113,0.5045853658536585,0.22655905253845715,1.5026888847351074
865,6,360,64,0.2,True,1800,512,200,0.001,1e-06,20,0.0001,4,True,True,0.7,10,1e-06,f1_micro,153,0.66837899543379,0.26568666394119306,2.610214948654175,0.6546377220186073,0.2443147028468416,6.735931873321533
866,6,360,64,0.2,True,1800,512,200,0.001,1e-06,20,0.0001,4,True,True,0.7,10,1e-06,f1_macro,90,0.6989010989010989,0.29727909770100036,2.4167044162750244,0.6626702997275205,0.24424747395022778,6.3171234130859375
867,6,360,64,0.2,True,1800,512,200,0.0001,1e-06,20,0.0001,4,True,True,0.7,10,1e-06,f1_micro,119,0.6334190231362468,0.21925299422130504,1.3120061159133911,0.635781929869465,0.23187920216100677,2.468370199203491
868,6,360,64,0.2,True,1800,512,200,0.0001,1e-06,20,0.0001,4,True,True,0.7,10,1e-06,f1_macro,80,0.5868344192316334,0.25137581108847695,1.2746108770370483,0.5865142857142858,0.23602877649237522,2.3653767108917236
869,6,360,64,0.2,True,1800,1024,200,0.001,1e-06,20,0.0001,4,True,True,0.7,10,1e-06,f1_micro,86,0.6701785191688616,0.23500146248010986,2.901365041732788,0.6802151823072325,0.24785084068273214,5.95558500289917
870,6,360,64,0.2,True,1800,1024,200,0.001,1e-06,20,0.0001,4,True,True,0.7,10,1e-06,f1_macro,92,0.6877828054298643,0.26364532146323405,2.9234204292297363,0.6728057553956834,0.24151211698040992,5.9012041091918945
871,6,360,64,0.2,True,1800,1024,200,0.0001,1e-06,20,0.0001,4,True,True,0.7,10,1e-06,f1_micro,114,0.6431651027136698,0.2276111765298138,1.1975197792053223,0.6363402724235415,0.22400093231933957,2.2162466049194336
872,6,360,64,0.2,True,1800,1024,200,0.0001,1e-06,20,0.0001,4,True,True,0.7,10,1e-06,f1_macro,60,0.5971541870772101,0.26524194441151305,1.1018686294555664,0.58698224852071,0.23188407727581636,1.9545776844024658
873,6,360,64,0.2,True,1800,2048,200,0.001,1e-06,20,0.0001,4,True,True,0.7,10,1e-06,f1_micro,82,0.6849929873772791,0.25918983711228766,2.3655545711517334,0.6790299572039943,0.26702967252889864,4.709975242614746
874,6,360,64,0.2,True,1800,2048,200,0.001,1e-06,20,0.0001,4,True,True,0.7,10,1e-06,f1_macro,102,0.7037974683544304,0.2707665743046986,2.4221177101135254,0.6878397711015737,0.25661181536919436,4.759174823760986
875,6,360,64,0.2,True,1800,2048,200,0.0001,1e-06,20,0.0001,4,True,True,0.7,10,1e-06,f1_micro,179,0.5790697674418605,0.21746736073493594,1.0840314626693726,0.5856405443453777,0.22436393056080153,1.8317455053329468
876,6,360,64,0.2,True,1800,2048,200,0.0001,1e-06,20,0.0001,4,True,True,0.7,10,1e-06,f1_macro,57,0.5858001335410639,0.2636941343241904,1.0054590702056885,0.5822442541685444,0.2337208555070281,1.5890350341796875
877,6,360,64,0.3,True,1800,512,200,0.001,1e-06,20,0.0001,4,True,True,0.7,10,1e-06,f1_micro,69,0.6629370629370629,0.24515528719286628,2.643760919570923,0.6691155693698785,0.251123191952071,6.0171732902526855
878,6,360,64,0.3,True,1800,512,200,0.001,1e-06,20,0.0001,4,True,True,0.7,10,1e-06,f1_macro,47,0.6811632171862719,0.27611855147297654,2.24924898147583,0.6617608409986859,0.2481791294225997,5.657495975494385
879,6,360,64,0.3,True,1800,512,200,0.0001,1e-06,20,0.0001,4,True,True,0.7,10,1e-06,f1_micro,159,0.645864289252105,0.23814843018480125,1.2818293571472168,0.6330252310766925,0.24567372960733266,2.652101755142212
880,6,360,64,0.3,True,1800,512,200,0.0001,1e-06,20,0.0001,4,True,True,0.7,10,1e-06,f1_macro,108,0.6526576019777504,0.2863768858246107,1.261399745941162,0.6304456685027542,0.24362326867024234,2.5824484825134277
881,6,360,64,0.3,True,1800,1024,200,0.001,1e-06,20,0.0001,4,True,True,0.7,10,1e-06,f1_micro,126,0.6965236454744754,0.2535239164043509,2.6731631755828857,0.6766869203709626,0.2642798137806766,5.932600498199463
882,6,360,64,0.3,True,1800,1024,200,0.001,1e-06,20,0.0001,4,True,True,0.7,10,1e-06,f1_macro,89,0.7096774193548387,0.2858724982335727,2.548168659210205,0.7002035475428904,0.2515897356217079,5.768092632293701
883,6,360,64,0.3,True,1800,1024,200,0.0001,1e-06,20,0.0001,4,True,True,0.7,10,1e-06,f1_micro,177,0.6080919320086187,0.23125865408021623,1.136892557144165,0.6073070408903943,0.23430150423777246,2.0348827838897705
884,6,360,64,0.3,True,1800,1024,200,0.0001,1e-06,20,0.0001,4,True,True,0.7,10,1e-06,f1_macro,41,0.5890925149039523,0.26845913221206513,1.0037164688110352,0.5858133810695905,0.24893557510549724,1.5825167894363403
885,6,360,64,0.3,True,1800,2048,200,0.001,1e-06,20,0.0001,4,True,True,0.7,10,1e-06,f1_micro,153,0.6730825313502479,0.2516229047462016,2.4342830181121826,0.6970414201183432,0.27208578157533175,5.862982749938965
886,6,360,64,0.3,True,1800,2048,200,0.001,1e-06,20,0.0001,4,True,True,0.7,10,1e-06,f1_macro,61,0.6780292942743009,0.273763612877377,2.097327470779419,0.6704576225291091,0.2584080507546636,5.149927139282227
887,6,360,64,0.3,True,1800,2048,200,0.0001,1e-06,20,0.0001,4,True,True,0.7,10,1e-06,f1_micro,194,0.5631940772078265,0.225725200344705,1.0575971603393555,0.5589099652685012,0.21661137209802378,1.8973194360733032
888,6,360,64,0.3,True,1800,2048,200,0.0001,1e-06,20,0.0001,4,True,True,0.7,10,1e-06,f1_macro,53,0.5333333333333333,0.25795244446426485,0.9732123017311096,0.524314588753252,0.2355550892800657,1.5615482330322266
889,6,360,64,0.4,True,1800,512,200,0.001,1e-06,20,0.0001,4,True,True,0.7,10,1e-06,f1_micro,140,0.6581808538849112,0.2557566254535081,2.536306619644165,0.6505765620809869,0.2514463504165744,5.864967346191406
890,6,360,64,0.4,True,1800,512,200,0.001,1e-06,20,0.0001,4,True,True,0.7,10,1e-06,f1_macro,72,0.6869448183041723,0.27594601337904756,2.2486610412597656,0.6695914450233068,0.24879580063101384,5.523671627044678
891,6,360,64,0.4,True,1800,512,200,0.0001,1e-06,20,0.0001,4,True,True,0.7,10,1e-06,f1_micro,133,0.6154639175257732,0.2559689385628955,1.2174705266952515,0.6036854399169478,0.23719006408369164,2.699824810028076
892,6,360,64,0.4,True,1800,512,200,0.0001,1e-06,20,0.0001,4,True,True,0.7,10,1e-06,f1_macro,51,0.6009431843700875,0.2968383548157079,1.025126338005066,0.5765928603705377,0.2321666395483018,2.1440815925598145
893,6,360,64,0.4,True,1800,1024,200,0.001,1e-06,20,0.0001,4,True,True,0.7,10,1e-06,f1_micro,131,0.6943820224719102,0.2647062257550668,2.8472695350646973,0.6932797242963814,0.27609819552350995,6.461769104003906
894,6,360,64,0.4,True,1800,1024,200,0.001,1e-06,20,0.0001,4,True,True,0.7,10,1e-06,f1_macro,72,0.7156014512977952,0.28398346094191546,2.61055588722229,0.705015585151601,0.26530442102582097,5.854149341583252
895,6,360,64,0.4,True,1800,1024,200,0.0001,1e-06,20,0.0001,4,True,True,0.7,10,1e-06,f1_micro,200,0.5919604760835392,0.2378925935238474,1.1200422048568726,0.5896504766227871,0.24832968393844768,2.0985100269317627
896,6,360,64,0.4,True,1800,1024,200,0.0001,1e-06,20,0.0001,4,True,True,0.7,10,1e-06,f1_macro,42,0.5637275386544087,0.2662102823897843,0.9595230221748352,0.5549206349206349,0.23484363363825042,1.564314603805542
897,6,360,64,0.4,True,1800,2048,200,0.001,1e-06,20,0.0001,4,True,True,0.7,10,1e-06,f1_micro,88,0.6780150028851702,0.25163043041901434,2.108008861541748,0.6699766355140186,0.2620535521417136,4.512901306152344
898,6,360,64,0.4,True,1800,2048,200,0.001,1e-06,20,0.0001,4,True,True,0.7,10,1e-06,f1_macro,76,0.6925757169659609,0.274542125784556,2.028944730758667,0.6807817589576547,0.2617459490450737,4.318940162658691
899,6,360,64,0.4,True,1800,2048,200,0.0001,1e-06,20,0.0001,4,True,True,0.7,10,1e-06,f1_micro,99,0.5097927902355947,0.20432211716229398,1.00625479221344,0.5036661026508742,0.2163029689018664,1.7752954959869385
900,6,360,64,0.4,True,1800,2048,200,0.0001,1e-06,20,0.0001,4,True,True,0.7,10,1e-06,f1_macro,85,0.5553725813091808,0.264927603335716,0.9947770237922668,0.5465403624382208,0.25334703368876504,1.7157331705093384
901,6,360,128,0.2,True,1800,512,200,0.001,1e-06,20,0.0001,4,True,True,0.7,10,1e-06,f1_micro,109,0.6758938869665513,0.26213694228862133,2.5427746772766113,0.6713656387665198,0.23440215004896517,6.353638648986816
902,6,360,128,0.2,True,1800,512,200,0.001,1e-06,20,0.0001,4,True,True,0.7,10,1e-06,f1_macro,32,0.7012109264995776,0.2963248948833629,1.6607786417007446,0.6706518645032735,0.22430873313644062,4.427557945251465
903,6,360,128,0.2,True,1800,512,200,0.0001,1e-06,20,0.0001,4,True,True,0.7,10,1e-06,f1_micro,121,0.6950273066973268,0.2628105687443557,1.3848623037338257,0.6756047799475372,0.2170604925011209,2.6475703716278076
904,6,360,128,0.2,True,1800,512,200,0.0001,1e-06,20,0.0001,4,True,True,0.7,10,1e-06,f1_macro,71,0.6908077994428969,0.27552194393414914,1.3034422397613525,0.6666666666666666,0.22575311101062356,2.414571762084961
905,6,360,128,0.2,True,1800,1024,200,0.001,1e-06,20,0.0001,4,True,True,0.7,10,1e-06,f1_micro,55,0.6492997198879552,0.23167441471723144,2.21156644821167,0.6554669703872438,0.25176374087858294,4.471880912780762
906,6,360,128,0.2,True,1800,1024,200,0.001,1e-06,20,0.0001,4,True,True,0.7,10,1e-06,f1_macro,48,0.6673808248527049,0.28227938010245646,2.086320161819458,0.6507766470273165,0.25621586024800186,4.319387912750244
907,6,360,128,0.2,True,1800,1024,200,0.0001,1e-06,20,0.0001,4,True,True,0.7,10,1e-06,f1_micro,136,0.616210110138379,0.22134294101000163,1.1480473279953003,0.6039742513294151,0.23443471633411522,1.7321357727050781
908,6,360,128,0.2,True,1800,1024,200,0.0001,1e-06,20,0.0001,4,True,True,0.7,10,1e-06,f1_macro,42,0.5045148895292988,0.26628834659306,1.0664710998535156,0.49544838272322295,0.24823144784635157,1.5412551164627075
909,6,360,128,0.2,True,1800,2048,200,0.001,1e-06,20,0.0001,4,True,True,0.7,10,1e-06,f1_micro,97,0.6894673123486683,0.24813729733968581,2.3531551361083984,0.6871389480085133,0.2519720033039148,4.945298671722412
910,6,360,128,0.2,True,1800,2048,200,0.001,1e-06,20,0.0001,4,True,True,0.7,10,1e-06,f1_macro,51,0.6849836779107725,0.2758901560219699,2.0397493839263916,0.6681175190424374,0.251722054836766,4.383492469787598
911,6,360,128,0.2,True,1800,2048,200,0.0001,1e-06,20,0.0001,4,True,True,0.7,10,1e-06,f1_micro,193,0.5340765138079554,0.2124728779819054,1.0612189769744873,0.530162703379224,0.21233815739010273,1.566200852394104
912,6,360,128,0.2,True,1800,2048,200,0.0001,1e-06,20,0.0001,4,True,True,0.7,10,1e-06,f1_macro,58,0.5069142631371,0.2633344535986972,1.027735710144043,0.5008880994671403,0.22961248246724192,1.4871821403503418
913,6,360,128,0.3,True,1800,512,200,0.001,1e-06,20,0.0001,4,True,True,0.7,10,1e-06,f1_micro,129,0.6656025538707103,0.27260193778128117,2.258937120437622,0.6722552731206057,0.2528411163885152,5.753331661224365
914,6,360,128,0.3,True,1800,512,200,0.001,1e-06,20,0.0001,4,True,True,0.7,10,1e-06,f1_macro,50,0.6946748728926947,0.29223780747422534,1.807387113571167,0.6817204301075269,0.2478874123891795,4.842109680175781
915,6,360,128,0.3,True,1800,512,200,0.0001,1e-06,20,0.0001,4,True,True,0.7,10,1e-06,f1_micro,101,0.6657789613848203,0.2574910450714879,1.245082139968872,0.6584779706275034,0.2464444092286659,2.184290885925293
916,6,360,128,0.3,True,1800,512,200,0.0001,1e-06,20,0.0001,4,True,True,0.7,10,1e-06,f1_macro,97,0.6540975364504776,0.28456418519829035,1.2323088645935059,0.6368686868686869,0.24088405422179685,2.168830633163452
917,6,360,128,0.3,True,1800,1024,200,0.001,1e-06,20,0.0001,4,True,True,0.7,10,1e-06,f1_micro,102,0.7007687758722649,0.2600815640823513,2.6782641410827637,0.6920559357334126,0.25536205174205245,5.208873271942139
918,6,360,128,0.3,True,1800,1024,200,0.001,1e-06,20,0.0001,4,True,True,0.7,10,1e-06,f1_macro,61,0.7108266072919566,0.289703948154795,2.396608829498291,0.6835654596100279,0.24970398956671175,4.701083183288574
919,6,360,128,0.3,True,1800,1024,200,0.0001,1e-06,20,0.0001,4,True,True,0.7,10,1e-06,f1_micro,148,0.6263583170799666,0.23097999322310725,1.135744333267212,0.6278353402408289,0.2435789905997427,1.8060740232467651
920,6,360,128,0.3,True,1800,1024,200,0.0001,1e-06,20,0.0001,4,True,True,0.7,10,1e-06,f1_macro,39,0.5530092096808739,0.2783352540954679,1.03431236743927,0.5410399656209712,0.24910920029650244,1.5524920225143433
921,6,360,128,0.3,True,1800,2048,200,0.001,1e-06,20,0.0001,4,True,True,0.7,10,1e-06,f1_micro,67,0.6680327868852459,0.24719971137643074,1.8771330118179321,0.6569819152090127,0.25749604814244736,4.245945930480957
922,6,360,128,0.3,True,1800,2048,200,0.001,1e-06,20,0.0001,4,True,True,0.7,10,1e-06,f1_macro,72,0.6711099718021021,0.2737387593939963,1.9027124643325806,0.6431673052362707,0.23447037356462452,4.215302467346191
923,6,360,128,0.3,True,1800,2048,200,0.0001,1e-06,20,0.0001,4,True,True,0.7,10,1e-06,f1_micro,183,0.5730840136950224,0.2228523608465015,1.0568628311157227,0.5600422275006598,0.22746852744213303,1.6741693019866943
924,6,360,128,0.3,True,1800,2048,200,0.0001,1e-06,20,0.0001,4,True,True,0.7,10,1e-06,f1_macro,49,0.5394067796610169,0.2780071954505498,0.9982633590698242,0.5176519740965114,0.23024102270879557,1.513991117477417
925,6,360,128,0.4,True,1800,512,200,0.001,1e-06,20,0.0001,4,True,True,0.7,10,1e-06,f1_micro,91,0.6293333333333333,0.22918789815129337,1.9477550983428955,0.6216143738267632,0.2541864114858936,5.246359348297119
926,6,360,128,0.4,True,1800,512,200,0.001,1e-06,20,0.0001,4,True,True,0.7,10,1e-06,f1_macro,51,0.6619273301737757,0.2574366647423844,1.7216392755508423,0.6559571619812584,0.24936567253086658,4.380020618438721
927,6,360,128,0.4,True,1800,512,200,0.0001,1e-06,20,0.0001,4,True,True,0.7,10,1e-06,f1_micro,109,0.6449738524113887,0.24295821897787,1.223511815071106,0.6420536486876262,0.2442879756274347,2.1438915729522705
928,6,360,128,0.4,True,1800,512,200,0.0001,1e-06,20,0.0001,4,True,True,0.7,10,1e-06,f1_macro,79,0.6125443786982249,0.2772169533159081,1.184205174446106,0.5992456388495992,0.25388295742625727,1.9877293109893799
929,6,360,128,0.4,True,1800,1024,200,0.001,1e-06,20,0.0001,4,True,True,0.7,10,1e-06,f1_micro,92,0.6808391608391609,0.2609410158191929,2.4519805908203125,0.6767507002801121,0.2513854074179278,4.919252872467041
930,6,360,128,0.4,True,1800,1024,200,0.001,1e-06,20,0.0001,4,True,True,0.7,10,1e-06,f1_macro,56,0.6966666666666667,0.28291113548276525,2.091418981552124,0.6829403606102635,0.26316558045918004,4.233196258544922
931,6,360,128,0.4,True,1800,1024,200,0.0001,1e-06,20,0.0001,4,True,True,0.7,10,1e-06,f1_micro,158,0.6553314121037463,0.24324666593743036,1.1400339603424072,0.6495529276031151,0.24659648837723355,1.9475507736206055
932,6,360,128,0.4,True,1800,1024,200,0.0001,1e-06,20,0.0001,4,True,True,0.7,10,1e-06,f1_macro,27,0.5324232081911263,0.27625527614207124,0.9757750034332275,0.5166466105094264,0.22594093810264476,1.4381544589996338
933,6,360,128,0.4,True,1800,2048,200,0.001,1e-06,20,0.0001,4,True,True,0.7,10,1e-06,f1_micro,95,0.6664788732394367,0.25511469781942764,2.0743937492370605,0.6715492957746478,0.24837545729210905,4.49921989440918
934,6,360,128,0.4,True,1800,2048,200,0.001,1e-06,20,0.0001,4,True,True,0.7,10,1e-06,f1_macro,112,0.6911764705882353,0.2824214516201861,2.1221134662628174,0.668856048166393,0.24979154030200248,4.581411361694336
935,6,360,128,0.4,True,1800,2048,200,0.0001,1e-06,20,0.0001,4,True,True,0.7,10,1e-06,f1_micro,140,0.5275029679461812,0.22397410841655177,1.0304193496704102,0.5192,0.22187748169206653,1.621134638786316
936,6,360,128,0.4,True,1800,2048,200,0.0001,1e-06,20,0.0001,4,True,True,0.7,10,1e-06,f1_macro,48,0.5085010748485441,0.27293624002767364,0.9832156300544739,0.49121452017764045,0.22874586982419992,1.4955973625183105
937,6,360,256,0.2,True,1800,512,200,0.001,1e-06,20,0.0001,4,True,True,0.7,10,1e-06,f1_micro,133,0.5504381037968996,0.22652633060304392,1.8598110675811768,0.5400863047921871,0.23282300294024588,4.499052047729492
938,6,360,256,0.2,True,1800,512,200,0.001,1e-06,20,0.0001,4,True,True,0.7,10,1e-06,f1_macro,47,0.608130081300813,0.27026850240122724,1.4695489406585693,0.5902394106813996,0.24739755157848978,3.729759693145752
939,6,360,256,0.2,True,1800,512,200,0.0001,1e-06,20,0.0001,4,True,True,0.7,10,1e-06,f1_micro,121,0.6714456391875747,0.2582588365923346,1.2673323154449463,0.6802639472105579,0.24292813932482518,2.0767388343811035
940,6,360,256,0.2,True,1800,512,200,0.0001,1e-06,20,0.0001,4,True,True,0.7,10,1e-06,f1_macro,103,0.6104456157163393,0.2982852744427206,1.2560718059539795,0.6057225994180407,0.26163554227254443,2.0543015003204346
941,6,360,256,0.2,True,1800,1024,200,0.001,1e-06,20,0.0001,4,True,True,0.7,10,1e-06,f1_micro,116,0.6802761933353347,0.2363073212727993,3.0305099487304688,0.6798798798798799,0.24107671404959813,5.111368179321289
942,6,360,256,0.2,True,1800,1024,200,0.001,1e-06,20,0.0001,4,True,True,0.7,10,1e-06,f1_macro,80,0.691486449493567,0.2664986781356775,2.8979547023773193,0.669050894085282,0.2353781738441795,4.886082172393799
943,6,360,256,0.2,True,1800,1024,200,0.0001,1e-06,20,0.0001,4,True,True,0.7,10,1e-06,f1_micro,163,0.6653919694072657,0.22949948897983022,1.121453881263733,0.6668816510802967,0.2340134124574047,1.6841696500778198
944,6,360,256,0.2,True,1800,1024,200,0.0001,1e-06,20,0.0001,4,True,True,0.7,10,1e-06,f1_macro,50,0.5581190947044605,0.2893998011243846,1.0682401657104492,0.5510794569330069,0.23761729333472867,1.5684385299682617
945,6,360,256,0.2,True,1800,2048,200,0.001,1e-06,20,0.0001,4,True,True,0.7,10,1e-06,f1_micro,100,0.666295574728639,0.25836798438251335,2.2498371601104736,0.6717861205915814,0.26947081755939895,4.080685615539551
946,6,360,256,0.2,True,1800,2048,200,0.001,1e-06,20,0.0001,4,True,True,0.7,10,1e-06,f1_macro,40,0.6933333333333334,0.32154091600824347,1.7425583600997925,0.6842829617396091,0.2606183028695819,3.2911555767059326
947,6,360,256,0.2,True,1800,2048,200,0.0001,1e-06,20,0.0001,4,True,True,0.7,10,1e-06,f1_micro,190,0.5807033363390441,0.22324041103396494,1.0632436275482178,0.5968331303288672,0.22479230755979673,1.5252368450164795
948,6,360,256,0.2,True,1800,2048,200,0.0001,1e-06,20,0.0001,4,True,True,0.7,10,1e-06,f1_macro,42,0.5440137074319983,0.28776032678229324,1.032936930656433,0.5415224913494809,0.2501020621262962,1.4434362649917603
949,6,360,256,0.3,True,1800,512,200,0.001,1e-06,20,0.0001,4,True,True,0.7,10,1e-06,f1_micro,187,0.5913847651496714,0.2387630293143609,2.1306071281433105,0.5662033650329188,0.23652896731417955,3.4634451866149902
950,6,360,256,0.3,True,1800,512,200,0.001,1e-06,20,0.0001,4,True,True,0.7,10,1e-06,f1_macro,64,0.6579080343607883,0.2737560194498024,1.8486477136611938,0.6368260427263479,0.2449803321077521,2.8966362476348877
951,6,360,256,0.3,True,1800,512,200,0.0001,1e-06,20,0.0001,4,True,True,0.7,10,1e-06,f1_micro,139,0.6693594922100404,0.24851406869579024,1.2469046115875244,0.6731391585760518,0.2553222287176711,1.991243839263916
952,6,360,256,0.3,True,1800,512,200,0.0001,1e-06,20,0.0001,4,True,True,0.7,10,1e-06,f1_macro,28,0.5480928689883914,0.2852164107731496,1.0616785287857056,0.5427368421052632,0.24988634577896016,1.5466326475143433
953,6,360,256,0.3,True,1800,1024,200,0.001,1e-06,20,0.0001,4,True,True,0.7,10,1e-06,f1_micro,117,0.6606765327695561,0.23311323940730827,2.6095051765441895,0.6629062583937685,0.25435428883871847,4.392688274383545
954,6,360,256,0.3,True,1800,1024,200,0.001,1e-06,20,0.0001,4,True,True,0.7,10,1e-06,f1_macro,44,0.6633689143452226,0.2553642549783847,1.9979628324508667,0.6572569906790945,0.25648537918200326,3.451860189437866
955,6,360,256,0.3,True,1800,1024,200,0.0001,1e-06,20,0.0001,4,True,True,0.7,10,1e-06,f1_micro,174,0.6744509313316652,0.23901614250019065,1.1396299600601196,0.6794043270581624,0.2545341566931702,1.743012547492981
956,6,360,256,0.3,True,1800,1024,200,0.0001,1e-06,20,0.0001,4,True,True,0.7,10,1e-06,f1_macro,48,0.5533361665958351,0.2857506772829151,1.0704487562179565,0.542863312459512,0.24881270696816604,1.5810304880142212
957,6,360,256,0.3,True,1800,2048,200,0.001,1e-06,20,0.0001,4,True,True,0.7,10,1e-06,f1_micro,134,0.640973630831643,0.24946367094813693,2.1017231941223145,0.6437187408061195,0.25806881172260887,3.720266580581665
958,6,360,256,0.3,True,1800,2048,200,0.001,1e-06,20,0.0001,4,True,True,0.7,10,1e-06,f1_macro,88,0.6512308067267852,0.2675340253154131,2.0373852252960205,0.6345636763627475,0.26148743198352875,3.524780035018921
959,6,360,256,0.3,True,1800,2048,200,0.0001,1e-06,20,0.0001,4,True,True,0.7,10,1e-06,f1_micro,192,0.579057905790579,0.23787424566324636,1.0540872812271118,0.5796926785176257,0.22372094182308241,1.4551243782043457
960,6,360,256,0.3,True,1800,2048,200,0.0001,1e-06,20,0.0001,4,True,True,0.7,10,1e-06,f1_macro,29,0.5328376703841388,0.28505878863184425,1.0072530508041382,0.534761604704894,0.2555395600334897,1.3317909240722656
961,6,360,256,0.4,True,1800,512,200,0.001,1e-06,20,0.0001,4,True,True,0.7,10,1e-06,f1_micro,98,0.5036801273125124,0.21175289438755143,1.8930984735488892,0.5045445364572814,0.20690298791888223,3.6873862743377686
962,6,360,256,0.4,True,1800,512,200,0.001,1e-06,20,0.0001,4,True,True,0.7,10,1e-06,f1_macro,78,0.6149141378499177,0.2546606225091197,1.794651746749878,0.6071343069188413,0.2285123548804455,3.56581974029541
963,6,360,256,0.4,True,1800,512,200,0.0001,1e-06,20,0.0001,4,True,True,0.7,10,1e-06,f1_micro,102,0.6802600472813238,0.23658600028441998,1.2926125526428223,0.6644989654153118,0.25422602437918695,2.279008388519287
964,6,360,256,0.4,True,1800,512,200,0.0001,1e-06,20,0.0001,4,True,True,0.7,10,1e-06,f1_macro,21,0.544023202817485,0.2846750420953262,0.9853102564811707,0.5320033250207814,0.25063993668158174,1.4102725982666016
965,6,360,256,0.4,True,1800,1024,200,0.001,1e-06,20,0.0001,4,True,True,0.7,10,1e-06,f1_micro,117,0.6726407168860263,0.25598268730881396,2.2617387771606445,0.6640690231004731,0.2466773486085987,4.629438877105713
966,6,360,256,0.4,True,1800,1024,200,0.001,1e-06,20,0.0001,4,True,True,0.7,10,1e-06,f1_macro,40,0.6911364872213159,0.28437607868919046,1.6146986484527588,0.6677586677586678,0.23779803416916961,3.481005907058716
967,6,360,256,0.4,True,1800,1024,200,0.0001,1e-06,20,0.0001,4,True,True,0.7,10,1e-06,f1_micro,130,0.6895963615690733,0.24594732454110305,1.1639999151229858,0.6953775480907264,0.2434029239116689,1.857453465461731
968,6,360,256,0.4,True,1800,1024,200,0.0001,1e-06,20,0.0001,4,True,True,0.7,10,1e-06,f1_macro,39,0.5603802117087924,0.29660142278994506,1.0474810600280762,0.5562262463670914,0.2575574009887749,1.5601146221160889
969,6,360,256,0.4,True,1800,2048,200,0.001,1e-06,20,0.0001,4,True,True,0.7,10,1e-06,f1_micro,110,0.6627085100367544,0.2637319549867388,1.9499765634536743,0.6608846487424112,0.250103586573603,4.195626258850098
970,6,360,256,0.4,True,1800,2048,200,0.001,1e-06,20,0.0001,4,True,True,0.7,10,1e-06,f1_macro,89,0.6754318123227636,0.2880283346419701,1.9098705053329468,0.6602397081813445,0.2549272587164273,4.161588668823242
971,6,360,256,0.4,True,1800,2048,200,0.0001,1e-06,20,0.0001,4,True,True,0.7,10,1e-06,f1_micro,192,0.5738767948124132,0.2673869270958862,1.0404175519943237,0.5533411488862837,0.22419426613216903,1.493558406829834
972,6,360,256,0.4,True,1800,2048,200,0.0001,1e-06,20,0.0001,4,True,True,0.7,10,1e-06,f1_macro,14,0.48507731032002877,0.27421558840384214,0.9950404763221741,0.4704630122405535,0.23905134630286198,1.3161698579788208
