sample_index,num_false_negatives,num_false_positives,error_count,true_labels,predicted_labels,false_negative_labels,false_positive_labels,false_negative_probs,false_positive_probs
462470,9,1,10,Acid anhydride | Alcohol | Alkane | Alkene | Amine | Arene | Enamine | Enol | Ester | Ether | Haloalkane | Ketone,Alcohol | Alkane | Amide | Arene,Acid anhydride | Alkene | Amine | Enamine | Enol | Ester | Ether | Haloalkane | Ketone,Amide,Acid anhydride=0.0029 | Alkene=0.0595 | Amine=0.2984 | Enamine=0.0349 | Enol=0.0722 | Ester=0.1739 | Ether=0.1942 | Haloalkane=0.4920 | Ketone=0.0818,Amide=0.6653
299474,8,1,9,Acid anhydride | Alcohol | Aldehyde | Alkane | Alkene | Amine | Arene | Enamine | Enol | Ester | Ether | Ketone,Alcohol | Alkane | Amine | Arene | Phenol,Acid anhydride | Aldehyde | Alkene | Enamine | Enol | Ester | Ether | Ketone,Phenol,Acid anhydride=0.0014 | Aldehyde=0.0343 | Alkene=0.1746 | Enamine=0.0477 | Enol=0.0148 | Ester=0.1187 | Ether=0.3713 | Ketone=0.0941,Phenol=0.5762
316398,7,2,9,Alcohol | Alkane | Alkene | Amide | Amine | Arene | Enamine | Enol | Sulfide | Sulfonamide,Alcohol | Alkane | Arene | Ether | Haloalkane,Alkene | Amide | Amine | Enamine | Enol | Sulfide | Sulfonamide,Ether | Haloalkane,Alkene=0.0983 | Amide=0.2592 | Amine=0.3855 | Enamine=0.0091 | Enol=0.0210 | Sulfide=0.2438 | Sulfonamide=0.1542,Ether=0.5513 | Haloalkane=0.5710
436100,7,2,9,Alkane | Alkene | Amine | Enamine | Ester | Ether | Haloalkane | Ketone,Alkane | Amide | Arene,Alkene | Amine | Enamine | Ester | Ether | Haloalkane | Ketone,Amide | Arene,Alkene=0.3535 | Amine=0.4653 | Enamine=0.2331 | Ester=0.1205 | Ether=0.4247 | Haloalkane=0.4060 | Ketone=0.0778,Amide=0.7426 | Arene=0.7695
671316,6,2,8,Alcohol | Alkane | Alkene | Amide | Amine | Arene | Enamine | Enol | Sulfide | Sulfonamide,Alcohol | Alkane | Arene | Haloalkane | Phenol | Sulfonamide,Alkene | Amide | Amine | Enamine | Enol | Sulfide,Haloalkane | Phenol,Alkene=0.0469 | Amide=0.0764 | Amine=0.3464 | Enamine=0.0632 | Enol=0.4220 | Sulfide=0.1904,Haloalkane=0.6536 | Phenol=0.5037
203894,7,1,8,Alcohol | Alkane | Alkene | Amide | Arene | Enol | Ester | Ether | Haloalkane | Imide,Alkane | Arene | Ether | Phenol,Alcohol | Alkene | Amide | Enol | Ester | Haloalkane | Imide,Phenol,Alcohol=0.3009 | Alkene=0.1019 | Amide=0.1312 | Enol=0.0564 | Ester=0.2510 | Haloalkane=0.4079 | Imide=0.0132,Phenol=0.5301
220663,7,1,8,Acyl halide | Alcohol | Alkane | Alkene | Amine | Arene | Enamine | Enol | Haloalkane | Sulfonamide,Alcohol | Alkane | Arene | Phenol,Acyl halide | Alkene | Amine | Enamine | Enol | Haloalkane | Sulfonamide,Phenol,Acyl halide=0.0108 | Alkene=0.0360 | Amine=0.0804 | Enamine=0.0303 | Enol=0.0204 | Haloalkane=0.3261 | Sulfonamide=0.0290,Phenol=0.9055
25479,6,2,8,Alcohol | Alkane | Alkene | Arene | Carboxylic acid | Enamine | Ester | Ether | Haloalkane | Imide,Alcohol | Alkane | Amide | Amine | Arene | Carboxylic acid,Alkene | Enamine | Ester | Ether | Haloalkane | Imide,Amide | Amine,Alkene=0.0465 | Enamine=0.0235 | Ester=0.0612 | Ether=0.4283 | Haloalkane=0.2755 | Imide=0.0968,Amide=0.8226 | Amine=0.5218
349838,6,2,8,Alkane | Alkene | Amine | Enamine | Ester | Ether | Haloalkane,Alkane | Amide | Arene,Alkene | Amine | Enamine | Ester | Ether | Haloalkane,Amide | Arene,Alkene=0.2110 | Amine=0.3909 | Enamine=0.3303 | Ester=0.2421 | Ether=0.2363 | Haloalkane=0.4615,Amide=0.8144 | Arene=0.8706
85064,7,1,8,Alkane | Alkene | Amine | Arene | Carbamate | Enamine | Ether | Haloalkane | Imine | Ketone | Thioamide,Alkane | Amide | Amine | Arene | Ether,Alkene | Carbamate | Enamine | Haloalkane | Imine | Ketone | Thioamide,Amide,Alkene=0.2106 | Carbamate=0.1588 | Enamine=0.1898 | Haloalkane=0.3309 | Imine=0.0942 | Ketone=0.1643 | Thioamide=0.4763,Amide=0.5058
443320,6,2,8,Alcohol | Alkane | Alkene | Amide | Amine | Arene | Enamine | Enol | Sulfide | Sulfonamide,Alcohol | Alkane | Amine | Arene | Haloalkane | Phenol,Alkene | Amide | Enamine | Enol | Sulfide | Sulfonamide,Haloalkane | Phenol,Alkene=0.0684 | Amide=0.3432 | Enamine=0.0364 | Enol=0.0060 | Sulfide=0.1652 | Sulfonamide=0.0352,Haloalkane=0.6486 | Phenol=0.6746
345050,5,3,8,Alcohol | Alkane | Alkene | Amide | Arene | Enol | Imide | Ketone,Alcohol | Alkane | Arene | Ether | Haloalkane | Phenol,Alkene | Amide | Enol | Imide | Ketone,Ether | Haloalkane | Phenol,Alkene=0.0580 | Amide=0.2833 | Enol=0.1395 | Imide=0.1094 | Ketone=0.1591,Ether=0.6439 | Haloalkane=0.5733 | Phenol=0.5158
300669,7,1,8,Alkane | Alkene | Amine | Arene | Enamine | Ester | Ether | Haloalkane | Ketone,Alkane | Amide | Arene,Alkene | Amine | Enamine | Ester | Ether | Haloalkane | Ketone,Amide,Alkene=0.0539 | Amine=0.3456 | Enamine=0.0554 | Ester=0.1159 | Ether=0.4516 | Haloalkane=0.1325 | Ketone=0.1049,Amide=0.5459
563247,7,1,8,Alcohol | Alkane | Alkene | Amide | Amine | Arene | Enamine | Ether | Imide | Phenol,Alcohol | Alkane | Arene | Haloalkane,Alkene | Amide | Amine | Enamine | Ether | Imide | Phenol,Haloalkane,Alkene=0.0821 | Amide=0.2627 | Amine=0.4492 | Enamine=0.0261 | Ether=0.3998 | Imide=0.0095 | Phenol=0.1919,Haloalkane=0.5469
443134,5,3,8,Alkane | Alkene | Amide | Amine | Arene | Enamine | Imide,Alcohol | Alkane | Arene | Ether | Haloalkane,Alkene | Amide | Amine | Enamine | Imide,Alcohol | Ether | Haloalkane,Alkene=0.4968 | Amide=0.3736 | Amine=0.4679 | Enamine=0.3672 | Imide=0.3922,Alcohol=0.6158 | Ether=0.7805 | Haloalkane=0.5087
201136,7,1,8,Alkane | Alkene | Amide | Arene | Carbamate | Ether | Haloalkane | Imide,Alkane | Nitrile,Alkene | Amide | Arene | Carbamate | Ether | Haloalkane | Imide,Nitrile,Alkene=0.0184 | Amide=0.1031 | Arene=0.4240 | Carbamate=0.1849 | Ether=0.4168 | Haloalkane=0.4273 | Imide=0.0316,Nitrile=0.8797
304136,6,1,7,Alcohol | Alkane | Alkene | Amide | Carboxylic acid | Enamine | Haloalkane | Ketone | Phenol | Sulfide,Alcohol | Alkane | Amide | Carboxylic acid | Ether,Alkene | Enamine | Haloalkane | Ketone | Phenol | Sulfide,Ether,Alkene=0.2428 | Enamine=0.2191 | Haloalkane=0.2395 | Ketone=0.0479 | Phenol=0.0217 | Sulfide=0.1609,Ether=0.5193
69206,5,2,7,Aldehyde | Alkane | Arene | Carbamate | Ether | Haloalkane | Sulfide,Alkane | Amide | Amine | Arene,Aldehyde | Carbamate | Ether | Haloalkane | Sulfide,Amide | Amine,Aldehyde=0.0269 | Carbamate=0.0239 | Ether=0.3762 | Haloalkane=0.2675 | Sulfide=0.4354,Amide=0.5519 | Amine=0.5103
355848,5,2,7,Alcohol | Alkane | Alkene | Amide | Haloalkane | Sulfide,Alkane | Amine | Arene,Alcohol | Alkene | Amide | Haloalkane | Sulfide,Amine | Arene,Alcohol=0.2729 | Alkene=0.2338 | Amide=0.0362 | Haloalkane=0.4183 | Sulfide=0.1554,Amine=0.6347 | Arene=0.9862
262606,4,3,7,Alkane | Amine | Arene | Haloalkane | Hydrazone | Sulfonamide | Sulfoxide,Alkane | Arene | Ester | Ether | Haloalkane | Sulfone,Amine | Hydrazone | Sulfonamide | Sulfoxide,Ester | Ether | Sulfone,Amine=0.2017 | Hydrazone=0.0083 | Sulfonamide=0.2847 | Sulfoxide=0.1393,Ester=0.5500 | Ether=0.7065 | Sulfone=0.5407
378208,6,1,7,Alkane | Alkene | Amide | Amine | Arene | Enamine | Ether | Hydrazone | Sulfide,Alkane | Arene | Ether | Haloalkane,Alkene | Amide | Amine | Enamine | Hydrazone | Sulfide,Haloalkane,Alkene=0.0551 | Amide=0.0534 | Amine=0.4561 | Enamine=0.1010 | Hydrazone=0.1063 | Sulfide=0.0556,Haloalkane=0.7651
633394,5,2,7,Alcohol | Alkane | Alkene | Amine | Arene | Enol | Ketone | Thioamide,Alcohol | Alkane | Amide | Arene | Ether,Alkene | Amine | Enol | Ketone | Thioamide,Amide | Ether,Alkene=0.1406 | Amine=0.1957 | Enol=0.4015 | Ketone=0.0285 | Thioamide=0.2137,Amide=0.7371 | Ether=0.5843
505222,5,2,7,Alcohol | Alkane | Alkene | Amide | Amine | Arene | Enamine | Imide | Sulfide,Alcohol | Alkane | Amine | Arene | Ether | Haloalkane,Alkene | Amide | Enamine | Imide | Sulfide,Ether | Haloalkane,Alkene=0.1936 | Amide=0.3329 | Enamine=0.4724 | Imide=0.2222 | Sulfide=0.0895,Ether=0.5197 | Haloalkane=0.5758
264040,4,3,7,Alcohol | Alkane | Amide | Arene | Ether | Sulfide | Sulfone,Alkane | Amide | Amine | Arene | Haloalkane | Sulfonamide,Alcohol | Ether | Sulfide | Sulfone,Amine | Haloalkane | Sulfonamide,Alcohol=0.0307 | Ether=0.4910 | Sulfide=0.3660 | Sulfone=0.4190,Amine=0.6265 | Haloalkane=0.6138 | Sulfonamide=0.5154
734004,5,2,7,Alcohol | Alkane | Alkene | Amide | Amine | Carboxylic acid | Enamine | Sulfide | Thioamide,Alcohol | Alkane | Amide | Carbamate | Carboxylic acid | Ether,Alkene | Amine | Enamine | Sulfide | Thioamide,Carbamate | Ether,Alkene=0.0196 | Amine=0.2003 | Enamine=0.0233 | Sulfide=0.1136 | Thioamide=0.0171,Carbamate=0.6273 | Ether=0.6659
647548,4,3,7,Alkane | Alkene | Amine | Enamine | Haloalkane | Imine,Alkane | Amine | Arene | Ester | Ether,Alkene | Enamine | Haloalkane | Imine,Arene | Ester | Ether,Alkene=0.0798 | Enamine=0.0389 | Haloalkane=0.3513 | Imine=0.0382,Arene=0.7072 | Ester=0.5743 | Ether=0.8299
600484,5,2,7,Alcohol | Alkene | Amide | Arene | Enol | Haloalkane | Sulfide | Sulfonamide,Amine | Arene | Ether | Haloalkane | Sulfonamide,Alcohol | Alkene | Amide | Enol | Sulfide,Amine | Ether,Alcohol=0.1117 | Alkene=0.0385 | Amide=0.0891 | Enol=0.1402 | Sulfide=0.2127,Amine=0.7989 | Ether=0.5370
594489,7,0,7,Alkane | Alkene | Amide | Amine | Arene | Enamine | Ester | Ether | Sulfide | Sulfonamide,Alkane | Amine | Arene,Alkene | Amide | Enamine | Ester | Ether | Sulfide | Sulfonamide,,Alkene=0.3950 | Amide=0.4768 | Enamine=0.0438 | Ester=0.1235 | Ether=0.3091 | Sulfide=0.3783 | Sulfonamide=0.0076,
377641,7,0,7,Alcohol | Alkane | Alkene | Amide | Enamine | Enol | Ester | Ether | Ketone,Alkane | Amide,Alcohol | Alkene | Enamine | Enol | Ester | Ether | Ketone,,Alcohol=0.0397 | Alkene=0.0545 | Enamine=0.0110 | Enol=0.2247 | Ester=0.1850 | Ether=0.4944 | Ketone=0.1256,
537314,6,1,7,Alkane | Alkene | Amine | Arene | Enamine | Ester | Ether | Haloalkane | Sulfide,Alkane | Amide | Arene | Haloalkane,Alkene | Amine | Enamine | Ester | Ether | Sulfide,Amide,Alkene=0.0632 | Amine=0.3263 | Enamine=0.0405 | Ester=0.0606 | Ether=0.3577 | Sulfide=0.1297,Amide=0.7080
297532,6,1,7,Acid anhydride | Alcohol | Alkane | Alkene | Amine | Arene | Enamine | Enol | Ester | Ether | Ketone,Acid anhydride | Alcohol | Alkane | Amide | Arene | Enol,Alkene | Amine | Enamine | Ester | Ether | Ketone,Amide,Alkene=0.1188 | Amine=0.2414 | Enamine=0.2562 | Ester=0.1549 | Ether=0.3632 | Ketone=0.1057,Amide=0.5490
793142,7,0,7,Acid anhydride | Alcohol | Alkane | Alkene | Amine | Enamine | Enol | Ester | Ether | Ketone,Acid anhydride | Alkane | Enol,Alcohol | Alkene | Amine | Enamine | Ester | Ether | Ketone,,Alcohol=0.0058 | Alkene=0.0510 | Amine=0.2241 | Enamine=0.1659 | Ester=0.1832 | Ether=0.4034 | Ketone=0.2461,
665878,4,3,7,Alkane | Amide | Amine | Arene | Ketone | Sulfide | Sulfonamide,Alcohol | Alkane | Amide | Arene | Carbamate | Ether,Amine | Ketone | Sulfide | Sulfonamide,Alcohol | Carbamate | Ether,Amine=0.2781 | Ketone=0.0762 | Sulfide=0.1320 | Sulfonamide=0.1006,Alcohol=0.9339 | Carbamate=0.5640 | Ether=0.5331
424692,4,3,7,Alcohol | Amine | Arene | Phenol | Sulfide,Alkane | Arene | Ether | Haloalkane,Alcohol | Amine | Phenol | Sulfide,Alkane | Ether | Haloalkane,Alcohol=0.2859 | Amine=0.4735 | Phenol=0.1708 | Sulfide=0.3133,Alkane=0.9886 | Ether=0.6554 | Haloalkane=0.5486
290289,6,1,7,Alcohol | Alkane | Alkene | Amide | Amine | Arene | Carboxylic acid | Enamine | Haloalkane | Imine | Sulfide,Alcohol | Alkane | Amine | Arene | Carboxylic acid | Ether,Alkene | Amide | Enamine | Haloalkane | Imine | Sulfide,Ether,Alkene=0.1415 | Amide=0.3927 | Enamine=0.0313 | Haloalkane=0.1756 | Imine=0.0155 | Sulfide=0.1117,Ether=0.7950
182351,6,1,7,Alcohol | Alkane | Alkene | Amide | Amine | Arene | Enamine | Enol | Haloalkane | Sulfide | Sulfonamide,Alcohol | Alkane | Amine | Arene | Ether | Haloalkane,Alkene | Amide | Enamine | Enol | Sulfide | Sulfonamide,Ether,Alkene=0.0644 | Amide=0.1698 | Enamine=0.0545 | Enol=0.3540 | Sulfide=0.2195 | Sulfonamide=0.0770,Ether=0.6094
678365,6,1,7,Alcohol | Alkane | Alkene | Amide | Amine | Arene | Enol | Ester | Ether | Haloalkane,Alcohol | Alkane | Arene | Ether | Phenol,Alkene | Amide | Amine | Enol | Ester | Haloalkane,Phenol,Alkene=0.1713 | Amide=0.1172 | Amine=0.1901 | Enol=0.3959 | Ester=0.0856 | Haloalkane=0.4709,Phenol=0.7812
745684,6,1,7,Alkane | Alkene | Amine | Enamine | Ester | Ether | Haloalkane | Imine,Alcohol | Alkane | Ester,Alkene | Amine | Enamine | Ether | Haloalkane | Imine,Alcohol,Alkene=0.2841 | Amine=0.3224 | Enamine=0.0133 | Ether=0.4829 | Haloalkane=0.2783 | Imine=0.0105,Alcohol=0.9586
201093,5,2,7,Alkane | Alkene | Amine | Enamine | Haloalkane | Sulfide | Sulfonamide,Alkane | Amine | Ether | Sulfone,Alkene | Enamine | Haloalkane | Sulfide | Sulfonamide,Ether | Sulfone,Alkene=0.0282 | Enamine=0.0203 | Haloalkane=0.3969 | Sulfide=0.1496 | Sulfonamide=0.1738,Ether=0.5225 | Sulfone=0.6021
626195,6,1,7,Alcohol | Alkane | Alkene | Amine | Arene | Enol | Ester | Ether | Sulfonamide,Alcohol | Alkane | Arene | Phenol,Alkene | Amine | Enol | Ester | Ether | Sulfonamide,Phenol,Alkene=0.0872 | Amine=0.3050 | Enol=0.2333 | Ester=0.2958 | Ether=0.4592 | Sulfonamide=0.0709,Phenol=0.7524
187582,5,2,7,Alkane | Alkene | Amine | Enamine | Nitrile | Sulfide,Alkane | Arene | Ether,Alkene | Amine | Enamine | Nitrile | Sulfide,Arene | Ether,Alkene=0.1821 | Amine=0.1193 | Enamine=0.0258 | Nitrile=0.0251 | Sulfide=0.2467,Arene=0.8873 | Ether=0.7785
330877,6,1,7,Alcohol | Alkane | Alkene | Amide | Arene | Enol | Ester | Ether | Haloalkane | Ketone,Alcohol | Alkane | Arene | Carbamate | Ether,Alkene | Amide | Enol | Ester | Haloalkane | Ketone,Carbamate,Alkene=0.0548 | Amide=0.2029 | Enol=0.0453 | Ester=0.3490 | Haloalkane=0.2818 | Ketone=0.0504,Carbamate=0.6201
214454,6,1,7,Aldehyde | Alkane | Alkene | Amide | Carbamate | Enamine | Ether | Haloalkane | Sulfide,Alkane | Amide | Arene | Ether,Aldehyde | Alkene | Carbamate | Enamine | Haloalkane | Sulfide,Arene,Aldehyde=0.2225 | Alkene=0.3929 | Carbamate=0.2077 | Enamine=0.2365 | Haloalkane=0.2161 | Sulfide=0.1201,Arene=0.6457
678640,4,3,7,Alkane | Amide | Carbamate | Ether | Imide | Sulfide,Alcohol | Alkane | Arene | Ester | Ether,Amide | Carbamate | Imide | Sulfide,Alcohol | Arene | Ester,Amide=0.1568 | Carbamate=0.1411 | Imide=0.0215 | Sulfide=0.2089,Alcohol=0.6052 | Arene=0.9698 | Ester=0.5080
1934,5,2,7,Alkane | Alkene | Amide | Amine | Enamine | Haloalkane | Sulfide | Sulfonamide,Alkane | Amine | Arene | Ether | Sulfonamide,Alkene | Amide | Enamine | Haloalkane | Sulfide,Arene | Ether,Alkene=0.0542 | Amide=0.0792 | Enamine=0.0327 | Haloalkane=0.2807 | Sulfide=0.1420,Arene=0.7148 | Ether=0.5959
49013,5,2,7,Aldehyde | Alkane | Amine | Arene | Haloalkane | Nitrile | Sulfide,Alkane | Carbamate | Ether | Sulfide,Aldehyde | Amine | Arene | Haloalkane | Nitrile,Carbamate | Ether,Aldehyde=0.1338 | Amine=0.4124 | Arene=0.1177 | Haloalkane=0.3401 | Nitrile=0.0187,Carbamate=0.5208 | Ether=0.8612
570591,6,1,7,Alcohol | Alkane | Alkene | Arene | Carbamate | Carboxylic acid | Enamine | Ether | Haloalkane | Imide,Alcohol | Alkane | Amide | Arene | Carboxylic acid,Alkene | Carbamate | Enamine | Ether | Haloalkane | Imide,Amide,Alkene=0.0665 | Carbamate=0.1794 | Enamine=0.2203 | Ether=0.4455 | Haloalkane=0.3484 | Imide=0.2717,Amide=0.5504
518403,6,1,7,Alkane | Alkene | Amine | Arene | Enamine | Haloalkane | Hydrazone | Ketone | Sulfide,Alkane | Arene | Ether | Haloalkane,Alkene | Amine | Enamine | Hydrazone | Ketone | Sulfide,Ether,Alkene=0.2821 | Amine=0.0251 | Enamine=0.0645 | Hydrazone=0.0468 | Ketone=0.2835 | Sulfide=0.1414,Ether=0.7491
436533,5,2,7,Alkane | Alkene | Amide | Amine | Enamine | Ester | Ether,Alkane | Amine | Arene | Haloalkane,Alkene | Amide | Enamine | Ester | Ether,Arene | Haloalkane,Alkene=0.1982 | Amide=0.0490 | Enamine=0.0642 | Ester=0.0692 | Ether=0.4954,Arene=0.7022 | Haloalkane=0.5585
229468,6,1,7,Alkane | Alkene | Amine | Arene | Enamine | Ester | Ether | Haloalkane | Ketone,Alkane | Arene | Carbamate | Ether,Alkene | Amine | Enamine | Ester | Haloalkane | Ketone,Carbamate,Alkene=0.0721 | Amine=0.3580 | Enamine=0.1304 | Ester=0.3643 | Haloalkane=0.4477 | Ketone=0.1190,Carbamate=0.5434
686415,6,1,7,Alcohol | Alkane | Alkene | Amine | Arene | Enol | Ketone | Sulfonamide,Alkane | Ether | Sulfonamide,Alcohol | Alkene | Amine | Arene | Enol | Ketone,Ether,Alcohol=0.0686 | Alkene=0.0983 | Amine=0.3429 | Arene=0.2336 | Enol=0.4788 | Ketone=0.0757,Ether=0.5065
312929,7,0,7,Alcohol | Alkane | Alkene | Amide | Arene | Enol | Ester | Ether | Haloalkane | Ketone,Alkane | Arene | Ether,Alcohol | Alkene | Amide | Enol | Ester | Haloalkane | Ketone,,Alcohol=0.0581 | Alkene=0.0574 | Amide=0.3967 | Enol=0.0710 | Ester=0.1808 | Haloalkane=0.4564 | Ketone=0.0973,
521615,4,3,7,Alkane | Alkene | Arene | Ether | Imine | Ketone | Sulfoxide,Alkane | Amide | Arene | Ester | Ether | Haloalkane,Alkene | Imine | Ketone | Sulfoxide,Amide | Ester | Haloalkane,Alkene=0.0489 | Imine=0.0496 | Ketone=0.3680 | Sulfoxide=0.0846,Amide=0.6700 | Ester=0.7950 | Haloalkane=0.8642
43584,7,0,7,Alcohol | Alkane | Alkene | Amide | Amine | Arene | Enamine | Ether | Haloalkane | Imide | Sulfide,Alcohol | Alkane | Arene | Haloalkane,Alkene | Amide | Amine | Enamine | Ether | Imide | Sulfide,,Alkene=0.0682 | Amide=0.1463 | Amine=0.2318 | Enamine=0.0295 | Ether=0.4042 | Imide=0.1302 | Sulfide=0.1400,
517479,6,1,7,Alkane | Alkene | Amide | Amine | Arene | Enamine | Haloalkane | Sulfide,Alkane | Arene | Ether,Alkene | Amide | Amine | Enamine | Haloalkane | Sulfide,Ether,Alkene=0.1692 | Amide=0.2986 | Amine=0.3889 | Enamine=0.0848 | Haloalkane=0.4286 | Sulfide=0.1664,Ether=0.7458
143527,5,2,7,Alcohol | Alkane | Amine | Arene | Carboxylic acid | Phenol | Sulfide | Sulfonamide,Alcohol | Alkane | Arene | Ether | Haloalkane,Amine | Carboxylic acid | Phenol | Sulfide | Sulfonamide,Ether | Haloalkane,Amine=0.3496 | Carboxylic acid=0.3731 | Phenol=0.2295 | Sulfide=0.1368 | Sulfonamide=0.1778,Ether=0.6198 | Haloalkane=0.5068
690263,4,3,7,Alkane | Alkene | Amine | Enamine | Ketone,Alkane | Arene | Ester | Ether,Alkene | Amine | Enamine | Ketone,Arene | Ester | Ether,Alkene=0.0904 | Amine=0.2901 | Enamine=0.2158 | Ketone=0.1845,Arene=0.9782 | Ester=0.7095 | Ether=0.8477
125201,4,3,7,Alkane | Alkene | Amine | Carbamate | Enamine | Ether,Alkane | Arene | Ester | Ether | Haloalkane,Alkene | Amine | Carbamate | Enamine,Arene | Ester | Haloalkane,Alkene=0.2655 | Amine=0.3547 | Carbamate=0.0579 | Enamine=0.0142,Arene=0.9195 | Ester=0.8394 | Haloalkane=0.5292
286248,6,1,7,Acyl halide | Alkane | Alkene | Amine | Arene | Enamine | Haloalkane | Hydrazine,Alkane | Arene | Ether,Acyl halide | Alkene | Amine | Enamine | Haloalkane | Hydrazine,Ether,Acyl halide=0.1302 | Alkene=0.2442 | Amine=0.1008 | Enamine=0.0249 | Haloalkane=0.4546 | Hydrazine=0.0529,Ether=0.5860
421557,6,1,7,Alkane | Alkene | Amine | Arene | Enamine | Ester | Ether | Haloalkane | Ketone,Alkane | Amide | Arene | Ether,Alkene | Amine | Enamine | Ester | Haloalkane | Ketone,Amide,Alkene=0.2469 | Amine=0.4701 | Enamine=0.1233 | Ester=0.4416 | Haloalkane=0.4375 | Ketone=0.1345,Amide=0.8004
324598,6,1,7,Alkane | Alkene | Amine | Arene | Enamine | Haloalkane | Ketone | Sulfide,Alkane | Arene | Ether,Alkene | Amine | Enamine | Haloalkane | Ketone | Sulfide,Ether,Alkene=0.1125 | Amine=0.1827 | Enamine=0.0553 | Haloalkane=0.4868 | Ketone=0.1699 | Sulfide=0.3047,Ether=0.7643
585152,3,3,6,Alkane | Amide | Arene | Sulfide | Sulfonamide,Alkane | Arene | Ester | Ether | Haloalkane,Amide | Sulfide | Sulfonamide,Ester | Ether | Haloalkane,Amide=0.1156 | Sulfide=0.1905 | Sulfonamide=0.2130,Ester=0.5595 | Ether=0.5424 | Haloalkane=0.5878
587020,5,1,6,Alkane | Alkene | Amide | Amine | Enamine | Ketone | Sulfide,Alkane | Amide | Arene,Alkene | Amine | Enamine | Ketone | Sulfide,Arene,Alkene=0.1995 | Amine=0.1378 | Enamine=0.0373 | Ketone=0.3670 | Sulfide=0.1797,Arene=0.8529
45148,5,1,6,Alkane | Amide | Amine | Arene | Hydrazine | Sulfide,Alkane | Ether,Amide | Amine | Arene | Hydrazine | Sulfide,Ether,Amide=0.2165 | Amine=0.2039 | Arene=0.1277 | Hydrazine=0.0425 | Sulfide=0.1270,Ether=0.6161
454118,5,1,6,Alkane | Alkene | Amide | Amine | Enamine | Imide,Alkane | Ether,Alkene | Amide | Amine | Enamine | Imide,Ether,Alkene=0.0961 | Amide=0.1713 | Amine=0.2420 | Enamine=0.4112 | Imide=0.2327,Ether=0.5419
96601,5,1,6,Alkane | Alkene | Amine | Arene | Enamine | Haloalkane | Ketone | Nitrile,Alkane | Arene | Ether | Nitrile,Alkene | Amine | Enamine | Haloalkane | Ketone,Ether,Alkene=0.1229 | Amine=0.2232 | Enamine=0.0595 | Haloalkane=0.4141 | Ketone=0.0550,Ether=0.6129
296098,5,1,6,Alkane | Alkene | Arene | Enamine | Haloalkane | Ketone | Nitrile | Sulfide,Alkane | Arene | Ether | Haloalkane,Alkene | Enamine | Ketone | Nitrile | Sulfide,Ether,Alkene=0.0582 | Enamine=0.0415 | Ketone=0.2653 | Nitrile=0.1397 | Sulfide=0.0929,Ether=0.6356
558700,5,1,6,Alcohol | Alkane | Amide | Amine | Carboxylic acid | Ether | Haloalkane | Sulfide,Alcohol | Alkane | Ester | Ether,Amide | Amine | Carboxylic acid | Haloalkane | Sulfide,Ester,Amide=0.4218 | Amine=0.3206 | Carboxylic acid=0.2559 | Haloalkane=0.2666 | Sulfide=0.4349,Ester=0.5376
759492,4,2,6,Alkane | Amide | Haloalkane | Nitrile | Sulfide,Alkane | Amine | Ether,Amide | Haloalkane | Nitrile | Sulfide,Amine | Ether,Amide=0.3338 | Haloalkane=0.4469 | Nitrile=0.0044 | Sulfide=0.2495,Amine=0.6647 | Ether=0.6574
58004,4,2,6,Alkane | Alkene | Amine | Arene | Ketone | Sulfonamide,Alkane | Arene | Ether | Sulfone,Alkene | Amine | Ketone | Sulfonamide,Ether | Sulfone,Alkene=0.2332 | Amine=0.4632 | Ketone=0.0617 | Sulfonamide=0.1605,Ether=0.5995 | Sulfone=0.6767
217727,5,1,6,Alkane | Alkene | Amine | Arene | Enamine | Ether | Haloalkane | Ketone,Alkane | Amide | Amine | Arene,Alkene | Enamine | Ether | Haloalkane | Ketone,Amide,Alkene=0.0603 | Enamine=0.0471 | Ether=0.4483 | Haloalkane=0.1785 | Ketone=0.0441,Amide=0.8339
740263,5,1,6,Alcohol | Alkane | Alkene | Amine | Enamine | Ester | Ether | Phenol,Alcohol | Alkane | Arene | Ether,Alkene | Amine | Enamine | Ester | Phenol,Arene,Alkene=0.1150 | Amine=0.4682 | Enamine=0.1713 | Ester=0.3707 | Phenol=0.4514,Arene=0.7988
5452,5,1,6,Alkane | Alkene | Amine | Arene | Enamine | Ester | Ether | Haloalkane,Alkane | Amide | Arene | Ether,Alkene | Amine | Enamine | Ester | Haloalkane,Amide,Alkene=0.1024 | Amine=0.3931 | Enamine=0.1817 | Ester=0.3354 | Haloalkane=0.3426,Amide=0.5650
629730,5,1,6,Alkane | Alkene | Amide | Amine | Arene | Enamine | Ketone | Sulfide,Alkane | Amide | Arene | Ether,Alkene | Amine | Enamine | Ketone | Sulfide,Ether,Alkene=0.2092 | Amine=0.3558 | Enamine=0.0858 | Ketone=0.0467 | Sulfide=0.1943,Ether=0.5159
457832,3,3,6,Alcohol | Aldehyde | Alkane | Amide | Arene | Carboxylic acid | Sulfone,Alcohol | Alkane | Amine | Arene | Carboxylic acid | Ether | Sulfonamide,Aldehyde | Amide | Sulfone,Amine | Ether | Sulfonamide,Aldehyde=0.0099 | Amide=0.1731 | Sulfone=0.1199,Amine=0.5660 | Ether=0.6748 | Sulfonamide=0.5057
571640,4,2,6,Alkane | Amide | Amine | Haloalkane | Hydrazine | Sulfide,Alcohol | Alkane | Arene | Sulfide,Amide | Amine | Haloalkane | Hydrazine,Alcohol | Arene,Amide=0.4138 | Amine=0.4463 | Haloalkane=0.3733 | Hydrazine=0.0320,Alcohol=0.9414 | Arene=0.6778
115100,2,4,6,Alkane | Amide | Haloalkane | Sulfide,Alkane | Amide | Amine | Arene | Ester | Ether,Haloalkane | Sulfide,Amine | Arene | Ester | Ether,Haloalkane=0.1563 | Sulfide=0.1013,Amine=0.5582 | Arene=0.5770 | Ester=0.5705 | Ether=0.6931
483788,5,1,6,Amide | Amine | Arene | Ether | Hydrazine | Thioamide,Alkane | Arene,Amide | Amine | Ether | Hydrazine | Thioamide,Alkane,Amide=0.4773 | Amine=0.2195 | Ether=0.3891 | Hydrazine=0.0836 | Thioamide=0.0998,Alkane=0.9707
496667,4,2,6,Alkane | Amide | Amine | Arene | Sulfide | Thioamide,Alkane | Arene | Ether | Haloalkane,Amide | Amine | Sulfide | Thioamide,Ether | Haloalkane,Amide=0.3919 | Amine=0.1191 | Sulfide=0.2069 | Thioamide=0.0751,Ether=0.5676 | Haloalkane=0.5252
145906,6,0,6,Alcohol | Alkane | Alkene | Amine | Arene | Azo compound | Haloalkane | Ketone | Sulfide,Alcohol | Alkane | Arene,Alkene | Amine | Azo compound | Haloalkane | Ketone | Sulfide,,Alkene=0.1136 | Amine=0.0329 | Azo compound=0.0011 | Haloalkane=0.2495 | Ketone=0.0929 | Sulfide=0.3101,
584735,5,1,6,Alkane | Alkene | Amine | Arene | Enamine | Ether | Haloalkane | Ketone,Alkane | Amide | Arene | Haloalkane,Alkene | Amine | Enamine | Ether | Ketone,Amide,Alkene=0.1747 | Amine=0.3035 | Enamine=0.2028 | Ether=0.3501 | Ketone=0.0353,Amide=0.5871
566965,5,1,6,Alcohol | Alkane | Alkene | Amine | Arene | Enol | Ketone,Alkane | Arene | Ether,Alcohol | Alkene | Amine | Enol | Ketone,Ether,Alcohol=0.0140 | Alkene=0.0973 | Amine=0.3616 | Enol=0.0287 | Ketone=0.0393,Ether=0.7989
314437,4,2,6,Alkane | Amide | Ether | Haloalkane | Hydrazone | Sulfide,Alkane | Amine | Arene | Ether,Amide | Haloalkane | Hydrazone | Sulfide,Amine | Arene,Amide=0.3236 | Haloalkane=0.3849 | Hydrazone=0.0577 | Sulfide=0.2925,Amine=0.5527 | Arene=0.8545
537261,5,1,6,Alkane | Alkene | Amide | Amine | Arene | Haloalkane | Imide | Sulfide,Alkane | Arene | Ether | Haloalkane,Alkene | Amide | Amine | Imide | Sulfide,Ether,Alkene=0.0321 | Amide=0.1320 | Amine=0.2593 | Imide=0.0614 | Sulfide=0.1574,Ether=0.6063
380909,4,2,6,Alkane | Alkene | Amide | Amine | Enamine | Haloalkane,Alkane | Amide | Arene | Ether,Alkene | Amine | Enamine | Haloalkane,Arene | Ether,Alkene=0.3176 | Amine=0.3864 | Enamine=0.1054 | Haloalkane=0.3539,Arene=0.6329 | Ether=0.6946
253399,5,1,6,Alkane | Amide | Arene | Carbamate | Ether | Hydrazine | Hydrazone | Imide,Alkane | Ester | Ether | Imide,Amide | Arene | Carbamate | Hydrazine | Hydrazone,Ester,Amide=0.4758 | Arene=0.4944 | Carbamate=0.3022 | Hydrazine=0.0023 | Hydrazone=0.0062,Ester=0.8032
133282,4,2,6,Alkane | Alkene | Arene | Enamine | Ester | Ether | Haloalkane,Alkane | Amide | Amine | Arene | Haloalkane,Alkene | Enamine | Ester | Ether,Amide | Amine,Alkene=0.2159 | Enamine=0.3014 | Ester=0.1057 | Ether=0.3081,Amide=0.5092 | Amine=0.7829
77480,4,2,6,Alcohol | Aldehyde | Alkane | Amide | Arene | Hydrazine | Phenol | Sulfide,Alcohol | Alkane | Amide | Amine | Ether | Phenol,Aldehyde | Arene | Hydrazine | Sulfide,Amine | Ether,Aldehyde=0.0164 | Arene=0.4325 | Hydrazine=0.4472 | Sulfide=0.1401,Amine=0.6088 | Ether=0.5062
324244,6,0,6,Alcohol | Alkane | Amide | Arene | Ester | Ether | Haloalkane | Hydrazone | Phenol | Sulfide,Alcohol | Alkane | Amide | Arene,Ester | Ether | Haloalkane | Hydrazone | Phenol | Sulfide,,Ester=0.1168 | Ether=0.2824 | Haloalkane=0.2485 | Hydrazone=0.4124 | Phenol=0.2233 | Sulfide=0.1865,
566406,6,0,6,Alkane | Alkene | Amine | Arene | Enamine | Ester | Ether | Haloalkane | Sulfide,Alkane | Amine | Arene,Alkene | Enamine | Ester | Ether | Haloalkane | Sulfide,,Alkene=0.2175 | Enamine=0.1233 | Ester=0.0447 | Ether=0.3249 | Haloalkane=0.3400 | Sulfide=0.1387,
59628,4,2,6,Alcohol | Alkane | Amide | Amine | Arene | Haloalkane | Ketone,Alcohol | Alkane | Arene | Ester | Ether,Amide | Amine | Haloalkane | Ketone,Ester | Ether,Amide=0.2638 | Amine=0.4581 | Haloalkane=0.4835 | Ketone=0.2894,Ester=0.7354 | Ether=0.8825
523968,5,1,6,Alcohol | Alkane | Alkene | Amide | Arene | Ether | Haloalkane | Imide | Phenol | Sulfide,Alcohol | Alkane | Arene | Ester | Ether | Phenol,Alkene | Amide | Haloalkane | Imide | Sulfide,Ester,Alkene=0.0838 | Amide=0.0582 | Haloalkane=0.4806 | Imide=0.0643 | Sulfide=0.1120,Ester=0.6409
557180,6,0,6,Alkane | Alkene | Amide | Arene | Ether | Haloalkane | Sulfide | Thioamide,Alkane | Arene,Alkene | Amide | Ether | Haloalkane | Sulfide | Thioamide,,Alkene=0.2029 | Amide=0.4767 | Ether=0.4354 | Haloalkane=0.4817 | Sulfide=0.1682 | Thioamide=0.4574,
768015,4,2,6,Alkane | Amine | Ester | Ether | Haloalkane | Sulfide,Alkane | Amide | Amine | Arene,Ester | Ether | Haloalkane | Sulfide,Amide | Arene,Ester=0.2050 | Ether=0.3241 | Haloalkane=0.3845 | Sulfide=0.1041,Amide=0.5811 | Arene=0.5624
524329,2,4,6,Alkane | Amide | Haloalkane | Sulfide,Alkane | Amide | Amine | Arene | Ether | Nitrile,Haloalkane | Sulfide,Amine | Arene | Ether | Nitrile,Haloalkane=0.1849 | Sulfide=0.4892,Amine=0.6600 | Arene=0.5048 | Ether=0.5790 | Nitrile=0.7173
104220,4,2,6,Alkane | Alkene | Amine | Arene | Enamine | Ketone,Alkane | Arene | Ester | Ether,Alkene | Amine | Enamine | Ketone,Ester | Ether,Alkene=0.2378 | Amine=0.1370 | Enamine=0.4919 | Ketone=0.0703,Ester=0.8518 | Ether=0.8743
194837,4,2,6,Alkane | Amide | Amine | Ether | Hydrazine,Alkane | Arene | Haloalkane,Amide | Amine | Ether | Hydrazine,Arene | Haloalkane,Amide=0.4449 | Amine=0.3295 | Ether=0.4320 | Hydrazine=0.1290,Arene=0.8584 | Haloalkane=0.5591
407552,3,3,6,Aldehyde | Alkane | Arene | Ether | Sulfide,Alkane | Alkene | Arene | Haloalkane | Ketone,Aldehyde | Ether | Sulfide,Alkene | Haloalkane | Ketone,Aldehyde=0.1610 | Ether=0.4179 | Sulfide=0.1465,Alkene=0.7899 | Haloalkane=0.5092 | Ketone=0.5198
218046,5,1,6,Alkane | Alkene | Amine | Arene | Enamine | Ether | Imine | Ketone | Sulfide,Alkane | Amide | Amine | Arene | Ether,Alkene | Enamine | Imine | Ketone | Sulfide,Amide,Alkene=0.1036 | Enamine=0.0447 | Imine=0.0715 | Ketone=0.0329 | Sulfide=0.1010,Amide=0.6143
373814,5,1,6,Alcohol | Alkane | Alkene | Amine | Arene | Haloalkane | Hydrazine | Phenol | Sulfide,Alcohol | Alkane | Arene | Ether | Phenol,Alkene | Amine | Haloalkane | Hydrazine | Sulfide,Ether,Alkene=0.0941 | Amine=0.1448 | Haloalkane=0.3373 | Hydrazine=0.0429 | Sulfide=0.1855,Ether=0.5781
149247,6,0,6,Alcohol | Alkane | Amide | Amine | Arene | Ester | Ether | Imide | Sulfonamide,Alcohol | Alkane | Arene,Amide | Amine | Ester | Ether | Imide | Sulfonamide,,Amide=0.1789 | Amine=0.2908 | Ester=0.1300 | Ether=0.4368 | Imide=0.4116 | Sulfonamide=0.1066,
107868,5,1,6,Alkane | Amide | Amine | Arene | Haloalkane | Hydrazine | Sulfonamide,Alkane | Arene | Sulfone,Amide | Amine | Haloalkane | Hydrazine | Sulfonamide,Sulfone,Amide=0.2015 | Amine=0.4532 | Haloalkane=0.4374 | Hydrazine=0.1017 | Sulfonamide=0.4191,Sulfone=0.7245
506736,5,1,6,Alkane | Alkene | Amine | Arene | Enamine | Ketone | Nitrile,Alkane | Arene | Haloalkane,Alkene | Amine | Enamine | Ketone | Nitrile,Haloalkane,Alkene=0.1461 | Amine=0.0649 | Enamine=0.0429 | Ketone=0.1440 | Nitrile=0.2600,Haloalkane=0.5177
672721,4,2,6,Alkane | Alkene | Amine | Arene | Haloalkane | Ketone | Sulfide,Alkane | Arene | Ether | Haloalkane | Nitrile,Alkene | Amine | Ketone | Sulfide,Ether | Nitrile,Alkene=0.3697 | Amine=0.1999 | Ketone=0.0746 | Sulfide=0.1569,Ether=0.5193 | Nitrile=0.7323
309686,5,1,6,Alkane | Amide | Amine | Ester | Ether | Haloalkane | Sulfide,Alcohol | Alkane | Ether,Amide | Amine | Ester | Haloalkane | Sulfide,Alcohol,Amide=0.2428 | Amine=0.2114 | Ester=0.0734 | Haloalkane=0.2851 | Sulfide=0.4561,Alcohol=0.6526
8658,4,2,6,Alkane | Alkene | Amide | Arene | Ketone | Sulfide,Alkane | Arene | Ester | Ether,Alkene | Amide | Ketone | Sulfide,Ester | Ether,Alkene=0.1889 | Amide=0.1223 | Ketone=0.0403 | Sulfide=0.3290,Ester=0.7752 | Ether=0.8138
310644,5,1,6,Alcohol | Alkane | Alkene | Amine | Arene | Carboxylic acid | Enamine | Ether | Ketone,Alcohol | Alkane | Amide | Arene | Carboxylic acid,Alkene | Amine | Enamine | Ether | Ketone,Amide,Alkene=0.0435 | Amine=0.4476 | Enamine=0.0549 | Ether=0.2017 | Ketone=0.1110,Amide=0.6077
499721,4,2,6,Alkane | Alkene | Amide | Amine | Arene | Imide | Sulfide,Alkane | Amide | Arene | Ether | Haloalkane,Alkene | Amine | Imide | Sulfide,Ether | Haloalkane,Alkene=0.1302 | Amine=0.2965 | Imide=0.1386 | Sulfide=0.1919,Ether=0.5176 | Haloalkane=0.5647
777573,4,2,6,Alkane | Amide | Arene | Carbamate | Ether | Nitrile | Sulfide,Alkane | Amide | Amine | Arene | Haloalkane,Carbamate | Ether | Nitrile | Sulfide,Amine | Haloalkane,Carbamate=0.3231 | Ether=0.4427 | Nitrile=0.1764 | Sulfide=0.2188,Amine=0.5098 | Haloalkane=0.5337
168249,6,0,6,Alcohol | Alkane | Alkene | Amide | Amine | Arene | Ester | Ether | Haloalkane,Alcohol | Alkane | Arene,Alkene | Amide | Amine | Ester | Ether | Haloalkane,,Alkene=0.4221 | Amide=0.1046 | Amine=0.4779 | Ester=0.2826 | Ether=0.4858 | Haloalkane=0.2294,
468156,6,0,6,Alkane | Alkene | Amine | Arene | Enamine | Ester | Ether | Haloalkane | Ketone,Alkane | Amine | Arene,Alkene | Enamine | Ester | Ether | Haloalkane | Ketone,,Alkene=0.4929 | Enamine=0.1858 | Ester=0.3440 | Ether=0.4515 | Haloalkane=0.4156 | Ketone=0.0363,
711419,4,2,6,Alkane | Alkene | Amine | Enamine | Haloalkane | Imine | Sulfonamide,Alkane | Amine | Arene | Ether | Sulfonamide,Alkene | Enamine | Haloalkane | Imine,Arene | Ether,Alkene=0.0623 | Enamine=0.0057 | Haloalkane=0.3005 | Imine=0.0010,Arene=0.6940 | Ether=0.5671
603473,4,2,6,Alkane | Alkene | Amine | Hydrazone | Thioamide,Alkane | Carbamate | Ether,Alkene | Amine | Hydrazone | Thioamide,Carbamate | Ether,Alkene=0.3144 | Amine=0.1675 | Hydrazone=0.0239 | Thioamide=0.2915,Carbamate=0.6373 | Ether=0.6177
27787,4,2,6,Alkane | Amide | Amine | Arene | Ether,Alcohol | Alkane | Sulfide,Amide | Amine | Arene | Ether,Alcohol | Sulfide,Amide=0.0819 | Amine=0.4819 | Arene=0.1532 | Ether=0.4069,Alcohol=0.6594 | Sulfide=0.5999
72695,4,2,6,Alcohol | Alkane | Amide | Ester | Ether | Phenol,Alkane | Arene | Ether | Haloalkane,Alcohol | Amide | Ester | Phenol,Arene | Haloalkane,Alcohol=0.0467 | Amide=0.2116 | Ester=0.3473 | Phenol=0.0933,Arene=0.7634 | Haloalkane=0.6138
190662,5,1,6,Alcohol | Alkane | Alkene | Amine | Enamine | Ester | Ether | Ketone,Alcohol | Alkane | Ether | Haloalkane,Alkene | Amine | Enamine | Ester | Ketone,Haloalkane,Alkene=0.0969 | Amine=0.1073 | Enamine=0.2991 | Ester=0.2493 | Ketone=0.1625,Haloalkane=0.5048
276521,6,0,6,Alkane | Alkene | Amide | Amine | Carbamate | Enamine | Ether | Imide,Alkane | Alkene,Amide | Amine | Carbamate | Enamine | Ether | Imide,,Amide=0.4159 | Amine=0.4030 | Carbamate=0.0293 | Enamine=0.3229 | Ether=0.3300 | Imide=0.3988,
287117,5,1,6,Alkane | Alkene | Amine | Enamine | Ester | Ether | Haloalkane | Sulfide | Thiol,Alkane | Alkene | Amine | Arene | Thiol,Enamine | Ester | Ether | Haloalkane | Sulfide,Arene,Enamine=0.2698 | Ester=0.3058 | Ether=0.3878 | Haloalkane=0.1772 | Sulfide=0.3327,Arene=0.5600
396430,5,1,6,Alkane | Alkene | Amine | Arene | Enamine | Haloalkane | Ketone,Alkane | Arene | Ether,Alkene | Amine | Enamine | Haloalkane | Ketone,Ether,Alkene=0.0482 | Amine=0.1720 | Enamine=0.2324 | Haloalkane=0.4790 | Ketone=0.4453,Ether=0.5145
767010,6,0,6,Alcohol | Alkene | Amide | Amine | Arene | Carboxylic acid | Haloalkane | Hydrazine | Sulfide | Thioamide,Alcohol | Arene | Carboxylic acid | Haloalkane,Alkene | Amide | Amine | Hydrazine | Sulfide | Thioamide,,Alkene=0.0587 | Amide=0.3001 | Amine=0.2938 | Hydrazine=0.0250 | Sulfide=0.3780 | Thioamide=0.1188,
699881,5,1,6,Alkane | Alkene | Amine | Arene | Enamine | Ester | Ether | Ketone,Alkane | Amide | Arene | Ether,Alkene | Amine | Enamine | Ester | Ketone,Amide,Alkene=0.0881 | Amine=0.1984 | Enamine=0.2669 | Ester=0.1122 | Ketone=0.2121,Amide=0.5736
134978,5,1,6,Alcohol | Alkane | Amine | Ester | Ether | Sulfide | Thioamide,Alcohol | Alkane | Arene,Amine | Ester | Ether | Sulfide | Thioamide,Arene,Amine=0.3644 | Ester=0.2851 | Ether=0.4723 | Sulfide=0.1796 | Thioamide=0.0100,Arene=0.9216
456159,3,3,6,Alkane | Alkene | Enamine | Ether | Haloalkane,Alkane | Amide | Amine | Arene | Haloalkane,Alkene | Enamine | Ether,Amide | Amine | Arene,Alkene=0.1724 | Enamine=0.3018 | Ether=0.3479,Amide=0.8631 | Amine=0.6234 | Arene=0.9010
716166,5,1,6,Alcohol | Alkane | Alkene | Amide | Ether | Haloalkane | Sulfide,Alcohol | Alkane | Phenol,Alkene | Amide | Ether | Haloalkane | Sulfide,Phenol,Alkene=0.0709 | Amide=0.2057 | Ether=0.4469 | Haloalkane=0.3001 | Sulfide=0.0689,Phenol=0.6723
337538,3,3,6,Alkane | Amide | Amine | Imide,Alkane | Arene | Ether | Haloalkane,Amide | Amine | Imide,Arene | Ether | Haloalkane,Amide=0.4027 | Amine=0.4540 | Imide=0.4308,Arene=0.8213 | Ether=0.5294 | Haloalkane=0.6043
745885,5,1,6,Alcohol | Alkane | Alkene | Amide | Arene | Ether | Ketone | Phenol | Sulfide | Thioamide,Alcohol | Alkane | Amide | Amine | Arene | Phenol,Alkene | Ether | Ketone | Sulfide | Thioamide,Amine,Alkene=0.1015 | Ether=0.4598 | Ketone=0.1298 | Sulfide=0.1376 | Thioamide=0.0651,Amine=0.5421
279887,5,1,6,Alkane | Alkene | Amide | Ester | Ether | Imide,Alkane | Haloalkane,Alkene | Amide | Ester | Ether | Imide,Haloalkane,Alkene=0.0593 | Amide=0.1475 | Ester=0.3083 | Ether=0.4480 | Imide=0.0373,Haloalkane=0.5017
395532,5,1,6,Alcohol | Alkane | Alkene | Amide | Arene | Enol | Ester | Ether | Haloalkane | Imide,Alcohol | Alkane | Arene | Carboxylic acid | Ester | Ether,Alkene | Amide | Enol | Haloalkane | Imide,Carboxylic acid,Alkene=0.1441 | Amide=0.1640 | Enol=0.0702 | Haloalkane=0.1956 | Imide=0.0176,Carboxylic acid=0.5985
8716,6,0,6,Alkane | Alkene | Amine | Enamine | Ester | Ether | Haloalkane,Alkane,Alkene | Amine | Enamine | Ester | Ether | Haloalkane,,Alkene=0.1616 | Amine=0.1611 | Enamine=0.0450 | Ester=0.1637 | Ether=0.4109 | Haloalkane=0.4527,
333149,5,1,6,Alkane | Alkene | Amide | Amine | Arene | Enamine | Ether | Imide | Sulfide,Alkane | Amide | Arene | Carbamate | Ether,Alkene | Amine | Enamine | Imide | Sulfide,Carbamate,Alkene=0.0912 | Amine=0.3570 | Enamine=0.0970 | Imide=0.3776 | Sulfide=0.0977,Carbamate=0.5285
446780,4,2,6,Alkane | Alkene | Amine | Arene | Enamine | Ketone | Nitrile,Alkane | Amide | Amine | Arene | Haloalkane,Alkene | Enamine | Ketone | Nitrile,Amide | Haloalkane,Alkene=0.0236 | Enamine=0.0389 | Ketone=0.0788 | Nitrile=0.2680,Amide=0.5711 | Haloalkane=0.5828
38302,4,2,6,Alkane | Alkene | Amine | Arene | Enamine | Ketone,Alkane | Arene | Carbamate | Ether,Alkene | Amine | Enamine | Ketone,Carbamate | Ether,Alkene=0.2630 | Amine=0.2079 | Enamine=0.0765 | Ketone=0.0761,Carbamate=0.7184 | Ether=0.7857
50394,2,4,6,Alkane | Amide | Amine | Arene | Sulfide | Sulfonamide,Alcohol | Alkane | Amine | Arene | Carbamate | Ether | Haloalkane | Sulfonamide,Amide | Sulfide,Alcohol | Carbamate | Ether | Haloalkane,Amide=0.3643 | Sulfide=0.2297,Alcohol=0.8809 | Carbamate=0.5717 | Ether=0.5855 | Haloalkane=0.6623
153573,6,0,6,Alcohol | Alkane | Alkene | Amine | Arene | Carboxylic acid | Enamine | Ester | Ether | Haloalkane,Alcohol | Alkane | Arene | Carboxylic acid,Alkene | Amine | Enamine | Ester | Ether | Haloalkane,,Alkene=0.1662 | Amine=0.3841 | Enamine=0.0835 | Ester=0.0767 | Ether=0.4494 | Haloalkane=0.3435,
510189,4,2,6,Alkane | Alkene | Amide | Amine | Arene | Enamine | Imide | Sulfonate,Alkane | Amine | Arene | Enamine | Ether | Haloalkane,Alkene | Amide | Imide | Sulfonate,Ether | Haloalkane,Alkene=0.3335 | Amide=0.3993 | Imide=0.1271 | Sulfonate=0.0610,Ether=0.6846 | Haloalkane=0.6178
465420,4,2,6,Alcohol | Alkane | Amine | Arene | Carboxylic acid | Sulfide | Sulfone,Alcohol | Alkane | Arene | Ether | Haloalkane,Amine | Carboxylic acid | Sulfide | Sulfone,Ether | Haloalkane,Amine=0.4321 | Carboxylic acid=0.1192 | Sulfide=0.2396 | Sulfone=0.1471,Ether=0.5630 | Haloalkane=0.5601
370808,2,4,6,Alcohol | Alkane | Carboxylic acid | Haloalkane | Sulfide,Alcohol | Alkane | Arene | Carboxylic acid | Ester | Ether | Phenol,Haloalkane | Sulfide,Arene | Ester | Ether | Phenol,Haloalkane=0.1261 | Sulfide=0.1225,Arene=0.5310 | Ester=0.5280 | Ether=0.6188 | Phenol=0.8173
312274,4,2,6,Acyl halide | Alkane | Haloalkane | Imide | Sulfonamide,Alkane | Ester | Ether,Acyl halide | Haloalkane | Imide | Sulfonamide,Ester | Ether,Acyl halide=0.0031 | Haloalkane=0.4152 | Imide=0.4041 | Sulfonamide=0.1280,Ester=0.5939 | Ether=0.5941
26201,5,1,6,Alcohol | Alkane | Alkene | Amine | Arene | Enamine | Haloalkane | Sulfide,Alcohol | Alkane | Arene | Ether,Alkene | Amine | Enamine | Haloalkane | Sulfide,Ether,Alkene=0.1501 | Amine=0.0785 | Enamine=0.0010 | Haloalkane=0.3281 | Sulfide=0.0706,Ether=0.5731
132400,5,1,6,Alkane | Amide | Ester | Ether | Haloalkane | Imide,Alkane | Amine,Amide | Ester | Ether | Haloalkane | Imide,Amine,Amide=0.3290 | Ester=0.2040 | Ether=0.4721 | Haloalkane=0.3712 | Imide=0.0316,Amine=0.6408
223041,4,2,6,Alkane | Amine | Ketone | Sulfide | Thioamide,Alkane | Amide | Arene,Amine | Ketone | Sulfide | Thioamide,Amide | Arene,Amine=0.1085 | Ketone=0.2988 | Sulfide=0.1077 | Thioamide=0.0126,Amide=0.8421 | Arene=0.5563
366041,5,1,6,Alcohol | Alkane | Alkene | Amide | Amine | Arene | Enamine | Haloalkane | Sulfide,Alcohol | Alkane | Arene | Ether | Haloalkane,Alkene | Amide | Amine | Enamine | Sulfide,Ether,Alkene=0.1969 | Amide=0.4606 | Amine=0.1969 | Enamine=0.0084 | Sulfide=0.1733,Ether=0.5700
372485,5,1,6,Alkane | Alkyne | Amine | Arene | Carbamate | Ether | Haloalkane | Sulfonamide,Alkane | Arene | Ester | Ether,Alkyne | Amine | Carbamate | Haloalkane | Sulfonamide,Ester,Alkyne=0.0435 | Amine=0.3638 | Carbamate=0.0447 | Haloalkane=0.4880 | Sulfonamide=0.0284,Ester=0.8125
367295,4,2,6,Alkane | Arene | Haloalkane | Imine | Ketone | Sulfone,Alkane | Ester | Ether | Haloalkane,Arene | Imine | Ketone | Sulfone,Ester | Ether,Arene=0.3607 | Imine=0.0014 | Ketone=0.1032 | Sulfone=0.3670,Ester=0.5866 | Ether=0.5052
550617,3,3,6,Alcohol | Alkane | Amide | Haloalkane | Phenol,Alcohol | Alkane | Alkene | Carboxylic acid | Ether,Amide | Haloalkane | Phenol,Alkene | Carboxylic acid | Ether,Amide=0.2207 | Haloalkane=0.2575 | Phenol=0.2504,Alkene=0.5900 | Carboxylic acid=0.5502 | Ether=0.7172
374953,6,0,6,Alkane | Alkene | Amine | Arene | Enamine | Ester | Ether | Haloalkane | Sulfide,Alkane | Arene | Haloalkane,Alkene | Amine | Enamine | Ester | Ether | Sulfide,,Alkene=0.0686 | Amine=0.1126 | Enamine=0.0062 | Ester=0.0408 | Ether=0.2801 | Sulfide=0.1139,
145599,5,1,6,Alkane | Amide | Amine | Arene | Haloalkane | Sulfonate | Thioamide,Alkane | Arene | Ether,Amide | Amine | Haloalkane | Sulfonate | Thioamide,Ether,Amide=0.4733 | Amine=0.4568 | Haloalkane=0.4998 | Sulfonate=0.0048 | Thioamide=0.1591,Ether=0.7422
25015,5,1,6,Alkane | Alkene | Amine | Arene | Enamine | Ester | Ether | Ketone,Alkane | Amide | Arene | Ether,Alkene | Amine | Enamine | Ester | Ketone,Amide,Alkene=0.0285 | Amine=0.2703 | Enamine=0.1041 | Ester=0.0879 | Ketone=0.2424,Amide=0.7019
479287,2,4,6,Haloalkane | Nitrile | Sulfide | Sulfonate,Alkane | Alkene | Arene | Ether | Nitrile | Sulfonate,Haloalkane | Sulfide,Alkane | Alkene | Arene | Ether,Haloalkane=0.3905 | Sulfide=0.2463,Alkane=0.5740 | Alkene=0.6624 | Arene=0.8364 | Ether=0.5247
337194,6,0,6,Alcohol | Alkane | Alkene | Amide | Arene | Enamine | Enol | Ester | Ether | Sulfide,Alcohol | Alkane | Arene | Ether,Alkene | Amide | Enamine | Enol | Ester | Sulfide,,Alkene=0.0654 | Amide=0.1687 | Enamine=0.0105 | Enol=0.1704 | Ester=0.4888 | Sulfide=0.0741,
142550,4,2,6,Alcohol | Alkane | Amine | Arene | Carboxylic acid | Ether | Haloalkane | Sulfide | Thioamide,Alcohol | Alkane | Amide | Arene | Carbamate | Carboxylic acid | Ether,Amine | Haloalkane | Sulfide | Thioamide,Amide | Carbamate,Amine=0.2071 | Haloalkane=0.3777 | Sulfide=0.1979 | Thioamide=0.1206,Amide=0.6207 | Carbamate=0.5296
346478,2,4,6,Aldehyde | Amide | Sulfide,Alkane | Amide | Amine | Ether | Haloalkane,Aldehyde | Sulfide,Alkane | Amine | Ether | Haloalkane,Aldehyde=0.1613 | Sulfide=0.2498,Alkane=0.9874 | Amine=0.5823 | Ether=0.6162 | Haloalkane=0.6788
278675,6,0,6,Alcohol | Alkane | Alkene | Amide | Enamine | Ester | Ether | Haloalkane | Ketone | Sulfide,Alcohol | Alkane | Amide | Ether,Alkene | Enamine | Ester | Haloalkane | Ketone | Sulfide,,Alkene=0.0689 | Enamine=0.1174 | Ester=0.4476 | Haloalkane=0.1846 | Ketone=0.0264 | Sulfide=0.1645,
513954,5,1,6,Alkane | Alkene | Amide | Amine | Arene | Ether | Imide | Sulfide,Alkane | Arene | Ether | Haloalkane,Alkene | Amide | Amine | Imide | Sulfide,Haloalkane,Alkene=0.0525 | Amide=0.2633 | Amine=0.4903 | Imide=0.2394 | Sulfide=0.1139,Haloalkane=0.6407
525271,6,0,6,Alkane | Alkene | Amide | Amine | Arene | Enamine | Ether | Haloalkane | Nitrile | Sulfide,Alkane | Amine | Arene | Nitrile,Alkene | Amide | Enamine | Ether | Haloalkane | Sulfide,,Alkene=0.1065 | Amide=0.2472 | Enamine=0.3923 | Ether=0.3481 | Haloalkane=0.4174 | Sulfide=0.4288,
15760,6,0,6,Alcohol | Alkane | Alkene | Amide | Amine | Enamine | Haloalkane | Hydrazine,Alcohol | Alkane,Alkene | Amide | Amine | Enamine | Haloalkane | Hydrazine,,Alkene=0.1041 | Amide=0.3154 | Amine=0.3536 | Enamine=0.0110 | Haloalkane=0.2453 | Hydrazine=0.0027,
623770,5,1,6,Alkane | Alkene | Amide | Carbamate | Ether | Imide,Alkane | Arene,Alkene | Amide | Carbamate | Ether | Imide,Arene,Alkene=0.4931 | Amide=0.1357 | Carbamate=0.0706 | Ether=0.4978 | Imide=0.4974,Arene=0.8685
163763,5,1,6,Alkane | Alkene | Amine | Enamine | Ester | Ether | Nitrile,Alkane | Arene | Ether,Alkene | Amine | Enamine | Ester | Nitrile,Arene,Alkene=0.1790 | Amine=0.2320 | Enamine=0.3448 | Ester=0.4525 | Nitrile=0.0519,Arene=0.5417
167318,4,2,6,Alkane | Alkene | Amide | Imide | Ketone,Alkane | Ether | Haloalkane,Alkene | Amide | Imide | Ketone,Ether | Haloalkane,Alkene=0.3975 | Amide=0.2383 | Imide=0.1316 | Ketone=0.1213,Ether=0.6581 | Haloalkane=0.5196
508628,6,0,6,Alkane | Alkene | Amine | Enamine | Ether | Haloalkane | Hydrazine | Sulfide,Alkane | Amine,Alkene | Enamine | Ether | Haloalkane | Hydrazine | Sulfide,,Alkene=0.0196 | Enamine=0.0911 | Ether=0.2948 | Haloalkane=0.4572 | Hydrazine=0.3400 | Sulfide=0.3628,
139279,4,2,6,Alcohol | Alkane | Alkene | Amide | Arene | Enol | Haloalkane | Imide,Alcohol | Alkane | Arene | Ether | Haloalkane | Phenol,Alkene | Amide | Enol | Imide,Ether | Phenol,Alkene=0.0678 | Amide=0.0795 | Enol=0.4890 | Imide=0.1864,Ether=0.7042 | Phenol=0.5779
631351,5,1,6,Aldehyde | Alkene | Amide | Arene | Imide | Sulfide,Alkane | Arene,Aldehyde | Alkene | Amide | Imide | Sulfide,Alkane,Aldehyde=0.1319 | Alkene=0.1088 | Amide=0.1108 | Imide=0.1224 | Sulfide=0.2291,Alkane=0.8178
428849,5,1,6,Alcohol | Alkane | Alkene | Amide | Amine | Arene | Enol | Haloalkane | Hydrazine,Alkane | Arene | Enol | Ether | Haloalkane,Alcohol | Alkene | Amide | Amine | Hydrazine,Ether,Alcohol=0.0870 | Alkene=0.0425 | Amide=0.4109 | Amine=0.2098 | Hydrazine=0.0082,Ether=0.5707
546879,4,2,6,Alkane | Alkene | Amine | Enamine | Ether | Hydrazine,Alkane | Arene | Ether | Haloalkane,Alkene | Amine | Enamine | Hydrazine,Arene | Haloalkane,Alkene=0.0494 | Amine=0.2647 | Enamine=0.0205 | Hydrazine=0.0406,Arene=0.8760 | Haloalkane=0.6699
174191,4,2,6,Alcohol | Alkane | Alkene | Amide | Amine | Arene | Enamine | Enol | Sulfonamide,Alcohol | Alkane | Amine | Arene | Enol | Ether | Haloalkane,Alkene | Amide | Enamine | Sulfonamide,Ether | Haloalkane,Alkene=0.0270 | Amide=0.3510 | Enamine=0.1724 | Sulfonamide=0.1692,Ether=0.5619 | Haloalkane=0.5139
405706,3,3,6,Alkane | Alkene | Amine | Thioamide,Alkane | Amide | Arene | Haloalkane,Alkene | Amine | Thioamide,Amide | Arene | Haloalkane,Alkene=0.1064 | Amine=0.3134 | Thioamide=0.1042,Amide=0.6999 | Arene=0.8167 | Haloalkane=0.5137
9177,3,3,6,Alkane | Amide | Amine | Sulfide,Alkane | Arene | Ether | Haloalkane,Amide | Amine | Sulfide,Arene | Ether | Haloalkane,Amide=0.2086 | Amine=0.4985 | Sulfide=0.1626,Arene=0.5240 | Ether=0.6395 | Haloalkane=0.5517
302120,5,1,6,Alkane | Alkene | Amide | Amine | Arene | Enamine | Haloalkane | Hydrazone | Sulfide,Alkane | Amide | Arene | Ether | Haloalkane,Alkene | Amine | Enamine | Hydrazone | Sulfide,Ether,Alkene=0.1142 | Amine=0.4437 | Enamine=0.0124 | Hydrazone=0.0129 | Sulfide=0.2044,Ether=0.5567
307565,6,0,6,Alcohol | Alkane | Amide | Amine | Arene | Ester | Ether | Sulfone,Alcohol | Alkane,Amide | Amine | Arene | Ester | Ether | Sulfone,,Amide=0.0793 | Amine=0.2555 | Arene=0.4511 | Ester=0.0378 | Ether=0.4864 | Sulfone=0.2088,
173281,5,1,6,Alkane | Alkene | Amide | Amine | Arene | Enamine | Ether | Haloalkane | Ketone,Alkane | Amide | Arene | Ester | Ether,Alkene | Amine | Enamine | Haloalkane | Ketone,Ester,Alkene=0.1565 | Amine=0.2700 | Enamine=0.0687 | Haloalkane=0.3235 | Ketone=0.4078,Ester=0.8558
630731,5,1,6,Alkane | Alkene | Amide | Arene | Enamine | Ester | Ether | Haloalkane,Alkane | Amine | Arene | Ether,Alkene | Amide | Enamine | Ester | Haloalkane,Amine,Alkene=0.0832 | Amide=0.1049 | Enamine=0.0720 | Ester=0.3900 | Haloalkane=0.1682,Amine=0.8259
340241,5,1,6,Alcohol | Alkane | Alkene | Amide | Amine | Arene | Enamine | Enol | Ether | Sulfonamide,Alcohol | Alkane | Arene | Enol | Phenol | Sulfonamide,Alkene | Amide | Amine | Enamine | Ether,Phenol,Alkene=0.0631 | Amide=0.0762 | Amine=0.4895 | Enamine=0.0276 | Ether=0.3977,Phenol=0.6061
568516,4,2,6,Alkane | Amine | Arene | Imine | Sulfide | Thioamide,Alkane | Amide | Arene | Ether,Amine | Imine | Sulfide | Thioamide,Amide | Ether,Amine=0.0830 | Imine=0.0108 | Sulfide=0.1703 | Thioamide=0.1462,Amide=0.6338 | Ether=0.5421
643219,5,1,6,Alcohol | Alkane | Alkene | Amide | Arene | Enol | Ether | Haloalkane | Imide,Alcohol | Alkane | Arene | Ether | Phenol,Alkene | Amide | Enol | Haloalkane | Imide,Phenol,Alkene=0.0719 | Amide=0.1814 | Enol=0.4965 | Haloalkane=0.4582 | Imide=0.1100,Phenol=0.7642
495742,5,1,6,Alkane | Alkene | Amide | Arene | Enamine | Ester | Ether | Haloalkane,Alkane | Amine | Arene | Ether,Alkene | Amide | Enamine | Ester | Haloalkane,Amine,Alkene=0.2224 | Amide=0.2032 | Enamine=0.2127 | Ester=0.3085 | Haloalkane=0.2137,Amine=0.5270
476180,3,3,6,Alkane | Alkene | Amine | Arene | Ether,Alcohol | Alkane | Amide | Arene | Carboxylic acid,Alkene | Amine | Ether,Alcohol | Amide | Carboxylic acid,Alkene=0.2554 | Amine=0.0971 | Ether=0.2523,Alcohol=0.5973 | Amide=0.7165 | Carboxylic acid=0.6213
237611,3,3,6,Alkane | Amide | Ketone | Nitrile | Sulfide,Alkane | Amine | Ester | Ether | Nitrile,Amide | Ketone | Sulfide,Amine | Ester | Ether,Amide=0.2915 | Ketone=0.1888 | Sulfide=0.1702,Amine=0.7577 | Ester=0.5484 | Ether=0.6136
409105,4,2,6,Alkane | Amine | Arene | Haloalkane | Imine | Sulfoxide | Thioamide,Alkane | Amide | Arene | Ether | Haloalkane,Amine | Imine | Sulfoxide | Thioamide,Amide | Ether,Amine=0.1684 | Imine=0.0462 | Sulfoxide=0.0589 | Thioamide=0.1561,Amide=0.5552 | Ether=0.5365
403956,5,1,6,Acid anhydride | Alkane | Alkene | Amide | Arene | Ester | Ether | Imide,Acid anhydride | Alkane | Arene | Haloalkane,Alkene | Amide | Ester | Ether | Imide,Haloalkane,Alkene=0.0765 | Amide=0.2361 | Ester=0.3971 | Ether=0.4498 | Imide=0.3593,Haloalkane=0.6182
517865,2,4,6,Alcohol | Arene | Haloalkane | Sulfone,Alkane | Amine | Arene | Ether | Haloalkane | Sulfonamide,Alcohol | Sulfone,Alkane | Amine | Ether | Sulfonamide,Alcohol=0.2113 | Sulfone=0.3107,Alkane=0.7265 | Amine=0.7324 | Ether=0.5101 | Sulfonamide=0.7564
320164,5,1,6,Alkane | Alkene | Amide | Amine | Arene | Enamine | Haloalkane | Sulfonamide,Alkane | Amine | Arene | Ether,Alkene | Amide | Enamine | Haloalkane | Sulfonamide,Ether,Alkene=0.0256 | Amide=0.3863 | Enamine=0.0909 | Haloalkane=0.3290 | Sulfonamide=0.4219,Ether=0.6678
294105,4,2,6,Alkane | Alkene | Ester | Ether | Sulfide,Alkane | Arene | Haloalkane,Alkene | Ester | Ether | Sulfide,Arene | Haloalkane,Alkene=0.1083 | Ester=0.0936 | Ether=0.3438 | Sulfide=0.3575,Arene=0.6715 | Haloalkane=0.7428
719179,6,0,6,Alkane | Alkene | Amine | Arene | Enamine | Ester | Ether | Haloalkane | Ketone,Alkane | Arene | Ether,Alkene | Amine | Enamine | Ester | Haloalkane | Ketone,,Alkene=0.3517 | Amine=0.2894 | Enamine=0.3910 | Ester=0.1588 | Haloalkane=0.3994 | Ketone=0.2722,
448939,3,3,6,Alcohol | Alkane | Arene | Carboxylic acid | Sulfone,Alkane | Amine | Arene | Haloalkane | Sulfonamide,Alcohol | Carboxylic acid | Sulfone,Amine | Haloalkane | Sulfonamide,Alcohol=0.0149 | Carboxylic acid=0.0205 | Sulfone=0.2384,Amine=0.7397 | Haloalkane=0.5663 | Sulfonamide=0.7276
563102,5,1,6,Alcohol | Alkane | Alkene | Amide | Amine | Arene | Enol | Haloalkane,Alkane | Arene | Ether | Haloalkane,Alcohol | Alkene | Amide | Amine | Enol,Ether,Alcohol=0.0171 | Alkene=0.0792 | Amide=0.3289 | Amine=0.2535 | Enol=0.1082,Ether=0.7338
317670,4,2,6,Alcohol | Alkane | Alkene | Amide | Arene | Enol | Ketone,Alcohol | Alkane | Arene | Ether | Haloalkane,Alkene | Amide | Enol | Ketone,Ether | Haloalkane,Alkene=0.1005 | Amide=0.1290 | Enol=0.3832 | Ketone=0.0643,Ether=0.5177 | Haloalkane=0.6433
184130,5,1,6,Alkane | Amide | Amine | Haloalkane | Hydrazone | Sulfide,Alkane | Ether,Amide | Amine | Haloalkane | Hydrazone | Sulfide,Ether,Amide=0.4845 | Amine=0.3678 | Haloalkane=0.3644 | Hydrazone=0.0063 | Sulfide=0.4755,Ether=0.7139
305144,6,0,6,Alcohol | Alkane | Alkene | Amide | Amine | Arene | Enamine | Enol | Ether | Ketone | Sulfide | Sulfonamide,Alcohol | Alkane | Amide | Amine | Arene | Enol,Alkene | Enamine | Ether | Ketone | Sulfide | Sulfonamide,,Alkene=0.4332 | Enamine=0.3332 | Ether=0.3229 | Ketone=0.1099 | Sulfide=0.2558 | Sulfonamide=0.3361,
91999,5,1,6,Alcohol | Alkane | Alkene | Amine | Carboxylic acid | Enamine | Ester | Ether,Alcohol | Alkane | Arene | Carboxylic acid,Alkene | Amine | Enamine | Ester | Ether,Arene,Alkene=0.0989 | Amine=0.0826 | Enamine=0.1802 | Ester=0.2945 | Ether=0.4928,Arene=0.8131
647230,4,2,6,Alkane | Alkene | Amide | Amine | Arene | Nitrile | Sulfone,Alkane | Amine | Arene | Ether | Haloalkane,Alkene | Amide | Nitrile | Sulfone,Ether | Haloalkane,Alkene=0.0341 | Amide=0.3549 | Nitrile=0.0478 | Sulfone=0.1374,Ether=0.5537 | Haloalkane=0.5083
290760,5,1,6,Alcohol | Alkane | Alkene | Amide | Amine | Arene | Enol | Ether | Ketone | Phenol | Sulfide,Alcohol | Alkane | Amide | Enol | Ether | Haloalkane | Phenol,Alkene | Amine | Arene | Ketone | Sulfide,Haloalkane,Alkene=0.1411 | Amine=0.4409 | Arene=0.3866 | Ketone=0.1742 | Sulfide=0.0917,Haloalkane=0.5628
221309,5,1,6,Alkane | Amine | Arene | Ester | Ether | Haloalkane | Thioamide,Alkane | Amide | Arene,Amine | Ester | Ether | Haloalkane | Thioamide,Amide,Amine=0.2449 | Ester=0.4109 | Ether=0.4698 | Haloalkane=0.4170 | Thioamide=0.2220,Amide=0.8186
757015,6,0,6,Alkane | Alkene | Amine | Arene | Enamine | Ester | Ether | Haloalkane | Sulfide,Alkane | Amine | Arene,Alkene | Enamine | Ester | Ether | Haloalkane | Sulfide,,Alkene=0.0864 | Enamine=0.1233 | Ester=0.3197 | Ether=0.4475 | Haloalkane=0.4885 | Sulfide=0.1164,
162949,5,1,6,Alcohol | Alkane | Amine | Arene | Carbamate | Ether | Haloalkane | Ketone | Sulfide | Sulfonamide,Alcohol | Alkane | Arene | Ether | Haloalkane | Phenol,Amine | Carbamate | Ketone | Sulfide | Sulfonamide,Phenol,Amine=0.2708 | Carbamate=0.0074 | Ketone=0.0726 | Sulfide=0.2628 | Sulfonamide=0.2430,Phenol=0.7603
213384,3,3,6,Alkane | Alkene | Amine | Enamine | Ketone,Alkane | Amine | Arene | Ether | Haloalkane,Alkene | Enamine | Ketone,Arene | Ether | Haloalkane,Alkene=0.1461 | Enamine=0.1432 | Ketone=0.0527,Arene=0.6868 | Ether=0.6445 | Haloalkane=0.5263
351347,5,1,6,Alkane | Alkene | Amine | Arene | Carbamate | Enamine | Ether | Ketone,Alkane | Arene | Ester | Ether,Alkene | Amine | Carbamate | Enamine | Ketone,Ester,Alkene=0.1960 | Amine=0.4797 | Carbamate=0.2248 | Enamine=0.3556 | Ketone=0.1562,Ester=0.7380
73764,6,0,6,Alcohol | Alkane | Alkene | Amide | Amine | Arene | Enamine | Haloalkane | Sulfide | Sulfonamide,Alkane | Amine | Arene | Haloalkane,Alcohol | Alkene | Amide | Enamine | Sulfide | Sulfonamide,,Alcohol=0.0485 | Alkene=0.0683 | Amide=0.4215 | Enamine=0.0283 | Sulfide=0.1332 | Sulfonamide=0.0798,
576928,3,3,6,Alkane | Alkene | Amide | Amine | Arene,Alkane | Arene | Ester | Ether | Haloalkane,Alkene | Amide | Amine,Ester | Ether | Haloalkane,Alkene=0.4082 | Amide=0.3188 | Amine=0.2445,Ester=0.5423 | Ether=0.7964 | Haloalkane=0.5259
508058,5,1,6,Alkane | Alkene | Amine | Arene | Enamine | Ketone | Sulfide,Alkane | Arene | Haloalkane,Alkene | Amine | Enamine | Ketone | Sulfide,Haloalkane,Alkene=0.0694 | Amine=0.1500 | Enamine=0.0155 | Ketone=0.0845 | Sulfide=0.1528,Haloalkane=0.5186
433447,5,1,6,Alkane | Alkene | Amine | Arene | Carbamate | Enamine | Ether | Haloalkane | Ketone,Alkane | Alkene | Amide | Arene | Haloalkane,Amine | Carbamate | Enamine | Ether | Ketone,Amide,Amine=0.2908 | Carbamate=0.3004 | Enamine=0.0484 | Ether=0.4079 | Ketone=0.0807,Amide=0.6231
215520,2,4,6,Alcohol | Alkane | Haloalkane | Ketone | Phenol,Alcohol | Alkane | Arene | Ester | Ether | Haloalkane | Sulfone,Ketone | Phenol,Arene | Ester | Ether | Sulfone,Ketone=0.3916 | Phenol=0.1883,Arene=0.6673 | Ester=0.6174 | Ether=0.6481 | Sulfone=0.6254
140,6,0,6,Alkane | Amide | Amine | Arene | Carbamate | Ether | Haloalkane | Hydrazone | Imide | Sulfide,Alkane | Amine | Arene | Ether,Amide | Carbamate | Haloalkane | Hydrazone | Imide | Sulfide,,Amide=0.0909 | Carbamate=0.2671 | Haloalkane=0.4719 | Hydrazone=0.3918 | Imide=0.2681 | Sulfide=0.1090,
345683,5,1,6,Alkane | Alkene | Amide | Carbamate | Enamine | Ester | Ether | Haloalkane | Sulfonate,Alkane | Arene | Carbamate | Ether | Sulfonate,Alkene | Amide | Enamine | Ester | Haloalkane,Arene,Alkene=0.0816 | Amide=0.3049 | Enamine=0.1052 | Ester=0.1143 | Haloalkane=0.3360,Arene=0.6414
182404,5,1,6,Alkane | Alkene | Amine | Arene | Enamine | Ester | Ether | Ketone | Sulfide,Alkane | Amide | Amine | Arene | Ether,Alkene | Enamine | Ester | Ketone | Sulfide,Amide,Alkene=0.1421 | Enamine=0.0618 | Ester=0.2318 | Ketone=0.0616 | Sulfide=0.1667,Amide=0.5215
728198,3,3,6,Alcohol | Alkane | Alkene | Amide | Arene | Enol | Ketone,Alcohol | Alkane | Amine | Arene | Enol | Ether | Haloalkane,Alkene | Amide | Ketone,Amine | Ether | Haloalkane,Alkene=0.0392 | Amide=0.2707 | Ketone=0.0615,Amine=0.6438 | Ether=0.6053 | Haloalkane=0.7049
44775,5,1,6,Alcohol | Alkane | Alkene | Amide | Amine | Arene | Enamine | Ether | Sulfide | Sulfonamide,Alcohol | Alkane | Amide | Amine | Arene | Haloalkane,Alkene | Enamine | Ether | Sulfide | Sulfonamide,Haloalkane,Alkene=0.1953 | Enamine=0.0645 | Ether=0.2908 | Sulfide=0.1413 | Sulfonamide=0.1332,Haloalkane=0.8165
384792,5,1,6,Alkane | Amine | Arene | Ether | Haloalkane | Hydrazone | Ketone,Alkane | Amide | Arene,Amine | Ether | Haloalkane | Hydrazone | Ketone,Amide,Amine=0.4266 | Ether=0.2965 | Haloalkane=0.4362 | Hydrazone=0.3660 | Ketone=0.1953,Amide=0.5022
589847,5,1,6,Alkane | Alkene | Amine | Arene | Enamine | Ether | Ketone,Alkane | Arene | Haloalkane,Alkene | Amine | Enamine | Ether | Ketone,Haloalkane,Alkene=0.1290 | Amine=0.2671 | Enamine=0.0237 | Ether=0.3754 | Ketone=0.0653,Haloalkane=0.6198
73044,2,4,6,Alkane | Amide | Arene | Imide,Alkane | Amine | Arene | Ether | Haloalkane | Phenol,Amide | Imide,Amine | Ether | Haloalkane | Phenol,Amide=0.3225 | Imide=0.0078,Amine=0.7563 | Ether=0.5688 | Haloalkane=0.6309 | Phenol=0.5495
781585,5,1,6,Alcohol | Alkane | Alkene | Amine | Arene | Enamine | Ester | Ether | Ketone | Phenol,Alcohol | Alkane | Amide | Amine | Arene | Phenol,Alkene | Enamine | Ester | Ether | Ketone,Amide,Alkene=0.1549 | Enamine=0.1708 | Ester=0.1203 | Ether=0.3469 | Ketone=0.1524,Amide=0.5465
522608,5,1,6,Alkane | Alkene | Amide | Amine | Arene | Haloalkane | Imide,Alkane | Arene | Ether,Alkene | Amide | Amine | Haloalkane | Imide,Ether,Alkene=0.1149 | Amide=0.1401 | Amine=0.0191 | Haloalkane=0.4315 | Imide=0.2920,Ether=0.6298
661538,5,1,6,Alcohol | Alkane | Alkene | Arene | Carbamate | Enol | Ether | Ketone | Thioamide,Alcohol | Alkane | Arene | Ether | Haloalkane,Alkene | Carbamate | Enol | Ketone | Thioamide,Haloalkane,Alkene=0.1688 | Carbamate=0.1003 | Enol=0.2623 | Ketone=0.1162 | Thioamide=0.0736,Haloalkane=0.5305
674652,4,2,6,Alkane | Alkene | Amine | Enamine | Ester | Ether | Ketone,Alkane | Arene | Ester | Ether | Haloalkane,Alkene | Amine | Enamine | Ketone,Arene | Haloalkane,Alkene=0.1361 | Amine=0.2583 | Enamine=0.3317 | Ketone=0.0889,Arene=0.8273 | Haloalkane=0.6024
145212,3,3,6,Alkane | Amide | Haloalkane | Sulfide,Alkane | Arene | Ester | Ether,Amide | Haloalkane | Sulfide,Arene | Ester | Ether,Amide=0.0174 | Haloalkane=0.4964 | Sulfide=0.1852,Arene=0.8834 | Ester=0.9450 | Ether=0.9496
250812,4,2,6,Alkane | Amine | Arene | Ester | Ether | Sulfide | Sulfonamide,Alcohol | Alkane | Arene | Ether | Haloalkane,Amine | Ester | Sulfide | Sulfonamide,Alcohol | Haloalkane,Amine=0.2793 | Ester=0.2242 | Sulfide=0.1281 | Sulfonamide=0.4038,Alcohol=0.6300 | Haloalkane=0.5921
77769,4,2,6,Alkane | Alkene | Amine | Enamine | Ether | Ketone,Alkane | Ether | Haloalkane | Sulfide,Alkene | Amine | Enamine | Ketone,Haloalkane | Sulfide,Alkene=0.0126 | Amine=0.2904 | Enamine=0.0014 | Ketone=0.0062,Haloalkane=0.7084 | Sulfide=0.5230
128668,6,0,6,Alkane | Alkene | Amine | Arene | Enamine | Ester | Ether | Hydrazine | Sulfide,Alkane | Arene | Ether,Alkene | Amine | Enamine | Ester | Hydrazine | Sulfide,,Alkene=0.0596 | Amine=0.0383 | Enamine=0.0025 | Ester=0.1951 | Hydrazine=0.0079 | Sulfide=0.1512,
8938,5,1,6,Alkane | Alkene | Amine | Arene | Carbamate | Enamine | Ether | Haloalkane | Ketone | Thioamide,Alkane | Amide | Arene | Carbamate | Ether | Haloalkane,Alkene | Amine | Enamine | Ketone | Thioamide,Amide,Alkene=0.1784 | Amine=0.1032 | Enamine=0.1395 | Ketone=0.1628 | Thioamide=0.0743,Amide=0.8723
411612,3,3,6,Alcohol | Carboxylic acid | Haloalkane | Sulfide,Alcohol | Arene | Nitrile | Phenol,Carboxylic acid | Haloalkane | Sulfide,Arene | Nitrile | Phenol,Carboxylic acid=0.2511 | Haloalkane=0.4067 | Sulfide=0.1086,Arene=0.9321 | Nitrile=0.7913 | Phenol=0.6079
712074,4,2,6,Alkane | Amine | Arene | Carbamate | Ether | Haloalkane | Ketone | Sulfide,Alkane | Amide | Arene | Carbamate | Ester | Ether,Amine | Haloalkane | Ketone | Sulfide,Amide | Ester,Amine=0.1685 | Haloalkane=0.2407 | Ketone=0.0795 | Sulfide=0.1312,Amide=0.6652 | Ester=0.5503
1893,6,0,6,Alcohol | Alkane | Alkene | Amide | Amine | Arene | Enamine | Ester | Ether | Haloalkane | Phenol | Sulfide,Alcohol | Alkane | Amide | Amine | Arene | Haloalkane,Alkene | Enamine | Ester | Ether | Phenol | Sulfide,,Alkene=0.0567 | Enamine=0.0739 | Ester=0.1218 | Ether=0.3768 | Phenol=0.3444 | Sulfide=0.1670,
602699,3,3,6,Alkane | Amide | Arene | Carbamate | Ether | Sulfonate,Alkane | Amine | Arene | Ether | Haloalkane | Sulfone,Amide | Carbamate | Sulfonate,Amine | Haloalkane | Sulfone,Amide=0.4029 | Carbamate=0.0514 | Sulfonate=0.4295,Amine=0.5150 | Haloalkane=0.5972 | Sulfone=0.7354
295534,2,4,6,Alkane | Haloalkane | Sulfide | Sulfonate,Alkane | Amine | Arene | Ether | Nitrile | Sulfonate,Haloalkane | Sulfide,Amine | Arene | Ether | Nitrile,Haloalkane=0.4622 | Sulfide=0.3261,Amine=0.6663 | Arene=0.6166 | Ether=0.5252 | Nitrile=0.7288
428942,6,0,6,Alcohol | Alkane | Alkene | Amide | Amine | Arene | Enol | Ketone | Phenol | Sulfide,Alcohol | Alkane | Amine | Enol,Alkene | Amide | Arene | Ketone | Phenol | Sulfide,,Alkene=0.0646 | Amide=0.3450 | Arene=0.2341 | Ketone=0.1926 | Phenol=0.4520 | Sulfide=0.3794,
187980,5,1,6,Alcohol | Alkane | Amine | Arene | Haloalkane | Phenol | Sulfide | Sulfone,Alcohol | Alkane | Arene | Ether,Amine | Haloalkane | Phenol | Sulfide | Sulfone,Ether,Amine=0.3162 | Haloalkane=0.4904 | Phenol=0.4934 | Sulfide=0.0996 | Sulfone=0.4125,Ether=0.6903
362912,5,1,6,Alkane | Alkene | Amide | Amine | Arene | Enamine | Haloalkane | Ketone,Alkane | Arene | Ether | Haloalkane,Alkene | Amide | Amine | Enamine | Ketone,Ether,Alkene=0.4387 | Amide=0.4704 | Amine=0.2996 | Enamine=0.1689 | Ketone=0.0635,Ether=0.6683
515490,5,1,6,Alcohol | Alkane | Alkene | Amide | Arene | Carboxylic acid | Enol | Haloalkane | Ketone | Phenol,Alcohol | Alkane | Arene | Carboxylic acid | Ether | Phenol,Alkene | Amide | Enol | Haloalkane | Ketone,Ether,Alkene=0.0569 | Amide=0.3473 | Enol=0.0659 | Haloalkane=0.3893 | Ketone=0.0426,Ether=0.5892
462131,5,1,6,Alcohol | Alkane | Amine | Arene | Carboxylic acid | Haloalkane | Hydrazone | Phenol | Sulfide | Thioamide,Alcohol | Alkane | Amide | Arene | Carboxylic acid | Phenol,Amine | Haloalkane | Hydrazone | Sulfide | Thioamide,Amide,Amine=0.3593 | Haloalkane=0.4104 | Hydrazone=0.1798 | Sulfide=0.2139 | Thioamide=0.1533,Amide=0.5363
405950,5,1,6,Alcohol | Alkane | Alkyne | Amide | Ester | Ether | Phenol,Alkane | Arene | Ether,Alcohol | Alkyne | Amide | Ester | Phenol,Arene,Alcohol=0.0181 | Alkyne=0.0092 | Amide=0.3934 | Ester=0.2484 | Phenol=0.0163,Arene=0.5591
646276,4,2,6,Alcohol | Amine | Arene | Carboxylic acid | Sulfide,Alkane | Amide | Arene,Alcohol | Amine | Carboxylic acid | Sulfide,Alkane | Amide,Alcohol=0.0275 | Amine=0.1891 | Carboxylic acid=0.0011 | Sulfide=0.4792,Alkane=0.9006 | Amide=0.7250
69549,2,4,6,Alkane | Amide | Sulfide | Sulfonate,Alkane | Amine | Arene | Ether | Sulfonamide | Sulfonate,Amide | Sulfide,Amine | Arene | Ether | Sulfonamide,Amide=0.2298 | Sulfide=0.2151,Amine=0.6980 | Arene=0.8736 | Ether=0.6622 | Sulfonamide=0.7187
367667,4,2,6,Alkane | Amine | Arene | Carbamate | Ether | Haloalkane | Hydrazine | Imine | Sulfide,Alkane | Amide | Amine | Arene | Carbamate | Ester | Ether,Haloalkane | Hydrazine | Imine | Sulfide,Amide | Ester,Haloalkane=0.2322 | Hydrazine=0.0130 | Imine=0.0307 | Sulfide=0.1433,Amide=0.5443 | Ester=0.6668
274837,5,1,6,Alcohol | Alkane | Alkene | Amide | Amine | Arene | Ester | Ether,Alkane | Amine | Arene | Haloalkane,Alcohol | Alkene | Amide | Ester | Ether,Haloalkane,Alcohol=0.0303 | Alkene=0.0327 | Amide=0.4224 | Ester=0.0531 | Ether=0.3752,Haloalkane=0.7882
748228,6,0,6,Alkane | Alkene | Amine | Arene | Enamine | Ester | Ether | Sulfide | Sulfoxide,Alkane | Amine | Arene,Alkene | Enamine | Ester | Ether | Sulfide | Sulfoxide,,Alkene=0.0303 | Enamine=0.0198 | Ester=0.1540 | Ether=0.4259 | Sulfide=0.3066 | Sulfoxide=0.0022,
337568,6,0,6,Alkane | Alkene | Amine | Arene | Enamine | Ester | Ether | Haloalkane | Ketone,Alkane | Arene | Ether,Alkene | Amine | Enamine | Ester | Haloalkane | Ketone,,Alkene=0.0849 | Amine=0.4421 | Enamine=0.0400 | Ester=0.1886 | Haloalkane=0.2841 | Ketone=0.3192,
692897,4,2,6,Alkane | Amide | Amine | Arene | Haloalkane | Imide,Alkane | Arene | Ester | Ether,Amide | Amine | Haloalkane | Imide,Ester | Ether,Amide=0.3265 | Amine=0.1937 | Haloalkane=0.4814 | Imide=0.2113,Ester=0.5559 | Ether=0.7306
630511,3,3,6,Haloalkane | Ketone | Sulfide,Alkane | Arene | Nitrile,Haloalkane | Ketone | Sulfide,Alkane | Arene | Nitrile,Haloalkane=0.4847 | Ketone=0.0314 | Sulfide=0.1144,Alkane=0.7228 | Arene=0.5712 | Nitrile=0.6303
778872,6,0,6,Alkane | Alkene | Amine | Arene | Enamine | Ester | Ether | Haloalkane | Ketone,Alkane | Arene | Ether,Alkene | Amine | Enamine | Ester | Haloalkane | Ketone,,Alkene=0.1121 | Amine=0.3488 | Enamine=0.0371 | Ester=0.3449 | Haloalkane=0.3492 | Ketone=0.4339,
654543,6,0,6,Alcohol | Alkane | Alkene | Amine | Enamine | Enol | Ester | Ether | Ketone,Alcohol | Alkane | Amine,Alkene | Enamine | Enol | Ester | Ether | Ketone,,Alkene=0.0636 | Enamine=0.0747 | Enol=0.0014 | Ester=0.0482 | Ether=0.4176 | Ketone=0.2097,
616233,4,2,6,Alkane | Alkene | Amine | Arene | Enamine | Hydrazone,Alkane | Amide | Arene | Ether,Alkene | Amine | Enamine | Hydrazone,Amide | Ether,Alkene=0.1003 | Amine=0.4170 | Enamine=0.0665 | Hydrazone=0.0405,Amide=0.5180 | Ether=0.6209
485178,4,2,6,Alkane | Amide | Amine | Haloalkane | Sulfide | Sulfonamide,Alkane | Arene | Ether | Sulfonamide,Amide | Amine | Haloalkane | Sulfide,Arene | Ether,Amide=0.4562 | Amine=0.4477 | Haloalkane=0.3389 | Sulfide=0.1838,Arene=0.8622 | Ether=0.8634
509583,6,0,6,Alkane | Alkene | Amine | Arene | Enamine | Ester | Ether | Ketone,Alkane | Arene,Alkene | Amine | Enamine | Ester | Ether | Ketone,,Alkene=0.2504 | Amine=0.3584 | Enamine=0.0175 | Ester=0.1104 | Ether=0.4555 | Ketone=0.1807,
399881,6,0,6,Alkane | Alkene | Amide | Arene | Ester | Ether | Haloalkane | Ketone | Sulfide,Alkane | Arene | Ether,Alkene | Amide | Ester | Haloalkane | Ketone | Sulfide,,Alkene=0.2387 | Amide=0.4337 | Ester=0.3284 | Haloalkane=0.3898 | Ketone=0.1309 | Sulfide=0.2292,
140310,4,2,6,Alkane | Alkene | Amide | Amine | Arene | Sulfide | Thioamide,Alkane | Amide | Arene | Ether | Haloalkane,Alkene | Amine | Sulfide | Thioamide,Ether | Haloalkane,Alkene=0.0390 | Amine=0.2973 | Sulfide=0.1019 | Thioamide=0.0726,Ether=0.5367 | Haloalkane=0.5750
435852,2,4,6,Alkane | Amide | Arene | Sulfide,Alcohol | Alkane | Arene | Ester | Ether | Haloalkane,Amide | Sulfide,Alcohol | Ester | Ether | Haloalkane,Amide=0.0832 | Sulfide=0.3222,Alcohol=0.6072 | Ester=0.5900 | Ether=0.6177 | Haloalkane=0.5328
760426,4,2,6,Alkane | Amide | Amine | Haloalkane | Hydrazine | Sulfide,Alcohol | Alkane | Amide | Ether,Amine | Haloalkane | Hydrazine | Sulfide,Alcohol | Ether,Amine=0.2067 | Haloalkane=0.3274 | Hydrazine=0.1903 | Sulfide=0.4728,Alcohol=0.7820 | Ether=0.7057
731609,4,2,6,Alkane | Alkene | Amine | Arene | Haloalkane | Sulfonamide,Alkane | Alkene | Ether | Sulfone,Amine | Arene | Haloalkane | Sulfonamide,Ether | Sulfone,Amine=0.1582 | Arene=0.4255 | Haloalkane=0.2904 | Sulfonamide=0.2972,Ether=0.7024 | Sulfone=0.7695
463623,5,1,6,Alkane | Amine | Arene | Ether | Haloalkane | Ketone | Sulfoxide,Alkane | Amide | Arene,Amine | Ether | Haloalkane | Ketone | Sulfoxide,Amide,Amine=0.4871 | Ether=0.4094 | Haloalkane=0.4613 | Ketone=0.1434 | Sulfoxide=0.0500,Amide=0.8430
702637,5,1,6,Alcohol | Alkane | Amide | Arene | Carboxylic acid | Haloalkane | Phenol,Alkane | Amine | Arene,Alcohol | Amide | Carboxylic acid | Haloalkane | Phenol,Amine,Alcohol=0.4795 | Amide=0.4963 | Carboxylic acid=0.2670 | Haloalkane=0.4274 | Phenol=0.0787,Amine=0.6678
112167,3,3,6,Alcohol | Alkane | Alkene | Enol | Ketone,Alcohol | Alkane | Amide | Arene | Phenol,Alkene | Enol | Ketone,Amide | Arene | Phenol,Alkene=0.0603 | Enol=0.3824 | Ketone=0.1350,Amide=0.5428 | Arene=0.9078 | Phenol=0.6027
31947,2,4,6,Alkane | Ketone | Sulfide,Alkane | Arene | Ester | Ether | Haloalkane,Ketone | Sulfide,Arene | Ester | Ether | Haloalkane,Ketone=0.0988 | Sulfide=0.2606,Arene=0.7890 | Ester=0.5850 | Ether=0.5778 | Haloalkane=0.7408
521174,4,2,6,Alkane | Amide | Amine | Arene | Haloalkane | Nitrile | Sulfide | Sulfonamide,Alkane | Amine | Arene | Ester | Ether | Nitrile,Amide | Haloalkane | Sulfide | Sulfonamide,Ester | Ether,Amide=0.2341 | Haloalkane=0.3568 | Sulfide=0.2075 | Sulfonamide=0.4194,Ester=0.5084 | Ether=0.8255
499855,5,1,6,Alkane | Alkene | Amine | Arene | Enamine | Ester | Ether | Haloalkane | Ketone,Alkane | Amide | Amine | Arene | Enamine,Alkene | Ester | Ether | Haloalkane | Ketone,Amide,Alkene=0.1758 | Ester=0.2705 | Ether=0.4001 | Haloalkane=0.4322 | Ketone=0.1447,Amide=0.7825
94655,6,0,6,Alcohol | Alkane | Amide | Amine | Arene | Haloalkane | Hydrazone | Phenol | Sulfide | Thioamide,Alcohol | Alkane | Amide | Arene,Amine | Haloalkane | Hydrazone | Phenol | Sulfide | Thioamide,,Amine=0.2460 | Haloalkane=0.3193 | Hydrazone=0.0610 | Phenol=0.1491 | Sulfide=0.3994 | Thioamide=0.0657,
10816,5,1,6,Alcohol | Alkane | Amine | Arene | Haloalkane | Phenol | Sulfonamide | Sulfoxide,Alkane | Amide | Arene | Haloalkane,Alcohol | Amine | Phenol | Sulfonamide | Sulfoxide,Amide,Alcohol=0.2615 | Amine=0.4193 | Phenol=0.2548 | Sulfonamide=0.2713 | Sulfoxide=0.0148,Amide=0.7983
38360,5,1,6,Alcohol | Alkane | Alkene | Amide | Arene | Carbamate | Carboxylic acid | Ether | Imide,Alcohol | Alkane | Arene | Carboxylic acid | Haloalkane,Alkene | Amide | Carbamate | Ether | Imide,Haloalkane,Alkene=0.3608 | Amide=0.0422 | Carbamate=0.0115 | Ether=0.4177 | Imide=0.0119,Haloalkane=0.7041
305675,6,0,6,Alcohol | Alkane | Alkene | Amide | Amine | Arene | Ester | Ether | Phenol | Sulfide | Thioamide,Alcohol | Alkane | Alkene | Amide | Ether,Amine | Arene | Ester | Phenol | Sulfide | Thioamide,,Amine=0.1763 | Arene=0.2988 | Ester=0.3949 | Phenol=0.0615 | Sulfide=0.0695 | Thioamide=0.0282,
679836,5,1,6,Alcohol | Alkane | Alkene | Amide | Amine | Arene | Enol | Haloalkane | Sulfide | Sulfonamide,Alcohol | Alkane | Amine | Enol | Ether | Sulfonamide,Alkene | Amide | Arene | Haloalkane | Sulfide,Ether,Alkene=0.1541 | Amide=0.3535 | Arene=0.1994 | Haloalkane=0.3871 | Sulfide=0.2842,Ether=0.5857
292701,5,1,6,Alkane | Alkene | Amide | Arene | Enamine | Ether | Haloalkane | Imine,Alkane | Arene | Ester | Ether,Alkene | Amide | Enamine | Haloalkane | Imine,Ester,Alkene=0.1664 | Amide=0.0580 | Enamine=0.0096 | Haloalkane=0.4374 | Imine=0.0630,Ester=0.5716
137102,4,2,6,Alkane | Alkene | Amine | Arene | Enamine | Haloalkane | Ketone,Alkane | Arene | Ester | Ether | Haloalkane,Alkene | Amine | Enamine | Ketone,Ester | Ether,Alkene=0.2829 | Amine=0.4864 | Enamine=0.4345 | Ketone=0.1213,Ester=0.5849 | Ether=0.6403
628089,4,2,6,Alkene | Amine | Enamine | Haloalkane,Alcohol | Arene,Alkene | Amine | Enamine | Haloalkane,Alcohol | Arene,Alkene=0.4713 | Amine=0.0531 | Enamine=0.0831 | Haloalkane=0.4831,Alcohol=0.7962 | Arene=0.6432
605284,5,1,6,Alkane | Alkene | Amide | Amine | Haloalkane | Imide | Sulfide,Alkane | Amine | Arene,Alkene | Amide | Haloalkane | Imide | Sulfide,Arene,Alkene=0.3766 | Amide=0.3967 | Haloalkane=0.3783 | Imide=0.1958 | Sulfide=0.0995,Arene=0.9211
226798,6,0,6,Alcohol | Alkane | Alkene | Amine | Arene | Ether | Haloalkane | Ketone | Sulfide,Alcohol | Alkane | Arene,Alkene | Amine | Ether | Haloalkane | Ketone | Sulfide,,Alkene=0.0962 | Amine=0.3758 | Ether=0.4744 | Haloalkane=0.3966 | Ketone=0.0712 | Sulfide=0.0821,
367674,4,2,6,Alkane | Alkene | Amide | Arene | Imide | Sulfide,Alkane | Arene | Ether | Haloalkane,Alkene | Amide | Imide | Sulfide,Ether | Haloalkane,Alkene=0.1171 | Amide=0.4990 | Imide=0.0424 | Sulfide=0.2365,Ether=0.5846 | Haloalkane=0.5129
472761,6,0,6,Alkane | Alkene | Amine | Arene | Enamine | Ester | Ether | Haloalkane | Sulfone,Alkane | Amine | Arene,Alkene | Enamine | Ester | Ether | Haloalkane | Sulfone,,Alkene=0.0798 | Enamine=0.1721 | Ester=0.1348 | Ether=0.4807 | Haloalkane=0.4292 | Sulfone=0.2115,
675182,6,0,6,Alkane | Alkene | Amide | Amine | Arene | Carbamate | Ether | Haloalkane | Hydrazine | Imide | Sulfide,Alkane | Amide | Amine | Arene | Ether,Alkene | Carbamate | Haloalkane | Hydrazine | Imide | Sulfide,,Alkene=0.0331 | Carbamate=0.2111 | Haloalkane=0.4112 | Hydrazine=0.2429 | Imide=0.1265 | Sulfide=0.0888,
294670,5,1,6,Alkane | Alkene | Amide | Amine | Arene | Enamine | Ether | Sulfide,Alkane | Arene | Ether | Haloalkane,Alkene | Amide | Amine | Enamine | Sulfide,Haloalkane,Alkene=0.0508 | Amide=0.2406 | Amine=0.4195 | Enamine=0.0153 | Sulfide=0.1406,Haloalkane=0.6492
514866,5,1,6,Alkane | Alkene | Amide | Amine | Arene | Enamine | Hydrazone | Sulfide | Sulfonamide,Alkane | Amine | Arene | Ether | Sulfonamide,Alkene | Amide | Enamine | Hydrazone | Sulfide,Ether,Alkene=0.4058 | Amide=0.3469 | Enamine=0.4692 | Hydrazone=0.3120 | Sulfide=0.1838,Ether=0.5793
691925,5,1,6,Alkane | Alkene | Amine | Enamine | Haloalkane | Hydrazine | Sulfide,Alkane | Ether | Sulfide,Alkene | Amine | Enamine | Haloalkane | Hydrazine,Ether,Alkene=0.0231 | Amine=0.1693 | Enamine=0.0105 | Haloalkane=0.2301 | Hydrazine=0.0178,Ether=0.8921
68067,4,2,6,Alkane | Amide | Amine | Arene | Ester | Ether | Ketone,Alkane | Carbamate | Ester | Ether | Haloalkane,Amide | Amine | Arene | Ketone,Carbamate | Haloalkane,Amide=0.0817 | Amine=0.4828 | Arene=0.3929 | Ketone=0.0554,Carbamate=0.8069 | Haloalkane=0.5320
5519,4,2,6,Alkane | Alkene | Ester | Ether | Ketone | Sulfide,Aldehyde | Alkane | Arene | Ether,Alkene | Ester | Ketone | Sulfide,Aldehyde | Arene,Alkene=0.1405 | Ester=0.1693 | Ketone=0.4424 | Sulfide=0.1272,Aldehyde=0.5807 | Arene=0.5322
181847,3,3,6,Haloalkane | Nitrile | Sulfide,Alkane | Amine | Arene,Haloalkane | Nitrile | Sulfide,Alkane | Amine | Arene,Haloalkane=0.2967 | Nitrile=0.0023 | Sulfide=0.0780,Alkane=0.8072 | Amine=0.7915 | Arene=0.6169
690677,4,2,6,Alkane | Alkene | Amide | Arene | Imide | Sulfide,Alkane | Arene | Ether | Haloalkane,Alkene | Amide | Imide | Sulfide,Ether | Haloalkane,Alkene=0.2866 | Amide=0.3850 | Imide=0.4897 | Sulfide=0.2442,Ether=0.5372 | Haloalkane=0.7065
93597,5,1,6,Alcohol | Alkane | Amide | Amine | Arene | Haloalkane | Nitrile | Phenol,Alcohol | Alkane | Arene | Ether,Amide | Amine | Haloalkane | Nitrile | Phenol,Ether,Amide=0.2064 | Amine=0.1563 | Haloalkane=0.2577 | Nitrile=0.4408 | Phenol=0.1262,Ether=0.5369
434094,5,1,6,Alcohol | Alkane | Arene | Ester | Ether | Phenol,Alkane | Haloalkane,Alcohol | Arene | Ester | Ether | Phenol,Haloalkane,Alcohol=0.0885 | Arene=0.3976 | Ester=0.0479 | Ether=0.3544 | Phenol=0.0909,Haloalkane=0.5384
179015,5,1,6,Alkane | Alkene | Amide | Amine | Arene | Enamine | Ester | Ether,Alkane | Amide | Arene | Haloalkane,Alkene | Amine | Enamine | Ester | Ether,Haloalkane,Alkene=0.0775 | Amine=0.4584 | Enamine=0.0813 | Ester=0.0099 | Ether=0.2851,Haloalkane=0.5082
630303,4,2,6,Alkane | Amide | Arene | Haloalkane | Imine | Ketone,Alkane | Arene | Ester | Ether,Amide | Haloalkane | Imine | Ketone,Ester | Ether,Amide=0.3583 | Haloalkane=0.3580 | Imine=0.3907 | Ketone=0.4677,Ester=0.6657 | Ether=0.7487
503105,4,2,6,Alkene | Amide | Amine | Arene | Enamine | Sulfide,Alkane | Amine | Arene | Haloalkane,Alkene | Amide | Enamine | Sulfide,Alkane | Haloalkane,Alkene=0.4387 | Amide=0.0661 | Enamine=0.4408 | Sulfide=0.1362,Alkane=0.7166 | Haloalkane=0.6908
460597,5,1,6,Alkane | Alkene | Amine | Arene | Enamine | Ester | Ether | Haloalkane | Ketone,Alkane | Amide | Arene | Enamine | Haloalkane,Alkene | Amine | Ester | Ether | Ketone,Amide,Alkene=0.4321 | Amine=0.2744 | Ester=0.2699 | Ether=0.4227 | Ketone=0.1390,Amide=0.7639
318008,5,1,6,Alcohol | Alkane | Alkene | Amide | Arene | Enol | Haloalkane | Imide | Ketone,Alcohol | Alkane | Arene | Ether | Haloalkane,Alkene | Amide | Enol | Imide | Ketone,Ether,Alkene=0.0539 | Amide=0.1857 | Enol=0.4606 | Imide=0.1184 | Ketone=0.1997,Ether=0.7113
594808,5,1,6,Alcohol | Alkane | Amide | Amine | Arene | Haloalkane | Hydrazone | Phenol | Sulfide,Alcohol | Alkane | Amine | Arene | Ether,Amide | Haloalkane | Hydrazone | Phenol | Sulfide,Ether,Amide=0.4635 | Haloalkane=0.4546 | Hydrazone=0.0018 | Phenol=0.2818 | Sulfide=0.0968,Ether=0.6132
410531,6,0,6,Alkane | Alkene | Amide | Amine | Arene | Enamine | Ester | Ether | Hydrazone | Sulfide,Alkane | Amine | Arene | Enamine,Alkene | Amide | Ester | Ether | Hydrazone | Sulfide,,Alkene=0.3619 | Amide=0.0942 | Ester=0.3799 | Ether=0.2308 | Hydrazone=0.0794 | Sulfide=0.1682,
497070,5,0,5,Alcohol | Alkane | Amide | Arene | Ester | Ether | Haloalkane | Phenol | Sulfide,Alcohol | Alkane | Arene | Ether,Amide | Ester | Haloalkane | Phenol | Sulfide,,Amide=0.2684 | Ester=0.1665 | Haloalkane=0.4386 | Phenol=0.0483 | Sulfide=0.2155,
617504,4,1,5,Alkane | Amine | Arene | Ether | Haloalkane | Ketone | Thioamide,Alkane | Amide | Arene | Ether,Amine | Haloalkane | Ketone | Thioamide,Amide,Amine=0.4804 | Haloalkane=0.3829 | Ketone=0.2125 | Thioamide=0.0218,Amide=0.5429
38576,4,1,5,Alkane | Alkene | Amine | Arene | Enamine | Haloalkane | Ketone,Alcohol | Alkane | Arene | Haloalkane,Alkene | Amine | Enamine | Ketone,Alcohol,Alkene=0.1317 | Amine=0.1106 | Enamine=0.1919 | Ketone=0.0666,Alcohol=0.5098
269002,3,2,5,Alkane | Amide | Amine | Arene | Haloalkane,Alkane | Arene | Ester | Ether,Amide | Amine | Haloalkane,Ester | Ether,Amide=0.1610 | Amine=0.3163 | Haloalkane=0.4064,Ester=0.6083 | Ether=0.6256
211802,3,2,5,Alcohol | Alkane | Amide | Amine | Arene | Nitrile | Phenol,Alkane | Amine | Arene | Ether | Haloalkane | Nitrile,Alcohol | Amide | Phenol,Ether | Haloalkane,Alcohol=0.4685 | Amide=0.1234 | Phenol=0.0877,Ether=0.6247 | Haloalkane=0.5711
469680,4,1,5,Alkane | Alkene | Amine | Arene | Enamine | Haloalkane | Ketone,Alkane | Amide | Arene | Haloalkane,Alkene | Amine | Enamine | Ketone,Amide,Alkene=0.3504 | Amine=0.3494 | Enamine=0.1910 | Ketone=0.1128,Amide=0.5881
455742,4,1,5,Alcohol | Alkane | Alkene | Amide | Arene | Enol | Ester | Ether | Haloalkane | Imide,Alcohol | Alkane | Arene | Enol | Ester | Ether | Phenol,Alkene | Amide | Haloalkane | Imide,Phenol,Alkene=0.0736 | Amide=0.1298 | Haloalkane=0.2496 | Imide=0.1855,Phenol=0.5352
316592,4,1,5,Alkane | Alkene | Amine | Enamine | Ketone | Sulfide,Alkane | Arene | Enamine,Alkene | Amine | Ketone | Sulfide,Arene,Alkene=0.0704 | Amine=0.4147 | Ketone=0.1069 | Sulfide=0.4701,Arene=0.6441
17282,4,1,5,Alkane | Alkene | Arene | Imine | Ketone | Nitrile,Alkane | Arene | Ether,Alkene | Imine | Ketone | Nitrile,Ether,Alkene=0.1197 | Imine=0.0134 | Ketone=0.0745 | Nitrile=0.4552,Ether=0.8750
643806,5,0,5,Alkane | Amine | Arene | Ester | Ether | Haloalkane | Hydrazine | Sulfide | Thioamide,Alkane | Amine | Arene | Haloalkane,Ester | Ether | Hydrazine | Sulfide | Thioamide,,Ester=0.1306 | Ether=0.4166 | Hydrazine=0.1136 | Sulfide=0.4237 | Thioamide=0.0348,
604410,4,1,5,Alkane | Amide | Carbamate | Ether | Imide,Acyl halide | Alkane,Amide | Carbamate | Ether | Imide,Acyl halide,Amide=0.3116 | Carbamate=0.1514 | Ether=0.2704 | Imide=0.4823,Acyl halide=0.6622
31891,2,3,5,Alkane | Alkene | Amine | Enamine,Alkane | Alkene | Arene | Ester | Ether,Amine | Enamine,Arene | Ester | Ether,Amine=0.0977 | Enamine=0.4210,Arene=0.8679 | Ester=0.6488 | Ether=0.5614
227521,5,0,5,Alkane | Alkene | Amine | Arene | Enamine | Ester | Ether | Ketone,Alkane | Arene | Ether,Alkene | Amine | Enamine | Ester | Ketone,,Alkene=0.1353 | Amine=0.3628 | Enamine=0.0183 | Ester=0.2966 | Ketone=0.2560,
441390,4,1,5,Alkane | Amine | Arene | Haloalkane | Hydrazone | Ketone,Alkane | Arene | Ether,Amine | Haloalkane | Hydrazone | Ketone,Ether,Amine=0.3847 | Haloalkane=0.4488 | Hydrazone=0.0982 | Ketone=0.0370,Ether=0.7183
237572,3,2,5,Alkane | Amide | Arene | Carbamate | Ether | Haloalkane,Alcohol | Alkane | Arene | Ester | Ether,Amide | Carbamate | Haloalkane,Alcohol | Ester,Amide=0.0434 | Carbamate=0.0477 | Haloalkane=0.4822,Alcohol=0.7014 | Ester=0.5644
737643,5,0,5,Alcohol | Alkane | Alkene | Amide | Arene | Carbamate | Ether | Haloalkane | Imide | Phenol,Alcohol | Alkane | Arene | Haloalkane | Phenol,Alkene | Amide | Carbamate | Ether | Imide,,Alkene=0.0482 | Amide=0.0546 | Carbamate=0.0208 | Ether=0.4398 | Imide=0.0193,
656385,4,1,5,Alcohol | Alkane | Amide | Amine | Arene | Haloalkane | Phenol | Sulfonamide,Alcohol | Alkane | Arene | Ether | Phenol,Amide | Amine | Haloalkane | Sulfonamide,Ether,Amide=0.1194 | Amine=0.2884 | Haloalkane=0.4122 | Sulfonamide=0.1045,Ether=0.6516
466554,5,0,5,Aldehyde | Alkane | Alkyne | Amine | Arene | Ether | Haloalkane | Sulfide,Alkane | Arene | Ether,Aldehyde | Alkyne | Amine | Haloalkane | Sulfide,,Aldehyde=0.0100 | Alkyne=0.0191 | Amine=0.2266 | Haloalkane=0.4254 | Sulfide=0.3122,
266406,1,4,5,Alcohol | Alkane | Amine | Haloalkane,Alcohol | Alkane | Amine | Arene | Carbamate | Carboxylic acid | Ether,Haloalkane,Arene | Carbamate | Carboxylic acid | Ether,Haloalkane=0.4625,Arene=0.9538 | Carbamate=0.6090 | Carboxylic acid=0.6382 | Ether=0.7901
526339,2,3,5,Alkane | Arene | Imide | Sulfide,Alcohol | Alkane | Amide | Amine | Arene,Imide | Sulfide,Alcohol | Amide | Amine,Imide=0.4030 | Sulfide=0.3303,Alcohol=0.9246 | Amide=0.6040 | Amine=0.5990
468171,1,4,5,Alkane | Amine | Arene | Sulfide,Alkane | Amide | Amine | Arene | Carbamate | Ether | Haloalkane,Sulfide,Amide | Carbamate | Ether | Haloalkane,Sulfide=0.2094,Amide=0.5868 | Carbamate=0.5463 | Ether=0.7377 | Haloalkane=0.6583
313026,5,0,5,Alcohol | Alkane | Alkene | Arene | Azo compound | Enol | Ester | Ether | Ketone,Alcohol | Alkane | Arene | Ether,Alkene | Azo compound | Enol | Ester | Ketone,,Alkene=0.1789 | Azo compound=0.0008 | Enol=0.0288 | Ester=0.3318 | Ketone=0.0595,
540743,5,0,5,Alkane | Amide | Amine | Ester | Ether | Haloalkane | Sulfide,Alkane | Ether,Amide | Amine | Ester | Haloalkane | Sulfide,,Amide=0.4054 | Amine=0.2324 | Ester=0.4587 | Haloalkane=0.3784 | Sulfide=0.4576,
703337,5,0,5,Alkane | Amide | Arene | Ester | Ether | Haloalkane | Imide | Sulfide,Alkane | Arene | Ether,Amide | Ester | Haloalkane | Imide | Sulfide,,Amide=0.2051 | Ester=0.2735 | Haloalkane=0.2494 | Imide=0.1200 | Sulfide=0.1199,
46386,5,0,5,Alkane | Alkene | Amine | Enamine | Haloalkane | Ketone,Alkane,Alkene | Amine | Enamine | Haloalkane | Ketone,,Alkene=0.4344 | Amine=0.3090 | Enamine=0.0599 | Haloalkane=0.4865 | Ketone=0.0653,
67125,5,0,5,Alcohol | Alkane | Alkene | Amide | Arene | Carboxylic acid | Ether | Sulfide | Thioamide,Alcohol | Alkane | Arene | Carboxylic acid,Alkene | Amide | Ether | Sulfide | Thioamide,,Alkene=0.0982 | Amide=0.1055 | Ether=0.3858 | Sulfide=0.1526 | Thioamide=0.0012,
599879,5,0,5,Alkane | Alkene | Amine | Arene | Enamine | Haloalkane | Ketone,Alkane | Arene,Alkene | Amine | Enamine | Haloalkane | Ketone,,Alkene=0.0571 | Amine=0.1887 | Enamine=0.4578 | Haloalkane=0.3881 | Ketone=0.2147,
363991,4,1,5,Alkane | Alkene | Amine | Arene | Enamine | Ether | Ketone,Aldehyde | Alkane | Arene | Ether,Alkene | Amine | Enamine | Ketone,Aldehyde,Alkene=0.0819 | Amine=0.2138 | Enamine=0.1544 | Ketone=0.0358,Aldehyde=0.6507
686625,4,1,5,Alkane | Amide | Arene | Ester | Ether | Nitrile | Sulfide,Alkane | Arene | Haloalkane | Nitrile,Amide | Ester | Ether | Sulfide,Haloalkane,Amide=0.4011 | Ester=0.1227 | Ether=0.4705 | Sulfide=0.3187,Haloalkane=0.5719
706229,3,2,5,Alcohol | Alkane | Alkene | Amide | Arene | Enol | Haloalkane,Alcohol | Alkane | Arene | Ether | Haloalkane | Phenol,Alkene | Amide | Enol,Ether | Phenol,Alkene=0.2818 | Amide=0.2642 | Enol=0.1819,Ether=0.5505 | Phenol=0.5270
608707,3,2,5,Alkane | Arene | Ester | Ether | Sulfonamide,Alkane | Amide | Amine | Arene,Ester | Ether | Sulfonamide,Amide | Amine,Ester=0.1099 | Ether=0.4831 | Sulfonamide=0.2758,Amide=0.8346 | Amine=0.7591
633392,1,4,5,Alkane | Sulfide,Alkane | Amine | Arene | Haloalkane | Nitrile,Sulfide,Amine | Arene | Haloalkane | Nitrile,Sulfide=0.1385,Amine=0.6406 | Arene=0.8203 | Haloalkane=0.8080 | Nitrile=0.5623
760731,4,1,5,Alkane | Amide | Amine | Arene | Carbamate | Ether | Nitrile,Alkane | Arene | Ether | Haloalkane,Amide | Amine | Carbamate | Nitrile,Haloalkane,Amide=0.1656 | Amine=0.3551 | Carbamate=0.0818 | Nitrile=0.0293,Haloalkane=0.7106
233549,2,3,5,Alcohol | Alkane | Alkene | Carboxylic acid | Ketone | Sulfide,Alcohol | Alkane | Alkene | Arene | Carboxylic acid | Ester | Ether,Ketone | Sulfide,Arene | Ester | Ether,Ketone=0.2509 | Sulfide=0.0819,Arene=0.5313 | Ester=0.5278 | Ether=0.5234
350130,2,3,5,Alkane | Alkene | Arene | Sulfonamide,Alkane | Amide | Amine | Arene | Haloalkane,Alkene | Sulfonamide,Amide | Amine | Haloalkane,Alkene=0.2248 | Sulfonamide=0.0542,Amide=0.7650 | Amine=0.6716 | Haloalkane=0.5247
676090,4,1,5,Alcohol | Alkane | Alkene | Amine | Arene | Enamine | Enol | Ester | Ether | Sulfonamide,Alcohol | Alkane | Amine | Arene | Enol | Phenol | Sulfonamide,Alkene | Enamine | Ester | Ether,Phenol,Alkene=0.0415 | Enamine=0.3244 | Ester=0.2790 | Ether=0.4340,Phenol=0.7274
757270,4,1,5,Acyl halide | Alkane | Alkene | Amine | Arene | Enamine | Haloalkane | Sulfonamide,Alkane | Amine | Arene | Ether | Sulfonamide,Acyl halide | Alkene | Enamine | Haloalkane,Ether,Acyl halide=0.4489 | Alkene=0.0346 | Enamine=0.2956 | Haloalkane=0.4765,Ether=0.6583
592081,4,1,5,Alkane | Alkene | Amine | Arene | Ether | Haloalkane | Ketone | Sulfide,Alkane | Amide | Amine | Arene | Haloalkane,Alkene | Ether | Ketone | Sulfide,Amide,Alkene=0.1665 | Ether=0.3318 | Ketone=0.0770 | Sulfide=0.1510,Amide=0.5413
304204,4,1,5,Alcohol | Alkane | Alkyne | Amine | Arene | Ester | Ether | Phenol,Alcohol | Alkane | Arene | Ether | Haloalkane,Alkyne | Amine | Ester | Phenol,Haloalkane,Alkyne=0.0066 | Amine=0.3300 | Ester=0.1448 | Phenol=0.2071,Haloalkane=0.5922
99163,5,0,5,Alcohol | Alkane | Alkene | Amide | Arene | Carbamate | Ether | Haloalkane | Sulfide,Alcohol | Alkane | Arene | Ether,Alkene | Amide | Carbamate | Haloalkane | Sulfide,,Alkene=0.0722 | Amide=0.3300 | Carbamate=0.4056 | Haloalkane=0.4884 | Sulfide=0.0604,
18279,2,3,5,Alkane | Amine | Arene | Sulfide,Alkane | Arene | Ester | Ether | Haloalkane,Amine | Sulfide,Ester | Ether | Haloalkane,Amine=0.0773 | Sulfide=0.3046,Ester=0.5202 | Ether=0.5343 | Haloalkane=0.5030
318172,3,2,5,Alcohol | Alkyne | Amine | Arene | Ether | Haloalkane,Alcohol | Alkane | Amide | Arene | Ether,Alkyne | Amine | Haloalkane,Alkane | Amide,Alkyne=0.0623 | Amine=0.2501 | Haloalkane=0.3430,Alkane=0.5950 | Amide=0.6694
746802,4,1,5,Alkane | Alkene | Amine | Arene | Enamine | Haloalkane | Ketone,Alkane | Arene | Ether | Haloalkane,Alkene | Amine | Enamine | Ketone,Ether,Alkene=0.0723 | Amine=0.3794 | Enamine=0.1893 | Ketone=0.1188,Ether=0.5438
767258,5,0,5,Alcohol | Alkane | Alkene | Amine | Arene | Enamine | Ester | Ether | Haloalkane | Ketone,Alkane | Amine | Arene | Ether | Haloalkane,Alcohol | Alkene | Enamine | Ester | Ketone,,Alcohol=0.4829 | Alkene=0.4235 | Enamine=0.1012 | Ester=0.1518 | Ketone=0.0791,
87121,5,0,5,Alkane | Alkene | Amide | Amine | Arene | Enamine | Ether | Hydrazone,Alkane | Amine | Arene,Alkene | Amide | Enamine | Ether | Hydrazone,,Alkene=0.1033 | Amide=0.1772 | Enamine=0.2791 | Ether=0.3913 | Hydrazone=0.2529,
112750,2,3,5,Alkane | Arene | Haloalkane | Sulfide,Alkane | Amide | Amine | Arene | Ether,Haloalkane | Sulfide,Amide | Amine | Ether,Haloalkane=0.3291 | Sulfide=0.3226,Amide=0.7511 | Amine=0.6041 | Ether=0.5570
693581,4,1,5,Alkane | Amide | Amine | Arene | Haloalkane | Imide | Sulfide,Alkane | Amine | Arene | Ether,Amide | Haloalkane | Imide | Sulfide,Ether,Amide=0.2827 | Haloalkane=0.3489 | Imide=0.1754 | Sulfide=0.1735,Ether=0.5170
644393,4,1,5,Alkane | Alkene | Amine | Enamine | Ketone | Sulfoxide,Alkane | Amine | Ether,Alkene | Enamine | Ketone | Sulfoxide,Ether,Alkene=0.1126 | Enamine=0.1201 | Ketone=0.0454 | Sulfoxide=0.0744,Ether=0.6618
264304,4,1,5,Alkane | Amine | Arene | Carbamate | Ether | Sulfide | Sulfone,Alkane | Amide | Arene | Ether,Amine | Carbamate | Sulfide | Sulfone,Amide,Amine=0.4192 | Carbamate=0.0787 | Sulfide=0.2635 | Sulfone=0.4834,Amide=0.5975
248010,4,1,5,Alcohol | Alkane | Amine | Arene | Carbamate | Carboxylic acid | Ether | Haloalkane | Sulfide,Alcohol | Alkane | Amide | Arene | Carboxylic acid | Haloalkane,Amine | Carbamate | Ether | Sulfide,Amide,Amine=0.3968 | Carbamate=0.1837 | Ether=0.4626 | Sulfide=0.1300,Amide=0.6656
710164,4,1,5,Alcohol | Alkane | Amide | Arene | Carboxylic acid | Haloalkane | Sulfide,Alcohol | Alkane | Arene | Ether,Amide | Carboxylic acid | Haloalkane | Sulfide,Ether,Amide=0.3497 | Carboxylic acid=0.0478 | Haloalkane=0.3470 | Sulfide=0.2263,Ether=0.5852
422232,3,2,5,Alcohol | Aldehyde | Alkane | Amide | Arene | Haloalkane,Alcohol | Alkane | Arene | Ether | Phenol,Aldehyde | Amide | Haloalkane,Ether | Phenol,Aldehyde=0.2649 | Amide=0.1118 | Haloalkane=0.3892,Ether=0.5570 | Phenol=0.5925
356121,4,1,5,Alkane | Alkene | Amine | Arene | Enamine | Haloalkane | Ketone,Alkane | Amine | Arene | Ether,Alkene | Enamine | Haloalkane | Ketone,Ether,Alkene=0.2440 | Enamine=0.2131 | Haloalkane=0.4959 | Ketone=0.0664,Ether=0.5571
293868,5,0,5,Alkane | Amide | Amine | Arene | Carbamate | Ether | Haloalkane | Imide | Sulfide,Alkane | Amine | Arene | Ether,Amide | Carbamate | Haloalkane | Imide | Sulfide,,Amide=0.2651 | Carbamate=0.0060 | Haloalkane=0.3192 | Imide=0.0044 | Sulfide=0.2196,
12056,4,1,5,Amide | Haloalkane | Nitrile | Sulfide,Alkane,Amide | Haloalkane | Nitrile | Sulfide,Alkane,Amide=0.2268 | Haloalkane=0.2030 | Nitrile=0.1856 | Sulfide=0.2311,Alkane=0.5753
134502,5,0,5,Alkane | Amide | Arene | Ester | Ether | Haloalkane | Sulfide,Alkane | Arene,Amide | Ester | Ether | Haloalkane | Sulfide,,Amide=0.0801 | Ester=0.1999 | Ether=0.3649 | Haloalkane=0.3158 | Sulfide=0.2893,
761100,4,1,5,Alcohol | Alkane | Amide | Carboxylic acid | Haloalkane | Sulfide,Alcohol | Alkane | Ether,Amide | Carboxylic acid | Haloalkane | Sulfide,Ether,Amide=0.2245 | Carboxylic acid=0.4350 | Haloalkane=0.2569 | Sulfide=0.2652,Ether=0.6947
702695,3,2,5,Alcohol | Alkane | Alkene | Amide | Amine | Arene | Enamine | Enol | Sulfide | Sulfonamide,Alcohol | Alkane | Amide | Amine | Arene | Enol | Ether | Haloalkane | Sulfonamide,Alkene | Enamine | Sulfide,Ether | Haloalkane,Alkene=0.0961 | Enamine=0.1474 | Sulfide=0.2217,Ether=0.5713 | Haloalkane=0.6092
615322,4,1,5,Alkane | Amine | Arene | Haloalkane | Hydrazone | Thioamide,Alkane | Amide | Arene,Amine | Haloalkane | Hydrazone | Thioamide,Amide,Amine=0.4897 | Haloalkane=0.2733 | Hydrazone=0.4788 | Thioamide=0.4111,Amide=0.7367
57217,4,1,5,Alkane | Alkene | Amide | Arene | Ester | Ether | Ketone | Sulfide,Alkane | Arene | Ester | Ether | Haloalkane,Alkene | Amide | Ketone | Sulfide,Haloalkane,Alkene=0.0521 | Amide=0.4398 | Ketone=0.0757 | Sulfide=0.1881,Haloalkane=0.5327
248771,3,2,5,Alcohol | Alkane | Alkene | Amide | Arene | Ether | Phenol,Alcohol | Alkane | Amine | Arene | Haloalkane | Phenol,Alkene | Amide | Ether,Amine | Haloalkane,Alkene=0.1709 | Amide=0.1713 | Ether=0.4916,Amine=0.7729 | Haloalkane=0.6904
79464,3,2,5,Aldehyde | Arene | Haloalkane | Sulfide,Alkane | Alkene | Arene,Aldehyde | Haloalkane | Sulfide,Alkane | Alkene,Aldehyde=0.1576 | Haloalkane=0.4619 | Sulfide=0.2668,Alkane=0.7734 | Alkene=0.7540
323382,4,1,5,Alkane | Amide | Arene | Haloalkane | Ketone | Sulfone,Alkane | Arene | Ether,Amide | Haloalkane | Ketone | Sulfone,Ether,Amide=0.1054 | Haloalkane=0.4424 | Ketone=0.1930 | Sulfone=0.4001,Ether=0.7495
480290,4,1,5,Alkane | Alkene | Arene | Ester | Ether | Sulfide,Alkane | Arene | Haloalkane,Alkene | Ester | Ether | Sulfide,Haloalkane,Alkene=0.2047 | Ester=0.0040 | Ether=0.1895 | Sulfide=0.1918,Haloalkane=0.5532
204970,4,1,5,Alkane | Alkene | Amine | Arene | Enamine | Haloalkane | Ketone,Alkane | Arene | Ether | Haloalkane,Alkene | Amine | Enamine | Ketone,Ether,Alkene=0.0396 | Amine=0.0989 | Enamine=0.0096 | Ketone=0.0822,Ether=0.6228
709760,1,4,5,Alkane | Ether,Alkane | Amide | Amine | Arene | Haloalkane,Ether,Amide | Amine | Arene | Haloalkane,Ether=0.4342,Amide=0.7457 | Amine=0.5560 | Arene=0.7313 | Haloalkane=0.8088
261897,4,1,5,Alkane | Amine | Arene | Haloalkane | Ketone | Sulfide | Thioamide,Alkane | Amide | Arene | Haloalkane,Amine | Ketone | Sulfide | Thioamide,Amide,Amine=0.3279 | Ketone=0.2314 | Sulfide=0.3496 | Thioamide=0.3900,Amide=0.6120
612260,5,0,5,Alkane | Alkene | Amine | Enamine | Haloalkane | Hydrazine | Hydrazone,Alkane | Amine,Alkene | Enamine | Haloalkane | Hydrazine | Hydrazone,,Alkene=0.0368 | Enamine=0.2165 | Haloalkane=0.4644 | Hydrazine=0.0469 | Hydrazone=0.4657,
163274,4,1,5,Alkane | Alkene | Amide | Arene | Haloalkane | Imide | Sulfide,Alkane | Arene | Ether | Haloalkane,Alkene | Amide | Imide | Sulfide,Ether,Alkene=0.0732 | Amide=0.3962 | Imide=0.4290 | Sulfide=0.1440,Ether=0.5845
82831,4,1,5,Alkane | Amine | Arene | Carbamate | Ether | Haloalkane | Ketone,Alkane | Amide | Arene | Ether,Amine | Carbamate | Haloalkane | Ketone,Amide,Amine=0.4106 | Carbamate=0.0110 | Haloalkane=0.4447 | Ketone=0.0689,Amide=0.7216
561044,4,1,5,Alcohol | Alkane | Alkene | Amine | Ether | Haloalkane | Sulfide,Alkane | Amine | Arene | Ether,Alcohol | Alkene | Haloalkane | Sulfide,Arene,Alcohol=0.4368 | Alkene=0.4071 | Haloalkane=0.4421 | Sulfide=0.2003,Arene=0.8983
283705,4,1,5,Alkane | Alkene | Amine | Arene | Ether | Haloalkane | Ketone | Sulfide,Alkane | Amide | Amine | Arene | Haloalkane,Alkene | Ether | Ketone | Sulfide,Amide,Alkene=0.1973 | Ether=0.4589 | Ketone=0.0532 | Sulfide=0.2994,Amide=0.6608
589234,5,0,5,Alkane | Arene | Ester | Ether | Haloalkane | Ketone | Sulfide,Alkane | Arene,Ester | Ether | Haloalkane | Ketone | Sulfide,,Ester=0.1499 | Ether=0.4888 | Haloalkane=0.4068 | Ketone=0.0177 | Sulfide=0.3762,
471132,5,0,5,Alkane | Alkene | Amide | Arene | Ether | Haloalkane | Sulfide,Alkane | Arene,Alkene | Amide | Ether | Haloalkane | Sulfide,,Alkene=0.1752 | Amide=0.3791 | Ether=0.2357 | Haloalkane=0.4857 | Sulfide=0.2788,
374435,2,3,5,Alkane | Arene | Haloalkane | Imine | Sulfide,Alcohol | Alkane | Arene | Ester | Ether | Haloalkane,Imine | Sulfide,Alcohol | Ester | Ether,Imine=0.0362 | Sulfide=0.1025,Alcohol=0.9284 | Ester=0.5759 | Ether=0.6013
317978,2,3,5,Alkane | Amine | Arene | Ketone,Alkane | Arene | Ester | Ether | Haloalkane,Amine | Ketone,Ester | Ether | Haloalkane,Amine=0.3229 | Ketone=0.2149,Ester=0.5813 | Ether=0.7920 | Haloalkane=0.7414
306507,4,1,5,Alkane | Alkene | Amine | Arene | Enamine | Ester | Ether,Alkane | Amide | Amine | Arene,Alkene | Enamine | Ester | Ether,Amide,Alkene=0.1119 | Enamine=0.1375 | Ester=0.2380 | Ether=0.4778,Amide=0.6607
382013,2,3,5,Alkane | Amine | Haloalkane | Sulfide,Alcohol | Alkane | Amide | Amine | Arene,Haloalkane | Sulfide,Alcohol | Amide | Arene,Haloalkane=0.2359 | Sulfide=0.2343,Alcohol=0.7939 | Amide=0.5018 | Arene=0.7210
128639,5,0,5,Alcohol | Alkane | Alkene | Amide | Amine | Arene | Enamine | Ether | Ketone | Nitrile,Alcohol | Alkane | Arene | Ether | Nitrile,Alkene | Amide | Amine | Enamine | Ketone,,Alkene=0.1890 | Amide=0.1567 | Amine=0.2975 | Enamine=0.0257 | Ketone=0.3316,
629715,3,2,5,Alcohol | Alkane | Alkene | Amide | Amine | Carboxylic acid | Enamine | Ketone,Alcohol | Alkane | Alkene | Amine | Arene | Carboxylic acid | Ether,Amide | Enamine | Ketone,Arene | Ether,Amide=0.2759 | Enamine=0.0554 | Ketone=0.4449,Arene=0.5676 | Ether=0.5419
716277,5,0,5,Alkane | Alkene | Alkyne | Amine | Arene | Enamine | Haloalkane | Ketone,Alkane | Amine | Arene,Alkene | Alkyne | Enamine | Haloalkane | Ketone,,Alkene=0.1635 | Alkyne=0.0248 | Enamine=0.3397 | Haloalkane=0.2769 | Ketone=0.0460,
492794,4,1,5,Alcohol | Alkane | Alkene | Alkyne | Amide | Arene | Carboxylic acid | Enol | Ketone,Alcohol | Alkane | Amide | Arene | Carboxylic acid | Ether,Alkene | Alkyne | Enol | Ketone,Ether,Alkene=0.0341 | Alkyne=0.0216 | Enol=0.1546 | Ketone=0.1620,Ether=0.5266
66418,5,0,5,Alcohol | Alkane | Amide | Amine | Arene | Haloalkane | Phenol | Sulfide,Amide | Amine | Arene,Alcohol | Alkane | Haloalkane | Phenol | Sulfide,,Alcohol=0.1265 | Alkane=0.4941 | Haloalkane=0.3387 | Phenol=0.0179 | Sulfide=0.3533,
658655,3,2,5,Alkane | Alkyne | Amide | Arene | Haloalkane | Imine,Alkane | Amide | Amine | Arene | Nitrile,Alkyne | Haloalkane | Imine,Amine | Nitrile,Alkyne=0.1448 | Haloalkane=0.4494 | Imine=0.0857,Amine=0.6266 | Nitrile=0.5661
441295,5,0,5,Alkane | Alkene | Amide | Amine | Enamine | Imine | Nitrile | Sulfone,Alkane | Amide | Nitrile,Alkene | Amine | Enamine | Imine | Sulfone,,Alkene=0.0721 | Amine=0.4163 | Enamine=0.0117 | Imine=0.0017 | Sulfone=0.4264,
336435,3,2,5,Alkane | Amide | Hydrazone | Sulfide,Alkane | Arene | Ether,Amide | Hydrazone | Sulfide,Arene | Ether,Amide=0.3777 | Hydrazone=0.1090 | Sulfide=0.4078,Arene=0.8313 | Ether=0.6791
471731,3,2,5,Alcohol | Alkane | Alkene | Arene | Haloalkane | Ketone | Phenol,Alcohol | Alkane | Arene | Ester | Ether | Phenol,Alkene | Haloalkane | Ketone,Ester | Ether,Alkene=0.2778 | Haloalkane=0.3575 | Ketone=0.2688,Ester=0.5294 | Ether=0.7422
539257,3,2,5,Alkane | Alkene | Amide | Arene | Imide | Nitrile,Alkane | Amide | Arene | Ether | Haloalkane,Alkene | Imide | Nitrile,Ether | Haloalkane,Alkene=0.0329 | Imide=0.0143 | Nitrile=0.1248,Ether=0.6797 | Haloalkane=0.5356
789012,3,2,5,Alkane | Amide | Amine | Arene | Imide,Alcohol | Alkane | Arene | Ether,Amide | Amine | Imide,Alcohol | Ether,Amide=0.1112 | Amine=0.2697 | Imide=0.0532,Alcohol=0.7455 | Ether=0.5182
784461,5,0,5,Alcohol | Alkane | Alkene | Amide | Carboxylic acid | Enamine | Ester | Ether | Ketone | Sulfide,Alcohol | Alkane | Amide | Carboxylic acid | Ether,Alkene | Enamine | Ester | Ketone | Sulfide,,Alkene=0.1572 | Enamine=0.0610 | Ester=0.1449 | Ketone=0.0958 | Sulfide=0.1223,
236265,5,0,5,Alcohol | Alkane | Alkene | Amide | Amine | Arene | Carbamate | Carboxylic acid | Enamine | Ether | Haloalkane,Alcohol | Alkane | Arene | Carbamate | Carboxylic acid | Ether,Alkene | Amide | Amine | Enamine | Haloalkane,,Alkene=0.0650 | Amide=0.2788 | Amine=0.4973 | Enamine=0.1094 | Haloalkane=0.2820,
182821,2,3,5,Alkane | Amine | Arene | Ether | Sulfide,Alcohol | Alkane | Arene | Ether | Haloalkane | Phenol,Amine | Sulfide,Alcohol | Haloalkane | Phenol,Amine=0.4025 | Sulfide=0.1204,Alcohol=0.7174 | Haloalkane=0.7342 | Phenol=0.5816
36540,3,2,5,Alkane | Amide | Arene | Haloalkane | Sulfide,Alkane | Amine | Arene | Ether,Amide | Haloalkane | Sulfide,Amine | Ether,Amide=0.4664 | Haloalkane=0.3238 | Sulfide=0.2917,Amine=0.5826 | Ether=0.7216
163166,4,1,5,Alkane | Arene | Haloalkane | Ketone | Sulfide,Alkane | Alkene,Arene | Haloalkane | Ketone | Sulfide,Alkene,Arene=0.0488 | Haloalkane=0.2302 | Ketone=0.3362 | Sulfide=0.1993,Alkene=0.8724
308937,3,2,5,Alkane | Amine | Arene | Carbamate | Ether | Sulfide | Thioamide,Alkane | Amide | Amine | Arene | Ether | Haloalkane,Carbamate | Sulfide | Thioamide,Amide | Haloalkane,Carbamate=0.2477 | Sulfide=0.0539 | Thioamide=0.0075,Amide=0.5191 | Haloalkane=0.6732
296016,4,1,5,Alkane | Alkene | Amide | Amine | Arene | Enamine | Sulfonamide,Alkane | Amine | Arene | Ether,Alkene | Amide | Enamine | Sulfonamide,Ether,Alkene=0.1801 | Amide=0.4098 | Enamine=0.2089 | Sulfonamide=0.2444,Ether=0.7299
697113,3,2,5,Alkane | Alkene | Amide | Amine | Arene | Sulfone,Alkane | Arene | Ether | Haloalkane | Sulfone,Alkene | Amide | Amine,Ether | Haloalkane,Alkene=0.4831 | Amide=0.3762 | Amine=0.0605,Ether=0.7067 | Haloalkane=0.5336
432472,5,0,5,Alkane | Alkene | Amine | Arene | Enamine | Ester | Ether | Haloalkane | Sulfide,Alkane | Arene | Ether | Haloalkane,Alkene | Amine | Enamine | Ester | Sulfide,,Alkene=0.1021 | Amine=0.4745 | Enamine=0.1330 | Ester=0.1222 | Sulfide=0.2403,
138468,5,0,5,Alcohol | Alkane | Alkene | Amide | Arene | Enol | Ester | Ether | Haloalkane | Ketone,Alkane | Amide | Arene | Enol | Ether,Alcohol | Alkene | Ester | Haloalkane | Ketone,,Alcohol=0.0035 | Alkene=0.0615 | Ester=0.1263 | Haloalkane=0.3374 | Ketone=0.1153,
176574,4,1,5,Alkane | Alkene | Amide | Amine | Arene | Haloalkane | Imide,Alkane | Arene | Ether | Haloalkane,Alkene | Amide | Amine | Imide,Ether,Alkene=0.0677 | Amide=0.2038 | Amine=0.0340 | Imide=0.3351,Ether=0.6565
334460,2,3,5,Alkene | Arene | Sulfonate,Alkane | Arene | Ester | Ether,Alkene | Sulfonate,Alkane | Ester | Ether,Alkene=0.1460 | Sulfonate=0.0659,Alkane=0.9937 | Ester=0.5921 | Ether=0.7058
441220,3,2,5,Alkane | Alkene | Ester | Ether,Alkane | Arene | Haloalkane,Alkene | Ester | Ether,Arene | Haloalkane,Alkene=0.1097 | Ester=0.1836 | Ether=0.2859,Arene=0.7479 | Haloalkane=0.6247
384953,3,2,5,Alcohol | Alkane | Alkene | Amide | Arene | Enamine | Sulfide,Alcohol | Alkane | Amide | Amine | Arene | Ether,Alkene | Enamine | Sulfide,Amine | Ether,Alkene=0.0814 | Enamine=0.1045 | Sulfide=0.1494,Amine=0.5752 | Ether=0.5153
772935,3,2,5,Alkane | Amine | Arene | Ether | Sulfide,Alkane | Amide | Arene | Nitrile,Amine | Ether | Sulfide,Amide | Nitrile,Amine=0.4922 | Ether=0.4391 | Sulfide=0.2207,Amide=0.5680 | Nitrile=0.8517
650579,4,1,5,Alkane | Amine | Arene | Ether | Haloalkane | Nitrile | Sulfide | Thioamide,Alkane | Amide | Arene | Ether | Nitrile,Amine | Haloalkane | Sulfide | Thioamide,Amide,Amine=0.1119 | Haloalkane=0.4859 | Sulfide=0.4651 | Thioamide=0.0811,Amide=0.7691
734515,5,0,5,Alcohol | Alkane | Alkene | Amine | Arene | Enamine | Ester | Ether | Haloalkane,Alcohol | Alkane | Arene | Enamine,Alkene | Amine | Ester | Ether | Haloalkane,,Alkene=0.2568 | Amine=0.3868 | Ester=0.0738 | Ether=0.3743 | Haloalkane=0.3510,
490615,4,1,5,Amine | Arene | Ester | Ether | Haloalkane,Alkane | Arene,Amine | Ester | Ether | Haloalkane,Alkane,Amine=0.0372 | Ester=0.3419 | Ether=0.3622 | Haloalkane=0.3574,Alkane=0.6008
213548,2,3,5,Alcohol | Alkane | Arene | Ketone | Phenol | Sulfide,Alcohol | Alkane | Arene | Ester | Ether | Haloalkane | Phenol,Ketone | Sulfide,Ester | Ether | Haloalkane,Ketone=0.3881 | Sulfide=0.0898,Ester=0.7397 | Ether=0.5810 | Haloalkane=0.6207
91202,1,4,5,Alcohol | Alkane | Carboxylic acid | Sulfide,Alcohol | Alkane | Arene | Carboxylic acid | Ester | Ether | Haloalkane,Sulfide,Arene | Ester | Ether | Haloalkane,Sulfide=0.2148,Arene=0.9375 | Ester=0.8060 | Ether=0.8390 | Haloalkane=0.6179
792364,3,2,5,Alkane | Amine | Carbamate | Ether | Imide,Alkane | Arene | Ester | Ether,Amine | Carbamate | Imide,Arene | Ester,Amine=0.0564 | Carbamate=0.0733 | Imide=0.1757,Arene=0.7291 | Ester=0.6250
118890,3,2,5,Alkane | Alkene | Amide | Amine | Arene,Alkane | Arene | Haloalkane | Phenol,Alkene | Amide | Amine,Haloalkane | Phenol,Alkene=0.1552 | Amide=0.3119 | Amine=0.4503,Haloalkane=0.5862 | Phenol=0.8011
135316,2,3,5,Alkane | Amine | Arene | Haloalkane | Ketone,Alcohol | Alkane | Arene | Ester | Ether | Haloalkane,Amine | Ketone,Alcohol | Ester | Ether,Amine=0.2296 | Ketone=0.2615,Alcohol=0.7216 | Ester=0.5684 | Ether=0.7124
57073,4,1,5,Alcohol | Alkane | Amide | Amine | Carboxylic acid | Haloalkane | Ketone,Alcohol | Alkane | Carboxylic acid | Ether,Amide | Amine | Haloalkane | Ketone,Ether,Amide=0.3173 | Amine=0.3869 | Haloalkane=0.2818 | Ketone=0.1838,Ether=0.6387
441689,4,1,5,Alcohol | Alkane | Alkyne | Amine | Arene | Haloalkane | Sulfonamide,Alcohol | Alkane | Arene | Ether,Alkyne | Amine | Haloalkane | Sulfonamide,Ether,Alkyne=0.3107 | Amine=0.4973 | Haloalkane=0.4900 | Sulfonamide=0.0954,Ether=0.5326
215522,4,1,5,Alcohol | Alkane | Alkene | Amine | Arene | Enamine | Ether | Phenol,Alcohol | Alkane | Arene | Haloalkane | Phenol,Alkene | Amine | Enamine | Ether,Haloalkane,Alkene=0.1939 | Amine=0.0974 | Enamine=0.4052 | Ether=0.4919,Haloalkane=0.5196
694022,3,2,5,Alkane | Amide | Arene | Carbamate | Ether | Imide | Sulfide,Alkane | Arene | Ester | Ether | Haloalkane | Imide,Amide | Carbamate | Sulfide,Ester | Haloalkane,Amide=0.2935 | Carbamate=0.0342 | Sulfide=0.1438,Ester=0.7003 | Haloalkane=0.5335
528306,5,0,5,Alkane | Alkene | Alkyne | Amide | Amine | Arene | Ether | Haloalkane | Sulfonamide,Alkane | Amine | Arene | Sulfonamide,Alkene | Alkyne | Amide | Ether | Haloalkane,,Alkene=0.1753 | Alkyne=0.0513 | Amide=0.2548 | Ether=0.3607 | Haloalkane=0.4632,
259254,5,0,5,Alcohol | Alkane | Amide | Amine | Arene | Carboxylic acid | Ether | Haloalkane | Sulfide,Alcohol | Alkane | Arene | Ether,Amide | Amine | Carboxylic acid | Haloalkane | Sulfide,,Amide=0.4164 | Amine=0.2218 | Carboxylic acid=0.3827 | Haloalkane=0.2717 | Sulfide=0.3839,
568004,4,1,5,Alkane | Alkene | Amine | Arene | Enamine | Ether | Ketone,Alkane | Arene | Ester | Ether,Alkene | Amine | Enamine | Ketone,Ester,Alkene=0.1207 | Amine=0.2183 | Enamine=0.0613 | Ketone=0.2503,Ester=0.5236
389224,4,1,5,Alkane | Alkene | Amide | Arene | Enamine | Ether | Imine,Alkane | Arene | Ether | Ketone,Alkene | Amide | Enamine | Imine,Ketone,Alkene=0.4023 | Amide=0.1565 | Enamine=0.1019 | Imine=0.0961,Ketone=0.5359
344875,4,1,5,Alkane | Amine | Ester | Ether | Haloalkane | Sulfide,Alkane | Carbamate | Ether,Amine | Ester | Haloalkane | Sulfide,Carbamate,Amine=0.4243 | Ester=0.4347 | Haloalkane=0.3185 | Sulfide=0.2396,Carbamate=0.5901
30800,3,2,5,Alkane | Amine | Arene | Ester | Ether | Sulfide,Alkane | Amide | Amine | Arene | Haloalkane,Ester | Ether | Sulfide,Amide | Haloalkane,Ester=0.1655 | Ether=0.3446 | Sulfide=0.1449,Amide=0.5880 | Haloalkane=0.5167
697692,5,0,5,Alkane | Alkene | Amine | Enamine | Ether | Ketone,Alkane,Alkene | Amine | Enamine | Ether | Ketone,,Alkene=0.1150 | Amine=0.4078 | Enamine=0.2573 | Ether=0.3939 | Ketone=0.2854,
608619,5,0,5,Alkane | Alkene | Amide | Amine | Enamine | Ester | Ether,Alkane | Ether,Alkene | Amide | Amine | Enamine | Ester,,Alkene=0.1420 | Amide=0.4525 | Amine=0.2534 | Enamine=0.1085 | Ester=0.2088,
448217,3,2,5,Alcohol | Alkane | Alkene | Enol | Haloalkane | Ketone | Sulfide,Alcohol | Alkane | Arene | Enol | Haloalkane | Phenol,Alkene | Ketone | Sulfide,Arene | Phenol,Alkene=0.1098 | Ketone=0.1221 | Sulfide=0.1568,Arene=0.9377 | Phenol=0.6589
146793,2,3,5,Alkane | Amide | Arene | Sulfide,Alkane | Arene | Carbamate | Ester | Ether,Amide | Sulfide,Carbamate | Ester | Ether,Amide=0.2566 | Sulfide=0.1277,Carbamate=0.7055 | Ester=0.8344 | Ether=0.8494
428302,4,1,5,Alkane | Alkene | Amide | Amine | Arene | Enamine | Haloalkane | Imine,Alkane | Amide | Amine | Arene | Ether,Alkene | Enamine | Haloalkane | Imine,Ether,Alkene=0.0427 | Enamine=0.0409 | Haloalkane=0.4643 | Imine=0.1585,Ether=0.6346
165015,3,2,5,Alkane | Amide | Amine | Imide,Alkane | Arene | Haloalkane,Amide | Amine | Imide,Arene | Haloalkane,Amide=0.1930 | Amine=0.0946 | Imide=0.2610,Arene=0.5300 | Haloalkane=0.5483
317683,4,1,5,Alcohol | Alkane | Alkene | Amide | Amine | Arene | Enol,Alcohol | Alkane | Arene | Haloalkane,Alkene | Amide | Amine | Enol,Haloalkane,Alkene=0.0626 | Amide=0.2616 | Amine=0.4447 | Enol=0.4797,Haloalkane=0.5433
473145,2,3,5,Alkane | Alkene | Ketone | Sulfide,Alkane | Alkene | Arene | Ester | Ether,Ketone | Sulfide,Arene | Ester | Ether,Ketone=0.0735 | Sulfide=0.1158,Arene=0.8635 | Ester=0.6396 | Ether=0.7798
497350,5,0,5,Alcohol | Alkane | Alkene | Amine | Arene | Carboxylic acid | Enamine | Ester | Ether | Haloalkane | Sulfide,Alcohol | Alkane | Amine | Arene | Carboxylic acid | Haloalkane,Alkene | Enamine | Ester | Ether | Sulfide,,Alkene=0.0566 | Enamine=0.0416 | Ester=0.0098 | Ether=0.2884 | Sulfide=0.1644,
42232,4,1,5,Alkane | Amine | Arene | Ester | Ether | Hydrazine | Ketone | Sulfide,Alkane | Amide | Amine | Arene | Hydrazine,Ester | Ether | Ketone | Sulfide,Amide,Ester=0.1019 | Ether=0.4125 | Ketone=0.0377 | Sulfide=0.2790,Amide=0.7918
341523,5,0,5,Alcohol | Alkane | Amine | Ester | Ether | Sulfide | Sulfonamide,Alcohol | Alkane,Amine | Ester | Ether | Sulfide | Sulfonamide,,Amine=0.2329 | Ester=0.0435 | Ether=0.3249 | Sulfide=0.2470 | Sulfonamide=0.0131,
517309,4,1,5,Alkane | Amide | Amine | Arene | Haloalkane | Hydrazine | Nitrile | Sulfide,Alkane | Amine | Arene | Ether | Haloalkane,Amide | Hydrazine | Nitrile | Sulfide,Ether,Amide=0.2102 | Hydrazine=0.4309 | Nitrile=0.0854 | Sulfide=0.1326,Ether=0.6160
534841,3,2,5,Acyl halide | Alkene | Arene | Haloalkane | Ketone,Alkane | Arene | Ether | Haloalkane,Acyl halide | Alkene | Ketone,Alkane | Ether,Acyl halide=0.3796 | Alkene=0.1990 | Ketone=0.2997,Alkane=0.7239 | Ether=0.6649
112793,3,2,5,Alkane | Alkene | Amide | Arene | Enamine | Nitrile,Alkane | Arene | Ester | Ether | Nitrile,Alkene | Amide | Enamine,Ester | Ether,Alkene=0.1334 | Amide=0.1613 | Enamine=0.0412,Ester=0.6833 | Ether=0.7079
329879,5,0,5,Alkane | Alkene | Arene | Ester | Ether | Ketone | Sulfide,Alkane | Arene,Alkene | Ester | Ether | Ketone | Sulfide,,Alkene=0.4501 | Ester=0.2908 | Ether=0.3580 | Ketone=0.0684 | Sulfide=0.2060,
212819,3,2,5,Alcohol | Alkane | Amide | Amine | Arene | Haloalkane | Phenol,Alcohol | Alkane | Arene | Ester | Ether | Haloalkane,Amide | Amine | Phenol,Ester | Ether,Amide=0.1600 | Amine=0.2371 | Phenol=0.4911,Ester=0.5116 | Ether=0.6527
498607,4,1,5,Alkane | Amide | Arene | Ether | Haloalkane | Sulfide | Sulfonamide,Alkane | Amine | Arene | Haloalkane,Amide | Ether | Sulfide | Sulfonamide,Amine,Amide=0.1814 | Ether=0.4547 | Sulfide=0.3202 | Sulfonamide=0.4926,Amine=0.6337
588289,4,1,5,Alkane | Alkene | Arene | Enamine | Ester | Ether | Haloalkane,Alkane | Amide | Arene | Haloalkane,Alkene | Enamine | Ester | Ether,Amide,Alkene=0.1766 | Enamine=0.2686 | Ester=0.3769 | Ether=0.4389,Amide=0.6689
96019,5,0,5,Alkane | Alkene | Amide | Amine | Arene | Enamine | Ether | Thioamide,Alkane | Arene | Ether,Alkene | Amide | Amine | Enamine | Thioamide,,Alkene=0.1418 | Amide=0.4322 | Amine=0.1805 | Enamine=0.0187 | Thioamide=0.0270,
632865,4,1,5,Alkane | Amide | Amine | Arene | Ether | Hydrazine | Sulfide | Thioamide,Alkane | Amide | Arene | Haloalkane | Hydrazine,Amine | Ether | Sulfide | Thioamide,Haloalkane,Amine=0.1435 | Ether=0.4526 | Sulfide=0.3322 | Thioamide=0.1910,Haloalkane=0.6141
766410,5,0,5,Alkane | Alkene | Amide | Amine | Arene | Enamine | Ether | Haloalkane | Imide,Alkane | Amide | Arene | Ether,Alkene | Amine | Enamine | Haloalkane | Imide,,Alkene=0.0544 | Amine=0.4825 | Enamine=0.0355 | Haloalkane=0.3732 | Imide=0.1775,
658609,2,3,5,Alkane | Amide | Amine | Arene | Ketone,Alkane | Amine | Arene | Ester | Ether | Haloalkane,Amide | Ketone,Ester | Ether | Haloalkane,Amide=0.3777 | Ketone=0.2939,Ester=0.6366 | Ether=0.7236 | Haloalkane=0.5640
511833,2,3,5,Alkane | Amide | Amine | Arene | Haloalkane | Sulfonamide,Alcohol | Alkane | Arene | Ester | Ether | Haloalkane | Sulfonamide,Amide | Amine,Alcohol | Ester | Ether,Amide=0.1126 | Amine=0.3961,Alcohol=0.9864 | Ester=0.5871 | Ether=0.6335
61554,5,0,5,Alkane | Alkene | Amide | Arene | Ether | Haloalkane | Imide | Sulfide,Alkane | Arene | Haloalkane,Alkene | Amide | Ether | Imide | Sulfide,,Alkene=0.0264 | Amide=0.0735 | Ether=0.2627 | Imide=0.0906 | Sulfide=0.1531,
629863,4,1,5,Alkane | Amide | Amine | Arene | Haloalkane | Sulfide | Sulfonamide,Alkane | Amine | Arene | Ether,Amide | Haloalkane | Sulfide | Sulfonamide,Ether,Amide=0.0791 | Haloalkane=0.4942 | Sulfide=0.3516 | Sulfonamide=0.0928,Ether=0.6371
652964,4,1,5,Alkane | Alkyne | Amide | Arene | Ester | Ether | Sulfone,Alkane | Arene | Haloalkane | Sulfone,Alkyne | Amide | Ester | Ether,Haloalkane,Alkyne=0.0669 | Amide=0.1705 | Ester=0.2268 | Ether=0.4297,Haloalkane=0.7587
14442,3,2,5,Alkane | Amide | Amine | Arene | Sulfide,Alkane | Arene | Ether | Haloalkane,Amide | Amine | Sulfide,Ether | Haloalkane,Amide=0.1446 | Amine=0.2523 | Sulfide=0.2503,Ether=0.7410 | Haloalkane=0.5853
378308,5,0,5,Alkane | Alkene | Amine | Arene | Enamine | Ester | Ether | Haloalkane,Alkane | Arene | Ether,Alkene | Amine | Enamine | Ester | Haloalkane,,Alkene=0.0844 | Amine=0.1936 | Enamine=0.0455 | Ester=0.1581 | Haloalkane=0.4282,
380955,3,2,5,Alkane | Amine | Sulfide | Thioamide,Alkane | Amide | Arene,Amine | Sulfide | Thioamide,Amide | Arene,Amine=0.0860 | Sulfide=0.2477 | Thioamide=0.1474,Amide=0.5607 | Arene=0.9205
766703,3,2,5,Alkane | Amide | Ester | Ether | Haloalkane | Sulfide,Alkane | Amide | Amine | Arene | Ether,Ester | Haloalkane | Sulfide,Amine | Arene,Ester=0.3350 | Haloalkane=0.4938 | Sulfide=0.2565,Amine=0.5299 | Arene=0.8888
204898,3,2,5,Alkane | Alkene | Arene | Enamine | Haloalkane | Ketone,Alkane | Amide | Amine | Arene | Haloalkane,Alkene | Enamine | Ketone,Amide | Amine,Alkene=0.1114 | Enamine=0.0528 | Ketone=0.0512,Amide=0.8251 | Amine=0.5562
438396,5,0,5,Alkane | Alkene | Amide | Amine | Arene | Enamine | Ether | Haloalkane | Sulfonamide,Alkane | Amine | Arene | Ether,Alkene | Amide | Enamine | Haloalkane | Sulfonamide,,Alkene=0.0556 | Amide=0.2111 | Enamine=0.0212 | Haloalkane=0.2870 | Sulfonamide=0.1416,
309600,5,0,5,Alkane | Alkene | Amine | Arene | Enamine | Ester | Ether | Nitrile,Alkane | Arene | Nitrile,Alkene | Amine | Enamine | Ester | Ether,,Alkene=0.0845 | Amine=0.4966 | Enamine=0.1112 | Ester=0.1200 | Ether=0.3393,
106545,5,0,5,Alcohol | Alkane | Alkene | Amine | Arene | Enamine | Haloalkane | Sulfide,Alcohol | Alkane | Arene,Alkene | Amine | Enamine | Haloalkane | Sulfide,,Alkene=0.0868 | Amine=0.4572 | Enamine=0.0123 | Haloalkane=0.3943 | Sulfide=0.1365,
705073,3,2,5,Alkane | Amine | Ether | Sulfide | Sulfoxide,Alkane | Arene | Ether | Haloalkane,Amine | Sulfide | Sulfoxide,Arene | Haloalkane,Amine=0.3011 | Sulfide=0.2397 | Sulfoxide=0.1561,Arene=0.9097 | Haloalkane=0.7170
691416,3,2,5,Alkane | Alkene | Arene | Ketone | Sulfide,Alkane | Arene | Ether | Haloalkane,Alkene | Ketone | Sulfide,Ether | Haloalkane,Alkene=0.2658 | Ketone=0.2980 | Sulfide=0.3198,Ether=0.5138 | Haloalkane=0.5643
623250,2,3,5,Alcohol | Alkane | Ester | Ether | Phenol,Alcohol | Alkane | Amine | Arene | Carboxylic acid | Ether,Ester | Phenol,Amine | Arene | Carboxylic acid,Ester=0.3089 | Phenol=0.0860,Amine=0.7929 | Arene=0.5987 | Carboxylic acid=0.8419
274148,2,3,5,Alkane | Amide | Amine | Arene,Alcohol | Alkane | Arene | Ether | Phenol,Amide | Amine,Alcohol | Ether | Phenol,Amide=0.4401 | Amine=0.4062,Alcohol=0.8714 | Ether=0.5960 | Phenol=0.5227
291566,4,1,5,Alkane | Alkene | Amide | Arene | Imide,Arene | Haloalkane,Alkane | Alkene | Amide | Imide,Haloalkane,Alkane=0.3664 | Alkene=0.0580 | Amide=0.0445 | Imide=0.1756,Haloalkane=0.8649
635890,3,2,5,Alkane | Amide | Arene | Haloalkane | Sulfonate,Alkane | Arene | Ether | Sulfonamide,Amide | Haloalkane | Sulfonate,Ether | Sulfonamide,Amide=0.4398 | Haloalkane=0.1996 | Sulfonate=0.4569,Ether=0.8400 | Sulfonamide=0.6564
149780,3,2,5,Alkane | Amide | Arene | Carbamate | Ether | Imide,Alkane | Arene | Ester | Ether | Haloalkane,Amide | Carbamate | Imide,Ester | Haloalkane,Amide=0.1371 | Carbamate=0.0192 | Imide=0.0062,Ester=0.6391 | Haloalkane=0.8034
308158,4,1,5,Alkane | Alkene | Amine | Arene | Ester | Ether | Ketone,Alkane | Amide | Amine | Arene,Alkene | Ester | Ether | Ketone,Amide,Alkene=0.3204 | Ester=0.3341 | Ether=0.4747 | Ketone=0.0735,Amide=0.5955
232056,3,2,5,Alcohol | Alkane | Amide | Arene | Ether | Haloalkane | Imine,Alcohol | Alkane | Amine | Arene | Ether | Phenol,Amide | Haloalkane | Imine,Amine | Phenol,Amide=0.3349 | Haloalkane=0.4964 | Imine=0.0090,Amine=0.5979 | Phenol=0.5410
736846,5,0,5,Alkane | Alkene | Amide | Arene | Enamine | Ester | Ether | Imide | Sulfide,Alkane | Arene | Ester | Ether,Alkene | Amide | Enamine | Imide | Sulfide,,Alkene=0.1011 | Amide=0.3409 | Enamine=0.0464 | Imide=0.4964 | Sulfide=0.1065,
554066,4,1,5,Alcohol | Aldehyde | Alkane | Arene | Phenol | Sulfone,Alkane | Arene | Haloalkane,Alcohol | Aldehyde | Phenol | Sulfone,Haloalkane,Alcohol=0.2343 | Aldehyde=0.2123 | Phenol=0.0661 | Sulfone=0.3657,Haloalkane=0.5393
123282,5,0,5,Alkane | Alkene | Amine | Arene | Enamine | Ester | Ether | Ketone,Alkane | Arene | Ether,Alkene | Amine | Enamine | Ester | Ketone,,Alkene=0.1107 | Amine=0.4171 | Enamine=0.0661 | Ester=0.3964 | Ketone=0.0481,
99652,4,1,5,Alkane | Alkene | Amide | Arene | Carbamate | Ester | Ether | Imide,Alkane | Arene | Ester | Ether | Haloalkane,Alkene | Amide | Carbamate | Imide,Haloalkane,Alkene=0.2193 | Amide=0.3101 | Carbamate=0.2993 | Imide=0.1759,Haloalkane=0.5042
661133,2,3,5,Alkane | Alkene | Amine | Arene | Sulfide,Alkane | Amide | Amine | Arene | Ester | Ether,Alkene | Sulfide,Amide | Ester | Ether,Alkene=0.4349 | Sulfide=0.4125,Amide=0.6106 | Ester=0.5317 | Ether=0.6027
173258,3,2,5,Alcohol | Alkane | Alkene | Amide | Arene | Enol | Haloalkane,Alcohol | Alkane | Arene | Ether | Haloalkane | Phenol,Alkene | Amide | Enol,Ether | Phenol,Alkene=0.1487 | Amide=0.1831 | Enol=0.1701,Ether=0.5707 | Phenol=0.5825
213377,3,2,5,Alcohol | Alkyne | Arene | Carbamate | Carboxylic acid | Ether,Alcohol | Alkane | Amide | Arene | Carboxylic acid,Alkyne | Carbamate | Ether,Alkane | Amide,Alkyne=0.0089 | Carbamate=0.1059 | Ether=0.3662,Alkane=0.8328 | Amide=0.5660
361725,4,1,5,Alkane | Alkene | Amide | Arene | Ether | Sulfide | Thioamide,Alkane | Arene | Ether | Haloalkane,Alkene | Amide | Sulfide | Thioamide,Haloalkane,Alkene=0.1032 | Amide=0.2229 | Sulfide=0.1108 | Thioamide=0.0787,Haloalkane=0.6223
422099,2,3,5,Alkane | Ester | Ether | Haloalkane,Alkane | Alkene | Arene | Ether | Nitrile,Ester | Haloalkane,Alkene | Arene | Nitrile,Ester=0.0562 | Haloalkane=0.4513,Alkene=0.6661 | Arene=0.6560 | Nitrile=0.5561
591369,3,2,5,Alcohol | Alkane | Alkene | Ester | Ether,Alcohol | Alkane | Arene | Haloalkane,Alkene | Ester | Ether,Arene | Haloalkane,Alkene=0.4824 | Ester=0.0668 | Ether=0.1333,Arene=0.6594 | Haloalkane=0.5080
554421,4,1,5,Alkane | Alkene | Amine | Arene | Ester | Ether | Ketone,Alkane | Amine | Arene | Haloalkane,Alkene | Ester | Ether | Ketone,Haloalkane,Alkene=0.3049 | Ester=0.0259 | Ether=0.2907 | Ketone=0.1965,Haloalkane=0.8383
168152,3,2,5,Alkane | Alkene | Amine | Arene | Enamine | Ketone,Alkane | Amine | Arene | Ether | Haloalkane,Alkene | Enamine | Ketone,Ether | Haloalkane,Alkene=0.0266 | Enamine=0.1575 | Ketone=0.0756,Ether=0.5105 | Haloalkane=0.6185
742802,3,2,5,Alkane | Arene | Carbamate | Ester | Ether | Isocyanate,Alkane | Amine | Arene | Ether | Haloalkane,Carbamate | Ester | Isocyanate,Amine | Haloalkane,Carbamate=0.0783 | Ester=0.4730 | Isocyanate=0.3353,Amine=0.5470 | Haloalkane=0.5457
683337,4,1,5,Alkane | Alkene | Amine | Enamine | Ketone,Alkane | Ether,Alkene | Amine | Enamine | Ketone,Ether,Alkene=0.1333 | Amine=0.1369 | Enamine=0.0361 | Ketone=0.2194,Ether=0.5700
260954,3,2,5,Alkane | Alkene | Amide | Arene | Ether,Alkane | Amine | Arene | Haloalkane,Alkene | Amide | Ether,Amine | Haloalkane,Alkene=0.4214 | Amide=0.3314 | Ether=0.2667,Amine=0.8514 | Haloalkane=0.6558
108140,2,3,5,Alkane | Amide | Amine | Arene | Imide | Sulfide,Alkane | Amide | Amine | Arene | Ester | Ether | Haloalkane,Imide | Sulfide,Ester | Ether | Haloalkane,Imide=0.1026 | Sulfide=0.1545,Ester=0.5118 | Ether=0.8218 | Haloalkane=0.5461
152348,3,2,5,Alkane | Amine | Arene | Haloalkane | Nitrile | Sulfide,Alkane | Arene | Ester | Ether | Nitrile,Amine | Haloalkane | Sulfide,Ester | Ether,Amine=0.4842 | Haloalkane=0.2668 | Sulfide=0.1959,Ester=0.6765 | Ether=0.6700
447349,4,1,5,Alkene | Amide | Amine | Arene | Haloalkane | Hydrazine | Imide,Alkane | Amide | Arene | Haloalkane,Alkene | Amine | Hydrazine | Imide,Alkane,Alkene=0.0831 | Amine=0.4123 | Hydrazine=0.3647 | Imide=0.3429,Alkane=0.5338
707035,5,0,5,Aldehyde | Alkane | Alkene | Amine | Arene | Enamine | Ether | Haloalkane,Alkane | Arene | Ether,Aldehyde | Alkene | Amine | Enamine | Haloalkane,,Aldehyde=0.1188 | Alkene=0.2280 | Amine=0.4677 | Enamine=0.1510 | Haloalkane=0.4498,
439972,4,1,5,Alcohol | Alkane | Amine | Arene | Ether | Haloalkane | Ketone | Phenol,Alcohol | Alkane | Amide | Amine | Arene,Ether | Haloalkane | Ketone | Phenol,Amide,Ether=0.4709 | Haloalkane=0.3268 | Ketone=0.0399 | Phenol=0.1972,Amide=0.6119
737876,3,2,5,Alkane | Arene | Haloalkane | Ketone | Sulfide | Sulfone,Alkane | Amine | Arene | Ether | Haloalkane,Ketone | Sulfide | Sulfone,Amine | Ether,Ketone=0.0330 | Sulfide=0.1707 | Sulfone=0.4329,Amine=0.6280 | Ether=0.5949
315313,5,0,5,Alcohol | Aldehyde | Alkane | Arene | Ether | Ketone | Phenol,Alkane | Ether,Alcohol | Aldehyde | Arene | Ketone | Phenol,,Alcohol=0.1351 | Aldehyde=0.3151 | Arene=0.0931 | Ketone=0.1946 | Phenol=0.1201,
260518,5,0,5,Alkane | Alkene | Amide | Arene | Enamine | Ester | Ether,Alkane | Arene,Alkene | Amide | Enamine | Ester | Ether,,Alkene=0.2812 | Amide=0.3010 | Enamine=0.2253 | Ester=0.1413 | Ether=0.4795,
290057,2,3,5,Alkane | Amide | Haloalkane | Imide,Alcohol | Alkane | Amine | Arene | Haloalkane,Amide | Imide,Alcohol | Amine | Arene,Amide=0.3535 | Imide=0.2454,Alcohol=0.5555 | Amine=0.5419 | Arene=0.9441
53038,3,2,5,Aldehyde | Alkane | Amine | Arene | Ether | Hydrazine | Thioamide,Alkane | Amide | Amine | Arene | Ether | Haloalkane,Aldehyde | Hydrazine | Thioamide,Amide | Haloalkane,Aldehyde=0.0834 | Hydrazine=0.3777 | Thioamide=0.4291,Amide=0.6392 | Haloalkane=0.6499
231591,3,2,5,Alkane | Alkene | Amine | Arene | Enamine | Ether,Aldehyde | Alkane | Arene | Ether | Haloalkane,Alkene | Amine | Enamine,Aldehyde | Haloalkane,Alkene=0.4658 | Amine=0.1779 | Enamine=0.0741,Aldehyde=0.5873 | Haloalkane=0.5285
12953,3,2,5,Alkane | Alkene | Amine | Ester | Ether | Haloalkane,Alkane | Amide | Amine | Arene | Ether,Alkene | Ester | Haloalkane,Amide | Arene,Alkene=0.3163 | Ester=0.1634 | Haloalkane=0.2328,Amide=0.7210 | Arene=0.7936
723425,4,1,5,Alkane | Alkene | Amine | Arene | Enamine | Ketone | Sulfonate,Alkane | Arene | Ether | Sulfonate,Alkene | Amine | Enamine | Ketone,Ether,Alkene=0.0803 | Amine=0.3795 | Enamine=0.0582 | Ketone=0.0895,Ether=0.5786
64645,5,0,5,Alcohol | Alkane | Amine | Arene | Carbamate | Ether | Haloalkane | Sulfide | Sulfonamide,Alkane | Amine | Arene | Haloalkane,Alcohol | Carbamate | Ether | Sulfide | Sulfonamide,,Alcohol=0.0126 | Carbamate=0.1395 | Ether=0.4009 | Sulfide=0.2330 | Sulfonamide=0.0791,
87112,3,2,5,Alkane | Alkene | Amide | Arene | Haloalkane | Sulfide | Sulfone,Alkane | Amine | Arene | Ether | Haloalkane | Sulfone,Alkene | Amide | Sulfide,Amine | Ether,Alkene=0.2477 | Amide=0.1842 | Sulfide=0.2137,Amine=0.7925 | Ether=0.5747
15928,5,0,5,Alcohol | Alkane | Alkene | Amide | Arene | Carbamate | Ether | Haloalkane | Imide | Sulfoxide,Alkane | Arene | Carbamate | Ether | Haloalkane,Alcohol | Alkene | Amide | Imide | Sulfoxide,,Alcohol=0.0306 | Alkene=0.1085 | Amide=0.3685 | Imide=0.0079 | Sulfoxide=0.0160,
640218,5,0,5,Alkane | Alkene | Amide | Ester | Ether | Haloalkane | Sulfide,Alkane | Ether,Alkene | Amide | Ester | Haloalkane | Sulfide,,Alkene=0.4264 | Amide=0.4852 | Ester=0.3544 | Haloalkane=0.2068 | Sulfide=0.1811,
447655,3,2,5,Alkane | Amine | Arene | Ether | Haloalkane | Hydrazone | Sulfide,Alkane | Arene | Ester | Ether | Haloalkane | Imine,Amine | Hydrazone | Sulfide,Ester | Imine,Amine=0.0220 | Hydrazone=0.0237 | Sulfide=0.1133,Ester=0.9271 | Imine=0.5157
750386,4,1,5,Alkane | Alkene | Arene | Carbamate | Enamine | Ether | Ketone,Alkane | Arene | Ester | Ether,Alkene | Carbamate | Enamine | Ketone,Ester,Alkene=0.1432 | Carbamate=0.0433 | Enamine=0.0296 | Ketone=0.1074,Ester=0.8098
129125,5,0,5,Alkane | Alkene | Amine | Arene | Enamine | Ester | Ether | Haloalkane | Sulfide,Alkane | Amine | Arene | Ether,Alkene | Enamine | Ester | Haloalkane | Sulfide,,Alkene=0.1330 | Enamine=0.4781 | Ester=0.0463 | Haloalkane=0.3085 | Sulfide=0.3843,
314615,3,2,5,Alkane | Alkene | Amine | Enamine | Ketone,Alkane | Amine | Arene | Ether,Alkene | Enamine | Ketone,Arene | Ether,Alkene=0.0443 | Enamine=0.0542 | Ketone=0.3047,Arene=0.9104 | Ether=0.7748
445840,4,1,5,Alcohol | Alkane | Alkene | Amide | Phenol | Sulfide | Thioamide,Alcohol | Alkane | Ether | Phenol,Alkene | Amide | Sulfide | Thioamide,Ether,Alkene=0.4942 | Amide=0.1454 | Sulfide=0.2185 | Thioamide=0.0167,Ether=0.7107
639168,4,1,5,Alkane | Alkene | Amine | Arene | Enamine | Ester | Ether,Alkane | Amide | Amine | Arene,Alkene | Enamine | Ester | Ether,Amide,Alkene=0.0945 | Enamine=0.2840 | Ester=0.0746 | Ether=0.3874,Amide=0.7351
588201,4,1,5,Alcohol | Alkane | Alkene | Amide | Carboxylic acid | Enamine | Haloalkane | Sulfide,Alcohol | Alkane | Amide | Carboxylic acid | Ether,Alkene | Enamine | Haloalkane | Sulfide,Ether,Alkene=0.0825 | Enamine=0.0142 | Haloalkane=0.1852 | Sulfide=0.1581,Ether=0.5764
448443,5,0,5,Alkane | Alkene | Amine | Arene | Enamine | Ester | Ether | Haloalkane | Ketone,Alkane | Amine | Arene | Haloalkane,Alkene | Enamine | Ester | Ether | Ketone,,Alkene=0.1119 | Enamine=0.2282 | Ester=0.1239 | Ether=0.3489 | Ketone=0.1176,
414884,3,2,5,Alcohol | Alkane | Amide | Arene | Haloalkane | Phenol,Alkane | Arene | Ester | Ether | Haloalkane,Alcohol | Amide | Phenol,Ester | Ether,Alcohol=0.0456 | Amide=0.4227 | Phenol=0.0242,Ester=0.6413 | Ether=0.5111
350717,3,2,5,Alkane | Alkene | Amine | Arene | Enamine | Hydrazine,Alkane | Amine | Arene | Ether | Haloalkane,Alkene | Enamine | Hydrazine,Ether | Haloalkane,Alkene=0.0369 | Enamine=0.0035 | Hydrazine=0.0016,Ether=0.6106 | Haloalkane=0.7722
627130,3,2,5,Alkane | Amide | Haloalkane | Sulfide | Sulfonamide,Alkane | Amine | Arene | Sulfonamide,Amide | Haloalkane | Sulfide,Amine | Arene,Amide=0.0614 | Haloalkane=0.4906 | Sulfide=0.2753,Amine=0.8453 | Arene=0.7986
533905,2,3,5,Alkane | Amide | Amine | Arene,Alkane | Arene | Ester | Ether | Haloalkane,Amide | Amine,Ester | Ether | Haloalkane,Amide=0.4157 | Amine=0.3412,Ester=0.7819 | Ether=0.8815 | Haloalkane=0.5201
421844,4,1,5,Alkane | Alkene | Arene | Ester | Ether | Haloalkane | Sulfone,Alkane | Amine | Arene | Ether,Alkene | Ester | Haloalkane | Sulfone,Amine,Alkene=0.0472 | Ester=0.3635 | Haloalkane=0.4722 | Sulfone=0.2587,Amine=0.5218
329331,4,1,5,Alcohol | Alkane | Alkene | Amine | Enamine | Ester | Ether | Ketone,Alcohol | Alkane | Amine | Arene | Ether,Alkene | Enamine | Ester | Ketone,Arene,Alkene=0.0784 | Enamine=0.0492 | Ester=0.1217 | Ketone=0.0703,Arene=0.7518
614374,3,2,5,Alkane | Amine | Arene | Carbamate | Ether,Alkane | Amide | Amine | Haloalkane,Arene | Carbamate | Ether,Amide | Haloalkane,Arene=0.3494 | Carbamate=0.0166 | Ether=0.4939,Amide=0.6339 | Haloalkane=0.7040
421219,3,2,5,Alcohol | Amine | Arene | Phenol | Sulfide,Alkane | Amine | Arene | Ether,Alcohol | Phenol | Sulfide,Alkane | Ether,Alcohol=0.0487 | Phenol=0.0531 | Sulfide=0.3009,Alkane=0.9987 | Ether=0.5642
382051,5,0,5,Alcohol | Alkane | Amide | Arene | Ester | Ether | Haloalkane | Hydrazone | Phenol | Sulfide,Alcohol | Alkane | Arene | Ether | Haloalkane,Amide | Ester | Hydrazone | Phenol | Sulfide,,Amide=0.4837 | Ester=0.2413 | Hydrazone=0.0448 | Phenol=0.1859 | Sulfide=0.2391,
255534,3,2,5,Alkane | Amide | Arene | Carbamate | Ether | Imide,Alkane | Alkene | Amine | Arene | Ether,Amide | Carbamate | Imide,Alkene | Amine,Amide=0.1315 | Carbamate=0.1354 | Imide=0.1277,Alkene=0.5451 | Amine=0.6366
41047,5,0,5,Alkane | Alkene | Amine | Arene | Enamine | Ether | Haloalkane | Ketone | Sulfide,Alkane | Arene | Ether | Haloalkane,Alkene | Amine | Enamine | Ketone | Sulfide,,Alkene=0.2779 | Amine=0.0803 | Enamine=0.0524 | Ketone=0.1833 | Sulfide=0.2674,
586053,5,0,5,Alkane | Alkene | Amine | Arene | Carbamate | Enamine | Ester | Ether | Haloalkane | Ketone,Alkane | Arene | Ester | Ether | Haloalkane,Alkene | Amine | Carbamate | Enamine | Ketone,,Alkene=0.2720 | Amine=0.3178 | Carbamate=0.0892 | Enamine=0.0723 | Ketone=0.0805,
333655,4,1,5,Alkane | Alkene | Amide | Arene | Carbamate | Ether | Hydrazine,Alkane | Amine | Arene | Ether,Alkene | Amide | Carbamate | Hydrazine,Amine,Alkene=0.0858 | Amide=0.3169 | Carbamate=0.3510 | Hydrazine=0.0712,Amine=0.7429
