class_index,label,threshold,precision,recall,f1
0,Acid anhydride,0.05,0.9137931034482759,0.828125,0.8688524590163934
0,Acid anhydride,0.060000000000000005,0.9454545454545454,0.8125,0.8739495798319328
0,Acid anhydride,0.07,0.9629629629629629,0.8125,0.8813559322033898
0,Acid anhydride,0.08000000000000002,0.9629629629629629,0.8125,0.8813559322033898
0,Acid anhydride,0.09000000000000001,0.9622641509433962,0.796875,0.8717948717948718
0,Acid anhydride,0.1,0.9622641509433962,0.796875,0.8717948717948718
0,Acid anhydride,0.11000000000000001,0.9807692307692307,0.796875,0.8793103448275862
0,Acid anhydride,0.12000000000000001,0.9807692307692307,0.796875,0.8793103448275862
0,Acid anhydride,0.13,0.9807692307692307,0.796875,0.8793103448275862
0,Acid anhydride,0.14,0.9807692307692307,0.796875,0.8793103448275862
0,Acid anhydride,0.15000000000000002,0.9807692307692307,0.796875,0.8793103448275862
0,Acid anhydride,0.16000000000000003,0.9807692307692307,0.796875,0.8793103448275862
0,Acid anhydride,0.17000000000000004,0.9807692307692307,0.796875,0.8793103448275862
0,Acid anhydride,0.18000000000000005,0.9807692307692307,0.796875,0.8793103448275862
0,Acid anhydride,0.19,1.0,0.796875,0.8869565217391304
0,Acid anhydride,0.2,1.0,0.796875,0.8869565217391304
0,Acid anhydride,0.21000000000000002,1.0,0.796875,0.8869565217391304
0,Acid anhydride,0.22000000000000003,1.0,0.796875,0.8869565217391304
0,Acid anhydride,0.23000000000000004,1.0,0.796875,0.8869565217391304
0,Acid anhydride,0.24000000000000005,1.0,0.78125,0.8771929824561403
0,Acid anhydride,0.25000000000000006,1.0,0.78125,0.8771929824561403
0,Acid anhydride,0.26000000000000006,1.0,0.78125,0.8771929824561403
0,Acid anhydride,0.27,1.0,0.78125,0.8771929824561403
0,Acid anhydride,0.28,1.0,0.78125,0.8771929824561403
0,Acid anhydride,0.29000000000000004,1.0,0.78125,0.8771929824561403
0,Acid anhydride,0.30000000000000004,1.0,0.78125,0.8771929824561403
0,Acid anhydride,0.31000000000000005,1.0,0.78125,0.8771929824561403
0,Acid anhydride,0.32000000000000006,1.0,0.78125,0.8771929824561403
0,Acid anhydride,0.33,1.0,0.78125,0.8771929824561403
0,Acid anhydride,0.34,1.0,0.78125,0.8771929824561403
0,Acid anhydride,0.35000000000000003,1.0,0.78125,0.8771929824561403
0,Acid anhydride,0.36000000000000004,1.0,0.78125,0.8771929824561403
0,Acid anhydride,0.37000000000000005,1.0,0.78125,0.8771929824561403
0,Acid anhydride,0.38000000000000006,1.0,0.78125,0.8771929824561403
0,Acid anhydride,0.39000000000000007,1.0,0.78125,0.8771929824561403
0,Acid anhydride,0.4000000000000001,1.0,0.78125,0.8771929824561403
0,Acid anhydride,0.4100000000000001,1.0,0.78125,0.8771929824561403
0,Acid anhydride,0.42000000000000004,1.0,0.78125,0.8771929824561403
0,Acid anhydride,0.43000000000000005,1.0,0.78125,0.8771929824561403
0,Acid anhydride,0.44000000000000006,1.0,0.78125,0.8771929824561403
0,Acid anhydride,0.45000000000000007,1.0,0.78125,0.8771929824561403
0,Acid anhydride,0.4600000000000001,1.0,0.78125,0.8771929824561403
0,Acid anhydride,0.4700000000000001,1.0,0.78125,0.8771929824561403
0,Acid anhydride,0.4800000000000001,1.0,0.78125,0.8771929824561403
0,Acid anhydride,0.49000000000000005,1.0,0.765625,0.8672566371681416
0,Acid anhydride,0.5000000000000001,1.0,0.765625,0.8672566371681416
0,Acid anhydride,0.5100000000000001,1.0,0.765625,0.8672566371681416
0,Acid anhydride,0.5200000000000001,1.0,0.765625,0.8672566371681416
0,Acid anhydride,0.5300000000000001,1.0,0.765625,0.8672566371681416
0,Acid anhydride,0.5400000000000001,1.0,0.765625,0.8672566371681416
0,Acid anhydride,0.5500000000000002,1.0,0.75,0.8571428571428571
0,Acid anhydride,0.5600000000000002,1.0,0.75,0.8571428571428571
0,Acid anhydride,0.5700000000000002,1.0,0.75,0.8571428571428571
0,Acid anhydride,0.5800000000000002,1.0,0.75,0.8571428571428571
0,Acid anhydride,0.5900000000000002,1.0,0.75,0.8571428571428571
0,Acid anhydride,0.6000000000000002,1.0,0.75,0.8571428571428571
0,Acid anhydride,0.6100000000000001,1.0,0.75,0.8571428571428571
0,Acid anhydride,0.6200000000000001,1.0,0.75,0.8571428571428571
0,Acid anhydride,0.6300000000000001,1.0,0.75,0.8571428571428571
0,Acid anhydride,0.6400000000000001,1.0,0.75,0.8571428571428571
0,Acid anhydride,0.6500000000000001,1.0,0.75,0.8571428571428571
0,Acid anhydride,0.6600000000000001,1.0,0.734375,0.8468468468468469
0,Acid anhydride,0.6700000000000002,1.0,0.734375,0.8468468468468469
0,Acid anhydride,0.6800000000000002,1.0,0.734375,0.8468468468468469
0,Acid anhydride,0.6900000000000002,1.0,0.734375,0.8468468468468469
0,Acid anhydride,0.7000000000000002,1.0,0.734375,0.8468468468468469
0,Acid anhydride,0.7100000000000002,1.0,0.734375,0.8468468468468469
0,Acid anhydride,0.7200000000000002,1.0,0.734375,0.8468468468468469
0,Acid anhydride,0.7300000000000002,1.0,0.734375,0.8468468468468469
0,Acid anhydride,0.7400000000000002,1.0,0.734375,0.8468468468468469
0,Acid anhydride,0.7500000000000002,1.0,0.734375,0.8468468468468469
0,Acid anhydride,0.7600000000000002,1.0,0.71875,0.8363636363636363
0,Acid anhydride,0.7700000000000002,1.0,0.71875,0.8363636363636363
0,Acid anhydride,0.7800000000000001,1.0,0.703125,0.8256880733944955
0,Acid anhydride,0.7900000000000001,1.0,0.703125,0.8256880733944955
0,Acid anhydride,0.8000000000000002,1.0,0.703125,0.8256880733944955
0,Acid anhydride,0.8100000000000002,1.0,0.671875,0.8037383177570093
0,Acid anhydride,0.8200000000000002,1.0,0.671875,0.8037383177570093
0,Acid anhydride,0.8300000000000002,1.0,0.609375,0.7572815533980582
0,Acid anhydride,0.8400000000000002,1.0,0.578125,0.7326732673267327
0,Acid anhydride,0.8500000000000002,1.0,0.578125,0.7326732673267327
0,Acid anhydride,0.8600000000000002,1.0,0.53125,0.6938775510204082
0,Acid anhydride,0.8700000000000002,1.0,0.5,0.6666666666666666
0,Acid anhydride,0.8800000000000002,1.0,0.4375,0.6086956521739131
0,Acid anhydride,0.8900000000000002,1.0,0.359375,0.5287356321839081
0,Acid anhydride,0.9000000000000002,1.0,0.328125,0.49411764705882355
0,Acid anhydride,0.9100000000000003,1.0,0.265625,0.41975308641975306
0,Acid anhydride,0.9200000000000003,1.0,0.171875,0.29333333333333333
0,Acid anhydride,0.9300000000000002,1.0,0.140625,0.2465753424657534
0,Acid anhydride,0.9400000000000002,1.0,0.09375,0.17142857142857143
0,Acid anhydride,0.9500000000000002,1.0,0.0625,0.11764705882352941
1,Acyl halide,0.05,0.3997613365155131,0.8230958230958231,0.5381526104417671
1,Acyl halide,0.060000000000000005,0.45555555555555555,0.8058968058968059,0.5820763087843833
1,Acyl halide,0.07,0.5031446540880503,0.7862407862407862,0.613614573346117
1,Acyl halide,0.08000000000000002,0.5547703180212014,0.7714987714987716,0.645426515930113
1,Acyl halide,0.09000000000000001,0.599609375,0.7542997542997543,0.6681175190424374
1,Acyl halide,0.1,0.6275720164609053,0.7493857493857494,0.683090705487122
1,Acyl halide,0.11000000000000001,0.6710816777041942,0.7469287469287469,0.7069767441860465
1,Acyl halide,0.12000000000000001,0.6932084309133489,0.7272727272727273,0.709832134292566
1,Acyl halide,0.13,0.7220843672456576,0.714987714987715,0.7185185185185186
1,Acyl halide,0.14,0.7364341085271318,0.7002457002457002,0.7178841309823678
1,Acyl halide,0.15000000000000002,0.7546666666666667,0.6953316953316954,0.7237851662404092
1,Acyl halide,0.16000000000000003,0.7741046831955923,0.6904176904176904,0.7298701298701299
1,Acyl halide,0.17000000000000004,0.7861271676300579,0.6683046683046683,0.7224435590969456
1,Acyl halide,0.18000000000000005,0.7976190476190477,0.6584766584766585,0.721399730820996
1,Acyl halide,0.19,0.8074534161490683,0.6388206388206388,0.7133058984910837
1,Acyl halide,0.2,0.8152866242038217,0.628992628992629,0.710124826629681
1,Acyl halide,0.21000000000000002,0.8372093023255814,0.6191646191646192,0.711864406779661
1,Acyl halide,0.22000000000000003,0.8508474576271187,0.6167076167076168,0.7150997150997151
1,Acyl halide,0.23000000000000004,0.8601398601398601,0.6044226044226044,0.70995670995671
1,Acyl halide,0.24000000000000005,0.8745519713261649,0.5995085995085995,0.7113702623906706
1,Acyl halide,0.25000000000000006,0.8727272727272727,0.5896805896805897,0.7038123167155426
1,Acyl halide,0.26000000000000006,0.8736059479553904,0.5773955773955773,0.6952662721893491
1,Acyl halide,0.27,0.8759398496240601,0.5724815724815725,0.6924219910846954
1,Acyl halide,0.28,0.8871595330739299,0.5601965601965602,0.6867469879518072
1,Acyl halide,0.29000000000000004,0.8862745098039215,0.5552825552825553,0.6827794561933535
1,Acyl halide,0.30000000000000004,0.8888888888888888,0.5503685503685504,0.6798179059180577
1,Acyl halide,0.31000000000000005,0.8943089430894309,0.5405405405405406,0.6738131699846861
1,Acyl halide,0.32000000000000006,0.9156118143459916,0.5331695331695332,0.6739130434782609
1,Acyl halide,0.33,0.9134199134199135,0.5184275184275184,0.6614420062695925
1,Acyl halide,0.34,0.9247787610619469,0.5135135135135135,0.660347551342812
1,Acyl halide,0.35000000000000003,0.9247787610619469,0.5135135135135135,0.660347551342812
1,Acyl halide,0.36000000000000004,0.9237668161434978,0.5061425061425061,0.653968253968254
1,Acyl halide,0.37000000000000005,0.9269406392694064,0.4987714987714988,0.6485623003194888
1,Acyl halide,0.38000000000000006,0.9302325581395349,0.4914004914004914,0.6430868167202572
1,Acyl halide,0.39000000000000007,0.9425837320574163,0.48402948402948404,0.6396103896103896
1,Acyl halide,0.4000000000000001,0.9514563106796117,0.48157248157248156,0.6394779771615008
1,Acyl halide,0.4100000000000001,0.9509803921568627,0.47665847665847666,0.6350245499181669
1,Acyl halide,0.42000000000000004,0.9504950495049505,0.47174447174447176,0.6305418719211823
1,Acyl halide,0.43000000000000005,0.95,0.4668304668304668,0.6260296540362438
1,Acyl halide,0.44000000000000006,0.9481865284974094,0.44963144963144963,0.61
1,Acyl halide,0.45000000000000007,0.9526315789473684,0.44471744471744473,0.6063651591289783
1,Acyl halide,0.4600000000000001,0.9516129032258065,0.4348894348894349,0.596964586846543
1,Acyl halide,0.4700000000000001,0.9510869565217391,0.42997542997543,0.5922165820642978
1,Acyl halide,0.4800000000000001,0.9510869565217391,0.42997542997543,0.5922165820642978
1,Acyl halide,0.49000000000000005,0.9502762430939227,0.4226044226044226,0.5850340136054422
1,Acyl halide,0.5000000000000001,0.9548022598870056,0.4152334152334152,0.5787671232876712
1,Acyl halide,0.5100000000000001,0.9529411764705882,0.39803439803439805,0.561525129982669
1,Acyl halide,0.5200000000000001,0.9631901840490797,0.3857493857493858,0.5508771929824562
1,Acyl halide,0.5300000000000001,0.9629629629629629,0.3832923832923833,0.5483304042179262
1,Acyl halide,0.5400000000000001,0.9627329192546584,0.3808353808353808,0.545774647887324
1,Acyl halide,0.5500000000000002,0.9622641509433962,0.3759213759213759,0.5406360424028268
1,Acyl halide,0.5600000000000002,0.9617834394904459,0.371007371007371,0.5354609929078015
1,Acyl halide,0.5700000000000002,0.9605263157894737,0.35872235872235875,0.5223613595706619
1,Acyl halide,0.5800000000000002,0.9586206896551724,0.3415233415233415,0.5036231884057971
1,Acyl halide,0.5900000000000002,0.958041958041958,0.3366093366093366,0.49818181818181817
1,Acyl halide,0.6000000000000002,0.9571428571428572,0.32923832923832924,0.489945155393053
1,Acyl halide,0.6100000000000001,0.9635036496350365,0.32432432432432434,0.4852941176470588
1,Acyl halide,0.6200000000000001,0.9629629629629629,0.3194103194103194,0.4797047970479705
1,Acyl halide,0.6300000000000001,0.9615384615384616,0.3071253071253071,0.4655493482309125
1,Acyl halide,0.6400000000000001,0.9615384615384616,0.3071253071253071,0.4655493482309125
1,Acyl halide,0.6500000000000001,0.9609375,0.3022113022113022,0.45981308411214955
1,Acyl halide,0.6600000000000001,0.959349593495935,0.28992628992628994,0.44528301886792454
1,Acyl halide,0.6700000000000002,0.9669421487603306,0.28746928746928746,0.4431818181818182
1,Acyl halide,0.6800000000000002,0.9663865546218487,0.28255528255528256,0.4372623574144487
1,Acyl halide,0.6900000000000002,0.9663865546218487,0.28255528255528256,0.4372623574144487
1,Acyl halide,0.7000000000000002,0.9655172413793104,0.2751842751842752,0.42829827915869984
1,Acyl halide,0.7100000000000002,0.963963963963964,0.2628992628992629,0.41312741312741313
1,Acyl halide,0.7200000000000002,0.9724770642201835,0.26044226044226043,0.4108527131782946
1,Acyl halide,0.7300000000000002,0.970873786407767,0.2457002457002457,0.39215686274509803
1,Acyl halide,0.7400000000000002,0.9696969696969697,0.23587223587223588,0.3794466403162055
1,Acyl halide,0.7500000000000002,0.979381443298969,0.2334152334152334,0.376984126984127
1,Acyl halide,0.7600000000000002,0.9787234042553191,0.22604422604422605,0.36726546906187624
1,Acyl halide,0.7700000000000002,0.9777777777777777,0.21621621621621623,0.35412474849094566
1,Acyl halide,0.7800000000000001,0.9772727272727273,0.2113022113022113,0.3474747474747475
1,Acyl halide,0.7900000000000001,0.9770114942528736,0.20884520884520885,0.3441295546558704
1,Acyl halide,0.8000000000000002,0.9753086419753086,0.1941031941031941,0.3237704918032787
1,Acyl halide,0.8100000000000002,0.975,0.19164619164619165,0.3203285420944558
1,Acyl halide,0.8200000000000002,0.9743589743589743,0.18673218673218672,0.3134020618556701
1,Acyl halide,0.8300000000000002,0.9710144927536232,0.16461916461916462,0.2815126050420168
1,Acyl halide,0.8400000000000002,0.9705882352941176,0.16216216216216217,0.27789473684210525
1,Acyl halide,0.8500000000000002,0.9692307692307692,0.1547911547911548,0.2669491525423729
1,Acyl halide,0.8600000000000002,0.9666666666666667,0.14250614250614252,0.24839400428265523
1,Acyl halide,0.8700000000000002,0.9649122807017544,0.13513513513513514,0.23706896551724138
1,Acyl halide,0.8800000000000002,0.9818181818181818,0.13267813267813267,0.23376623376623376
1,Acyl halide,0.8900000000000002,0.9803921568627451,0.12285012285012285,0.2183406113537118
1,Acyl halide,0.9000000000000002,0.9795918367346939,0.11793611793611794,0.21052631578947367
1,Acyl halide,0.9100000000000003,0.9787234042553191,0.11302211302211303,0.2026431718061674
1,Acyl halide,0.9200000000000003,1.0,0.10565110565110565,0.19111111111111112
1,Acyl halide,0.9300000000000002,1.0,0.09582309582309582,0.17488789237668162
1,Acyl halide,0.9400000000000002,1.0,0.085995085995086,0.1583710407239819
1,Acyl halide,0.9500000000000002,1.0,0.07616707616707617,0.1415525114155251
2,Alcohol,0.05,0.8953117123172576,0.9960740325294447,0.9430088495575222
2,Alcohol,0.060000000000000005,0.9056202703851713,0.9956066554496168,0.9484839040028497
2,Alcohol,0.07,0.9134314272231994,0.9951860160777716,0.9525577650032433
2,Alcohol,0.08000000000000002,0.9203891891891892,0.9947653767059264,0.9561330608027673
2,Alcohol,0.09000000000000001,0.9260403970050496,0.9942512619181155,0.9589343671114317
2,Alcohol,0.1,0.9306692344727973,0.9937838848382875,0.9611916009312208
2,Alcohol,0.11000000000000001,0.9343123461132606,0.9931762946345111,0.9628454916175804
2,Alcohol,0.12000000000000001,0.9375910314693031,0.9928491306786316,0.9644292102694482
2,Alcohol,0.13,0.9400566672569506,0.9924284913067863,0.9655329210622045
2,Alcohol,0.14,0.9428304904051172,0.9920078519349411,0.9667942060672314
2,Alcohol,0.15000000000000002,0.9452561247216036,0.9918209011030099,0.9679788350134562
2,Alcohol,0.16000000000000003,0.9477305218012866,0.9914937371471303,0.9691183188670626
2,Alcohol,0.17000000000000004,0.950176979255343,0.9911665731912507,0.9702390483815624
2,Alcohol,0.18000000000000005,0.9518294051627385,0.9909328846513367,0.9709876119163747
2,Alcohol,0.19,0.9537886969042476,0.9906991961114227,0.971893626776708
2,Alcohol,0.2,0.9552359915250417,0.9903720321555431,0.9724867482044104
2,Alcohol,0.21000000000000002,0.9560821484992101,0.9899981304916807,0.9727445982870657
2,Alcohol,0.22000000000000003,0.9576305674881302,0.9898111796597495,0.9734549883937396
2,Alcohol,0.23000000000000004,0.9592280511008426,0.9896242288278183,0.9741890959282263
2,Alcohol,0.24000000000000005,0.9601215860629707,0.9891101140400075,0.974400294672867
2,Alcohol,0.25000000000000006,0.9613287285285831,0.9887362123761451,0.9748398691304548
2,Alcohol,0.26000000000000006,0.9627691047289609,0.9886427369601795,0.9755343925104342
2,Alcohol,0.27,0.9635046473482778,0.9883623107122826,0.9757751937984496
2,Alcohol,0.28,0.9640625712591782,0.9879884090484202,0.9758788634212774
2,Alcohol,0.29000000000000004,0.9649331080772567,0.9877079828005234,0.9761877266323302
2,Alcohol,0.30000000000000004,0.9660249668480497,0.9873808188446439,0.97658615509072
2,Alcohol,0.31000000000000005,0.9673415170392085,0.9870536548887643,0.9770981771074304
2,Alcohol,0.32000000000000006,0.9681768158473955,0.9868199663488503,0.9774094991204518
2,Alcohol,0.33,0.9686065724251882,0.9863525892690223,0.977399036680252
2,Alcohol,0.34,0.9691791833172569,0.986165638437091,0.9775986285820186
2,Alcohol,0.35000000000000003,0.969925503540881,0.9857917367732286,0.9777942608131287
2,Alcohol,0.36000000000000004,0.9706247985634697,0.9852776219854178,0.9778963237852255
2,Alcohol,0.37000000000000005,0.9714167166105758,0.9848102449055899,0.97806763060784
2,Alcohol,0.38000000000000006,0.9721658050221565,0.9843428678257619,0.9782164421737111
2,Alcohol,0.39000000000000007,0.9731391585760518,0.9837820153299682,0.9784316459814996
2,Alcohol,0.4000000000000001,0.9739887068406924,0.9835483267900542,0.9787451746430399
2,Alcohol,0.4100000000000001,0.9748818240800816,0.9831744251261918,0.9790105645273887
2,Alcohol,0.42000000000000004,0.9753246753246754,0.9828005234623294,0.9790483285222088
2,Alcohol,0.43000000000000005,0.9759064110301285,0.9825200972144326,0.9792020867783031
2,Alcohol,0.44000000000000006,0.976303317535545,0.9820527201346047,0.9791695791975394
2,Alcohol,0.45000000000000007,0.9767463491768208,0.9815853430547766,0.9791598675928948
2,Alcohol,0.4600000000000001,0.9776008195957903,0.9811647036829314,0.9793795194774901
2,Alcohol,0.4700000000000001,0.9780409343092918,0.9804636380631894,0.9792507877231882
2,Alcohol,0.4800000000000001,0.9785814279048064,0.9801364741073098,0.979358333722505
2,Alcohol,0.49000000000000005,0.9793048677940764,0.9797625724434473,0.9795336666510911
2,Alcohol,0.5000000000000001,0.9795708475527091,0.9793419330716022,0.9794563769369201
2,Alcohol,0.5100000000000001,0.9802508423811307,0.9789680314077398,0.9796090169301281
2,Alcohol,0.5200000000000001,0.980519784593772,0.9786408674518602,0.979579425042689
2,Alcohol,0.5300000000000001,0.9811506541004361,0.977986539540101,0.9795660417105541
2,Alcohol,0.5400000000000001,0.9814163029705758,0.9774256870443073,0.9794169301018616
2,Alcohol,0.5500000000000002,0.982006107587503,0.9769115722564965,0.9794522152714322
2,Alcohol,0.5600000000000002,0.9825056433408578,0.9764441951766686,0.979465541490858
2,Alcohol,0.5700000000000002,0.9830532410676458,0.9760235558048234,0.9795257862520228
2,Alcohol,0.5800000000000002,0.983510011778563,0.9756496541409609,0.9795640646629595
2,Alcohol,0.5900000000000002,0.9838747701447499,0.9752757524770985,0.9795563900950592
2,Alcohol,0.6000000000000002,0.9844694108761329,0.9747148999813049,0.9795678722404885
2,Alcohol,0.6100000000000001,0.9849265227047205,0.9742007851934941,0.9795342935689278
2,Alcohol,0.6200000000000001,0.985381776894692,0.9734997195737521,0.9794047115248977
2,Alcohol,0.6300000000000001,0.9858888152287149,0.9730790802019069,0.9794420661429176
2,Alcohol,0.6400000000000001,0.9861163760424564,0.9726584408300617,0.9793411764705883
2,Alcohol,0.6500000000000001,0.9865717674970343,0.9717704243783885,0.9791151609333427
2,Alcohol,0.6600000000000001,0.9869815175559462,0.9708824079267153,0.9788657729189737
2,Alcohol,0.6700000000000002,0.9874423250725396,0.9702280800149561,0.9787595181404559
2,Alcohol,0.6800000000000002,0.987617868368416,0.9692465881473172,0.978345992357409
2,Alcohol,0.6900000000000002,0.988173017311269,0.9684520471116096,0.9782131476454621
2,Alcohol,0.7000000000000002,0.9887286273760627,0.9675640306599365,0.9780318420182359
2,Alcohol,0.7100000000000002,0.9891413537431236,0.9664423256683492,0.9776601025980474
2,Alcohol,0.7200000000000002,0.9895099870671074,0.9655075715086933,0.9773614363778298
2,Alcohol,0.7300000000000002,0.9899266081450568,0.9645260796410544,0.977061288260777
2,Alcohol,0.7400000000000002,0.9904368302176942,0.9632641615255187,0.9766615329937212
2,Alcohol,0.7500000000000002,0.9908990224876005,0.9617685548700692,0.9761165002490335
2,Alcohol,0.7600000000000002,0.9915037412503017,0.95994578425874,0.9754695922680535
2,Alcohol,0.7700000000000002,0.9916839916839917,0.9586371284352215,0.9748805817628746
2,Alcohol,0.7800000000000001,0.9920069757302717,0.9570947840717892,0.9742382073788625
2,Alcohol,0.7900000000000001,0.9923319582625576,0.9556459151243223,0.9736434846789362
2,Alcohol,0.8000000000000002,0.9929457552906835,0.9539166199289587,0.9730399752091726
2,Alcohol,0.8100000000000002,0.9933697347893916,0.9523275378575434,0.9724157678724826
2,Alcohol,0.8200000000000002,0.9936962470680218,0.9504112918302486,0.9715719063545151
2,Alcohol,0.8300000000000002,0.9940709525676206,0.9481678818470742,0.9705769782795904
2,Alcohol,0.8400000000000002,0.9946866082849553,0.944942979996261,0.9691769330329323
2,Alcohol,0.8500000000000002,0.994865972256504,0.9419050289773789,0.9676613929368832
2,Alcohol,0.8600000000000002,0.9951908775409023,0.938166012338755,0.9658374633113602
2,Alcohol,0.8700000000000002,0.9955197132616488,0.9346606842400449,0.9641307492045126
2,Alcohol,0.8800000000000002,0.9958456379198158,0.9298934380257993,0.9617401812688822
2,Alcohol,0.8900000000000002,0.9963231590611463,0.9245186016077771,0.9590787878787879
2,Alcohol,0.9000000000000002,0.9964488636363636,0.9180220601981679,0.9556290746326749
2,Alcohol,0.9100000000000003,0.996676891615542,0.9111516171246962,0.9519972653579452
2,Alcohol,0.9200000000000003,0.9969032258064516,0.9027388296877921,0.9474871845184077
2,Alcohol,0.9300000000000002,0.997335979941496,0.8923630585156104,0.9419338924518994
2,Alcohol,0.9400000000000002,0.9977171373964748,0.8783417461207702,0.9342314575462318
2,Alcohol,0.9500000000000002,0.9981059581146166,0.8620302860347728,0.9250909090909091
3,Aldehyde,0.05,0.30826546525732107,0.8772189349112426,0.4562123349147327
3,Aldehyde,0.060000000000000005,0.35278675282714056,0.861439842209073,0.5005730659025788
3,Aldehyde,0.07,0.40191275950548166,0.8496055226824457,0.5456848772763262
3,Aldehyde,0.08000000000000002,0.4428121720881427,0.8323471400394478,0.5780821917808219
3,Aldehyde,0.09000000000000001,0.47863741339491916,0.8175542406311637,0.6037873270211216
3,Aldehyde,0.1,0.5152574698029243,0.7993096646942801,0.6265945110166216
3,Aldehyde,0.11000000000000001,0.5436860068259386,0.7855029585798816,0.6425978217022993
3,Aldehyde,0.12000000000000001,0.5722606479796142,0.7751479289940828,0.6584293193717278
3,Aldehyde,0.13,0.6022463206816422,0.7667652859960552,0.6746203904555315
3,Aldehyde,0.14,0.6265306122448979,0.7569033530571992,0.6855739169271996
3,Aldehyde,0.15000000000000002,0.6485212173167595,0.7460552268244576,0.6938775510204082
3,Aldehyde,0.16000000000000003,0.6650202065559048,0.730276134122288,0.6961222091656875
3,Aldehyde,0.17000000000000004,0.6840866290018832,0.7164694280078896,0.6999036608863198
3,Aldehyde,0.18000000000000005,0.6988775012201074,0.7061143984220908,0.7024773117488349
3,Aldehyde,0.19,0.7154513003569607,0.6918145956607495,0.7034344447229882
3,Aldehyde,0.2,0.7346398305084746,0.6839250493096647,0.7083758937691522
3,Aldehyde,0.21000000000000002,0.75178866263071,0.6735700197238659,0.7105331599479844
3,Aldehyde,0.22000000000000003,0.7677859988616961,0.6651873767258383,0.7128137384412153
3,Aldehyde,0.23000000000000004,0.7807737397420867,0.6568047337278107,0.7134440278521692
3,Aldehyde,0.24000000000000005,0.7935835351089588,0.6464497041420119,0.7125
3,Aldehyde,0.25000000000000006,0.803227808814401,0.6380670611439843,0.7111843913162957
3,Aldehyde,0.26000000000000006,0.8138942001274697,0.6296844181459567,0.7100361412288018
3,Aldehyde,0.27,0.8242978445460484,0.6222879684418146,0.7091879741500422
3,Aldehyde,0.28,0.8367892976588629,0.6168639053254438,0.7101901788248651
3,Aldehyde,0.29000000000000004,0.847469220246238,0.6109467455621301,0.710028653295129
3,Aldehyde,0.30000000000000004,0.8606789250353607,0.6000986193293886,0.7071470075537478
3,Aldehyde,0.31000000000000005,0.8674351585014409,0.5936883629191322,0.7049180327868853
3,Aldehyde,0.32000000000000006,0.8756476683937824,0.5833333333333334,0.7002071618822137
3,Aldehyde,0.33,0.8828420256991686,0.5759368836291914,0.697105341689048
3,Aldehyde,0.34,0.8894044856921887,0.5670611439842209,0.6925624811803673
3,Aldehyde,0.35000000000000003,0.8965244865718799,0.5596646942800789,0.6891317547055252
3,Aldehyde,0.36000000000000004,0.9002413515687852,0.5517751479289941,0.6841944359523081
3,Aldehyde,0.37000000000000005,0.9047231270358306,0.5478303747534516,0.6824324324324325
3,Aldehyde,0.38000000000000006,0.9102990033222591,0.5404339250493096,0.6782178217821783
3,Aldehyde,0.39000000000000007,0.9158957106812448,0.5369822485207101,0.6770282872241219
3,Aldehyde,0.4000000000000001,0.9170230966638152,0.5285996055226825,0.6706287144197686
3,Aldehyde,0.4100000000000001,0.921280276816609,0.5251479289940828,0.6689698492462312
3,Aldehyde,0.42000000000000004,0.9268077601410935,0.5182445759368837,0.6647691334598356
3,Aldehyde,0.43000000000000005,0.9275491949910555,0.5113412228796844,0.6592498410680229
3,Aldehyde,0.44000000000000006,0.9301270417422868,0.5054240631163708,0.6549520766773163
3,Aldehyde,0.45000000000000007,0.9321723189734189,0.5014792899408284,0.6521320936197499
3,Aldehyde,0.4600000000000001,0.9349442379182156,0.4960552268244576,0.6481958762886598
3,Aldehyde,0.4700000000000001,0.9422348484848485,0.4906311637080868,0.64526588845655
3,Aldehyde,0.4800000000000001,0.9432692307692307,0.48372781065088755,0.6395045632333768
3,Aldehyde,0.49000000000000005,0.944713870029098,0.480276134122288,0.6368094148414515
3,Aldehyde,0.5000000000000001,0.9467980295566503,0.47386587771203154,0.6316135392704568
3,Aldehyde,0.5100000000000001,0.9481555333998006,0.46893491124260356,0.6275156713955791
3,Aldehyde,0.5200000000000001,0.949748743718593,0.46597633136094674,0.6252067482633146
3,Aldehyde,0.5300000000000001,0.9511201629327902,0.46055226824457596,0.6205980066445183
3,Aldehyde,0.5400000000000001,0.9544513457556936,0.4546351084812623,0.6158984635938544
3,Aldehyde,0.5500000000000002,0.9587301587301588,0.4467455621301775,0.6094853683148335
3,Aldehyde,0.5600000000000002,0.9593147751605996,0.4418145956607495,0.6049966239027684
3,Aldehyde,0.5700000000000002,0.9639344262295082,0.4349112426035503,0.599388379204893
3,Aldehyde,0.5800000000000002,0.9665551839464883,0.4275147928994083,0.5928205128205128
3,Aldehyde,0.5900000000000002,0.9692832764505119,0.42011834319526625,0.586171310629515
3,Aldehyde,0.6000000000000002,0.9698025551684089,0.41173570019723865,0.578054690204223
3,Aldehyde,0.6100000000000001,0.969626168224299,0.40927021696252464,0.5755894590846047
3,Aldehyde,0.6200000000000001,0.9693034238488784,0.40483234714003946,0.5711304347826087
3,Aldehyde,0.6300000000000001,0.970131421744325,0.40039447731755423,0.5668411867364747
3,Aldehyde,0.6400000000000001,0.9708029197080292,0.39349112426035504,0.56
3,Aldehyde,0.6500000000000001,0.974009900990099,0.3880670611439842,0.5550070521861777
3,Aldehyde,0.6600000000000001,0.9760403530895334,0.3816568047337278,0.5487415809996455
3,Aldehyde,0.6700000000000002,0.9768339768339769,0.3742603550295858,0.5411764705882353
3,Aldehyde,0.6800000000000002,0.9778933680104032,0.3708086785009862,0.5377189846263855
3,Aldehyde,0.6900000000000002,0.9788079470198675,0.36439842209072976,0.5310815666546892
3,Aldehyde,0.7000000000000002,0.9810040705563093,0.35650887573964496,0.5229656419529837
3,Aldehyde,0.7100000000000002,0.9819444444444444,0.34861932938856016,0.5145560407569141
3,Aldehyde,0.7200000000000002,0.9829787234042553,0.34171597633136097,0.5071350164654226
3,Aldehyde,0.7300000000000002,0.9826086956521739,0.3343195266272189,0.4988962472406181
3,Aldehyde,0.7400000000000002,0.9851632047477745,0.32741617357001973,0.4914877868245744
3,Aldehyde,0.7500000000000002,0.9863013698630136,0.31952662721893493,0.48268156424581005
3,Aldehyde,0.7600000000000002,0.9861111111111112,0.3150887573964497,0.47757847533632286
3,Aldehyde,0.7700000000000002,0.9858044164037855,0.3081854043392505,0.4695717505634861
3,Aldehyde,0.7800000000000001,0.9856230031948882,0.3042406311637081,0.46495855312735496
3,Aldehyde,0.7900000000000001,0.9869918699186991,0.29930966469428005,0.45932652289065456
3,Aldehyde,0.8000000000000002,0.988391376451078,0.2938856015779093,0.4530596731280882
3,Aldehyde,0.8100000000000002,0.9880952380952381,0.2864891518737673,0.4441896024464832
3,Aldehyde,0.8200000000000002,0.9893992932862191,0.27613412228796846,0.4317656129529684
3,Aldehyde,0.8300000000000002,0.9926739926739927,0.267258382642998,0.4211344211344211
3,Aldehyde,0.8400000000000002,0.9924385633270322,0.2588757396449704,0.4106374657802112
3,Aldehyde,0.8500000000000002,0.9922027290448343,0.2509861932938856,0.4006296733569461
3,Aldehyde,0.8600000000000002,0.9920634920634921,0.2465483234714004,0.3949447077409163
3,Aldehyde,0.8700000000000002,0.9958419958419958,0.2361932938856016,0.3818254284575528
3,Aldehyde,0.8800000000000002,0.9978021978021978,0.22386587771203156,0.36568666935159083
3,Aldehyde,0.8900000000000002,0.9977578475336323,0.21942800788954636,0.3597413096200485
3,Aldehyde,0.9000000000000002,0.9976635514018691,0.21055226824457593,0.3477198697068404
3,Aldehyde,0.9100000000000003,0.9975,0.19674556213017752,0.328665568369028
3,Aldehyde,0.9200000000000003,0.9973404255319149,0.1849112426035503,0.3119800332778702
3,Aldehyde,0.9300000000000002,0.9970414201183432,0.16617357001972385,0.2848689771766695
3,Aldehyde,0.9400000000000002,0.9967532467532467,0.15138067061143984,0.2628424657534247
3,Aldehyde,0.9500000000000002,1.0,0.13708086785009863,0.24111014744145706
4,Alkane,0.05,0.9642857142857143,0.9999869267374366,0.9818118806797761
4,Alkane,0.060000000000000005,0.9648573987411229,0.9999869267374366,0.9821081216416617
4,Alkane,0.07,0.9653688395279864,0.9999869267374366,0.9823729989019245
4,Alkane,0.08000000000000002,0.9659784050009471,0.9999869267374366,0.982688515323394
4,Alkane,0.09000000000000001,0.966710059022029,0.9999607802123098,0.9830543328085339
4,Alkane,0.1,0.9674069764500544,0.9999607802123098,0.9834145463428432
4,Alkane,0.11000000000000001,0.9679452297490541,0.9999477069497463,0.9836862513101798
4,Alkane,0.12000000000000001,0.9686554121654994,0.9999215604246195,0.9840401922124372
4,Alkane,0.13,0.9693797368887987,0.9999215604246195,0.9844138126311183
4,Alkane,0.14,0.9699567549744461,0.9998954138994928,0.9846985741414271
4,Alkane,0.15000000000000002,0.9707565969005039,0.9998823406369294,0.9851042317377108
4,Alkane,0.16000000000000003,0.9714097011418338,0.999869267374366,0.98543404735062
4,Alkane,0.17000000000000004,0.9719648734860905,0.9998561941118025,0.9857132730588546
4,Alkane,0.18000000000000005,0.9726443768996961,0.9998431208492391,0.986056226349413
4,Alkane,0.19,0.9731638418079096,0.9998300475866757,0.9863167397472272
4,Alkane,0.2,0.9737703248150553,0.9998039010615489,0.9866154074398984
4,Alkane,0.21000000000000002,0.9743772695419507,0.9997646812738588,0.9869077346961161
4,Alkane,0.22000000000000003,0.9748973711721359,0.9996993149610417,0.987142580520235
4,Alkane,0.23000000000000004,0.9754554268510486,0.9996339486482246,0.9873966942148761
4,Alkane,0.24000000000000005,0.9760761885308686,0.9995555090728442,0.9876763292512789
4,Alkane,0.25000000000000006,0.976674373746535,0.9995424358102808,0.9879760943304797
4,Alkane,0.26000000000000006,0.9773099146085801,0.9994901427600272,0.988275594622544
4,Alkane,0.27,0.9777712407433461,0.9994378497097736,0.9884858319487455
4,Alkane,0.28,0.9782336080257972,0.9994117031846468,0.9887092602172789
4,Alkane,0.29000000000000004,0.9786708317863498,0.9993594101343931,0.9889069281569977
4,Alkane,0.30000000000000004,0.9791583936463204,0.9992940438215762,0.9891237536960474
4,Alkane,0.31000000000000005,0.9795709122600159,0.9992156042461957,0.9892957454794911
4,Alkane,0.32000000000000006,0.9800979713267164,0.9991894577210688,0.989551639758147
4,Alkane,0.33,0.9805370591329561,0.9991371646708153,0.9897497328973355
4,Alkane,0.34,0.9811526659733724,0.9990717983579982,0.9900311566837888
4,Alkane,0.35000000000000003,0.9817562793087943,0.9989933587826177,0.9902998179190938
4,Alkane,0.36000000000000004,0.9821967992801593,0.9989279924698008,0.9904917459021175
4,Alkane,0.37000000000000005,0.9825739161747495,0.9988234063692936,0.9906320300293681
4,Alkane,0.38000000000000006,0.9830401605908922,0.9987318935313497,0.9908239032456795
4,Alkane,0.39000000000000007,0.9834818209908333,0.9986534539559693,0.9910095742196622
4,Alkane,0.4000000000000001,0.9838859262694181,0.9985750143805888,0.9911760507636609
4,Alkane,0.4100000000000001,0.9843278773037762,0.9984573550175182,0.9913422722965693
4,Alkane,0.42000000000000004,0.9847572377329292,0.9983135491293207,0.9914890578237696
4,Alkane,0.43000000000000005,0.9851878612716763,0.9982220362913768,0.9916621210940544
4,Alkane,0.44000000000000006,0.9856820089083984,0.9980913036657428,0.9918478437384295
4,Alkane,0.45000000000000007,0.9860752299266301,0.9979867175652356,0.9919952179223952
4,Alkane,0.4600000000000001,0.9864044043526584,0.9978298384144747,0.9920842269448236
4,Alkane,0.4700000000000001,0.9868106290812698,0.9976860325262773,0.9922185312071353
4,Alkane,0.4800000000000001,0.9872173058013766,0.9975422266380798,0.9923529105758726
4,Alkane,0.49000000000000005,0.9875470867691033,0.9973461276996287,0.9924224192320951
4,Alkane,0.5000000000000001,0.9878901696671416,0.997163102023741,0.9925049771636023
4,Alkane,0.5100000000000001,0.9883222085412481,0.9968885635099095,0.9925869037469004
4,Alkane,0.5200000000000001,0.9885886197416879,0.9966532447837683,0.992604551846258
4,Alkane,0.5300000000000001,0.9889061891786688,0.9963787062699367,0.992628384626405
4,Alkane,0.5400000000000001,0.989366260273439,0.9961826073314857,0.9927627336151806
4,Alkane,0.5500000000000002,0.9896331324049055,0.9958949955550908,0.9927541897985248
4,Alkane,0.5600000000000002,0.9900166389351082,0.9956596768289494,0.9928301394863772
4,Alkane,0.5700000000000002,0.9903742341662656,0.9953589917899911,0.9928603563953602
4,Alkane,0.5800000000000002,0.9907442363018603,0.9949537206505256,0.992844516629813
4,Alkane,0.5900000000000002,0.9910894571603507,0.9946007425613136,0.9928419953671984
4,Alkane,0.6000000000000002,0.9912796381506055,0.994195471421848,0.9927354137159045
4,Alkane,0.6100000000000001,0.9915875417362271,0.9939209329080165,0.9927528662087697
4,Alkane,0.6200000000000001,0.9918307690300017,0.9936071746064948,0.9927181771278923
4,Alkane,0.6300000000000001,0.992112514201392,0.9932149767295927,0.992663439363947
4,Alkane,0.6400000000000001,0.9923821719303288,0.9928881451655075,0.992635094070826
4,Alkane,0.6500000000000001,0.9926128340567962,0.9925090205511687,0.9925609245894781
4,Alkane,0.6600000000000001,0.992843218065968,0.9920514563614495,0.992447179299386
4,Alkane,0.6700000000000002,0.993060374739764,0.99151545259635,0.9922873123344127
4,Alkane,0.6800000000000002,0.9933429432577644,0.9909794488312503,0.992159788484444
4,Alkane,0.6900000000000002,0.9936258115286248,0.9904172985410239,0.9920189606971461
4,Alkane,0.7000000000000002,0.9938308065892236,0.9898420749882341,0.9918324305560104
4,Alkane,0.7100000000000002,0.9940224388449512,0.989162265334937,0.9915863966974642
4,Alkane,0.7200000000000002,0.9942540070740141,0.9885478219944569,0.9913927037923236
4,Alkane,0.7300000000000002,0.9945253072934488,0.9879464519165403,0.9912249636013064
4,Alkane,0.7400000000000002,0.9947818524423829,0.986939810699158,0.990845315360839
4,Alkane,0.7500000000000002,0.9950010551862404,0.9862077079956074,0.9905848675053182
4,Alkane,0.7600000000000002,0.995298840556744,0.9853317994038592,0.9902902416271401
4,Alkane,0.7700000000000002,0.9955306376114035,0.98425979187366,0.9898631325681378
4,Alkane,0.7800000000000001,0.9958030477552263,0.983292370443968,0.9895081665274333
4,Alkane,0.7900000000000001,0.9960627311654051,0.9822726559640224,0.9891196313970709
4,Alkane,0.8000000000000002,0.9962440442220659,0.9813313810594572,0.98873148532327
4,Alkane,0.8100000000000002,0.9964522044168062,0.9803770328923286,0.988349258649094
4,Alkane,0.8200000000000002,0.9965930716918859,0.9789912670606077,0.9877137562403963
4,Alkane,0.8300000000000002,0.9968667084438874,0.9774355488155624,0.9870555075151988
4,Alkane,0.8400000000000002,0.9971818193960278,0.9760497829838415,0.98650264595707
4,Alkane,0.8500000000000002,0.9974433111128959,0.9741541599121477,0.9856611859945238
4,Alkane,0.8600000000000002,0.9975858369098712,0.972389269466088,0.984826417392686
4,Alkane,0.8700000000000002,0.9978356142284839,0.9703629137687602,0.9839075279364785
4,Alkane,0.8800000000000002,0.9980451898188093,0.9678267008314595,0.9827036928876736
4,Alkane,0.8900000000000002,0.9981751331476926,0.9653689274695393,0.9814979730178773
4,Alkane,0.9000000000000002,0.9984135162987471,0.9625973958060974,0.980178381256656
4,Alkane,0.9100000000000003,0.9986797152540527,0.9592114208021754,0.9785477557498283
4,Alkane,0.9200000000000003,0.9988521924490661,0.9556424201223658,0.9767696676131619
4,Alkane,0.9300000000000002,0.999079404773355,0.9505830675103278,0.9742280818109345
4,Alkane,0.9400000000000002,0.999197653829128,0.9442817549547665,0.9709638392257024
4,Alkane,0.9500000000000002,0.9993722010630729,0.936490090466977,0.9669098541549966
5,Alkene,0.05,0.1888022525449426,0.9495642701525054,0.31497741644083105
5,Alkene,0.060000000000000005,0.21459433509361497,0.9251633986928105,0.34838074532887586
5,Alkene,0.07,0.24306836480749525,0.9043572984749455,0.38315449405792085
5,Alkene,0.08000000000000002,0.2709497206703911,0.8770152505446623,0.41399701753483825
5,Alkene,0.09000000000000001,0.29903143064966886,0.8508714596949891,0.44253703861080423
5,Alkene,0.1,0.3284901267569199,0.8299564270152505,0.4706863532464323
5,Alkene,0.11000000000000001,0.3578622716977495,0.8089324618736383,0.49620794494002873
5,Alkene,0.12000000000000001,0.3854033290653009,0.7869281045751634,0.517404383326171
5,Alkene,0.13,0.4126099706744868,0.7663398692810458,0.5364086923370187
5,Alkene,0.14,0.43866957190463984,0.7456427015250545,0.5523724983860555
5,Alkene,0.15000000000000002,0.4640513751221555,0.7241830065359477,0.5656428146005276
5,Alkene,0.16000000000000003,0.4898592401997881,0.705119825708061,0.5781012771278021
5,Alkene,0.17000000000000004,0.5134080936128718,0.6882352941176471,0.5881038815973192
5,Alkene,0.18000000000000005,0.537420312636451,0.6703703703703704,0.596577965198003
5,Alkene,0.19,0.5585225158168962,0.653921568627451,0.6024688879967884
5,Alkene,0.2,0.5805558302838493,0.6394335511982571,0.6085739463998756
5,Alkene,0.21000000000000002,0.5995193814648417,0.6250544662309369,0.6120206922297478
5,Alkene,0.22000000000000003,0.6182558907729575,0.6116557734204793,0.6149381228781076
5,Alkene,0.23000000000000004,0.6374437651401546,0.6019607843137255,0.6191943526247969
5,Alkene,0.24000000000000005,0.6538090646094503,0.5908496732026144,0.6207370107576105
5,Alkene,0.25000000000000006,0.670131845841785,0.5758169934640522,0.6194047340051558
5,Alkene,0.26000000000000006,0.6861730360934183,0.5632897603485839,0.6186886815027518
5,Alkene,0.27,0.7038888888888889,0.5520697167755991,0.6188034188034188
5,Alkene,0.28,0.7173410404624277,0.5407407407407407,0.6166459627329193
5,Alkene,0.29000000000000004,0.731093702922567,0.5286492374727669,0.613604754077633
5,Alkene,0.30000000000000004,0.7436823104693141,0.5161220043572985,0.6093498810365893
5,Alkene,0.31000000000000005,0.7565628566769933,0.5054466230936819,0.6060210278848037
5,Alkene,0.32000000000000006,0.7679024885728797,0.49411764705882355,0.6013123881487373
5,Alkene,0.33,0.7802486429697075,0.4854030501089325,0.5984823047478343
5,Alkene,0.34,0.7881862656278311,0.4738562091503268,0.5918769984352678
5,Alkene,0.35000000000000003,0.7977611940298508,0.46579520697167753,0.5881705639614856
5,Alkene,0.36000000000000004,0.8064640246248557,0.45664488017429194,0.5831130894422034
5,Alkene,0.37000000000000005,0.8150644202180377,0.44793028322440087,0.5781370826010545
5,Alkene,0.38000000000000006,0.8251332513325134,0.4384531590413943,0.5726276853037416
5,Alkene,0.39000000000000007,0.8336145086461408,0.4306100217864924,0.5678781784226404
5,Alkene,0.4000000000000001,0.8403908794788274,0.4215686274509804,0.5614798694232862
5,Alkene,0.4100000000000001,0.8463087248322148,0.41209150326797384,0.5542857142857143
5,Alkene,0.42000000000000004,0.8553386911595867,0.4057734204793028,0.5504248245289989
5,Alkene,0.43000000000000005,0.8611504007543611,0.3979302832244009,0.5443302041424527
5,Alkene,0.44000000000000006,0.867728699010379,0.39161220043572986,0.5396682428882383
5,Alkene,0.45000000000000007,0.87518573551263,0.38496732026143793,0.5347253744893328
5,Alkene,0.4600000000000001,0.8813516260162602,0.3778867102396514,0.5289722476364745
5,Alkene,0.4700000000000001,0.8885996876626757,0.3718954248366013,0.5243434188296728
5,Alkene,0.4800000000000001,0.8937533368926855,0.36470588235294116,0.5180256846665635
5,Alkene,0.49000000000000005,0.8979814511729405,0.35860566448801745,0.5125330842285536
5,Alkene,0.5000000000000001,0.9022073204805812,0.3517429193899782,0.5061525197899522
5,Alkene,0.5100000000000001,0.9084144247281053,0.3457516339869281,0.5008679185734575
5,Alkene,0.5200000000000001,0.914580265095729,0.3382352941176471,0.49383697813121274
5,Alkene,0.5300000000000001,0.9180426298408886,0.33311546840958606,0.48884981216529455
5,Alkene,0.5400000000000001,0.9223449969306323,0.3273420479302832,0.4831966554108377
5,Alkene,0.5500000000000002,0.9268138801261829,0.32004357298474945,0.47578947368421054
5,Alkene,0.5600000000000002,0.9312237649338069,0.314161220043573,0.46982161765903724
5,Alkene,0.5700000000000002,0.9345454545454546,0.3079520697167756,0.4632527652601393
5,Alkene,0.5800000000000002,0.9372681281618886,0.30272331154684096,0.45763688760806914
5,Alkene,0.5900000000000002,0.9401856308009625,0.29793028322440085,0.4524774588468856
5,Alkene,0.6000000000000002,0.9450704225352112,0.2923747276688453,0.4465890183028286
5,Alkene,0.6100000000000001,0.948394081559004,0.28627450980392155,0.4397958329846875
5,Alkene,0.6200000000000001,0.9497041420118343,0.2797385620915033,0.4321777179400875
5,Alkene,0.6300000000000001,0.952561669829222,0.27342047930283225,0.4248836225137537
5,Alkene,0.6400000000000001,0.9551131928181108,0.266557734204793,0.4167944132175098
5,Alkene,0.6500000000000001,0.9595352564102564,0.2608932461873638,0.4102432339842412
5,Alkene,0.6600000000000001,0.9618696186961869,0.25555555555555554,0.40382132713658664
5,Alkene,0.6700000000000002,0.9655606887862243,0.25043572984749457,0.3977164605137964
5,Alkene,0.6800000000000002,0.967686342093925,0.24466230936819172,0.39057473263194503
5,Alkene,0.6900000000000002,0.9689578713968958,0.2380174291938998,0.3821600349803236
5,Alkene,0.7000000000000002,0.9711802378774016,0.2312636165577342,0.37357029737814534
5,Alkene,0.7100000000000002,0.9727187206020697,0.2252723311546841,0.3658234565717318
5,Alkene,0.7200000000000002,0.9738625363020329,0.21917211328976036,0.3578161123955184
5,Alkene,0.7300000000000002,0.975597609561753,0.2133986928104575,0.3501966392563461
5,Alkene,0.7400000000000002,0.9785604900459418,0.2088235294117647,0.3441960678696472
5,Alkene,0.7500000000000002,0.9788806758183738,0.2019607843137255,0.3348383601228102
5,Alkene,0.7600000000000002,0.9803707742639041,0.19586056644880173,0.3264935536589795
5,Alkene,0.7700000000000002,0.9819514946418499,0.18965141612200437,0.31790377065644115
5,Alkene,0.7800000000000001,0.9818501170960188,0.1826797385620915,0.3080455547391624
5,Alkene,0.7900000000000001,0.9835666463785758,0.17603485838779956,0.29862330222673933
5,Alkene,0.8000000000000002,0.985424588086185,0.16938997821350762,0.2890871909276817
5,Alkene,0.8100000000000002,0.9868507560815253,0.16350762527233115,0.2805345294832259
5,Alkene,0.8200000000000002,0.9876712328767123,0.1570806100217865,0.2710526315789474
5,Alkene,0.8300000000000002,0.9885468861846815,0.15043572984749456,0.26113264630802685
5,Alkene,0.8400000000000002,0.98796992481203,0.14313725490196078,0.2500475737392959
5,Alkene,0.8500000000000002,0.9905437352245863,0.1369281045751634,0.24059718633362046
5,Alkene,0.8600000000000002,0.9907795473595976,0.1287581699346405,0.22789935409235515
5,Alkene,0.8700000000000002,0.9910793933987511,0.1210239651416122,0.21570721289195224
5,Alkene,0.8800000000000002,0.9923518164435946,0.1130718954248366,0.2030119303735576
5,Alkene,0.8900000000000002,0.994824016563147,0.10468409586056644,0.1894342598068204
5,Alkene,0.9000000000000002,0.9955257270693513,0.09694989106753812,0.17669247567996824
5,Alkene,0.9100000000000003,0.996328029375765,0.08867102396514161,0.16284885465639692
5,Alkene,0.9200000000000003,0.9972565157750343,0.07919389978213508,0.14673529114946007
5,Alkene,0.9300000000000002,0.9968847352024922,0.06971677559912855,0.13031969049073508
5,Alkene,0.9400000000000002,0.9962335216572504,0.057625272331154685,0.10894861497271136
5,Alkene,0.9500000000000002,0.9976958525345622,0.0471677559912854,0.09007697108383607
6,Alkyne,0.05,0.5360824742268041,0.7873601053324556,0.6378666666666667
6,Alkyne,0.060000000000000005,0.621244635193133,0.7623436471362739,0.6845994679278746
6,Alkyne,0.07,0.6758538046734571,0.7425938117182357,0.7076537013801757
6,Alkyne,0.08000000000000002,0.7224036577400392,0.728110599078341,0.7252459016393442
6,Alkyne,0.09000000000000001,0.7627711686494052,0.717577353522054,0.7394843962008141
6,Alkyne,0.1,0.7965850037119525,0.7063857801184991,0.7487787857641311
6,Alkyne,0.11000000000000001,0.8217898832684825,0.695194206714944,0.7532097004279601
6,Alkyne,0.12000000000000001,0.8383673469387755,0.6761026991441738,0.7485422740524781
6,Alkyne,0.13,0.8547297297297297,0.6662277814351547,0.7487976322604514
6,Alkyne,0.14,0.8703220191470844,0.6583278472679395,0.7496251874062968
6,Alkyne,0.15000000000000002,0.8863025962399284,0.65174456879526,0.7511380880121397
6,Alkyne,0.16000000000000003,0.896709323583181,0.6458196181698486,0.7508610792192881
6,Alkyne,0.17000000000000004,0.9026217228464419,0.6346280447662936,0.7452647854657904
6,Alkyne,0.18000000000000005,0.9077946768060836,0.6287030941408822,0.7429015947102294
6,Alkyne,0.19,0.916988416988417,0.6254114549045424,0.7436399217221135
6,Alkyne,0.2,0.9254901960784314,0.6214614878209348,0.7435998424576605
6,Alkyne,0.21000000000000002,0.9314115308151093,0.6168531928900592,0.7421782178217822
6,Alkyne,0.22000000000000003,0.9327983951855566,0.6122448979591837,0.739268680445151
6,Alkyne,0.23000000000000004,0.9380081300813008,0.6076366030283081,0.7375149820215741
6,Alkyne,0.24000000000000005,0.9396110542476971,0.6043449637919684,0.7355769230769231
6,Alkyne,0.25000000000000006,0.9431818181818182,0.6010533245556287,0.7342179332529152
6,Alkyne,0.26000000000000006,0.9478079331941545,0.597761685319289,0.7331449333871619
6,Alkyne,0.27,0.9505263157894737,0.5944700460829493,0.7314702308626975
6,Alkyne,0.28,0.9512195121951219,0.5905200789993417,0.7286758732737612
6,Alkyne,0.29000000000000004,0.9568965517241379,0.5845951283739302,0.7257866775643645
6,Alkyne,0.30000000000000004,0.9597388465723613,0.5806451612903226,0.7235438884331419
6,Alkyne,0.31000000000000005,0.9625137816979051,0.5747202106649111,0.7197032151690025
6,Alkyne,0.32000000000000006,0.9624309392265193,0.5734035549703752,0.7186468646864687
6,Alkyne,0.33,0.9632516703786191,0.5694535878867676,0.7157633429871741
6,Alkyne,0.34,0.9629213483146067,0.5641869651086241,0.7114985471149855
6,Alkyne,0.35000000000000003,0.9638418079096045,0.5615536537195523,0.7096505823627288
6,Alkyne,0.36000000000000004,0.9658703071672355,0.5589203423304806,0.7080900750625522
6,Alkyne,0.37000000000000005,0.9678530424799081,0.554970375246873,0.705439330543933
6,Alkyne,0.38000000000000006,0.96875,0.5510204081632653,0.702475870751154
6,Alkyne,0.39000000000000007,0.9695193434935522,0.5444371296905859,0.6973018549747049
6,Alkyne,0.4000000000000001,0.9705188679245284,0.5418038183015141,0.6953950147866498
6,Alkyne,0.4100000000000001,0.9738406658739596,0.5391705069124424,0.6940677966101695
6,Alkyne,0.42000000000000004,0.9736526946107784,0.5352205398288348,0.6907391673746814
6,Alkyne,0.43000000000000005,0.9758745476477684,0.532587228439763,0.6890971039182283
6,Alkyne,0.44000000000000006,0.9757281553398058,0.5292955892034233,0.6862996158770807
6,Alkyne,0.45000000000000007,0.9755501222493888,0.5253456221198156,0.6829268292682927
6,Alkyne,0.4600000000000001,0.9790123456790123,0.5220539828834759,0.6809789609274367
6,Alkyne,0.4700000000000001,0.9788557213930348,0.5181040157998683,0.6775721050365906
6,Alkyne,0.4800000000000001,0.9799247176913425,0.5141540487162607,0.6744386873920553
6,Alkyne,0.49000000000000005,0.9797979797979798,0.510862409479921,0.6715707485936824
6,Alkyne,0.5000000000000001,0.9796696315120712,0.5075707702435813,0.6686903729401561
6,Alkyne,0.5100000000000001,0.979539641943734,0.5042791310072416,0.6657974793568013
6,Alkyne,0.5200000000000001,0.9806451612903225,0.500329163923634,0.6625980819529207
6,Alkyne,0.5300000000000001,0.9817470664928292,0.4957208689927584,0.6587926509186351
6,Alkyne,0.5400000000000001,0.9829172141918529,0.4924292297564187,0.656140350877193
6,Alkyne,0.5500000000000002,0.9840848806366048,0.48847926267281105,0.6528816542014958
6,Alkyne,0.5600000000000002,0.9840637450199203,0.4878209348255431,0.6522887323943662
6,Alkyne,0.5700000000000002,0.983957219251337,0.48452929558920343,0.6493162770180856
6,Alkyne,0.5800000000000002,0.9851951547779273,0.4818959842001317,0.6472148541114059
6,Alkyne,0.5900000000000002,0.9864314789687924,0.47860434496379195,0.6445035460992907
6,Alkyne,0.6000000000000002,0.9863945578231292,0.4772876892692561,0.6433007985803016
6,Alkyne,0.6100000000000001,0.9862825788751715,0.47333772218564846,0.6396797153024911
6,Alkyne,0.6200000000000001,0.9861495844875346,0.4687294272547729,0.6354306113342257
6,Alkyne,0.6300000000000001,0.9860335195530726,0.4647794601711652,0.6317673378076063
6,Alkyne,0.6400000000000001,0.9873772791023843,0.46346280447662935,0.6308243727598566
6,Alkyne,0.6500000000000001,0.9886201991465149,0.4575378538512179,0.6255625562556255
6,Alkyne,0.6600000000000001,0.9899280575539569,0.4529295589203423,0.6214995483288166
6,Alkyne,0.6700000000000002,0.9898697539797395,0.45029624753127057,0.6190045248868778
6,Alkyne,0.6800000000000002,0.9897959183673469,0.4470046082949309,0.6158730158730159
6,Alkyne,0.6900000000000002,0.9897360703812317,0.44437129690585914,0.6133575647432985
6,Alkyne,0.7000000000000002,0.9896907216494846,0.4423963133640553,0.6114649681528662
6,Alkyne,0.7100000000000002,0.9911111111111112,0.44042132982225146,0.609845031905196
6,Alkyne,0.7200000000000002,0.9925149700598802,0.43647136273864384,0.6063100137174211
6,Alkyne,0.7300000000000002,0.992503748125937,0.4358130348913759,0.605672461116194
6,Alkyne,0.7400000000000002,0.9924012158054711,0.4298880842659645,0.5999081304547542
6,Alkyne,0.7500000000000002,0.9938556067588326,0.4259381171823568,0.5963133640552996
6,Alkyne,0.7600000000000002,0.9937791601866252,0.4206714944042133,0.5911193339500462
6,Alkyne,0.7700000000000002,0.9936305732484076,0.4107965766951942,0.5812761993479273
6,Alkyne,0.7800000000000001,0.993485342019544,0.40157998683344304,0.5719643694327239
6,Alkyne,0.7900000000000001,0.9933884297520661,0.3956550362080316,0.5659133709981168
6,Alkyne,0.8000000000000002,0.9932885906040269,0.3897300855826201,0.5598108747044918
6,Alkyne,0.8100000000000002,0.9931856899488927,0.3838051349572087,0.553656220322887
6,Alkyne,0.8200000000000002,0.9948275862068966,0.3798551678736011,0.549785612196284
6,Alkyne,0.8300000000000002,0.9947735191637631,0.3759052007899934,0.5456282847587195
6,Alkyne,0.8400000000000002,0.9947089947089947,0.37129690585911784,0.5407478427612655
6,Alkyne,0.8500000000000002,0.9946902654867257,0.36998025016458197,0.5393474088291746
6,Alkyne,0.8600000000000002,0.9963833634719711,0.3627386438446346,0.5318532818532818
6,Alkyne,0.8700000000000002,0.9962894248608535,0.3535220539828835,0.521865889212828
6,Alkyne,0.8800000000000002,0.9961904761904762,0.34430546412113233,0.5117416829745597
6,Alkyne,0.8900000000000002,0.9960861056751468,0.33508887425938116,0.5014778325123153
6,Alkyne,0.9000000000000002,0.9979959919839679,0.32784726793943386,0.49355797819623387
6,Alkyne,0.9100000000000003,0.9979253112033195,0.3166556945358789,0.48075962018990503
6,Alkyne,0.9200000000000003,0.9978494623655914,0.3054641211323239,0.46774193548387094
6,Alkyne,0.9300000000000002,0.9977678571428571,0.29427254772876893,0.4544992374173869
6,Alkyne,0.9400000000000002,0.9976905311778291,0.2843976300197498,0.4426229508196721
6,Alkyne,0.9500000000000002,0.9976076555023924,0.2745227123107307,0.4305627258647393
7,Amide,0.05,0.3624356391314081,0.9933452897866717,0.5310942605887029
7,Amide,0.060000000000000005,0.3845970302663216,0.9889560128374552,0.5538185037861267
7,Amide,0.07,0.40510630035918843,0.9847555219935813,0.5740580248442079
7,Amide,0.08000000000000002,0.4239057170285341,0.9795167075703228,0.5917287980954282
7,Amide,0.09000000000000001,0.4418116376724655,0.9732867660940154,0.6077449015678416
7,Amide,0.1,0.4594969877494345,0.968331130828771,0.623247619192272
7,Amide,0.11000000000000001,0.4751619367165292,0.9624787615631489,0.6362274982060961
7,Amide,0.12000000000000001,0.49082591014717275,0.9570039645082122,0.648864
7,Amide,0.13,0.5057090516700544,0.9511043987162545,0.660320789029605
7,Amide,0.14,0.5189614027806599,0.9442609023975835,0.6698024774020757
7,Amide,0.15000000000000002,0.5322269807280514,0.9384557296582972,0.6792375486780078
7,Amide,0.16000000000000003,0.5452990037806662,0.9326033603926751,0.6882020026121027
7,Amide,0.17000000000000004,0.557244750078145,0.9255238814423259,0.6956490891998793
7,Amide,0.18000000000000005,0.5685265834624266,0.9180196337549557,0.7021894911644194
7,Amide,0.19,0.5801916549010183,0.91155370964697,0.709069882702792
7,Amide,0.2,0.5914846421639607,0.9061261091183689,0.7157529777993178
7,Amide,0.21000000000000002,0.6020076391300231,0.9000849537474042,0.7214708608394651
7,Amide,0.22000000000000003,0.6122567904431998,0.892580706060034,0.7263091191888934
7,Amide,0.23000000000000004,0.6223880597014926,0.8856428166886917,0.7310374381549729
7,Amide,0.24000000000000005,0.6316128813329261,0.8784689446856712,0.7348638885050437
7,Amide,0.25000000000000006,0.6404077528518428,0.8717198414196715,0.7383717443882548
7,Amide,0.26000000000000006,0.6483313827712168,0.8627996979422314,0.7403462589855219
7,Amide,0.27,0.6572392037419776,0.8554842363602039,0.743371542231427
7,Amide,0.28,0.6654940008887572,0.8481687747781763,0.7458084329349269
7,Amide,0.29000000000000004,0.674143278614116,0.8411836888804984,0.7484567253181036
7,Amide,0.30000000000000004,0.682364303650763,0.8336322446667925,0.7504514265077645
7,Amide,0.31000000000000005,0.6902815622161671,0.8249952803473665,0.7516501472769882
7,Amide,0.32000000000000006,0.6980052387668749,0.8174910326599962,0.7530378453579114
7,Amide,0.33,0.7060587389607722,0.8112610911836888,0.7550128478246546
7,Amide,0.34,0.7131614199598124,0.8040400226543326,0.7558789599787026
7,Amide,0.35000000000000003,0.7202017180221377,0.7953558618085709,0.7559154013501693
7,Amide,0.36000000000000004,0.7267652318025208,0.7864829148574665,0.7554457465376159
7,Amide,0.37000000000000005,0.7344529579472558,0.7781291296960544,0.7556604638371986
7,Amide,0.38000000000000006,0.7419824409771186,0.7698225410609779,0.7556461513516017
7,Amide,0.39000000000000007,0.7483416059748573,0.7613743628468944,0.7548017311966312
7,Amide,0.4000000000000001,0.755418835778514,0.7533509533698319,0.7543834774800321
7,Amide,0.4100000000000001,0.7611119154480961,0.7443364168397206,0.7526306998496743
7,Amide,0.42000000000000004,0.7674418604651163,0.7351330942042665,0.7509401214926237
7,Amide,0.43000000000000005,0.7737945598069285,0.7263545403058335,0.7493244394673418
7,Amide,0.44000000000000006,0.780016447368421,0.7162544836700019,0.7467768920381852
7,Amide,0.45000000000000007,0.7853438793148604,0.7076175193505758,0.7444574095682613
7,Amide,0.4600000000000001,0.7909387188117754,0.6986973758731357,0.7419621601303095
7,Amide,0.4700000000000001,0.7975507079984692,0.6885029261846328,0.7390258111907596
7,Amide,0.4800000000000001,0.8031751355581642,0.6781196903907872,0.7353686311641119
7,Amide,0.49000000000000005,0.8085714285714286,0.667830847649613,0.7314929693961952
7,Amide,0.5000000000000001,0.8136928734022063,0.6579667736454597,0.7275906161112706
7,Amide,0.5100000000000001,0.8203260285424255,0.6483858787993204,0.7242915513378146
7,Amide,0.5200000000000001,0.8262597847358122,0.6376722673211251,0.7198188598827917
7,Amide,0.5300000000000001,0.8308230735579026,0.6274306211062866,0.7149425905509694
7,Amide,0.5400000000000001,0.835750335398965,0.6174249575231263,0.7101870198963112
7,Amide,0.5500000000000002,0.8408600745049343,0.6072305078346234,0.7051988270437666
7,Amide,0.5600000000000002,0.8471384532904437,0.5966112894090995,0.7001384657989477
7,Amide,0.5700000000000002,0.8529128881560868,0.58594487445724,0.6946620411817368
7,Amide,0.5800000000000002,0.8576555023923444,0.5752784595053804,0.6886440677966101
7,Amide,0.5900000000000002,0.8623099646948628,0.5648480271851992,0.6825790629366641
7,Amide,0.6000000000000002,0.8672729961549838,0.553568057390976,0.6757893523853422
7,Amide,0.6100000000000001,0.874381046697646,0.5417217292807249,0.6689785807955705
7,Amide,0.6200000000000001,0.877531868303746,0.5295922220124599,0.6605445180279618
7,Amide,0.6300000000000001,0.881776564131395,0.5181706626392297,0.6527542435863135
7,Amide,0.6400000000000001,0.8873460616579882,0.506701906739664,0.6450566287139123
7,Amide,0.6500000000000001,0.8916155419222904,0.493864451576364,0.6356457295589844
7,Amide,0.6600000000000001,0.8949122807017544,0.4814989616764206,0.6261200441880447
7,Amide,0.6700000000000002,0.8994494087914071,0.4703133849348688,0.6176589084823504
7,Amide,0.6800000000000002,0.903734827264239,0.45681517840286956,0.6068719041946203
7,Amide,0.6900000000000002,0.907819882364285,0.4443552954502549,0.5966602237079756
7,Amide,0.7000000000000002,0.9117293835068054,0.42996035491787804,0.5843489416292496
7,Amide,0.7100000000000002,0.9150015529557926,0.41712289975457806,0.5730216876843778
7,Amide,0.7200000000000002,0.9181593907540492,0.4040022654332641,0.5611091081904886
7,Amide,0.7300000000000002,0.9223693067085483,0.38804983953181044,0.5462759949505016
7,Amide,0.7400000000000002,0.9265516836794556,0.3727109684727204,0.5315876274780384
7,Amide,0.7500000000000002,0.9304708465479385,0.3600151028884274,0.5191587830939903
7,Amide,0.7600000000000002,0.9341736694677871,0.34628091372474984,0.5052682322154122
7,Amide,0.7700000000000002,0.9374334398296059,0.33235793845572964,0.49073170731707316
7,Amide,0.7800000000000001,0.9406175771971497,0.3177270152916745,0.4750044099488446
7,Amide,0.7900000000000001,0.9429411764705883,0.30262412686426277,0.45819636987280266
7,Amide,0.8000000000000002,0.9480985037406484,0.2870964696998301,0.4407332270685408
7,Amide,0.8100000000000002,0.9517377697249217,0.27270152916745327,0.4239333798011666
7,Amide,0.8200000000000002,0.9563693709479586,0.2575986407400415,0.4058746978992378
7,Amide,0.8300000000000002,0.9600597237775289,0.24277893147064375,0.3875536804038273
7,Amide,0.8400000000000002,0.9633286318758815,0.22564659241079857,0.36564567320561353
7,Amide,0.8500000000000002,0.967784352399737,0.20841986029828205,0.34297697176808667
7,Amide,0.8600000000000002,0.9721086799711469,0.19081555597508024,0.31901211188700834
7,Amide,0.8700000000000002,0.9742432288900691,0.17316405512554275,0.29406107237316664
7,Amide,0.8800000000000002,0.9767510300176574,0.15664527090806116,0.26999105181810784
7,Amide,0.8900000000000002,0.9798146922567836,0.1397489144798943,0.24460966542750928
7,Amide,0.9000000000000002,0.9820336391437309,0.1212478761563149,0.2158460762896992
7,Amide,0.9100000000000003,0.9844179651695693,0.10137813856900132,0.18382541720154044
7,Amide,0.9200000000000003,0.9859392575928009,0.08273551066641495,0.15266045458503874
7,Amide,0.9300000000000002,0.9880534082923401,0.06635831602794035,0.12436424749015966
7,Amide,0.9400000000000002,0.9914040114613181,0.04898999433641684,0.09336631436923769
7,Amide,0.9500000000000002,0.992548435171386,0.03143288653955069,0.060935998902054075
8,Amine,0.05,0.48337119226512903,0.994041024105405,0.6504491971274897
8,Amine,0.060000000000000005,0.5004682779456193,0.9920946249438539,0.6653145238214769
8,Amine,0.07,0.5171421421421422,0.990088336577332,0.6794135475850448
8,Amine,0.08000000000000002,0.534201321414691,0.9878125467884414,0.6934112478585768
8,Amine,0.09000000000000001,0.5499314633412457,0.9851175325647552,0.705836918158705
8,Amine,0.1,0.5667967940302633,0.9825722413534961,0.718897542914106
8,Amine,0.11000000000000001,0.5825159762892287,0.9799071717322952,0.7306747644353146
8,Amine,0.12000000000000001,0.5973681320692559,0.9773618805210361,0.7415173855258823
8,Amine,0.13,0.6118668269953405,0.9751759245396018,0.7519366420762188
8,Amine,0.14,0.6252792542947385,0.972211408893547,0.761073149005497
8,Amine,0.15000000000000002,0.6397019586141471,0.9692169486450067,0.7707162586913039
8,Amine,0.16000000000000003,0.6522626675020716,0.9663722114088935,0.7788396563374843
8,Amine,0.17000000000000004,0.6652938741721854,0.9626291360982183,0.7868078076240592
8,Amine,0.18000000000000005,0.677195653093154,0.9591256176074262,0.7938730744922112
8,Amine,0.19,0.6892910359124971,0.9558017667315466,0.8009585706757673
8,Amine,0.2,0.7001409132942886,0.9522084144332984,0.8069480923197949
8,Amine,0.21000000000000002,0.7113726194753863,0.948525228327594,0.8130077127420658
8,Amine,0.22000000000000003,0.7220607419952852,0.9447222638119479,0.8185190950601909
8,Amine,0.23000000000000004,0.7322535539501281,0.9408893546938164,0.8235633313675381
8,Amine,0.24000000000000005,0.7417687913338232,0.937056445575685,0.8280542986425339
8,Amine,0.25000000000000006,0.7511208600491732,0.9331037580476119,0.8322805518088701
8,Amine,0.26000000000000006,0.7601439870705488,0.9295403503518491,0.8363508998814527
8,Amine,0.27,0.7687756370416408,0.9260068872585716,0.8400977995110025
8,Amine,0.28,0.7778198908429351,0.9217846983081299,0.8437050335064614
8,Amine,0.29000000000000004,0.785509252140038,0.9177721215750861,0.8465054617264856
8,Amine,0.30000000000000004,0.7929394026048301,0.913370265009732,0.8489048453981242
8,Amine,0.31000000000000005,0.8011500013188089,0.9095373558916006,0.8519100241207158
8,Amine,0.32000000000000006,0.8083598534485064,0.9051354993262465,0.8540148047691699
8,Amine,0.33,0.815613806577662,0.9000449169037281,0.8557518470539667
8,Amine,0.34,0.8228381130621456,0.8952537805060637,0.857519826757877
8,Amine,0.35000000000000003,0.8295124944221329,0.8906423117233119,0.8589912059031638
8,Amine,0.36000000000000004,0.8367468175388968,0.8857313969157059,0.8605425849152666
8,Amine,0.37000000000000005,0.8436531619419259,0.8804611468782751,0.861664248977977
8,Amine,0.38000000000000006,0.8499752914159472,0.8755801766731547,0.8625877632898696
8,Amine,0.39000000000000007,0.8560402981117624,0.8701901482257823,0.8630572302574916
8,Amine,0.4000000000000001,0.8625776397515528,0.8649797873933224,0.8637770434938624
8,Amine,0.4100000000000001,0.8681584517689749,0.8597095373558916,0.8639133378469871
8,Amine,0.42000000000000004,0.8733433320069787,0.8544093427159755,0.8637725910453183
8,Amine,0.43000000000000005,0.878896808180973,0.8492888156909717,0.8638391837356278
8,Amine,0.44000000000000006,0.8836252903873925,0.8428507261566103,0.8627565173412619
8,Amine,0.45000000000000007,0.8881229948222737,0.8372211408893547,0.861921203526728
8,Amine,0.4600000000000001,0.8932385486361297,0.8315316664171283,0.8612812679310826
8,Amine,0.4700000000000001,0.8975409836065574,0.8262913609821829,0.8604437237873992
8,Amine,0.4800000000000001,0.901826559157479,0.8205419973049858,0.8592662276575729
8,Amine,0.49000000000000005,0.9062041849926696,0.8144033537954783,0.8578548109830145
8,Amine,0.5000000000000001,0.9099114269356414,0.8090432699505914,0.8565178797869643
8,Amine,0.5100000000000001,0.9140891129581686,0.8035334630932774,0.8552533027362114
8,Amine,0.5200000000000001,0.9183096649662209,0.7977840994160803,0.853814475940199
8,Amine,0.5300000000000001,0.9225696140693698,0.7917053451115437,0.8521425233268335
8,Amine,0.5400000000000001,0.9262370297169479,0.7858661476268902,0.8502972670867825
8,Amine,0.5500000000000002,0.9291552161033584,0.7795777811049558,0.8478197153743446
8,Amine,0.5600000000000002,0.9326471650415312,0.7733193591855068,0.8455430956863387
8,Amine,0.5700000000000002,0.935776129762905,0.7670309926635724,0.8430423907319642
8,Amine,0.5800000000000002,0.9389640138919678,0.7610121275640066,0.8406741535866096
8,Amine,0.5900000000000002,0.9422789166541972,0.7542745920047912,0.8378598632893708
8,Amine,0.6000000000000002,0.9457246816252274,0.7471777212157509,0.8348082102410546
8,Amine,0.6100000000000001,0.9492358497811229,0.7402305734391376,0.8318051045644969
8,Amine,0.6200000000000001,0.951558976751419,0.7329240904326995,0.8280528443594904
8,Amine,0.6300000000000001,0.954205681013455,0.7262763886809402,0.8247836362708925
8,Amine,0.6400000000000001,0.9567886470541338,0.718730348854619,0.8208477967203023
8,Amine,0.6500000000000001,0.9595767879497638,0.7115436442581224,0.8171532721207745
8,Amine,0.6600000000000001,0.9617998689813299,0.7034286569845786,0.812570262370501
8,Amine,0.6700000000000002,0.9637034886132658,0.6956730049408594,0.8080414594274982
8,Amine,0.6800000000000002,0.9663893790437779,0.688785746369217,0.8043079182474605
8,Amine,0.6900000000000002,0.9681999829946433,0.6819583770025452,0.8002529999824306
8,Amine,0.7000000000000002,0.9704386796518142,0.6743524479712532,0.7957456582039186
8,Amine,0.7100000000000002,0.9725889656378421,0.6661775714927385,0.7907373509392382
8,Amine,0.7200000000000002,0.9742112725983694,0.6583620302440485,0.785733431016922
8,Amine,0.7300000000000002,0.9754403262671985,0.6517442730947747,0.7813958497881812
8,Amine,0.7400000000000002,0.9769744311730778,0.644168288665968,0.7764102934276537
8,Amine,0.7500000000000002,0.9786596607669616,0.6358137445725408,0.7708337114955256
8,Amine,0.7600000000000002,0.9806047576763097,0.6282976493487049,0.7658782303985984
8,Amine,0.7700000000000002,0.982350429377995,0.6200029944602485,0.7602070788662065
8,Amine,0.7800000000000001,0.9833220861852887,0.6108698907022009,0.7535878539369424
8,Amine,0.7900000000000001,0.9848054112341927,0.6016469531366971,0.746956149971188
8,Amine,0.8000000000000002,0.9860986547085202,0.5926336277885911,0.7403347984662864
8,Amine,0.8100000000000002,0.9876079228034536,0.5823027399311275,0.7326363379485731
8,Amine,0.8200000000000002,0.9891287466997981,0.5721515196885761,0.7249582637729549
8,Amine,0.8300000000000002,0.9903536977491961,0.5625991914957329,0.7175648321429935
8,Amine,0.8400000000000002,0.9911385606874329,0.5526276388680941,0.7096029991348649
8,Amine,0.8500000000000002,0.9923877327491786,0.5426261416379697,0.7016164940470428
8,Amine,0.8600000000000002,0.9931801665828163,0.5320257523581374,0.6928866703065284
8,Amine,0.8700000000000002,0.9938923454535076,0.5213954184758197,0.6839769022272852
8,Amine,0.8800000000000002,0.9947420692878425,0.5098667465189399,0.6741764333227748
8,Amine,0.8900000000000002,0.9955092509430573,0.49785896092229376,0.6637655701053976
8,Amine,0.9000000000000002,0.9962505378326879,0.4853421170833957,0.6527061855670103
8,Amine,0.9100000000000003,0.9966561514195583,0.4730348854618955,0.6415676718448573
8,Amine,0.9200000000000003,0.9973374894473667,0.459889204970804,0.6295036274951838
8,Amine,0.9300000000000002,0.9975822699798522,0.4447971253181614,0.6152635394014704
8,Amine,0.9400000000000002,0.998392956959195,0.42787842491390926,0.5990315886557528
8,Amine,0.9500000000000002,0.9989818181818182,0.41131905973948196,0.5827129069890763
9,Arene,0.05,0.8846231300345224,0.9985549132947977,0.9381425999938982
9,Arene,0.060000000000000005,0.8889386864057598,0.9983600701435345,0.9404773740602798
9,Arene,0.07,0.8929785317956018,0.998213937780087,0.9426683226766027
9,Arene,0.08000000000000002,0.8963254593175853,0.9980840423459115,0.944471759572245
9,Arene,0.09000000000000001,0.899375118903019,0.9978729622653764,0.9460672254677843
9,Arene,0.1,0.901782962799912,0.9977917776190167,0.9473611186051352
9,Arene,0.11000000000000001,0.9044513792798893,0.9976456452555693,0.9487654606939362
9,Arene,0.12000000000000001,0.906558054424178,0.9974670390335779,0.9498422908033892
9,Arene,0.13,0.9088393702651515,0.9973209066701305,0.9510265382590655
9,Arene,0.14,0.9106049146534977,0.9969961680846918,0.9518443020020307
9,Arene,0.15000000000000002,0.9126601849374126,0.9968013249334285,0.9528768994365716
9,Arene,0.16000000000000003,0.9146450497705192,0.9966227187114373,0.9538758003356748
9,Arene,0.17000000000000004,0.9161342329969547,0.996460349418718,0.9546105027376804
9,Arene,0.18000000000000005,0.9177572050311832,0.9963629278430863,0.9554460455737985
9,Arene,0.19,0.9192939343083193,0.9961356108332792,0.9561734359901499
9,Arene,0.2,0.9205463004652559,0.9959082938234721,0.9567455427475081
9,Arene,0.21000000000000002,0.9217935035849029,0.9957459245307527,0.9573436780442877
9,Arene,0.22000000000000003,0.9229669105470749,0.9954698967331298,0.9578483603355883
9,Arene,0.23000000000000004,0.9241519674355495,0.9953075274404105,0.958410856955237
9,Arene,0.24000000000000005,0.9252498716671196,0.9950477365720595,0.9588803179421382
9,Arene,0.25000000000000006,0.9264383458078174,0.9948366564915243,0.9594199948325673
9,Arene,0.26000000000000006,0.927514725700701,0.9945768656231734,0.9598758902757211
9,Arene,0.27,0.9286050073548368,0.9942683639670066,0.9603155311257655
9,Arene,0.28,0.9298136362945975,0.9939923361693837,0.9608324766336804
9,Arene,0.29000000000000004,0.931045498106147,0.9937974930181204,0.9613986035954668
9,Arene,0.30000000000000004,0.9319808705717506,0.9935701760083133,0.9617905474435345
9,Arene,0.31000000000000005,0.9329144617449255,0.9932779112814185,0.9621503448384332
9,Arene,0.32000000000000006,0.9339065100865873,0.9929694096252517,0.9625327572774276
9,Arene,0.33,0.9351503471903582,0.9927583295447165,0.9630936441679137
9,Arene,0.34,0.936510854744067,0.9925147756056375,0.9636998557453551
9,Arene,0.35000000000000003,0.9375537007487419,0.9921738000909268,0.9640907513174087
9,Arene,0.36000000000000004,0.9388457696150004,0.9918490615054881,0.9646198668803739
9,Arene,0.37000000000000005,0.939906103286385,0.9914431382736897,0.9649870014934454
9,Arene,0.38000000000000006,0.9408437244717088,0.991118399688251,0.9653269232289846
9,Arene,0.39000000000000007,0.9417330369821572,0.9906637656686368,0.9655789073874786
9,Arene,0.4000000000000001,0.9426747654595756,0.9903227901539261,0.9659115204016185
9,Arene,0.4100000000000001,0.9437177840038389,0.9899168669221277,0.9662654230491874
9,Arene,0.42000000000000004,0.9446778168741184,0.9895434175488732,0.9665902728765038
9,Arene,0.43000000000000005,0.9456941921661777,0.989072546599987,0.9668970881183483
9,Arene,0.44000000000000006,0.946904306443335,0.9885854387218289,0.967296067107803
9,Arene,0.45000000000000007,0.947919262397209,0.9882444632071182,0.967661928837165
9,Arene,0.4600000000000001,0.9489055650030422,0.987562512177697,0.9678481919083423
9,Arene,0.4700000000000001,0.949828125,0.987026693511723,0.9680701977895977
9,Arene,0.4800000000000001,0.9508176199045458,0.9865882964213808,0.968372737921637
9,Arene,0.49000000000000005,0.9517309470450876,0.9860524777554069,0.9685877652575421
9,Arene,0.5000000000000001,0.9526305876443998,0.9854841852308891,0.9687789305666401
9,Arene,0.5100000000000001,0.9536792452830188,0.9848347080600117,0.9690066140524651
9,Arene,0.5200000000000001,0.9546693127943423,0.9841365201013185,0.9691789857447812
9,Arene,0.5300000000000001,0.9556386705804375,0.98322725206209,0.969236679097908
9,Arene,0.5400000000000001,0.9566619760621057,0.9824316425277652,0.9693755757600032
9,Arene,0.5500000000000002,0.9578047042052744,0.9818633500032474,0.9696848215645871
9,Arene,0.5600000000000002,0.9586817511067388,0.9810190296811067,0.9697217741611897
9,Arene,0.5700000000000002,0.959505222824618,0.9798986815613431,0.9695947302887898
9,Arene,0.5800000000000002,0.9602821970601819,0.9790705981684744,0.9695853868356099
9,Arene,0.5900000000000002,0.961182552091643,0.9781938039877899,0.9696135708882558
9,Arene,0.6000000000000002,0.9621688172558801,0.9770572189387543,0.9695558652691958
9,Arene,0.6100000000000001,0.9629279546291994,0.9759206338897187,0.9693807607635053
9,Arene,0.6200000000000001,0.9638631584016952,0.9748652334870429,0.9693329781480315
9,Arene,0.6300000000000001,0.9647751399343756,0.9739234915892706,0.969327731092437
9,Arene,0.6400000000000001,0.9657562957469449,0.9726245372475157,0.9691782484184639
9,Arene,0.6500000000000001,0.966673131626584,0.9711307397544976,0.9688968086829742
9,Arene,0.6600000000000001,0.9675631885936488,0.9696369422614796,0.9685989554611217
9,Arene,0.6700000000000002,0.9688195629214396,0.9681431447684614,0.9684812357369673
9,Arene,0.6800000000000002,0.9699014095983052,0.9663895564070923,0.9681422982765773
9,Arene,0.6900000000000002,0.9709545603138281,0.9645223095408196,0.9677277466440767
9,Arene,0.7000000000000002,0.9718238292710911,0.9626875365330909,0.9672341085018393
9,Arene,0.7100000000000002,0.9726988823142669,0.960885237383906,0.96675597085634
9,Arene,0.7200000000000002,0.9736069897790967,0.9589368058712736,0.9662162162162162
9,Arene,0.7300000000000002,0.9746686742004335,0.9564850295512113,0.9654912437411393
9,Arene,0.7400000000000002,0.9756121856063751,0.9541793855945964,0.9647767662920795
9,Arene,0.7500000000000002,0.9766682221185254,0.9515490030525428,0.9639449963813409
9,Arene,0.7600000000000002,0.9774187073464472,0.9487887250763136,0.9628909468411165
9,Arene,0.7700000000000002,0.978253203244387,0.9458660778073651,0.9617870675351049
9,Arene,0.7800000000000001,0.979062626535295,0.9422452425797233,0.9603011749131226
9,Arene,0.7900000000000001,0.9798464328694679,0.9386244073520815,0.9587925529709334
9,Arene,0.8000000000000002,0.980974462136452,0.9343053841657466,0.9570713370922941
9,Arene,0.8100000000000002,0.9821306077651255,0.9298889394037799,0.9552960800667223
9,Arene,0.8200000000000002,0.9830505549130952,0.9247743066831201,0.9530223802551767
9,Arene,0.8300000000000002,0.9840566103345156,0.9189939598623108,0.9504130843632456
9,Arene,0.8400000000000002,0.984915643231311,0.9128076898097032,0.9474917205288749
9,Arene,0.8500000000000002,0.985713528881982,0.9063129181009287,0.9443471640654739
9,Arene,0.8600000000000002,0.9870203965197547,0.898876404494382,0.940888541418811
9,Arene,0.8700000000000002,0.9883400313575663,0.8904656751315191,0.9368535237493274
9,Arene,0.8800000000000002,0.989490393562866,0.8805449113463661,0.931844151381073
9,Arene,0.8900000000000002,0.9905285161958673,0.869406377865818,0.926023606727485
9,Arene,0.9000000000000002,0.9916610322289835,0.8573098655582256,0.9196042914866936
9,Arene,0.9100000000000003,0.992798728286059,0.8416737026693512,0.9110113267897471
9,Arene,0.9200000000000003,0.9939478219993733,0.8239754497629408,0.9010155889350521
9,Arene,0.9300000000000002,0.9949008384392132,0.8015035396505813,0.8877918060501421
9,Arene,0.9400000000000002,0.9957575757575757,0.773640969019939,0.8707578720371352
9,Arene,0.9500000000000002,0.9966916436615398,0.7386341495096448,0.8484752401380211
10,Azo compound,0.05,0.975609756097561,0.7843137254901961,0.8695652173913043
10,Azo compound,0.060000000000000005,0.975609756097561,0.7843137254901961,0.8695652173913043
10,Azo compound,0.07,0.975609756097561,0.7843137254901961,0.8695652173913043
10,Azo compound,0.08000000000000002,0.975609756097561,0.7843137254901961,0.8695652173913043
10,Azo compound,0.09000000000000001,0.975609756097561,0.7843137254901961,0.8695652173913043
10,Azo compound,0.1,0.975609756097561,0.7843137254901961,0.8695652173913043
10,Azo compound,0.11000000000000001,1.0,0.7843137254901961,0.8791208791208791
10,Azo compound,0.12000000000000001,1.0,0.7843137254901961,0.8791208791208791
10,Azo compound,0.13,1.0,0.7843137254901961,0.8791208791208791
10,Azo compound,0.14,1.0,0.7843137254901961,0.8791208791208791
10,Azo compound,0.15000000000000002,1.0,0.7843137254901961,0.8791208791208791
10,Azo compound,0.16000000000000003,1.0,0.7843137254901961,0.8791208791208791
10,Azo compound,0.17000000000000004,1.0,0.7843137254901961,0.8791208791208791
10,Azo compound,0.18000000000000005,1.0,0.7843137254901961,0.8791208791208791
10,Azo compound,0.19,1.0,0.7843137254901961,0.8791208791208791
10,Azo compound,0.2,1.0,0.7843137254901961,0.8791208791208791
10,Azo compound,0.21000000000000002,1.0,0.7843137254901961,0.8791208791208791
10,Azo compound,0.22000000000000003,1.0,0.7843137254901961,0.8791208791208791
10,Azo compound,0.23000000000000004,1.0,0.7843137254901961,0.8791208791208791
10,Azo compound,0.24000000000000005,1.0,0.7843137254901961,0.8791208791208791
10,Azo compound,0.25000000000000006,1.0,0.7843137254901961,0.8791208791208791
10,Azo compound,0.26000000000000006,1.0,0.7843137254901961,0.8791208791208791
10,Azo compound,0.27,1.0,0.7843137254901961,0.8791208791208791
10,Azo compound,0.28,1.0,0.7843137254901961,0.8791208791208791
10,Azo compound,0.29000000000000004,1.0,0.7843137254901961,0.8791208791208791
10,Azo compound,0.30000000000000004,1.0,0.7843137254901961,0.8791208791208791
10,Azo compound,0.31000000000000005,1.0,0.7647058823529411,0.8666666666666667
10,Azo compound,0.32000000000000006,1.0,0.7647058823529411,0.8666666666666667
10,Azo compound,0.33,1.0,0.7647058823529411,0.8666666666666667
10,Azo compound,0.34,1.0,0.7647058823529411,0.8666666666666667
10,Azo compound,0.35000000000000003,1.0,0.7647058823529411,0.8666666666666667
10,Azo compound,0.36000000000000004,1.0,0.7647058823529411,0.8666666666666667
10,Azo compound,0.37000000000000005,1.0,0.7647058823529411,0.8666666666666667
10,Azo compound,0.38000000000000006,1.0,0.7647058823529411,0.8666666666666667
10,Azo compound,0.39000000000000007,1.0,0.7450980392156863,0.8539325842696629
10,Azo compound,0.4000000000000001,1.0,0.7450980392156863,0.8539325842696629
10,Azo compound,0.4100000000000001,1.0,0.7450980392156863,0.8539325842696629
10,Azo compound,0.42000000000000004,1.0,0.7450980392156863,0.8539325842696629
10,Azo compound,0.43000000000000005,1.0,0.7450980392156863,0.8539325842696629
10,Azo compound,0.44000000000000006,1.0,0.7450980392156863,0.8539325842696629
10,Azo compound,0.45000000000000007,1.0,0.7450980392156863,0.8539325842696629
10,Azo compound,0.4600000000000001,1.0,0.7450980392156863,0.8539325842696629
10,Azo compound,0.4700000000000001,1.0,0.7450980392156863,0.8539325842696629
10,Azo compound,0.4800000000000001,1.0,0.7450980392156863,0.8539325842696629
10,Azo compound,0.49000000000000005,1.0,0.7450980392156863,0.8539325842696629
10,Azo compound,0.5000000000000001,1.0,0.7450980392156863,0.8539325842696629
10,Azo compound,0.5100000000000001,1.0,0.7450980392156863,0.8539325842696629
10,Azo compound,0.5200000000000001,1.0,0.7450980392156863,0.8539325842696629
10,Azo compound,0.5300000000000001,1.0,0.7450980392156863,0.8539325842696629
10,Azo compound,0.5400000000000001,1.0,0.7450980392156863,0.8539325842696629
10,Azo compound,0.5500000000000002,1.0,0.7450980392156863,0.8539325842696629
10,Azo compound,0.5600000000000002,1.0,0.7450980392156863,0.8539325842696629
10,Azo compound,0.5700000000000002,1.0,0.7450980392156863,0.8539325842696629
10,Azo compound,0.5800000000000002,1.0,0.7450980392156863,0.8539325842696629
10,Azo compound,0.5900000000000002,1.0,0.7450980392156863,0.8539325842696629
10,Azo compound,0.6000000000000002,1.0,0.7254901960784313,0.8409090909090909
10,Azo compound,0.6100000000000001,1.0,0.7254901960784313,0.8409090909090909
10,Azo compound,0.6200000000000001,1.0,0.7254901960784313,0.8409090909090909
10,Azo compound,0.6300000000000001,1.0,0.7254901960784313,0.8409090909090909
10,Azo compound,0.6400000000000001,1.0,0.7254901960784313,0.8409090909090909
10,Azo compound,0.6500000000000001,1.0,0.7058823529411765,0.8275862068965517
10,Azo compound,0.6600000000000001,1.0,0.6862745098039216,0.813953488372093
10,Azo compound,0.6700000000000002,1.0,0.6470588235294118,0.7857142857142857
10,Azo compound,0.6800000000000002,1.0,0.6274509803921569,0.7710843373493976
10,Azo compound,0.6900000000000002,1.0,0.6274509803921569,0.7710843373493976
10,Azo compound,0.7000000000000002,1.0,0.6078431372549019,0.7560975609756098
10,Azo compound,0.7100000000000002,1.0,0.6078431372549019,0.7560975609756098
10,Azo compound,0.7200000000000002,1.0,0.6078431372549019,0.7560975609756098
10,Azo compound,0.7300000000000002,1.0,0.6078431372549019,0.7560975609756098
10,Azo compound,0.7400000000000002,1.0,0.5686274509803921,0.725
10,Azo compound,0.7500000000000002,1.0,0.49019607843137253,0.6578947368421053
10,Azo compound,0.7600000000000002,1.0,0.47058823529411764,0.64
10,Azo compound,0.7700000000000002,1.0,0.4117647058823529,0.5833333333333334
10,Azo compound,0.7800000000000001,1.0,0.39215686274509803,0.5633802816901409
10,Azo compound,0.7900000000000001,1.0,0.37254901960784315,0.5428571428571428
10,Azo compound,0.8000000000000002,1.0,0.3137254901960784,0.47761194029850745
10,Azo compound,0.8100000000000002,1.0,0.3137254901960784,0.47761194029850745
10,Azo compound,0.8200000000000002,1.0,0.29411764705882354,0.45454545454545453
10,Azo compound,0.8300000000000002,1.0,0.21568627450980393,0.3548387096774194
10,Azo compound,0.8400000000000002,1.0,0.17647058823529413,0.3
10,Azo compound,0.8500000000000002,1.0,0.1568627450980392,0.2711864406779661
10,Azo compound,0.8600000000000002,1.0,0.11764705882352941,0.21052631578947367
10,Azo compound,0.8700000000000002,1.0,0.0784313725490196,0.14545454545454545
10,Azo compound,0.8800000000000002,1.0,0.058823529411764705,0.1111111111111111
10,Azo compound,0.8900000000000002,1.0,0.058823529411764705,0.1111111111111111
10,Azo compound,0.9000000000000002,1.0,0.058823529411764705,0.1111111111111111
10,Azo compound,0.9100000000000003,1.0,0.0392156862745098,0.07547169811320754
10,Azo compound,0.9200000000000003,0.0,0.0,0.0
10,Azo compound,0.9300000000000002,0.0,0.0,0.0
10,Azo compound,0.9400000000000002,0.0,0.0,0.0
10,Azo compound,0.9500000000000002,0.0,0.0,0.0
11,Carbamate,0.05,0.44922062350119907,0.9687136393018746,0.6138029899651853
11,Carbamate,0.060000000000000005,0.4884133132016018,0.9618616677440207,0.6478578892371996
11,Carbamate,0.07,0.5266267976648156,0.9563025210084034,0.6792158303108213
11,Carbamate,0.08000000000000002,0.5595945739978662,0.9493212669683257,0.70412811046651
11,Carbamate,0.09000000000000001,0.5881926546391752,0.9441499676793794,0.7248275519825319
11,Carbamate,0.1,0.6135306553911205,0.9379444085326438,0.7418200408997955
11,Carbamate,0.11000000000000001,0.6371188687582855,0.9319974143503555,0.7568503937007874
11,Carbamate,0.12000000000000001,0.6586485493940507,0.9274725274725275,0.7702797015085628
11,Carbamate,0.13,0.677716565349544,0.9224305106658048,0.781361222143131
11,Carbamate,0.14,0.6943030540328896,0.9170006464124111,0.7902623809258537
11,Carbamate,0.15000000000000002,0.7104759987923921,0.9127343244990304,0.7990040742417384
11,Carbamate,0.16000000000000003,0.7243655869610068,0.9078215901745313,0.8057834643410408
11,Carbamate,0.17000000000000004,0.7381430231329883,0.903425985778927,0.8124636670154634
11,Carbamate,0.18000000000000005,0.7522133448499244,0.9007110536522301,0.8197917279519915
11,Carbamate,0.19,0.7641093474426808,0.8961861667744021,0.8248943892425775
11,Carbamate,0.2,0.7765394573905212,0.8917905623787977,0.8301841376820316
11,Carbamate,0.21000000000000002,0.7867385568429506,0.8866192630898513,0.8336980306345733
11,Carbamate,0.22000000000000003,0.7981072555205048,0.8831286360698125,0.8384681477844605
11,Carbamate,0.23000000000000004,0.8073677956030897,0.8783451842275372,0.8413622291021672
11,Carbamate,0.24000000000000005,0.8150916104146577,0.8742081447963801,0.8436154949784792
11,Carbamate,0.25000000000000006,0.822501832396775,0.870458952811894,0.8458011431442749
11,Carbamate,0.26000000000000006,0.8305273582569943,0.8673561732385262,0.8485423385821792
11,Carbamate,0.27,0.8363431151241535,0.8621848739495799,0.8490674135845694
11,Carbamate,0.28,0.8443342235787867,0.85830639948287,0.8512629824336453
11,Carbamate,0.29000000000000004,0.8509404792579233,0.8539107950872656,0.8524230496225076
11,Carbamate,0.30000000000000004,0.8565659197498697,0.8500323206205559,0.8532866134579197
11,Carbamate,0.31000000000000005,0.862664907651715,0.8453781512605042,0.853934051583415
11,Carbamate,0.32000000000000006,0.8677785190126751,0.8408532643826762,0.8541037426132633
11,Carbamate,0.33,0.8734826004855678,0.8372333548804137,0.8549739256716615
11,Carbamate,0.34,0.8782182263996731,0.8334841628959276,0.8552666489785089
11,Carbamate,0.35000000000000003,0.8832116788321168,0.8290885585003233,0.855294745265404
11,Carbamate,0.36000000000000004,0.8878530680395158,0.8249515190691661,0.8552472858866104
11,Carbamate,0.37000000000000005,0.8914783097009686,0.8209437621202327,0.8547583793242698
11,Carbamate,0.38000000000000006,0.8949306145567828,0.8170652876535229,0.854227208217882
11,Carbamate,0.39000000000000007,0.8991416309012875,0.8125404007756949,0.8536502546689304
11,Carbamate,0.4000000000000001,0.9036876355748373,0.8078862314156432,0.8531058020477815
11,Carbamate,0.4100000000000001,0.9078697620090525,0.8038784744667098,0.8527153044432254
11,Carbamate,0.42000000000000004,0.911872885096366,0.8012928248222366,0.8530140379851362
11,Carbamate,0.43000000000000005,0.9166666666666666,0.7963800904977375,0.8523002421307506
11,Carbamate,0.44000000000000006,0.9197419741974198,0.7926308985132514,0.8514686480105548
11,Carbamate,0.45000000000000007,0.9235774818401937,0.789010989010989,0.8510074600850589
11,Carbamate,0.4600000000000001,0.9269037082252404,0.7852617970265029,0.8502239641657335
11,Carbamate,0.4700000000000001,0.9301645900630672,0.7817711700064641,0.8495363866254566
11,Carbamate,0.4800000000000001,0.9328473945409429,0.7776341305753071,0.8481985475569344
11,Carbamate,0.49000000000000005,0.9358673549194432,0.77349709114415,0.8469705549263873
11,Carbamate,0.5000000000000001,0.9387336175588189,0.768584356819651,0.8451805516064828
11,Carbamate,0.5100000000000001,0.9408396946564885,0.7648351648351648,0.8437566854453398
11,Carbamate,0.5200000000000001,0.9425637734638216,0.7595345830639948,0.8412084765177549
11,Carbamate,0.5300000000000001,0.9457753318225963,0.7553975436328377,0.8399338747933587
11,Carbamate,0.5400000000000001,0.9470068694798822,0.7485455720749838,0.8361614557007726
11,Carbamate,0.5500000000000002,0.9504377994382951,0.7437621202327085,0.8344937626921961
11,Carbamate,0.5600000000000002,0.9525395503746877,0.7394957983193278,0.8326055312954876
11,Carbamate,0.5700000000000002,0.9548051075268817,0.7347123464770524,0.8304230291517498
11,Carbamate,0.5800000000000002,0.9573709239130435,0.728765352294764,0.8275710195992072
11,Carbamate,0.5900000000000002,0.959278350515464,0.7217840982546865,0.8237550719291774
11,Carbamate,0.6000000000000002,0.9606926406926407,0.7172592113768584,0.8213175425610659
11,Carbamate,0.6100000000000001,0.9630472854640981,0.7109243697478992,0.8179992562290814
11,Carbamate,0.6200000000000001,0.9649867374005305,0.7054945054945055,0.8150858849887976
11,Carbamate,0.6300000000000001,0.967546362339515,0.701486748545572,0.8133103499962527
11,Carbamate,0.6400000000000001,0.969735182849937,0.6959276018099547,0.8103266596417281
11,Carbamate,0.6500000000000001,0.9710698689956332,0.6899806076276664,0.8067417428765777
11,Carbamate,0.6600000000000001,0.9722528482175671,0.6840336134453782,0.8030659482431509
11,Carbamate,0.6700000000000002,0.973816155988858,0.6779573367808662,0.7993902439024391
11,Carbamate,0.6800000000000002,0.9743012567998499,0.6714932126696832,0.7950405632940456
11,Carbamate,0.6900000000000002,0.9762943296036412,0.6655462184873949,0.7915129151291513
11,Carbamate,0.7000000000000002,0.9768021472392638,0.658694246929541,0.7868118292023782
11,Carbamate,0.7100000000000002,0.9780795344325898,0.6518422753716872,0.7823118696664081
11,Carbamate,0.7200000000000002,0.9801063620248178,0.6433096315449257,0.7767717764595692
11,Carbamate,0.7300000000000002,0.98111707414033,0.6381383322559793,0.77330408898637
11,Carbamate,0.7400000000000002,0.9814777531709281,0.6302521008403361,0.7675956542276807
11,Carbamate,0.7500000000000002,0.9826742763962495,0.6232708468002586,0.7627561110671625
11,Carbamate,0.7600000000000002,0.9832955248504847,0.6164188752424047,0.757787666878576
11,Carbamate,0.7700000000000002,0.9836409395973155,0.6063348416289592,0.7502199472126689
11,Carbamate,0.7800000000000001,0.984520780322307,0.6002585649644473,0.7458035499156694
11,Carbamate,0.7900000000000001,0.9855541181543769,0.5909502262443439,0.7388668875777904
11,Carbamate,0.8000000000000002,0.9859864243485877,0.5821590174531351,0.7320760851894001
11,Carbamate,0.8100000000000002,0.9870910304918763,0.5733678086619263,0.7253843637553157
11,Carbamate,0.8200000000000002,0.9879873073436083,0.5635423400129282,0.717708076068165
11,Carbamate,0.8300000000000002,0.988479262672811,0.5546218487394958,0.7105590062111802
11,Carbamate,0.8400000000000002,0.9896519285042333,0.5440206851971557,0.7020939350963544
11,Carbamate,0.8500000000000002,0.9901394901394901,0.5322559793148028,0.6923400319515681
11,Carbamate,0.8600000000000002,0.9913729356667488,0.5199741435035553,0.682157394843962
11,Carbamate,0.8700000000000002,0.9934060360131879,0.5063994828700711,0.6708340469258435
11,Carbamate,0.8800000000000002,0.9939600840336135,0.48933419521654814,0.6558087152386728
11,Carbamate,0.8900000000000002,0.9948327440848518,0.4729153199741435,0.6410795653697862
11,Carbamate,0.9000000000000002,0.9957734573119188,0.4568842921784098,0.6263736263736264
11,Carbamate,0.9100000000000003,0.9976498237367802,0.4390433096315449,0.6097495286830057
11,Carbamate,0.9200000000000003,0.9975377039088951,0.41900452488687784,0.5901310997815004
11,Carbamate,0.9300000000000002,0.998042414355628,0.39547511312217193,0.5664814814814815
11,Carbamate,0.9400000000000002,0.9986033519553073,0.3697478991596639,0.5396735541088782
11,Carbamate,0.9500000000000002,0.998472116119175,0.33794440853264385,0.5049744035545253
12,Carboxylic acid,0.05,0.8932590655905422,0.9972081218274111,0.9423757270492295
12,Carboxylic acid,0.060000000000000005,0.910608695652174,0.9967005076142132,0.9517116025446835
12,Carboxylic acid,0.07,0.9214512152166255,0.9959390862944163,0.9572482771238641
12,Carboxylic acid,0.08000000000000002,0.9300533491404861,0.9955583756345178,0.9616916947594238
12,Carboxylic acid,0.09000000000000001,0.9380234505862647,0.9949238578680203,0.9656361620889272
12,Carboxylic acid,0.1,0.9439826526924467,0.9944162436548223,0.968543353315617
12,Carboxylic acid,0.11000000000000001,0.9489944269445117,0.9940355329949239,0.9709929341762737
12,Carboxylic acid,0.12000000000000001,0.9523288337589687,0.9937817258883249,0.9726137986710551
12,Carboxylic acid,0.13,0.9567290062339567,0.9932741116751269,0.9746591121349854
12,Carboxylic acid,0.14,0.9598920642708205,0.9931472081218274,0.9762365121936007
12,Carboxylic acid,0.15000000000000002,0.9627076923076923,0.9926395939086294,0.9774445485785692
12,Carboxylic acid,0.16000000000000003,0.9656662961590713,0.992258883248731,0.9787819991237404
12,Carboxylic acid,0.17000000000000004,0.967450495049505,0.992005076142132,0.9795739348370928
12,Carboxylic acid,0.18000000000000005,0.9691296801388545,0.992005076142132,0.9804339646306284
12,Carboxylic acid,0.19,0.9715386527467065,0.992005076142132,0.981665201557202
12,Carboxylic acid,0.2,0.9731042211430706,0.991751269035533,0.9823392621456853
12,Carboxylic acid,0.21000000000000002,0.9743046027192217,0.991243654822335,0.9827011385796062
12,Carboxylic acid,0.22000000000000003,0.9762410904089034,0.990736040609137,0.9834351577753984
12,Carboxylic acid,0.23000000000000004,0.9772072636192861,0.9902284263959391,0.9836747557516546
12,Carboxylic acid,0.24000000000000005,0.978421778948689,0.9897208121827411,0.9840388619014573
12,Carboxylic acid,0.25000000000000006,0.9790227358372063,0.9890862944162436,0.984028786061486
12,Carboxylic acid,0.26000000000000006,0.9801132787916929,0.9881979695431472,0.9841390205371248
12,Carboxylic acid,0.27,0.9815819351583197,0.9874365482233503,0.9845005377364459
12,Carboxylic acid,0.28,0.9817011610297829,0.9871827411167513,0.9844343204252088
12,Carboxylic acid,0.29000000000000004,0.9823143001515917,0.9868020304568528,0.984553051405419
12,Carboxylic acid,0.30000000000000004,0.9830551340414769,0.9865482233502538,0.9847985812009121
12,Carboxylic acid,0.31000000000000005,0.9840465940744493,0.9862944162436548,0.9851692229686906
12,Carboxylic acid,0.32000000000000006,0.9847889466345544,0.9859137055837564,0.9853510051366605
12,Carboxylic acid,0.33,0.9852866565195332,0.9857868020304569,0.9855366658208576
12,Carboxylic acid,0.34,0.9857795835449467,0.9852791878172589,0.9855293221629855
12,Carboxylic acid,0.35000000000000003,0.9861464158617184,0.9846446700507614,0.9853949707899415
12,Carboxylic acid,0.36000000000000004,0.9867667642193664,0.9841370558375635,0.9854501556642734
12,Carboxylic acid,0.37000000000000005,0.987515923566879,0.983756345177665,0.9856325492689129
12,Carboxylic acid,0.38000000000000006,0.9881347282470018,0.9828680203045685,0.9854943377019977
12,Carboxylic acid,0.39000000000000007,0.9887583035258048,0.9822335025380711,0.985485103132162
12,Carboxylic acid,0.4000000000000001,0.989262431292343,0.9821065989847716,0.985671527733554
12,Carboxylic acid,0.4100000000000001,0.9895113839856741,0.9817258883248731,0.9856032615619824
12,Carboxylic acid,0.42000000000000004,0.9900153609831029,0.9814720812182741,0.9857252102982411
12,Carboxylic acid,0.43000000000000005,0.9903944672131147,0.9813451776649746,0.9858490566037735
12,Carboxylic acid,0.44000000000000006,0.9906434247628814,0.9808375634517766,0.9857161076393317
12,Carboxylic acid,0.45000000000000007,0.9910210364289379,0.9804568527918782,0.9857106404695075
12,Carboxylic acid,0.4600000000000001,0.9913981255616896,0.9799492385786802,0.9856404365307294
12,Carboxylic acid,0.4700000000000001,0.9920298238848181,0.9793147208121827,0.9856312663643911
12,Carboxylic acid,0.4800000000000001,0.9926622039134912,0.9785532994923858,0.9855572597137015
12,Carboxylic acid,0.49000000000000005,0.9929132843705708,0.9779187817258883,0.9853589923917908
12,Carboxylic acid,0.5000000000000001,0.9929078014184397,0.9771573604060914,0.9849696194435561
12,Carboxylic acid,0.5100000000000001,0.9929013939081053,0.9762690355329949,0.98451497312516
12,Carboxylic acid,0.5200000000000001,0.9931533393618396,0.9756345177664975,0.9843159848921323
12,Carboxylic acid,0.5300000000000001,0.9932764416860616,0.9748730964467005,0.9839887280645574
12,Carboxylic acid,0.5400000000000001,0.9932703507182606,0.9739847715736041,0.9835330300506183
12,Carboxylic acid,0.5500000000000002,0.9935233160621761,0.9733502538071066,0.9833333333333333
12,Carboxylic acid,0.5600000000000002,0.9937791601866252,0.9730964467005077,0.9833290587330085
12,Carboxylic acid,0.5700000000000002,0.9937702790395847,0.9717005076142132,0.9826114854026308
12,Carboxylic acid,0.5800000000000002,0.9938929313929314,0.9706852791878172,0.9821520287621982
12,Carboxylic acid,0.5900000000000002,0.993888961123391,0.9700507614213199,0.9818251878492068
12,Carboxylic acid,0.6000000000000002,0.9940119760479041,0.9690355329949238,0.9813648631281326
12,Carboxylic acid,0.6100000000000001,0.9942663539223352,0.9682741116751269,0.9810981098109811
12,Carboxylic acid,0.6200000000000001,0.9946482182482704,0.9670050761421319,0.980631876970594
12,Carboxylic acid,0.6300000000000001,0.9951640308456411,0.966243654822335,0.9804906316399459
12,Carboxylic acid,0.6400000000000001,0.9954194477162676,0.9652284263959391,0.9800914889504542
12,Carboxylic acid,0.6500000000000001,0.9954164484023049,0.9645939086294416,0.9797628254704821
12,Carboxylic acid,0.6600000000000001,0.995675534006028,0.9642131979695432,0.9796918316033782
12,Carboxylic acid,0.6700000000000002,0.9958016268695881,0.9631979695431472,0.9792284866468842
12,Carboxylic acid,0.6800000000000002,0.9959301562294867,0.9626903553299493,0.9790281990062593
12,Carboxylic acid,0.6900000000000002,0.9959264126149803,0.9618020304568528,0.9785668173014849
12,Carboxylic acid,0.7000000000000002,0.9961847125378239,0.9609137055837563,0.9782313804017828
12,Carboxylic acid,0.7100000000000002,0.996441750131787,0.9595177664974619,0.9776312386863202
12,Carboxylic acid,0.7200000000000002,0.9964379947229551,0.958502538071066,0.9771021992238034
12,Carboxylic acid,0.7300000000000002,0.9966966173361522,0.957233502538071,0.9765665458311755
12,Carboxylic acid,0.7400000000000002,0.9969568668960043,0.9562182741116751,0.9761627153776395
12,Carboxylic acid,0.7500000000000002,0.9969524314297071,0.9548223350253807,0.9754326829584494
12,Carboxylic acid,0.7600000000000002,0.9972104144527099,0.9526649746192893,0.9744288681204569
12,Carboxylic acid,0.7700000000000002,0.9973379475575669,0.9508883248730965,0.9735594101214838
12,Carboxylic acid,0.7800000000000001,0.9974673420421221,0.9496192893401015,0.9729554024184112
12,Carboxylic acid,0.7900000000000001,0.9974632843791722,0.9480964467005076,0.9721535458685752
12,Carboxylic acid,0.8000000000000002,0.9975910064239829,0.9459390862944163,0.97107868681605
12,Carboxylic acid,0.8100000000000002,0.9977220956719818,0.9449238578680204,0.9706054878446196
12,Carboxylic acid,0.8200000000000002,0.9978546527219093,0.9444162436548224,0.9704003129482331
12,Carboxylic acid,0.8300000000000002,0.9981180266164807,0.942258883248731,0.9693844245707944
12,Carboxylic acid,0.8400000000000002,0.9981147320226232,0.9406091370558376,0.9685090814059846
12,Carboxylic acid,0.8500000000000002,0.9982463240253608,0.9390862944162437,0.9677630288367227
12,Carboxylic acid,0.8600000000000002,0.998510897522675,0.9360406091370559,0.9662671120717888
12,Carboxylic acid,0.8700000000000002,0.9987780040733197,0.933502538071066,0.9650377172843555
12,Carboxylic acid,0.8800000000000002,0.9987740089906008,0.9304568527918782,0.9634058209053281
12,Carboxylic acid,0.8900000000000002,0.9987706597459364,0.9279187817258884,0.9620419709229656
12,Carboxylic acid,0.9000000000000002,0.9990399122205459,0.9243654822335026,0.9602531144947597
12,Carboxylic acid,0.9100000000000003,0.9991738950846758,0.9209390862944162,0.9584626560126791
12,Carboxylic acid,0.9200000000000003,0.9993075751280986,0.915736040609137,0.955698298125952
12,Carboxylic acid,0.9300000000000002,0.9993043962159154,0.9115482233502538,0.953411202548447
12,Carboxylic acid,0.9400000000000002,0.9995792426367461,0.9044416243654823,0.9496335776149234
12,Carboxylic acid,0.9500000000000002,0.9997169944813924,0.8965736040609137,0.9453402020472336
13,Enamine,0.05,0.2848419540229885,0.7030141843971631,0.4054192229038855
13,Enamine,0.060000000000000005,0.34425473004153206,0.6613475177304965,0.45280728376327767
13,Enamine,0.07,0.4098265895953757,0.6285460992907801,0.49615115465360393
13,Enamine,0.08000000000000002,0.465893587994543,0.6054964539007093,0.5265998457979953
13,Enamine,0.09000000000000001,0.5069444444444444,0.5824468085106383,0.5420792079207921
13,Enamine,0.1,0.5522904062229905,0.5664893617021277,0.5592997811816193
13,Enamine,0.11000000000000001,0.6047430830039525,0.5425531914893617,0.5719626168224299
13,Enamine,0.12000000000000001,0.6484118291347207,0.524822695035461,0.580107790298873
13,Enamine,0.13,0.6837708830548926,0.5079787234042553,0.582909460834181
13,Enamine,0.14,0.7094682230869002,0.4849290780141844,0.5760926803580833
13,Enamine,0.15000000000000002,0.7385892116182573,0.4734042553191489,0.5769854132901134
13,Enamine,0.16000000000000003,0.75,0.45478723404255317,0.5662251655629139
13,Enamine,0.17000000000000004,0.7721518987341772,0.4326241134751773,0.5545454545454546
13,Enamine,0.18000000000000005,0.788235294117647,0.4157801418439716,0.5443993035403366
13,Enamine,0.19,0.8170289855072463,0.399822695035461,0.5369047619047619
13,Enamine,0.2,0.8400770712909441,0.38652482269503546,0.5294474802671524
13,Enamine,0.21000000000000002,0.8528225806451613,0.375,0.520935960591133
13,Enamine,0.22000000000000003,0.8574423480083857,0.3625886524822695,0.5096573208722741
13,Enamine,0.23000000000000004,0.8568329718004338,0.350177304964539,0.4971680302076778
13,Enamine,0.24000000000000005,0.8695652173913043,0.33687943262411346,0.48562300319488816
13,Enamine,0.25000000000000006,0.8817966903073287,0.33067375886524825,0.4809800128949065
13,Enamine,0.26000000000000006,0.8938271604938272,0.32092198581560283,0.47227658186562294
13,Enamine,0.27,0.8917525773195877,0.3067375886524823,0.45646437994722955
13,Enamine,0.28,0.8906666666666667,0.29609929078014185,0.4444444444444444
13,Enamine,0.29000000000000004,0.8956043956043956,0.28900709219858156,0.43699731903485256
13,Enamine,0.30000000000000004,0.9065155807365439,0.28368794326241137,0.43214044564483456
13,Enamine,0.31000000000000005,0.9072463768115943,0.2774822695035461,0.42498302783435166
13,Enamine,0.32000000000000006,0.918429003021148,0.2695035460992908,0.4167237834132968
13,Enamine,0.33,0.9242902208201893,0.25975177304964536,0.4055363321799308
13,Enamine,0.34,0.9271523178807947,0.24822695035460993,0.3916083916083916
13,Enamine,0.35000000000000003,0.9381443298969072,0.24202127659574468,0.38477801268498946
13,Enamine,0.36000000000000004,0.9401408450704225,0.23670212765957446,0.3781869688385269
13,Enamine,0.37000000000000005,0.9422382671480144,0.23138297872340424,0.3715302491103203
13,Enamine,0.38000000000000006,0.9407407407407408,0.225177304964539,0.36337625178826893
13,Enamine,0.39000000000000007,0.946360153256705,0.21897163120567376,0.3556515478761699
13,Enamine,0.4000000000000001,0.952191235059761,0.21187943262411346,0.34662799129804206
13,Enamine,0.4100000000000001,0.9545454545454546,0.2047872340425532,0.3372262773722628
13,Enamine,0.42000000000000004,0.9576271186440678,0.20035460992907803,0.3313782991202346
13,Enamine,0.43000000000000005,0.9649122807017544,0.1950354609929078,0.32448377581120946
13,Enamine,0.44000000000000006,0.9819004524886877,0.19237588652482268,0.3217197924388436
13,Enamine,0.45000000000000007,0.9814814814814815,0.1879432624113475,0.31547619047619047
13,Enamine,0.4600000000000001,0.9812206572769953,0.18528368794326242,0.3117076808351976
13,Enamine,0.4700000000000001,0.9855072463768116,0.18085106382978725,0.3056179775280899
13,Enamine,0.4800000000000001,0.9852216748768473,0.1773049645390071,0.3005259203606311
13,Enamine,0.49000000000000005,0.9899497487437185,0.17464539007092197,0.29691032403918616
13,Enamine,0.5000000000000001,0.9895287958115183,0.1675531914893617,0.28658074298711145
13,Enamine,0.5100000000000001,0.989247311827957,0.16312056737588654,0.2800608828006088
13,Enamine,0.5200000000000001,0.9890710382513661,0.16046099290780141,0.2761250953470633
13,Enamine,0.5300000000000001,0.9942857142857143,0.15425531914893617,0.2670759785111282
13,Enamine,0.5400000000000001,0.9941860465116279,0.15159574468085107,0.2630769230769231
13,Enamine,0.5500000000000002,0.9939759036144579,0.14627659574468085,0.2550231839258114
13,Enamine,0.5600000000000002,0.9938650306748467,0.14361702127659576,0.2509682416731216
13,Enamine,0.5700000000000002,1.0,0.13918439716312056,0.2443579766536965
13,Enamine,0.5800000000000002,1.0,0.13297872340425532,0.2347417840375587
13,Enamine,0.5900000000000002,1.0,0.13120567375886524,0.23197492163009403
13,Enamine,0.6000000000000002,1.0,0.1276595744680851,0.22641509433962265
13,Enamine,0.6100000000000001,1.0,0.12234042553191489,0.21800947867298578
13,Enamine,0.6200000000000001,1.0,0.11436170212765957,0.2052505966587112
13,Enamine,0.6300000000000001,1.0,0.10815602836879433,0.1952
13,Enamine,0.6400000000000001,1.0,0.10460992907801418,0.18940609951845908
13,Enamine,0.6500000000000001,1.0,0.10460992907801418,0.18940609951845908
13,Enamine,0.6600000000000001,1.0,0.10106382978723404,0.18357487922705315
13,Enamine,0.6700000000000002,1.0,0.09840425531914894,0.1791767554479419
13,Enamine,0.6800000000000002,1.0,0.09485815602836879,0.17327935222672064
13,Enamine,0.6900000000000002,1.0,0.09397163120567376,0.17179902755267423
13,Enamine,0.7000000000000002,1.0,0.09131205673758866,0.16734362307067424
13,Enamine,0.7100000000000002,1.0,0.08776595744680851,0.16136919315403422
13,Enamine,0.7200000000000002,1.0,0.08333333333333333,0.15384615384615385
13,Enamine,0.7300000000000002,1.0,0.08067375886524823,0.14930270713699753
13,Enamine,0.7400000000000002,1.0,0.07801418439716312,0.14473684210526316
13,Enamine,0.7500000000000002,1.0,0.07624113475177305,0.1416803953871499
13,Enamine,0.7600000000000002,1.0,0.07180851063829788,0.13399503722084366
13,Enamine,0.7700000000000002,1.0,0.06826241134751773,0.12780082987551866
13,Enamine,0.7800000000000001,1.0,0.06294326241134751,0.11843202668890743
13,Enamine,0.7900000000000001,1.0,0.05939716312056738,0.11213389121338913
13,Enamine,0.8000000000000002,1.0,0.0549645390070922,0.10420168067226891
13,Enamine,0.8100000000000002,1.0,0.05319148936170213,0.10101010101010101
13,Enamine,0.8200000000000002,1.0,0.05053191489361702,0.09620253164556962
13,Enamine,0.8300000000000002,1.0,0.04698581560283688,0.08975444538526672
13,Enamine,0.8400000000000002,1.0,0.0425531914893617,0.08163265306122448
13,Enamine,0.8500000000000002,1.0,0.038120567375886524,0.07344150298889837
13,Enamine,0.8600000000000002,1.0,0.03546099290780142,0.0684931506849315
13,Enamine,0.8700000000000002,1.0,0.034574468085106384,0.06683804627249357
13,Enamine,0.8800000000000002,1.0,0.03102836879432624,0.06018916595012898
13,Enamine,0.8900000000000002,1.0,0.0274822695035461,0.05349439171699741
13,Enamine,0.9000000000000002,1.0,0.024822695035460994,0.04844290657439446
13,Enamine,0.9100000000000003,1.0,0.02304964539007092,0.045060658578856154
13,Enamine,0.9200000000000003,1.0,0.02127659574468085,0.041666666666666664
13,Enamine,0.9300000000000002,1.0,0.016843971631205674,0.03312990409764603
13,Enamine,0.9400000000000002,1.0,0.015957446808510637,0.031413612565445025
13,Enamine,0.9500000000000002,1.0,0.013297872340425532,0.026246719160104987
14,Enol,0.05,0.45824847250509165,0.9,0.6072874493927125
14,Enol,0.060000000000000005,0.5211267605633803,0.888,0.6568047337278107
14,Enol,0.07,0.584,0.876,0.7008
14,Enol,0.08000000000000002,0.6228070175438597,0.852,0.7195945945945946
14,Enol,0.09000000000000001,0.664576802507837,0.848,0.7451669595782073
14,Enol,0.1,0.7037037037037037,0.836,0.7641681901279708
14,Enol,0.11000000000000001,0.7340425531914894,0.828,0.7781954887218046
14,Enol,0.12000000000000001,0.7686567164179104,0.824,0.7953667953667953
14,Enol,0.13,0.8031496062992126,0.816,0.8095238095238095
14,Enol,0.14,0.8204081632653061,0.804,0.8121212121212121
14,Enol,0.15000000000000002,0.8461538461538461,0.792,0.8181818181818182
14,Enol,0.16000000000000003,0.8577777777777778,0.772,0.8126315789473684
14,Enol,0.17000000000000004,0.8616071428571429,0.772,0.8143459915611815
14,Enol,0.18000000000000005,0.8715596330275229,0.76,0.811965811965812
14,Enol,0.19,0.8738317757009346,0.748,0.8060344827586207
14,Enol,0.2,0.9024390243902439,0.74,0.8131868131868132
14,Enol,0.21000000000000002,0.9195979899497487,0.732,0.8151447661469933
14,Enol,0.22000000000000003,0.9238578680203046,0.728,0.814317673378076
14,Enol,0.23000000000000004,0.9427083333333334,0.724,0.8190045248868778
14,Enol,0.24000000000000005,0.9468085106382979,0.712,0.8127853881278538
14,Enol,0.25000000000000006,0.9516129032258065,0.708,0.8119266055045872
14,Enol,0.26000000000000006,0.9560439560439561,0.696,0.8055555555555556
14,Enol,0.27,0.9611111111111111,0.692,0.8046511627906977
14,Enol,0.28,0.9608938547486033,0.688,0.8018648018648019
14,Enol,0.29000000000000004,0.9657142857142857,0.676,0.7952941176470588
14,Enol,0.30000000000000004,0.9766081871345029,0.668,0.7933491686460807
14,Enol,0.31000000000000005,0.9764705882352941,0.664,0.7904761904761904
14,Enol,0.32000000000000006,0.9761904761904762,0.656,0.784688995215311
14,Enol,0.33,0.9819277108433735,0.652,0.7836538461538461
14,Enol,0.34,0.9819277108433735,0.652,0.7836538461538461
14,Enol,0.35000000000000003,0.9818181818181818,0.648,0.7807228915662651
14,Enol,0.36000000000000004,0.9876543209876543,0.64,0.7766990291262136
14,Enol,0.37000000000000005,0.9937106918238994,0.632,0.7726161369193154
14,Enol,0.38000000000000006,0.9935483870967742,0.616,0.7604938271604939
14,Enol,0.39000000000000007,0.993421052631579,0.604,0.7512437810945274
14,Enol,0.4000000000000001,0.9933774834437086,0.6,0.7481296758104738
14,Enol,0.4100000000000001,0.9932885906040269,0.592,0.7418546365914787
14,Enol,0.42000000000000004,0.9931972789115646,0.584,0.7355163727959698
14,Enol,0.43000000000000005,0.993006993006993,0.568,0.72264631043257
14,Enol,0.44000000000000006,0.993006993006993,0.568,0.72264631043257
14,Enol,0.45000000000000007,0.9928571428571429,0.556,0.7128205128205128
14,Enol,0.4600000000000001,0.9928571428571429,0.556,0.7128205128205128
14,Enol,0.4700000000000001,0.9925925925925926,0.536,0.6961038961038961
14,Enol,0.4800000000000001,0.9924812030075187,0.528,0.6892950391644909
14,Enol,0.49000000000000005,0.9924242424242424,0.524,0.6858638743455497
14,Enol,0.5000000000000001,0.9922480620155039,0.512,0.6754617414248021
14,Enol,0.5100000000000001,0.9921259842519685,0.504,0.6684350132625995
14,Enol,0.5200000000000001,0.9921259842519685,0.504,0.6684350132625995
14,Enol,0.5300000000000001,0.992,0.496,0.6613333333333333
14,Enol,0.5400000000000001,0.9919354838709677,0.492,0.6577540106951871
14,Enol,0.5500000000000002,1.0,0.484,0.6522911051212938
14,Enol,0.5600000000000002,1.0,0.484,0.6522911051212938
14,Enol,0.5700000000000002,1.0,0.476,0.6449864498644986
14,Enol,0.5800000000000002,1.0,0.464,0.6338797814207651
14,Enol,0.5900000000000002,1.0,0.452,0.6225895316804407
14,Enol,0.6000000000000002,1.0,0.44,0.6111111111111112
14,Enol,0.6100000000000001,1.0,0.432,0.6033519553072626
14,Enol,0.6200000000000001,1.0,0.424,0.5955056179775281
14,Enol,0.6300000000000001,1.0,0.412,0.5835694050991501
14,Enol,0.6400000000000001,1.0,0.404,0.5754985754985755
14,Enol,0.6500000000000001,1.0,0.392,0.5632183908045977
14,Enol,0.6600000000000001,1.0,0.38,0.5507246376811594
14,Enol,0.6700000000000002,1.0,0.364,0.533724340175953
14,Enol,0.6800000000000002,1.0,0.332,0.4984984984984985
14,Enol,0.6900000000000002,1.0,0.32,0.48484848484848486
14,Enol,0.7000000000000002,1.0,0.296,0.4567901234567901
14,Enol,0.7100000000000002,1.0,0.276,0.43260188087774293
14,Enol,0.7200000000000002,1.0,0.252,0.402555910543131
14,Enol,0.7300000000000002,1.0,0.224,0.3660130718954248
14,Enol,0.7400000000000002,1.0,0.216,0.35526315789473684
14,Enol,0.7500000000000002,1.0,0.212,0.34983498349834985
14,Enol,0.7600000000000002,1.0,0.212,0.34983498349834985
14,Enol,0.7700000000000002,1.0,0.2,0.3333333333333333
14,Enol,0.7800000000000001,1.0,0.16,0.27586206896551724
14,Enol,0.7900000000000001,1.0,0.148,0.2578397212543554
14,Enol,0.8000000000000002,1.0,0.136,0.23943661971830985
14,Enol,0.8100000000000002,1.0,0.116,0.2078853046594982
14,Enol,0.8200000000000002,1.0,0.104,0.18840579710144928
14,Enol,0.8300000000000002,1.0,0.08,0.14814814814814814
14,Enol,0.8400000000000002,1.0,0.068,0.12734082397003746
14,Enol,0.8500000000000002,1.0,0.06,0.11320754716981132
14,Enol,0.8600000000000002,1.0,0.048,0.0916030534351145
14,Enol,0.8700000000000002,1.0,0.044,0.0842911877394636
14,Enol,0.8800000000000002,1.0,0.04,0.07692307692307693
14,Enol,0.8900000000000002,1.0,0.024,0.046875
14,Enol,0.9000000000000002,1.0,0.024,0.046875
14,Enol,0.9100000000000003,1.0,0.016,0.031496062992125984
14,Enol,0.9200000000000003,1.0,0.004,0.00796812749003984
14,Enol,0.9300000000000002,1.0,0.004,0.00796812749003984
14,Enol,0.9400000000000002,1.0,0.004,0.00796812749003984
14,Enol,0.9500000000000002,1.0,0.004,0.00796812749003984
15,Ester,0.05,0.29018649213421127,0.9849447975911676,0.44829529015851743
15,Ester,0.060000000000000005,0.3136964546312988,0.9780528604884576,0.4750329048926732
15,Ester,0.07,0.3363881026402487,0.970157243225159,0.49956070081141146
15,Ester,0.08000000000000002,0.358450563703482,0.9615925058548009,0.5222304994821665
15,Ester,0.09000000000000001,0.380492889981824,0.9524924723987955,0.5437668315602499
15,Ester,0.1,0.40088118249005117,0.9436600869856139,0.562713216957606
15,Ester,0.11000000000000001,0.4221765789712145,0.9352291736366678,0.5817447764921335
15,Ester,0.12000000000000001,0.4419377516456829,0.9253931080628973,0.5981963277752547
15,Ester,0.13,0.45998924080424985,0.9154232184677149,0.6123033544431267
15,Ester,0.14,0.4768753525098703,0.905185680829709,0.6246623415602706
15,Ester,0.15000000000000002,0.49389276357061146,0.8955503512880562,0.6366663495385786
15,Ester,0.16000000000000003,0.509697320223636,0.8845098695215792,0.6467221135029354
15,Ester,0.17000000000000004,0.5257276089403441,0.8750752760120442,0.6568393561186309
15,Ester,0.18000000000000005,0.5419968968843041,0.8648377383740381,0.6663745102082904
15,Ester,0.19,0.556908440254866,0.853864168618267,0.6741329670619932
15,Ester,0.2,0.5726270917418711,0.8448979591836735,0.682614336685047
15,Ester,0.21000000000000002,0.5860626850242,0.8345265975242556,0.6885662231546403
15,Ester,0.22000000000000003,0.5999611140815632,0.8258949481431918,0.6950278731910581
15,Ester,0.23000000000000004,0.6123195669607057,0.8174640347942456,0.7001748001260854
15,Ester,0.24000000000000005,0.6257391845627139,0.8071595851455337,0.7049644975601204
15,Ester,0.25000000000000006,0.6382146493061137,0.7969889595182336,0.7088193287312544
15,Ester,0.26000000000000006,0.6509799579227107,0.7867514218802275,0.7124549338019208
15,Ester,0.27,0.6621914990859232,0.7755771160923386,0.7144133871613917
15,Ester,0.28,0.672901594023881,0.7654734024757444,0.7162086020159019
15,Ester,0.29000000000000004,0.6826503394762367,0.7534961525593844,0.7163258166088865
15,Ester,0.30000000000000004,0.6922741161065037,0.7428571428571429,0.7166741979213737
15,Ester,0.31000000000000005,0.7021058695513026,0.7339578454332553,0.7176786181627847
15,Ester,0.32000000000000006,0.7121530974615283,0.7245901639344262,0.71831780040463
15,Ester,0.33,0.7212039228948258,0.7134827701572433,0.71732256979482
15,Ester,0.34,0.7318482422554821,0.703445968551355,0.717366086659843
15,Ester,0.35000000000000003,0.7417024320457797,0.6938106390097022,0.7169576490924805
15,Ester,0.36000000000000004,0.75,0.6837069253931081,0.7153208022681928
15,Ester,0.37000000000000005,0.7588882193431756,0.6741385078621612,0.7140072995287198
15,Ester,0.38000000000000006,0.7664790686916969,0.6652392104382737,0.7122796962315519
15,Ester,0.39000000000000007,0.7730641854597067,0.6560053529608565,0.7097404712780975
15,Ester,0.4000000000000001,0.7794366879186506,0.6462361993977919,0.7066139888791337
15,Ester,0.4100000000000001,0.7868540719305498,0.636801605888257,0.7039201183431952
15,Ester,0.42000000000000004,0.7952348651856876,0.6275677484108397,0.7015221212461199
15,Ester,0.43000000000000005,0.8020489668345199,0.6181331549013048,0.6981823678343347
15,Ester,0.44000000000000006,0.8075729360645562,0.609367681498829,0.6946075814201815
15,Ester,0.45000000000000007,0.8141858141858141,0.5998661759785882,0.6907844043766374
15,Ester,0.4600000000000001,0.8194135115070527,0.5908330545332887,0.6865984992807433
15,Ester,0.4700000000000001,0.8255416191562144,0.5813315490130478,0.682241155915034
15,Ester,0.4800000000000001,0.8304178814382897,0.571763131482101,0.677234000396275
15,Ester,0.49000000000000005,0.8363038932589864,0.5619939779190365,0.6722426764847127
15,Ester,0.5000000000000001,0.8411908148750254,0.5539645366343259,0.6680114576189131
15,Ester,0.5100000000000001,0.845233139050791,0.5433924389427902,0.6615077587260213
15,Ester,0.5200000000000001,0.853185595567867,0.535831381733021,0.6582549011549053
15,Ester,0.5300000000000001,0.8567375886524823,0.5253931080628973,0.6513479883865616
15,Ester,0.5400000000000001,0.8613872444990506,0.5160254265640682,0.6454096577119425
15,Ester,0.5500000000000002,0.8659876401922637,0.5063231850117096,0.6390237723261412
15,Ester,0.5600000000000002,0.8707562631702177,0.4976915356306457,0.6333716524034573
15,Ester,0.5700000000000002,0.8762156321287069,0.48832385413181667,0.6271375784136805
15,Ester,0.5800000000000002,0.8809318377911993,0.4782201405152225,0.6199149969641773
15,Ester,0.5900000000000002,0.8866279069767442,0.46938775510204084,0.6138163363521022
15,Ester,0.6000000000000002,0.8917833074131675,0.4604215456674473,0.6072988835444155
15,Ester,0.6100000000000001,0.8966342955966476,0.45098695215791235,0.6001246549728431
15,Ester,0.6200000000000001,0.899372784292337,0.4413516226162596,0.5921271152206113
15,Ester,0.6300000000000001,0.9026437263953,0.4317832050853128,0.5841404906309405
15,Ester,0.6400000000000001,0.9066896353718059,0.42261625961860155,0.5765140796860024
15,Ester,0.6500000000000001,0.9112259970457902,0.4127801940448311,0.5681786783329495
15,Ester,0.6600000000000001,0.9155185465556397,0.4046169287387086,0.5612064965197215
15,Ester,0.6700000000000002,0.9188261005307524,0.3938440950150552,0.5513559083883659
15,Ester,0.6800000000000002,0.921875,0.38293743726998997,0.5411052805748594
15,Ester,0.6900000000000002,0.9256678281068524,0.3733021077283372,0.5320427236315087
15,Ester,0.7000000000000002,0.9288645690834473,0.36346604215456674,0.5224835281104218
15,Ester,0.7100000000000002,0.9326855123674912,0.35322850451656074,0.5123999029361805
15,Ester,0.7200000000000002,0.9341481211236775,0.3426564068250251,0.5013952122191218
15,Ester,0.7300000000000002,0.9367327667610954,0.3318835731013717,0.4901185770750988
15,Ester,0.7400000000000002,0.9397260273972603,0.32131147540983607,0.4788830715532286
15,Ester,0.7500000000000002,0.9413661092081402,0.31261291401806623,0.46935905163753266
15,Ester,0.7600000000000002,0.9450963956412406,0.3017731682837069,0.45747324643708476
15,Ester,0.7700000000000002,0.9493643138974134,0.2897959183673469,0.4440457271748603
15,Ester,0.7800000000000001,0.9505356735810349,0.2790230846436935,0.4314090626939789
15,Ester,0.7900000000000001,0.9528683646750774,0.2678487788558046,0.41815522824610885
15,Ester,0.8000000000000002,0.9562062062062062,0.25567079290732686,0.40346338630484135
15,Ester,0.8100000000000002,0.9606299212598425,0.24489795918367346,0.39029592108770994
15,Ester,0.8200000000000002,0.9640568403455001,0.23151555704248913,0.373367864465307
15,Ester,0.8300000000000002,0.9653024911032029,0.21779859484777517,0.3554075449036414
15,Ester,0.8400000000000002,0.9683343888537049,0.2046169287387086,0.3378445561509142
15,Ester,0.8500000000000002,0.9718929901794785,0.1920374707259953,0.3207062241591239
15,Ester,0.8600000000000002,0.9716466739367503,0.17885580461692874,0.3021021699819168
15,Ester,0.8700000000000002,0.9716312056737588,0.16500501840080295,0.28210261396785447
15,Ester,0.8800000000000002,0.9741824440619621,0.15148879223820677,0.26220394927326424
15,Ester,0.8900000000000002,0.9777462121212122,0.13817330210772832,0.24212933106642434
15,Ester,0.9000000000000002,0.9808510638297873,0.12338574774171963,0.21919762258543835
15,Ester,0.9100000000000003,0.9823425544437905,0.11167614586818334,0.2005527517423696
15,Ester,0.9200000000000003,0.9831649831649831,0.0976915356306457,0.17772367620206939
15,Ester,0.9300000000000002,0.9848,0.08236868517898963,0.15202222908305033
15,Ester,0.9400000000000002,0.9873540856031129,0.06791569086651054,0.12708946346960495
15,Ester,0.9500000000000002,0.9897435897435898,0.05165607226497156,0.09818759936406996
16,Ether,0.05,0.5668557740796772,1.0,0.7235583305842311
16,Ether,0.060000000000000005,0.5674423887528711,1.0,0.7240360383571791
16,Ether,0.07,0.5683386848026698,0.9999110379645486,0.7247418775036472
16,Ether,0.08000000000000002,0.5690687459652409,0.9998665569468229,0.725323481010616
16,Ether,0.09000000000000001,0.5702561110194969,0.9998220759290972,0.7262754854761059
16,Ether,0.1,0.5714994087805623,0.9996886328759202,0.7272477227498504
16,Ether,0.11000000000000001,0.5730023333205829,0.9994884682961546,0.7284102697095436
16,Ether,0.12000000000000001,0.5749129811629812,0.9991771011720748,0.7298691382293452
16,Ether,0.13,0.5769285117862419,0.9988434935391322,0.7314018630708097
16,Ether,0.14,0.5791761807087478,0.9985098859061895,0.733115610711953
16,Ether,0.15000000000000002,0.5816956183562354,0.9979761136934813,0.7349860363791225
16,Ether,0.16000000000000003,0.5843485738856242,0.9974201009719103,0.7369484841015529
16,Ether,0.17000000000000004,0.5871451414191722,0.9963303160376309,0.738869051055162
16,Ether,0.18000000000000005,0.5899953865418837,0.9954851767008429,0.7408878736716655
16,Ether,0.19,0.5933750928973351,0.9944176322754265,0.743248971449944
16,Ether,0.2,0.5968509409751924,0.9931276827613815,0.745606491956019
16,Ether,0.21000000000000002,0.6006627333710499,0.9917487712118853,0.7481816427714533
16,Ether,0.22000000000000003,0.6041276561100708,0.9902141761003492,0.7504234752783139
16,Ether,0.23000000000000004,0.6082077808339149,0.9885016569179103,0.7530667570315147
16,Ether,0.24000000000000005,0.6122812344724783,0.9866112136645686,0.7556274751948218
16,Ether,0.25000000000000006,0.6169489163007875,0.98443164379601,0.7585255509476643
16,Ether,0.26000000000000006,0.6215926859847578,0.9813624535729377,0.7611039241052178
16,Ether,0.27,0.6264271275232753,0.9786713520005338,0.7638986537510091
16,Ether,0.28,0.6311513129511922,0.9761136934813068,0.7666133920227771
16,Ether,0.29000000000000004,0.636241981701552,0.9728220981696061,0.7693295342619952
16,Ether,0.30000000000000004,0.6410026330886571,0.9691524142072371,0.7716390423572744
16,Ether,0.31000000000000005,0.6465906550413593,0.9648599959967084,0.7742954541398205
16,Ether,0.32000000000000006,0.6524964121157187,0.9606120588039054,0.777128051962072
16,Ether,0.33,0.6579003765728806,0.9558525899072571,0.7793705627941137
16,Ether,0.34,0.6638658072532422,0.950626070324489,0.7817792735120899
16,Ether,0.35000000000000003,0.669458570146575,0.9457109178658007,0.7839601769911504
16,Ether,0.36000000000000004,0.6753830406550875,0.9391944487689878,0.7857362148684982
16,Ether,0.37000000000000005,0.6819348341617126,0.9337455240975914,0.7882172929437055
16,Ether,0.38000000000000006,0.6888731044963494,0.9274959411071325,0.7905707054909432
16,Ether,0.39000000000000007,0.6951520545414854,0.9206903453951026,0.792180951834204
16,Ether,0.4000000000000001,0.701040438726872,0.9126170406778907,0.792958181958723
16,Ether,0.4100000000000001,0.7076957852274308,0.905210951226564,0.7943595999024152
16,Ether,0.42000000000000004,0.7144274903858082,0.8965816337877811,0.7952066278725712
16,Ether,0.43000000000000005,0.7206896551724138,0.887818873295821,0.7955716321385509
16,Ether,0.44000000000000006,0.7271890757849019,0.8788114672063697,0.7958429421657385
16,Ether,0.45000000000000007,0.7348062146574236,0.8698930231523697,0.7966636793221443
16,Ether,0.4600000000000001,0.7413178472861086,0.8602406423058959,0.7963639732754094
16,Ether,0.4700000000000001,0.748795015478663,0.8499655272112626,0.7961792064665993
16,Ether,0.4800000000000001,0.755984602429929,0.8386228676912127,0.7951624297508462
16,Ether,0.49000000000000005,0.7635379061371841,0.8278807019104597,0.7944085792029024
16,Ether,0.5000000000000001,0.7700111318812879,0.8153592954206792,0.7920366409575043
16,Ether,0.5100000000000001,0.7763879037977949,0.8033939016524698,0.7896600721390316
16,Ether,0.5200000000000001,0.7841197082222271,0.7913395458488091,0.7877130839052469
16,Ether,0.5300000000000001,0.7915167153301192,0.7777505949336121,0.7845732747016064
16,Ether,0.5400000000000001,0.798397212543554,0.7644285301247693,0.7810437094520127
16,Ether,0.5500000000000002,0.8058340494605175,0.7507950981918466,0.777341546255253
16,Ether,0.5600000000000002,0.8134838646202283,0.7355603496207993,0.7725621649400249
16,Ether,0.5700000000000002,0.8206842411810884,0.7207704112270089,0.7674892246483209
16,Ether,0.5800000000000002,0.8281066402068047,0.705335498076196,0.7618063896228682
16,Ether,0.5900000000000002,0.8349060408097427,0.6907012432444455,0.7559883154819864
16,Ether,0.6000000000000002,0.8420002217540747,0.6755776972177123,0.7496637421488419
16,Ether,0.6100000000000001,0.8487982353109691,0.6589640370971688,0.7419306372855891
16,Ether,0.6200000000000001,0.855484482350154,0.6424838200298023,0.7338405456554598
16,Ether,0.6300000000000001,0.8623481781376519,0.6253141471876876,0.7249474647723904
16,Ether,0.6400000000000001,0.869086978636826,0.608011031292396,0.7154765176199637
16,Ether,0.6500000000000001,0.8755524770763243,0.5903743077641617,0.7052244258179354
16,Ether,0.6600000000000001,0.8827035730190812,0.57307119186887,0.694959139088923
16,Ether,0.6700000000000002,0.8899330770326072,0.5560127215710695,0.6844158510711108
16,Ether,0.6800000000000002,0.8975358123654716,0.5378867068478527,0.6726557176431323
16,Ether,0.6900000000000002,0.9030052533992583,0.5199163756866757,0.6598918857884857
16,Ether,0.7000000000000002,0.9089226063508673,0.5022796521584414,0.6470133218736571
16,Ether,0.7100000000000002,0.9155260727181124,0.4849765362631497,0.6340704555037001
16,Ether,0.7200000000000002,0.9217788715064159,0.4665169139069902,0.6195011739689009
16,Ether,0.7300000000000002,0.9281801022052392,0.44839089918377334,0.6046727850758803
16,Ether,0.7400000000000002,0.9340302986302695,0.42919734003514,0.5881384859197855
16,Ether,0.7500000000000002,0.9390225296241672,0.41064875564352915,0.5714108872589979
16,Ether,0.7600000000000002,0.9442482611021937,0.3925005004114494,0.5545064647385041
16,Ether,0.7700000000000002,0.9495660994026823,0.3747748148477637,0.5374348179687126
16,Ether,0.7800000000000001,0.953811311758746,0.35593710384093585,0.5184153412587865
16,Ether,0.7900000000000001,0.9592159342396459,0.337388519449325,0.49919378722564084
16,Ether,0.8000000000000002,0.9628285272568394,0.31857304895136,0.4787433155080214
16,Ether,0.8100000000000002,0.9669682608071234,0.2994906923470409,0.45733498616040347
16,Ether,0.8200000000000002,0.970824718584884,0.28196517136312077,0.4370066526489952
16,Ether,0.8300000000000002,0.9740131578947369,0.2634165869715099,0.41468410272569717
16,Ether,0.8400000000000002,0.9776383242001061,0.24600226853190402,0.3930913161682392
16,Ether,0.8500000000000002,0.9820250501960034,0.22843226653025822,0.37064703547327776
16,Ether,0.8600000000000002,0.9844559585492227,0.21128483419700642,0.3479025140534305
16,Ether,0.8700000000000002,0.9859680887178907,0.19378155372194916,0.3239033457249071
16,Ether,0.8800000000000002,0.9874143302180686,0.17623379222916621,0.29908658564203217
16,Ether,0.8900000000000002,0.9900263194348248,0.15895291684273735,0.2739258748227358
16,Ether,0.9000000000000002,0.9919404835709857,0.1423392567221938,0.2489545852377711
16,Ether,0.9100000000000003,0.9940444911543177,0.12621488779663279,0.22398958004420588
16,Ether,0.9200000000000003,0.9961647153815099,0.10975691123812913,0.19772822885990746
16,Ether,0.9300000000000002,0.9971284996410624,0.09267620043146588,0.16959016727035936
16,Ether,0.9400000000000002,0.9982703949264918,0.07701888219202456,0.14300462504129502
16,Ether,0.9500000000000002,0.9989075018208303,0.06100571581077775,0.1149887861829005
17,Haloalkane,0.05,0.46263412422547984,1.0,0.6326040348203446
17,Haloalkane,0.060000000000000005,0.46297720025711153,0.9999727780046277,0.6329192439566499
17,Haloalkane,0.07,0.4637049941927991,0.999891112018511,0.6335825851466619
17,Haloalkane,0.08000000000000002,0.4647887323943662,0.9998366680277664,0.6345824910589333
17,Haloalkane,0.09000000000000001,0.46636099221419225,0.9995372260786716,0.6359857276474867
17,Haloalkane,0.1,0.46844926611359283,0.9991288961480876,0.6378415953425729
17,Haloalkane,0.11000000000000001,0.47103255144773015,0.9981761263100585,0.6400363061938715
17,Haloalkane,0.12000000000000001,0.4742477601118649,0.9971144684905403,0.6427775486746629
17,Haloalkane,0.13,0.4779365659943568,0.9959711446849054,0.6459170072470805
17,Haloalkane,0.14,0.4816553688708359,0.9942017149857084,0.6489281367436324
17,Haloalkane,0.15000000000000002,0.4862161405193454,0.9924050632911392,0.6526666308609484
17,Haloalkane,0.16000000000000003,0.4906714152737869,0.9901184156798694,0.656167126698057
17,Haloalkane,0.17000000000000004,0.4956008525056014,0.9875051041241323,0.6599776223267322
17,Haloalkane,0.18000000000000005,0.5009354083230554,0.984020688716483,0.6638995004407875
17,Haloalkane,0.19,0.5062810892842088,0.9808084932625561,0.6678344037590013
17,Haloalkane,0.2,0.5122118335593462,0.9768068599428338,0.6720292162187471
17,Haloalkane,0.21000000000000002,0.5180027272463515,0.9720430107526882,0.6758462746879407
17,Haloalkane,0.22000000000000003,0.5238074165855385,0.9666802776643528,0.6794478087420716
17,Haloalkane,0.23000000000000004,0.5302882376796791,0.9610725466176671,0.6834636828248413
17,Haloalkane,0.24000000000000005,0.5371941322389979,0.955002041649653,0.6876059623092678
17,Haloalkane,0.25000000000000006,0.5441824833494887,0.9475159929222812,0.6913214892201357
17,Haloalkane,0.26000000000000006,0.5514533352487669,0.9404654961208656,0.6952426950012074
17,Haloalkane,0.27,0.5592686311321525,0.93257111746291,0.6992142055311766
17,Haloalkane,0.28,0.5671242943514714,0.9243500748604873,0.7029572814127049
17,Haloalkane,0.29000000000000004,0.5749158105266756,0.9155301483598748,0.706302371001953
17,Haloalkane,0.30000000000000004,0.5822242431661974,0.9062474479379339,0.7089677790318802
17,Haloalkane,0.31000000000000005,0.5903105011377278,0.8968830815298762,0.7119980982841336
17,Haloalkane,0.32000000000000006,0.5990260933480338,0.8874098271403293,0.7152432669628654
17,Haloalkane,0.33,0.6076878100303664,0.8770654688988703,0.7179401475143169
17,Haloalkane,0.34,0.6161248475226053,0.8662311147407105,0.720078749066552
17,Haloalkane,0.35000000000000003,0.6239689953294246,0.8546345447121274,0.7213095921883975
17,Haloalkane,0.36000000000000004,0.6330866115972847,0.8428746427113107,0.7230713543430286
17,Haloalkane,0.37000000000000005,0.6417602759897345,0.8304886348169321,0.7240278618300049
17,Haloalkane,0.38000000000000006,0.6503823739682402,0.8172315230706411,0.7243226288995585
17,Haloalkane,0.39000000000000007,0.6588427094267146,0.8030760854770654,0.7238443419373835
17,Haloalkane,0.4000000000000001,0.6672030897972321,0.7900367496937526,0.7234429723430509
17,Haloalkane,0.4100000000000001,0.6760566717210008,0.7767796379474615,0.7229266686089963
17,Haloalkane,0.42000000000000004,0.6842066637311023,0.7613719885667619,0.7207297746511538
17,Haloalkane,0.43000000000000005,0.6929346454706031,0.7475432149176534,0.7192038237412427
17,Haloalkane,0.44000000000000006,0.70171875,0.7335238873009392,0.7172689159512877
17,Haloalkane,0.45000000000000007,0.7106955468855105,0.7190145637675242,0.714830852503383
17,Haloalkane,0.4600000000000001,0.7186346607464965,0.7049407921600653,0.7117218634052495
17,Haloalkane,0.4700000000000001,0.7278152345431071,0.6905675786035116,0.7087023327280346
17,Haloalkane,0.4800000000000001,0.7359857482185274,0.6747788212876004,0.7040545338351204
17,Haloalkane,0.49000000000000005,0.7452554520008613,0.6595617258745066,0.6997949340034081
17,Haloalkane,0.5000000000000001,0.7532153317203616,0.6440724105076903,0.6943812640321657
17,Haloalkane,0.5100000000000001,0.7607786304798919,0.6287736491084797,0.6885060212233218
17,Haloalkane,0.5200000000000001,0.7684853447981711,0.6130937797740574,0.6820508161473002
17,Haloalkane,0.5300000000000001,0.7774746687451286,0.597386688444263,0.675636150921322
17,Haloalkane,0.5400000000000001,0.785790578615889,0.5807812712671839,0.6679084619478446
17,Haloalkane,0.5500000000000002,0.7946715663757464,0.5651286239281339,0.6605259390063475
17,Haloalkane,0.5600000000000002,0.8026164062189352,0.549475976589084,0.6523495572361192
17,Haloalkane,0.5700000000000002,0.8099781109321439,0.5338777732407786,0.6435650062348232
17,Haloalkane,0.5800000000000002,0.8183769858308286,0.5188512317952906,0.6350687213660975
17,Haloalkane,0.5900000000000002,0.8273764258555133,0.5034980264053355,0.6260280927398884
17,Haloalkane,0.6000000000000002,0.8347115116603178,0.48912481284878184,0.6168105593793447
17,Haloalkane,0.6100000000000001,0.8421384257464133,0.4729821695930312,0.6057489497446267
17,Haloalkane,0.6200000000000001,0.850141614404208,0.4575745202123316,0.5949351407790185
17,Haloalkane,0.6300000000000001,0.8572105013942232,0.443527970600245,0.5845861289512396
17,Haloalkane,0.6400000000000001,0.8639683672909001,0.4282564311964067,0.5726557949912638
17,Haloalkane,0.6500000000000001,0.8707080002300569,0.41211378794065606,0.5594397841912716
17,Haloalkane,0.6600000000000001,0.8776822744485183,0.397495576425752,0.5471782957355917
17,Haloalkane,0.6700000000000002,0.8838831291234684,0.3829318089015925,0.5343589743589744
17,Haloalkane,0.6800000000000002,0.8896806545262602,0.36706138559956447,0.5197047657589948
17,Haloalkane,0.6900000000000002,0.8960921774137572,0.35143596025588675,0.5048687966837433
17,Haloalkane,0.7000000000000002,0.9018936635105608,0.3370899686947053,0.4907559694838007
17,Haloalkane,0.7100000000000002,0.9084566434102583,0.32255342316591806,0.47607376752782354
17,Haloalkane,0.7200000000000002,0.9164440126305562,0.3081257656186198,0.4611905635007945
17,Haloalkane,0.7300000000000002,0.9222364489970124,0.29410643800190556,0.44598555211558305
17,Haloalkane,0.7400000000000002,0.9262552771041049,0.28071321627875323,0.4308515083145316
17,Haloalkane,0.7500000000000002,0.9318268135206988,0.26715666258336734,0.41525800241183064
17,Haloalkane,0.7600000000000002,0.9356197352587244,0.25398121682319313,0.399511850472092
17,Haloalkane,0.7700000000000002,0.940663547426627,0.24080577106301893,0.38345000975313726
17,Haloalkane,0.7800000000000001,0.9448765640852215,0.22817476521028993,0.3675832127351664
17,Haloalkane,0.7900000000000001,0.9486379455178207,0.21518987341772153,0.3508032306736487
17,Haloalkane,0.8000000000000002,0.9533419023136247,0.20190553967605826,0.33323598786925757
17,Haloalkane,0.8100000000000002,0.958213058419244,0.18976452974002994,0.3167916382640309
17,Haloalkane,0.8200000000000002,0.962608567643162,0.17800462773921327,0.300450284874104
17,Haloalkane,0.8300000000000002,0.9661177960734643,0.16610861576153532,0.28347773570881046
17,Haloalkane,0.8400000000000002,0.9708854255865731,0.1543214917653464,0.2663127730539766
17,Haloalkane,0.8500000000000002,0.9751160631383473,0.14294269769974138,0.249335232668566
17,Haloalkane,0.8600000000000002,0.9769696969696969,0.13164556962025317,0.2320259086002159
17,Haloalkane,0.8700000000000002,0.9812071633871324,0.12081121546209338,0.2151340346114693
17,Haloalkane,0.8800000000000002,0.9839376977366756,0.11005852729005036,0.19797277445891687
17,Haloalkane,0.8900000000000002,0.98577944727663,0.10001361099768613,0.18160249122633582
17,Haloalkane,0.9000000000000002,0.9884883368676158,0.08882537089968695,0.1630032970326706
17,Haloalkane,0.9100000000000003,0.991991643454039,0.07755546481557098,0.1438634584795617
17,Haloalkane,0.9200000000000003,0.9935613682092556,0.06721110657411188,0.12590515043345232
17,Haloalkane,0.9300000000000002,0.9957466918714556,0.05735674424935348,0.10846567655916192
17,Haloalkane,0.9400000000000002,0.9976539589442815,0.0463046141282156,0.08850156087408949
17,Haloalkane,0.9500000000000002,0.9992424242424243,0.035905811896011976,0.06932072001051111
18,Hydrazine,0.05,0.4854368932038835,0.8501594048884166,0.6179992275009656
18,Hydrazine,0.060000000000000005,0.5465444287729196,0.8235919234856536,0.6570580754557016
18,Hydrazine,0.07,0.6054097056483692,0.8087141339001063,0.6924476797088263
18,Hydrazine,0.08000000000000002,0.6581045172719221,0.7895855472901169,0.7178743961352657
18,Hydrazine,0.09000000000000001,0.6978967495219885,0.7757704569606801,0.7347760442878711
18,Hydrazine,0.1,0.7287615148413511,0.7566418703506907,0.7424400417101147
18,Hydrazine,0.11000000000000001,0.7526881720430108,0.7438894792773645,0.7482629609834314
18,Hydrazine,0.12000000000000001,0.7840909090909091,0.7332624867162593,0.7578253706754531
18,Hydrazine,0.13,0.8071428571428572,0.720510095642933,0.7613700168444694
18,Hydrazine,0.14,0.8249075215782984,0.7109458023379384,0.7636986301369864
18,Hydrazine,0.15000000000000002,0.8439086294416244,0.7066950053134963,0.7692307692307693
18,Hydrazine,0.16000000000000003,0.8571428571428571,0.7013815090329437,0.7714786674459381
18,Hydrazine,0.17000000000000004,0.8695073235685752,0.69394261424017,0.7718676122931442
18,Hydrazine,0.18000000000000005,0.8832417582417582,0.6833156216790648,0.7705212702216896
18,Hydrazine,0.19,0.8959212376933896,0.6769394261424017,0.7711864406779662
18,Hydrazine,0.2,0.9114658925979681,0.667375132837407,0.7705521472392638
18,Hydrazine,0.21000000000000002,0.9197622585438335,0.6578108395324124,0.7670384138785625
18,Hydrazine,0.22000000000000003,0.9234234234234234,0.6535600425079703,0.7654013690105788
18,Hydrazine,0.23000000000000004,0.9283536585365854,0.6471838469713072,0.7626800250469631
18,Hydrazine,0.24000000000000005,0.9374021909233177,0.6365568544102019,0.7582278481012659
18,Hydrazine,0.25000000000000006,0.9408945686900958,0.6259298618490967,0.751754945756222
18,Hydrazine,0.26000000000000006,0.9463414634146341,0.6184909670563231,0.7480719794344473
18,Hydrazine,0.27,0.9537190082644628,0.6131774707757705,0.7464424320827943
18,Hydrazine,0.28,0.9595278246205734,0.6046758767268863,0.741851368970013
18,Hydrazine,0.29000000000000004,0.9591836734693877,0.5993623804463337,0.7377370830608241
18,Hydrazine,0.30000000000000004,0.9637931034482758,0.594048884165781,0.7350427350427351
18,Hydrazine,0.31000000000000005,0.9634146341463414,0.5876726886291179,0.73003300330033
18,Hydrazine,0.32000000000000006,0.9647266313932981,0.5812964930924548,0.7254641909814323
18,Hydrazine,0.33,0.9660107334525939,0.5738575982996812,0.72
18,Hydrazine,0.34,0.9674502712477396,0.5685441020191286,0.7161981258366801
18,Hydrazine,0.35000000000000003,0.968978102189781,0.5642933049946866,0.7132303559435863
18,Hydrazine,0.36000000000000004,0.9686346863468634,0.5579171094580234,0.708024275118004
18,Hydrazine,0.37000000000000005,0.9719101123595506,0.5515409139213603,0.703728813559322
18,Hydrazine,0.38000000000000006,0.9771863117870723,0.5462274176408076,0.7007498295841854
18,Hydrazine,0.39000000000000007,0.9769673704414588,0.5409139213602551,0.6963064295485636
18,Hydrazine,0.4000000000000001,0.9766990291262136,0.5345377258235919,0.6909340659340659
18,Hydrazine,0.4100000000000001,0.9784313725490196,0.5302869287991498,0.687801516195727
18,Hydrazine,0.42000000000000004,0.9801980198019802,0.5260361317747078,0.6846473029045643
18,Hydrazine,0.43000000000000005,0.9820717131474104,0.5239107332624867,0.6832986832986833
18,Hydrazine,0.44000000000000006,0.9858299595141701,0.5175345377258236,0.6787456445993031
18,Hydrazine,0.45000000000000007,0.9876796714579056,0.5111583421891605,0.6736694677871149
18,Hydrazine,0.4600000000000001,0.991701244813278,0.5079702444208289,0.6718200983836964
18,Hydrazine,0.4700000000000001,0.9937106918238994,0.5037194473963869,0.6685472496473907
18,Hydrazine,0.4800000000000001,0.9936842105263158,0.5015940488841658,0.6666666666666666
18,Hydrazine,0.49000000000000005,0.9936305732484076,0.4973432518597237,0.6628895184135978
18,Hydrazine,0.5000000000000001,0.9935064935064936,0.487778958554729,0.654312188168211
18,Hydrazine,0.5100000000000001,0.9934782608695653,0.485653560042508,0.6523911491791577
18,Hydrazine,0.5200000000000001,0.9934640522875817,0.48459086078639746,0.6514285714285715
18,Hydrazine,0.5300000000000001,0.9934354485776805,0.4824654622741764,0.6494992846924177
18,Hydrazine,0.5400000000000001,0.9933774834437086,0.4782146652497343,0.6456241032998565
18,Hydrazine,0.5500000000000002,0.9932885906040269,0.4718384697130712,0.6397694524495677
18,Hydrazine,0.5600000000000002,0.9932432432432432,0.46865037194473963,0.6368231046931407
18,Hydrazine,0.5700000000000002,0.9932126696832579,0.4665249734325186,0.6348517715112075
18,Hydrazine,0.5800000000000002,0.9954022988505747,0.46014877789585545,0.6293604651162791
18,Hydrazine,0.5900000000000002,0.9953488372093023,0.45483528161530284,0.62436177972283
18,Hydrazine,0.6000000000000002,0.9952941176470588,0.4495217853347503,0.6193265007320644
18,Hydrazine,0.6100000000000001,0.9976190476190476,0.4452709883103082,0.6157237325495959
18,Hydrazine,0.6200000000000001,0.9976133651551312,0.4442082890541977,0.6147058823529412
18,Hydrazine,0.6300000000000001,0.9975961538461539,0.4410201912858661,0.6116433308769345
18,Hydrazine,0.6400000000000001,0.9975728155339806,0.436769394261424,0.6075388026607539
18,Hydrazine,0.6500000000000001,0.9975609756097561,0.434643995749203,0.6054774241302738
18,Hydrazine,0.6600000000000001,0.9975308641975309,0.4293304994686504,0.600297176820208
18,Hydrazine,0.6700000000000002,0.9974874371859297,0.4218916046758767,0.5929798356982823
18,Hydrazine,0.6800000000000002,0.9974226804123711,0.4112646121147715,0.582392776523702
18,Hydrazine,0.6900000000000002,0.9974025974025974,0.40807651434643993,0.579185520361991
18,Hydrazine,0.7000000000000002,0.9973684210526316,0.4027630180658874,0.5738077214231643
18,Hydrazine,0.7100000000000002,1.0,0.39744952178533477,0.5688212927756654
18,Hydrazine,0.7200000000000002,1.0,0.39213602550478216,0.5633587786259542
18,Hydrazine,0.7300000000000002,1.0,0.3889479277364506,0.5600612088752869
18,Hydrazine,0.7400000000000002,1.0,0.38575982996811903,0.5567484662576687
18,Hydrazine,0.7500000000000002,1.0,0.383634431455898,0.554531490015361
18,Hydrazine,0.7600000000000002,1.0,0.37619553666312433,0.5467181467181467
18,Hydrazine,0.7700000000000002,1.0,0.37300743889479276,0.5433436532507739
18,Hydrazine,0.7800000000000001,1.0,0.36663124335812963,0.536547433903577
18,Hydrazine,0.7900000000000001,1.0,0.3645058448459086,0.5342679127725857
18,Hydrazine,0.8000000000000002,1.0,0.36238044633368754,0.53198127925117
18,Hydrazine,0.8100000000000002,1.0,0.3538788522848034,0.5227629513343799
18,Hydrazine,0.8200000000000002,1.0,0.34537725823591925,0.5134281200631912
18,Hydrazine,0.8300000000000002,1.0,0.3379383634431456,0.5051628276409849
18,Hydrazine,0.8400000000000002,1.0,0.3283740701381509,0.4944
18,Hydrazine,0.8500000000000002,1.0,0.32199787460148777,0.4871382636655949
18,Hydrazine,0.8600000000000002,1.0,0.31562167906482463,0.4798061389337641
18,Hydrazine,0.8700000000000002,1.0,0.30924548352816156,0.4724025974025974
18,Hydrazine,0.8800000000000002,1.0,0.29968119022316686,0.46116107931316436
18,Hydrazine,0.8900000000000002,1.0,0.28905419766206164,0.44847485572959606
18,Hydrazine,0.9000000000000002,1.0,0.28374070138150903,0.4420529801324503
18,Hydrazine,0.9100000000000003,1.0,0.27417640807651433,0.4303586321934946
18,Hydrazine,0.9200000000000003,1.0,0.26461211477151964,0.4184873949579832
18,Hydrazine,0.9300000000000002,1.0,0.255047821466525,0.40643522438611346
18,Hydrazine,0.9400000000000002,1.0,0.2454835281615303,0.39419795221843
18,Hydrazine,0.9500000000000002,1.0,0.22741764080765142,0.37056277056277054
19,Hydrazone,0.05,0.4929411764705882,0.7211703958691911,0.5856044723969253
19,Hydrazone,0.060000000000000005,0.5929203539823009,0.6919104991394148,0.6386020651310564
19,Hydrazone,0.07,0.6496598639455783,0.657487091222031,0.6535500427715997
19,Hydrazone,0.08000000000000002,0.7064579256360078,0.621342512908778,0.6611721611721612
19,Hydrazone,0.09000000000000001,0.7516339869281046,0.5938037865748709,0.6634615384615384
19,Hydrazone,0.1,0.7833333333333333,0.5662650602409639,0.6573426573426573
19,Hydrazone,0.11000000000000001,0.8093994778067886,0.5335628227194492,0.6431535269709544
19,Hydrazone,0.12000000000000001,0.8204419889502762,0.5111876075731497,0.6299045599151644
19,Hydrazone,0.13,0.8533724340175953,0.5008605851979346,0.631236442516269
19,Hydrazone,0.14,0.8711656441717791,0.48881239242685026,0.6262403528114664
19,Hydrazone,0.15000000000000002,0.8802588996763754,0.46815834767641995,0.6112359550561798
19,Hydrazone,0.16000000000000003,0.8934707903780069,0.4475043029259897,0.5963302752293578
19,Hydrazone,0.17000000000000004,0.8960573476702509,0.43029259896729777,0.5813953488372093
19,Hydrazone,0.18000000000000005,0.909433962264151,0.41480206540447506,0.5697399527186762
19,Hydrazone,0.19,0.924901185770751,0.4027538726333907,0.5611510791366906
19,Hydrazone,0.2,0.9380165289256198,0.39070567986230637,0.551640340218712
19,Hydrazone,0.21000000000000002,0.9521739130434783,0.3769363166953528,0.5400739827373613
19,Hydrazone,0.22000000000000003,0.9631336405529954,0.35972461273666095,0.5238095238095238
19,Hydrazone,0.23000000000000004,0.9761904761904762,0.3528399311531842,0.5183312262958281
19,Hydrazone,0.24000000000000005,0.975609756097561,0.3442340791738382,0.5089058524173028
19,Hydrazone,0.25000000000000006,0.9849246231155779,0.3373493975903614,0.5025641025641026
19,Hydrazone,0.26000000000000006,0.9894179894179894,0.3218588640275387,0.4857142857142857
19,Hydrazone,0.27,0.9891891891891892,0.31497418244406195,0.47780678851174935
19,Hydrazone,0.28,0.9887640449438202,0.3029259896729776,0.463768115942029
19,Hydrazone,0.29000000000000004,0.9941520467836257,0.29259896729776247,0.4521276595744681
19,Hydrazone,0.30000000000000004,0.9939393939393939,0.2822719449225473,0.43967828418230565
19,Hydrazone,0.31000000000000005,0.9937106918238994,0.2719449225473322,0.42702702702702705
19,Hydrazone,0.32000000000000006,0.9935064935064936,0.2633390705679862,0.4163265306122449
19,Hydrazone,0.33,0.9932885906040269,0.2547332185886403,0.4054794520547945
19,Hydrazone,0.34,0.993103448275862,0.24784853700516352,0.39669421487603307
19,Hydrazone,0.35000000000000003,0.9928057553956835,0.23752151462994836,0.38333333333333336
19,Hydrazone,0.36000000000000004,0.9925373134328358,0.2289156626506024,0.37202797202797205
19,Hydrazone,0.37000000000000005,0.9922480620155039,0.22030981067125646,0.36056338028169016
19,Hydrazone,0.38000000000000006,0.991869918699187,0.2099827882960413,0.3465909090909091
19,Hydrazone,0.39000000000000007,0.9914529914529915,0.19965576592082615,0.332378223495702
19,Hydrazone,0.4000000000000001,0.990990990990991,0.18932874354561102,0.3179190751445087
19,Hydrazone,0.4100000000000001,1.0,0.1721170395869191,0.2936857562408223
19,Hydrazone,0.42000000000000004,1.0,0.16006884681583478,0.27596439169139464
19,Hydrazone,0.43000000000000005,1.0,0.1566265060240964,0.2708333333333333
19,Hydrazone,0.44000000000000006,1.0,0.1514629948364888,0.26307922272047835
19,Hydrazone,0.45000000000000007,1.0,0.14285714285714285,0.25
19,Hydrazone,0.4600000000000001,1.0,0.13941480206540446,0.24471299093655588
19,Hydrazone,0.4700000000000001,1.0,0.13080895008605853,0.2313546423135464
19,Hydrazone,0.4800000000000001,1.0,0.12564543889845095,0.22324159021406728
19,Hydrazone,0.49000000000000005,1.0,0.12564543889845095,0.22324159021406728
19,Hydrazone,0.5000000000000001,1.0,0.12220309810671257,0.21779141104294478
19,Hydrazone,0.5100000000000001,1.0,0.12220309810671257,0.21779141104294478
19,Hydrazone,0.5200000000000001,1.0,0.11703958691910499,0.20955315870570107
19,Hydrazone,0.5300000000000001,1.0,0.10843373493975904,0.1956521739130435
19,Hydrazone,0.5400000000000001,1.0,0.10499139414802065,0.19003115264797507
19,Hydrazone,0.5500000000000002,1.0,0.10154905335628227,0.184375
19,Hydrazone,0.5600000000000002,1.0,0.09982788296041308,0.18153364632237873
19,Hydrazone,0.5700000000000002,1.0,0.0963855421686747,0.17582417582417584
19,Hydrazone,0.5800000000000002,1.0,0.0963855421686747,0.17582417582417584
19,Hydrazone,0.5900000000000002,1.0,0.09294320137693632,0.1700787401574803
19,Hydrazone,0.6000000000000002,1.0,0.08950086058519793,0.16429699842022116
19,Hydrazone,0.6100000000000001,1.0,0.08605851979345955,0.15847860538827258
19,Hydrazone,0.6200000000000001,1.0,0.07917383820998279,0.1467304625199362
19,Hydrazone,0.6300000000000001,1.0,0.07917383820998279,0.1467304625199362
19,Hydrazone,0.6400000000000001,1.0,0.0774526678141136,0.14376996805111822
19,Hydrazone,0.6500000000000001,1.0,0.07401032702237521,0.13782051282051283
19,Hydrazone,0.6600000000000001,1.0,0.07228915662650602,0.1348314606741573
19,Hydrazone,0.6700000000000002,1.0,0.06884681583476764,0.1288244766505636
19,Hydrazone,0.6800000000000002,1.0,0.06540447504302926,0.12277867528271405
19,Hydrazone,0.6900000000000002,1.0,0.06368330464716007,0.11974110032362459
19,Hydrazone,0.7000000000000002,1.0,0.058519793459552494,0.11056910569105691
19,Hydrazone,0.7100000000000002,1.0,0.055077452667814115,0.10440456769983687
19,Hydrazone,0.7200000000000002,1.0,0.055077452667814115,0.10440456769983687
19,Hydrazone,0.7300000000000002,1.0,0.055077452667814115,0.10440456769983687
19,Hydrazone,0.7400000000000002,1.0,0.05163511187607573,0.09819967266775777
19,Hydrazone,0.7500000000000002,1.0,0.05163511187607573,0.09819967266775777
19,Hydrazone,0.7600000000000002,1.0,0.05163511187607573,0.09819967266775777
19,Hydrazone,0.7700000000000002,1.0,0.04991394148020654,0.09508196721311475
19,Hydrazone,0.7800000000000001,1.0,0.04819277108433735,0.09195402298850575
19,Hydrazone,0.7900000000000001,1.0,0.043029259896729774,0.08250825082508251
19,Hydrazone,0.8000000000000002,1.0,0.04130808950086059,0.07933884297520662
19,Hydrazone,0.8100000000000002,1.0,0.039586919104991396,0.076158940397351
19,Hydrazone,0.8200000000000002,1.0,0.03614457831325301,0.06976744186046512
19,Hydrazone,0.8300000000000002,1.0,0.03098106712564544,0.06010016694490818
19,Hydrazone,0.8400000000000002,1.0,0.029259896729776247,0.056856187290969896
19,Hydrazone,0.8500000000000002,1.0,0.025817555938037865,0.050335570469798654
19,Hydrazone,0.8600000000000002,1.0,0.025817555938037865,0.050335570469798654
19,Hydrazone,0.8700000000000002,1.0,0.024096385542168676,0.047058823529411764
19,Hydrazone,0.8800000000000002,1.0,0.020654044750430294,0.04047217537942664
19,Hydrazone,0.8900000000000002,1.0,0.01721170395869191,0.0338409475465313
19,Hydrazone,0.9000000000000002,1.0,0.01549053356282272,0.030508474576271188
19,Hydrazone,0.9100000000000003,1.0,0.013769363166953529,0.027164685908319185
19,Hydrazone,0.9200000000000003,1.0,0.012048192771084338,0.023809523809523808
19,Hydrazone,0.9300000000000002,1.0,0.008605851979345954,0.017064846416382253
19,Hydrazone,0.9400000000000002,1.0,0.008605851979345954,0.017064846416382253
19,Hydrazone,0.9500000000000002,1.0,0.008605851979345954,0.017064846416382253
20,Imide,0.05,0.35204616998950683,0.9006711409395973,0.5062240663900415
20,Imide,0.060000000000000005,0.406837080381891,0.8865771812080537,0.5577369643234115
20,Imide,0.07,0.44922010398613516,0.8697986577181208,0.5924571428571429
20,Imide,0.08000000000000002,0.4940131324835844,0.8583892617449664,0.6271144888453052
20,Imide,0.09000000000000001,0.5294365012615644,0.8449664429530201,0.6509824198552223
20,Imide,0.1,0.563858695652174,0.8355704697986577,0.6733369388858843
20,Imide,0.11000000000000001,0.5902111324376199,0.825503355704698,0.6883044208170117
20,Imide,0.12000000000000001,0.6195596518177163,0.8120805369127517,0.7028753993610224
20,Imide,0.13,0.6463215258855586,0.7959731543624161,0.7133834586466166
20,Imide,0.14,0.6655270655270655,0.7838926174496644,0.7198767334360555
20,Imide,0.15000000000000002,0.6907032181168057,0.7778523489932886,0.7316919191919192
20,Imide,0.16000000000000003,0.7117172969621822,0.7704697986577181,0.7399291008701256
20,Imide,0.17000000000000004,0.7268637532133676,0.7590604026845638,0.7426132632961261
20,Imide,0.18000000000000005,0.7479838709677419,0.7469798657718121,0.7474815312290127
20,Imide,0.19,0.7647467036780013,0.7395973154362416,0.7519617877857386
20,Imide,0.2,0.7796852646638054,0.7315436241610739,0.7548476454293629
20,Imide,0.21000000000000002,0.7989652623798965,0.725503355704698,0.7604642982764686
20,Imide,0.22000000000000003,0.8112633181126332,0.7154362416107383,0.760342368045649
20,Imide,0.23000000000000004,0.8207326578332035,0.7067114093959731,0.7594662820050487
20,Imide,0.24000000000000005,0.8268467037331215,0.6986577181208053,0.7573663150236449
20,Imide,0.25000000000000006,0.8360522022838499,0.6879194630872483,0.7547864506627393
20,Imide,0.26000000000000006,0.8435940099833611,0.6805369127516778,0.7533432392273403
20,Imide,0.27,0.852263023057216,0.6697986577181209,0.7500939496429914
20,Imide,0.28,0.8587619877942458,0.6610738255033557,0.7470610542282897
20,Imide,0.29000000000000004,0.8688670829616414,0.6536912751677852,0.7460743010340866
20,Imide,0.30000000000000004,0.8783165599268069,0.6442953020134228,0.743321718931475
20,Imide,0.31000000000000005,0.8823529411764706,0.6342281879194631,0.7379929714955096
20,Imide,0.32000000000000006,0.8936781609195402,0.6261744966442953,0.7363851617995264
20,Imide,0.33,0.9002932551319648,0.6181208053691275,0.7329884600079586
20,Imide,0.34,0.904572564612326,0.610738255033557,0.7291666666666666
20,Imide,0.35000000000000003,0.9063444108761329,0.6040268456375839,0.7249295207410391
20,Imide,0.36000000000000004,0.9093686354378818,0.5993288590604027,0.7224919093851133
20,Imide,0.37000000000000005,0.9146722164412071,0.5899328859060403,0.7172582619339045
20,Imide,0.38000000000000006,0.9181721572794899,0.5798657718120805,0.7108185931715344
20,Imide,0.39000000000000007,0.9264864864864865,0.5751677852348993,0.7097308488612837
20,Imide,0.4000000000000001,0.9305402425578831,0.5664429530201343,0.7042136003337505
20,Imide,0.4100000000000001,0.9337078651685393,0.5577181208053691,0.6983193277310924
20,Imide,0.42000000000000004,0.9359267734553776,0.548993288590604,0.6920473773265652
20,Imide,0.43000000000000005,0.9417249417249417,0.5422818791946309,0.6882453151618398
20,Imide,0.44000000000000006,0.9422850412249706,0.5369127516778524,0.6840530141085934
20,Imide,0.45000000000000007,0.9461077844311377,0.5302013422818792,0.6795698924731183
20,Imide,0.4600000000000001,0.9467956469165659,0.525503355704698,0.6758739749676306
20,Imide,0.4700000000000001,0.9532019704433498,0.5194630872483221,0.6724587315377932
20,Imide,0.4800000000000001,0.9536340852130326,0.5107382550335571,0.6652097902097902
20,Imide,0.49000000000000005,0.9572538860103627,0.4959731543624161,0.6534040671971706
20,Imide,0.5000000000000001,0.9578947368421052,0.4885906040268456,0.6471111111111111
20,Imide,0.5100000000000001,0.959731543624161,0.4798657718120805,0.639821029082774
20,Imide,0.5200000000000001,0.9628610729023384,0.4697986577181208,0.6314839873703203
20,Imide,0.5300000000000001,0.9648382559774965,0.4604026845637584,0.62335302135393
20,Imide,0.5400000000000001,0.97,0.4557046979865772,0.6200913242009133
20,Imide,0.5500000000000002,0.9752906976744186,0.45033557046979866,0.6161616161616161
20,Imide,0.5600000000000002,0.9778434268833087,0.4442953020134228,0.6109829257037379
20,Imide,0.5700000000000002,0.9775112443778111,0.4375838926174497,0.6045433472415391
20,Imide,0.5800000000000002,0.9800613496932515,0.42885906040268457,0.5966386554621849
20,Imide,0.5900000000000002,0.9813953488372092,0.4248322147651007,0.5929742388758782
20,Imide,0.6000000000000002,0.9826498422712934,0.4181208053691275,0.5866290018832392
20,Imide,0.6100000000000001,0.9839743589743589,0.4120805369127517,0.5808893093661306
20,Imide,0.6200000000000001,0.9854838709677419,0.41006711409395974,0.5791469194312796
20,Imide,0.6300000000000001,0.9868204283360791,0.40201342281879193,0.5712923223652837
20,Imide,0.6400000000000001,0.9866888519134775,0.39798657718120806,0.5671927307508369
20,Imide,0.6500000000000001,0.9864406779661017,0.3906040268456376,0.5596153846153846
20,Imide,0.6600000000000001,0.9862778730703259,0.3859060402684564,0.5547515677761699
20,Imide,0.6700000000000002,0.986159169550173,0.3825503355704698,0.5512572533849129
20,Imide,0.6800000000000002,0.9876760563380281,0.37651006711409396,0.5451895043731778
20,Imide,0.6900000000000002,0.9892086330935251,0.3691275167785235,0.5376344086021505
20,Imide,0.7000000000000002,0.9908759124087592,0.3644295302013423,0.5328753680078508
20,Imide,0.7100000000000002,0.9907063197026023,0.35771812080536913,0.5256410256410257
20,Imide,0.7200000000000002,0.9905660377358491,0.3523489932885906,0.5198019801980198
20,Imide,0.7300000000000002,0.9903660886319846,0.34496644295302015,0.5116973618715779
20,Imide,0.7400000000000002,0.9901380670611439,0.33691275167785234,0.5027541311967952
20,Imide,0.7500000000000002,0.9919028340080972,0.3288590604026846,0.4939516129032258
20,Imide,0.7600000000000002,0.9937759336099585,0.3214765100671141,0.48580121703853957
20,Imide,0.7700000000000002,0.9936575052854123,0.31543624161073824,0.47885888945491595
20,Imide,0.7800000000000001,0.9935205183585313,0.3087248322147651,0.47107014848950335
20,Imide,0.7900000000000001,0.9933628318584071,0.30134228187919465,0.4624098867147271
20,Imide,0.8000000000000002,0.9931662870159453,0.29261744966442954,0.45204769310523585
20,Imide,0.8100000000000002,0.9929906542056075,0.28523489932885904,0.443169968717414
20,Imide,0.8200000000000002,0.9928741092636579,0.28053691275167786,0.43746729461015177
20,Imide,0.8300000000000002,0.9975369458128078,0.27181208053691275,0.4272151898734177
20,Imide,0.8400000000000002,0.9974424552429667,0.26174496644295303,0.41467304625199364
20,Imide,0.8500000000000002,0.9973404255319149,0.2516778523489933,0.40192926045016075
20,Imide,0.8600000000000002,0.9972602739726028,0.2442953020134228,0.39245283018867927
20,Imide,0.8700000000000002,1.0,0.2342281879194631,0.37955410549211527
20,Imide,0.8800000000000002,1.0,0.22416107382550335,0.36622807017543857
20,Imide,0.8900000000000002,1.0,0.2134228187919463,0.35176991150442477
20,Imide,0.9000000000000002,1.0,0.20201342281879195,0.3361250697934115
20,Imide,0.9100000000000003,1.0,0.1919463087248322,0.32207207207207206
20,Imide,0.9200000000000003,1.0,0.18120805369127516,0.3068181818181818
20,Imide,0.9300000000000002,1.0,0.1738255033557047,0.296169239565466
20,Imide,0.9400000000000002,1.0,0.1644295302013423,0.2824207492795389
20,Imide,0.9500000000000002,1.0,0.15033557046979865,0.2613768961493582
21,Imine,0.05,0.4372955288985823,0.6617161716171617,0.5265922521339461
21,Imine,0.060000000000000005,0.517193947730399,0.6204620462046204,0.5641410352588146
21,Imine,0.07,0.5915966386554622,0.5808580858085809,0.5861781848459617
21,Imine,0.08000000000000002,0.6536964980544747,0.5544554455445545,0.6
21,Imine,0.09000000000000001,0.683083511777302,0.5264026402640264,0.5945945945945946
21,Imine,0.1,0.7064439140811456,0.4884488448844885,0.577560975609756
21,Imine,0.11000000000000001,0.7398373983739838,0.4504950495049505,0.56
21,Imine,0.12000000000000001,0.7777777777777778,0.4273927392739274,0.5516506922257721
21,Imine,0.13,0.7884615384615384,0.40594059405940597,0.5359477124183006
21,Imine,0.14,0.8062283737024222,0.3844884488448845,0.5206703910614525
21,Imine,0.15000000000000002,0.8248175182481752,0.37293729372937295,0.5136363636363637
21,Imine,0.16000000000000003,0.8410852713178295,0.3580858085808581,0.5023148148148148
21,Imine,0.17000000000000004,0.854251012145749,0.3481848184818482,0.4947245017584994
21,Imine,0.18000000000000005,0.8675213675213675,0.334983498349835,0.48333333333333334
21,Imine,0.19,0.8863636363636364,0.3217821782178218,0.4721549636803874
21,Imine,0.2,0.8862559241706162,0.3085808580858086,0.45777233782129745
21,Imine,0.21000000000000002,0.8955223880597015,0.297029702970297,0.44609665427509293
21,Imine,0.22000000000000003,0.9072164948453608,0.29042904290429045,0.44
21,Imine,0.23000000000000004,0.91005291005291,0.2838283828382838,0.4327044025157233
21,Imine,0.24000000000000005,0.9116022099447514,0.2722772277227723,0.4193138500635324
21,Imine,0.25000000000000006,0.9142857142857143,0.264026402640264,0.40973111395646605
21,Imine,0.26000000000000006,0.9325153374233128,0.2508250825082508,0.3953185955786736
21,Imine,0.27,0.93125,0.24587458745874588,0.38903394255874674
21,Imine,0.28,0.9299363057324841,0.24092409240924093,0.382699868938401
21,Imine,0.29000000000000004,0.9403973509933775,0.23432343234323433,0.3751651254953765
21,Imine,0.30000000000000004,0.9455782312925171,0.22937293729372937,0.3691899070385126
21,Imine,0.31000000000000005,0.950354609929078,0.22112211221122113,0.35876840696117807
21,Imine,0.32000000000000006,0.9555555555555556,0.21287128712871287,0.3481781376518219
21,Imine,0.33,0.9538461538461539,0.20462046204620463,0.33695652173913043
21,Imine,0.34,0.9596774193548387,0.19636963696369636,0.32602739726027397
21,Imine,0.35000000000000003,0.9586776859504132,0.19141914191419143,0.31911966987620355
21,Imine,0.36000000000000004,0.9572649572649573,0.1848184818481848,0.30982019363762103
21,Imine,0.37000000000000005,0.9565217391304348,0.18151815181518152,0.30513176144244103
21,Imine,0.38000000000000006,0.963963963963964,0.17656765676567657,0.298465829846583
21,Imine,0.39000000000000007,0.9615384615384616,0.16501650165016502,0.28169014084507044
21,Imine,0.4000000000000001,0.97,0.16006600660066006,0.2747875354107649
21,Imine,0.4100000000000001,0.9690721649484536,0.1551155115511551,0.267425320056899
21,Imine,0.42000000000000004,0.9680851063829787,0.15016501650165018,0.26
21,Imine,0.43000000000000005,0.9662921348314607,0.1419141914191419,0.2474820143884892
21,Imine,0.44000000000000006,0.9659090909090909,0.14026402640264027,0.24495677233429394
21,Imine,0.45000000000000007,0.9651162790697675,0.13696369636963696,0.2398843930635838
21,Imine,0.4600000000000001,0.9746835443037974,0.12706270627062707,0.22481751824817517
21,Imine,0.4700000000000001,0.9743589743589743,0.1254125412541254,0.2222222222222222
21,Imine,0.4800000000000001,0.987012987012987,0.1254125412541254,0.2225475841874085
21,Imine,0.49000000000000005,0.9866666666666667,0.12211221122112212,0.2173274596182085
21,Imine,0.5000000000000001,0.9861111111111112,0.11716171617161716,0.20943952802359883
21,Imine,0.5100000000000001,0.9852941176470589,0.11056105610561057,0.19881305637982197
21,Imine,0.5200000000000001,1.0,0.10726072607260725,0.19374068554396423
21,Imine,0.5300000000000001,1.0,0.10396039603960396,0.18834080717488788
21,Imine,0.5400000000000001,1.0,0.10231023102310231,0.18562874251497005
21,Imine,0.5500000000000002,1.0,0.10066006600660066,0.18290854572713644
21,Imine,0.5600000000000002,1.0,0.09735973597359736,0.1774436090225564
21,Imine,0.5700000000000002,1.0,0.09075907590759076,0.1664145234493192
21,Imine,0.5800000000000002,1.0,0.08745874587458746,0.16084977238239756
21,Imine,0.5900000000000002,1.0,0.08415841584158416,0.1552511415525114
21,Imine,0.6000000000000002,1.0,0.08085808580858085,0.14961832061068703
21,Imine,0.6100000000000001,1.0,0.08085808580858085,0.14961832061068703
21,Imine,0.6200000000000001,1.0,0.07920792079207921,0.14678899082568808
21,Imine,0.6300000000000001,1.0,0.07755775577557755,0.1439509954058193
21,Imine,0.6400000000000001,1.0,0.07425742574257425,0.1382488479262673
21,Imine,0.6500000000000001,1.0,0.07260726072607261,0.13538461538461538
21,Imine,0.6600000000000001,1.0,0.07260726072607261,0.13538461538461538
21,Imine,0.6700000000000002,1.0,0.07095709570957096,0.1325115562403698
21,Imine,0.6800000000000002,1.0,0.07095709570957096,0.1325115562403698
21,Imine,0.6900000000000002,1.0,0.06930693069306931,0.12962962962962962
21,Imine,0.7000000000000002,1.0,0.06435643564356436,0.12093023255813953
21,Imine,0.7100000000000002,1.0,0.06435643564356436,0.12093023255813953
21,Imine,0.7200000000000002,1.0,0.06435643564356436,0.12093023255813953
21,Imine,0.7300000000000002,1.0,0.0627062706270627,0.11801242236024845
21,Imine,0.7400000000000002,1.0,0.0627062706270627,0.11801242236024845
21,Imine,0.7500000000000002,1.0,0.06105610561056106,0.1150855365474339
21,Imine,0.7600000000000002,1.0,0.057755775577557754,0.10920436817472699
21,Imine,0.7700000000000002,1.0,0.056105610561056105,0.10625
21,Imine,0.7800000000000001,1.0,0.0462046204620462,0.08832807570977919
21,Imine,0.7900000000000001,1.0,0.04455445544554455,0.08530805687203792
21,Imine,0.8000000000000002,1.0,0.041254125412541254,0.07923930269413629
21,Imine,0.8100000000000002,1.0,0.041254125412541254,0.07923930269413629
21,Imine,0.8200000000000002,1.0,0.036303630363036306,0.07006369426751592
21,Imine,0.8300000000000002,1.0,0.036303630363036306,0.07006369426751592
21,Imine,0.8400000000000002,1.0,0.034653465346534656,0.06698564593301436
21,Imine,0.8500000000000002,1.0,0.033003300330033,0.06389776357827476
21,Imine,0.8600000000000002,1.0,0.0297029702970297,0.057692307692307696
21,Imine,0.8700000000000002,1.0,0.0297029702970297,0.057692307692307696
21,Imine,0.8800000000000002,1.0,0.028052805280528052,0.05457463884430177
21,Imine,0.8900000000000002,1.0,0.024752475247524754,0.04830917874396135
21,Imine,0.9000000000000002,1.0,0.0231023102310231,0.04516129032258064
21,Imine,0.9100000000000003,1.0,0.01485148514851485,0.02926829268292683
21,Imine,0.9200000000000003,1.0,0.01155115511551155,0.022838499184339316
21,Imine,0.9300000000000002,1.0,0.01155115511551155,0.022838499184339316
21,Imine,0.9400000000000002,1.0,0.009900990099009901,0.0196078431372549
21,Imine,0.9500000000000002,1.0,0.006600660066006601,0.013114754098360656
22,Isocyanate,0.05,0.9693877551020408,0.9895833333333334,0.979381443298969
22,Isocyanate,0.060000000000000005,0.9693877551020408,0.9895833333333334,0.979381443298969
22,Isocyanate,0.07,0.979381443298969,0.9895833333333334,0.9844559585492227
22,Isocyanate,0.08000000000000002,0.9895833333333334,0.9895833333333334,0.9895833333333334
22,Isocyanate,0.09000000000000001,1.0,0.9895833333333334,0.9947643979057592
22,Isocyanate,0.1,1.0,0.9895833333333334,0.9947643979057592
22,Isocyanate,0.11000000000000001,1.0,0.9895833333333334,0.9947643979057592
22,Isocyanate,0.12000000000000001,1.0,0.9895833333333334,0.9947643979057592
22,Isocyanate,0.13,1.0,0.9895833333333334,0.9947643979057592
22,Isocyanate,0.14,1.0,0.9895833333333334,0.9947643979057592
22,Isocyanate,0.15000000000000002,1.0,0.9895833333333334,0.9947643979057592
22,Isocyanate,0.16000000000000003,1.0,0.9895833333333334,0.9947643979057592
22,Isocyanate,0.17000000000000004,1.0,0.9895833333333334,0.9947643979057592
22,Isocyanate,0.18000000000000005,1.0,0.9895833333333334,0.9947643979057592
22,Isocyanate,0.19,1.0,0.9895833333333334,0.9947643979057592
22,Isocyanate,0.2,1.0,0.9895833333333334,0.9947643979057592
22,Isocyanate,0.21000000000000002,1.0,0.9895833333333334,0.9947643979057592
22,Isocyanate,0.22000000000000003,1.0,0.9895833333333334,0.9947643979057592
22,Isocyanate,0.23000000000000004,1.0,0.9895833333333334,0.9947643979057592
22,Isocyanate,0.24000000000000005,1.0,0.9895833333333334,0.9947643979057592
22,Isocyanate,0.25000000000000006,1.0,0.9791666666666666,0.9894736842105263
22,Isocyanate,0.26000000000000006,1.0,0.9791666666666666,0.9894736842105263
22,Isocyanate,0.27,1.0,0.9791666666666666,0.9894736842105263
22,Isocyanate,0.28,1.0,0.9791666666666666,0.9894736842105263
22,Isocyanate,0.29000000000000004,1.0,0.9791666666666666,0.9894736842105263
22,Isocyanate,0.30000000000000004,1.0,0.9791666666666666,0.9894736842105263
22,Isocyanate,0.31000000000000005,1.0,0.9791666666666666,0.9894736842105263
22,Isocyanate,0.32000000000000006,1.0,0.9791666666666666,0.9894736842105263
22,Isocyanate,0.33,1.0,0.9791666666666666,0.9894736842105263
22,Isocyanate,0.34,1.0,0.96875,0.9841269841269841
22,Isocyanate,0.35000000000000003,1.0,0.96875,0.9841269841269841
22,Isocyanate,0.36000000000000004,1.0,0.96875,0.9841269841269841
22,Isocyanate,0.37000000000000005,1.0,0.96875,0.9841269841269841
22,Isocyanate,0.38000000000000006,1.0,0.96875,0.9841269841269841
22,Isocyanate,0.39000000000000007,1.0,0.96875,0.9841269841269841
22,Isocyanate,0.4000000000000001,1.0,0.96875,0.9841269841269841
22,Isocyanate,0.4100000000000001,1.0,0.96875,0.9841269841269841
22,Isocyanate,0.42000000000000004,1.0,0.96875,0.9841269841269841
22,Isocyanate,0.43000000000000005,1.0,0.96875,0.9841269841269841
22,Isocyanate,0.44000000000000006,1.0,0.96875,0.9841269841269841
22,Isocyanate,0.45000000000000007,1.0,0.96875,0.9841269841269841
22,Isocyanate,0.4600000000000001,1.0,0.96875,0.9841269841269841
22,Isocyanate,0.4700000000000001,1.0,0.96875,0.9841269841269841
22,Isocyanate,0.4800000000000001,1.0,0.96875,0.9841269841269841
22,Isocyanate,0.49000000000000005,1.0,0.96875,0.9841269841269841
22,Isocyanate,0.5000000000000001,1.0,0.96875,0.9841269841269841
22,Isocyanate,0.5100000000000001,1.0,0.96875,0.9841269841269841
22,Isocyanate,0.5200000000000001,1.0,0.96875,0.9841269841269841
22,Isocyanate,0.5300000000000001,1.0,0.96875,0.9841269841269841
22,Isocyanate,0.5400000000000001,1.0,0.96875,0.9841269841269841
22,Isocyanate,0.5500000000000002,1.0,0.96875,0.9841269841269841
22,Isocyanate,0.5600000000000002,1.0,0.96875,0.9841269841269841
22,Isocyanate,0.5700000000000002,1.0,0.96875,0.9841269841269841
22,Isocyanate,0.5800000000000002,1.0,0.96875,0.9841269841269841
22,Isocyanate,0.5900000000000002,1.0,0.96875,0.9841269841269841
22,Isocyanate,0.6000000000000002,1.0,0.96875,0.9841269841269841
22,Isocyanate,0.6100000000000001,1.0,0.96875,0.9841269841269841
22,Isocyanate,0.6200000000000001,1.0,0.96875,0.9841269841269841
22,Isocyanate,0.6300000000000001,1.0,0.96875,0.9841269841269841
22,Isocyanate,0.6400000000000001,1.0,0.96875,0.9841269841269841
22,Isocyanate,0.6500000000000001,1.0,0.96875,0.9841269841269841
22,Isocyanate,0.6600000000000001,1.0,0.96875,0.9841269841269841
22,Isocyanate,0.6700000000000002,1.0,0.96875,0.9841269841269841
22,Isocyanate,0.6800000000000002,1.0,0.96875,0.9841269841269841
22,Isocyanate,0.6900000000000002,1.0,0.96875,0.9841269841269841
22,Isocyanate,0.7000000000000002,1.0,0.96875,0.9841269841269841
22,Isocyanate,0.7100000000000002,1.0,0.96875,0.9841269841269841
22,Isocyanate,0.7200000000000002,1.0,0.96875,0.9841269841269841
22,Isocyanate,0.7300000000000002,1.0,0.96875,0.9841269841269841
22,Isocyanate,0.7400000000000002,1.0,0.96875,0.9841269841269841
22,Isocyanate,0.7500000000000002,1.0,0.96875,0.9841269841269841
22,Isocyanate,0.7600000000000002,1.0,0.96875,0.9841269841269841
22,Isocyanate,0.7700000000000002,1.0,0.96875,0.9841269841269841
22,Isocyanate,0.7800000000000001,1.0,0.96875,0.9841269841269841
22,Isocyanate,0.7900000000000001,1.0,0.96875,0.9841269841269841
22,Isocyanate,0.8000000000000002,1.0,0.96875,0.9841269841269841
22,Isocyanate,0.8100000000000002,1.0,0.96875,0.9841269841269841
22,Isocyanate,0.8200000000000002,1.0,0.96875,0.9841269841269841
22,Isocyanate,0.8300000000000002,1.0,0.96875,0.9841269841269841
22,Isocyanate,0.8400000000000002,1.0,0.96875,0.9841269841269841
22,Isocyanate,0.8500000000000002,1.0,0.96875,0.9841269841269841
22,Isocyanate,0.8600000000000002,1.0,0.96875,0.9841269841269841
22,Isocyanate,0.8700000000000002,1.0,0.96875,0.9841269841269841
22,Isocyanate,0.8800000000000002,1.0,0.9479166666666666,0.9732620320855615
22,Isocyanate,0.8900000000000002,1.0,0.9479166666666666,0.9732620320855615
22,Isocyanate,0.9000000000000002,1.0,0.9479166666666666,0.9732620320855615
22,Isocyanate,0.9100000000000003,1.0,0.9479166666666666,0.9732620320855615
22,Isocyanate,0.9200000000000003,1.0,0.9375,0.967741935483871
22,Isocyanate,0.9300000000000002,1.0,0.9375,0.967741935483871
22,Isocyanate,0.9400000000000002,1.0,0.9375,0.967741935483871
22,Isocyanate,0.9500000000000002,1.0,0.9375,0.967741935483871
23,Isothiocyanate,0.05,0.95,0.9620253164556962,0.9559748427672956
23,Isothiocyanate,0.060000000000000005,0.95,0.9620253164556962,0.9559748427672956
23,Isothiocyanate,0.07,0.95,0.9620253164556962,0.9559748427672956
23,Isothiocyanate,0.08000000000000002,0.9620253164556962,0.9620253164556962,0.9620253164556962
23,Isothiocyanate,0.09000000000000001,0.9743589743589743,0.9620253164556962,0.9681528662420382
23,Isothiocyanate,0.1,0.9743589743589743,0.9620253164556962,0.9681528662420382
23,Isothiocyanate,0.11000000000000001,0.987012987012987,0.9620253164556962,0.9743589743589743
23,Isothiocyanate,0.12000000000000001,0.987012987012987,0.9620253164556962,0.9743589743589743
23,Isothiocyanate,0.13,1.0,0.9620253164556962,0.9806451612903225
23,Isothiocyanate,0.14,1.0,0.9620253164556962,0.9806451612903225
23,Isothiocyanate,0.15000000000000002,1.0,0.9620253164556962,0.9806451612903225
23,Isothiocyanate,0.16000000000000003,1.0,0.9620253164556962,0.9806451612903225
23,Isothiocyanate,0.17000000000000004,1.0,0.9620253164556962,0.9806451612903225
23,Isothiocyanate,0.18000000000000005,1.0,0.9620253164556962,0.9806451612903225
23,Isothiocyanate,0.19,1.0,0.9620253164556962,0.9806451612903225
23,Isothiocyanate,0.2,1.0,0.9620253164556962,0.9806451612903225
23,Isothiocyanate,0.21000000000000002,1.0,0.9620253164556962,0.9806451612903225
23,Isothiocyanate,0.22000000000000003,1.0,0.9620253164556962,0.9806451612903225
23,Isothiocyanate,0.23000000000000004,1.0,0.9620253164556962,0.9806451612903225
23,Isothiocyanate,0.24000000000000005,1.0,0.9620253164556962,0.9806451612903225
23,Isothiocyanate,0.25000000000000006,1.0,0.9620253164556962,0.9806451612903225
23,Isothiocyanate,0.26000000000000006,1.0,0.9620253164556962,0.9806451612903225
23,Isothiocyanate,0.27,1.0,0.9620253164556962,0.9806451612903225
23,Isothiocyanate,0.28,1.0,0.9620253164556962,0.9806451612903225
23,Isothiocyanate,0.29000000000000004,1.0,0.9493670886075949,0.974025974025974
23,Isothiocyanate,0.30000000000000004,1.0,0.9493670886075949,0.974025974025974
23,Isothiocyanate,0.31000000000000005,1.0,0.9493670886075949,0.974025974025974
23,Isothiocyanate,0.32000000000000006,1.0,0.9493670886075949,0.974025974025974
23,Isothiocyanate,0.33,1.0,0.9493670886075949,0.974025974025974
23,Isothiocyanate,0.34,1.0,0.9493670886075949,0.974025974025974
23,Isothiocyanate,0.35000000000000003,1.0,0.9493670886075949,0.974025974025974
23,Isothiocyanate,0.36000000000000004,1.0,0.9493670886075949,0.974025974025974
23,Isothiocyanate,0.37000000000000005,1.0,0.9493670886075949,0.974025974025974
23,Isothiocyanate,0.38000000000000006,1.0,0.9493670886075949,0.974025974025974
23,Isothiocyanate,0.39000000000000007,1.0,0.9493670886075949,0.974025974025974
23,Isothiocyanate,0.4000000000000001,1.0,0.9493670886075949,0.974025974025974
23,Isothiocyanate,0.4100000000000001,1.0,0.9493670886075949,0.974025974025974
23,Isothiocyanate,0.42000000000000004,1.0,0.9493670886075949,0.974025974025974
23,Isothiocyanate,0.43000000000000005,1.0,0.9493670886075949,0.974025974025974
23,Isothiocyanate,0.44000000000000006,1.0,0.9493670886075949,0.974025974025974
23,Isothiocyanate,0.45000000000000007,1.0,0.9493670886075949,0.974025974025974
23,Isothiocyanate,0.4600000000000001,1.0,0.9493670886075949,0.974025974025974
23,Isothiocyanate,0.4700000000000001,1.0,0.9493670886075949,0.974025974025974
23,Isothiocyanate,0.4800000000000001,1.0,0.9493670886075949,0.974025974025974
23,Isothiocyanate,0.49000000000000005,1.0,0.9493670886075949,0.974025974025974
23,Isothiocyanate,0.5000000000000001,1.0,0.9493670886075949,0.974025974025974
23,Isothiocyanate,0.5100000000000001,1.0,0.9493670886075949,0.974025974025974
23,Isothiocyanate,0.5200000000000001,1.0,0.9367088607594937,0.9673202614379085
23,Isothiocyanate,0.5300000000000001,1.0,0.9367088607594937,0.9673202614379085
23,Isothiocyanate,0.5400000000000001,1.0,0.9367088607594937,0.9673202614379085
23,Isothiocyanate,0.5500000000000002,1.0,0.9367088607594937,0.9673202614379085
23,Isothiocyanate,0.5600000000000002,1.0,0.9367088607594937,0.9673202614379085
23,Isothiocyanate,0.5700000000000002,1.0,0.9240506329113924,0.9605263157894737
23,Isothiocyanate,0.5800000000000002,1.0,0.9240506329113924,0.9605263157894737
23,Isothiocyanate,0.5900000000000002,1.0,0.9240506329113924,0.9605263157894737
23,Isothiocyanate,0.6000000000000002,1.0,0.9240506329113924,0.9605263157894737
23,Isothiocyanate,0.6100000000000001,1.0,0.9240506329113924,0.9605263157894737
23,Isothiocyanate,0.6200000000000001,1.0,0.9240506329113924,0.9605263157894737
23,Isothiocyanate,0.6300000000000001,1.0,0.9240506329113924,0.9605263157894737
23,Isothiocyanate,0.6400000000000001,1.0,0.9240506329113924,0.9605263157894737
23,Isothiocyanate,0.6500000000000001,1.0,0.9240506329113924,0.9605263157894737
23,Isothiocyanate,0.6600000000000001,1.0,0.9240506329113924,0.9605263157894737
23,Isothiocyanate,0.6700000000000002,1.0,0.9240506329113924,0.9605263157894737
23,Isothiocyanate,0.6800000000000002,1.0,0.9240506329113924,0.9605263157894737
23,Isothiocyanate,0.6900000000000002,1.0,0.9240506329113924,0.9605263157894737
23,Isothiocyanate,0.7000000000000002,1.0,0.9240506329113924,0.9605263157894737
23,Isothiocyanate,0.7100000000000002,1.0,0.9113924050632911,0.9536423841059603
23,Isothiocyanate,0.7200000000000002,1.0,0.9113924050632911,0.9536423841059603
23,Isothiocyanate,0.7300000000000002,1.0,0.9113924050632911,0.9536423841059603
23,Isothiocyanate,0.7400000000000002,1.0,0.8987341772151899,0.9466666666666667
23,Isothiocyanate,0.7500000000000002,1.0,0.8987341772151899,0.9466666666666667
23,Isothiocyanate,0.7600000000000002,1.0,0.8987341772151899,0.9466666666666667
23,Isothiocyanate,0.7700000000000002,1.0,0.8987341772151899,0.9466666666666667
23,Isothiocyanate,0.7800000000000001,1.0,0.8987341772151899,0.9466666666666667
23,Isothiocyanate,0.7900000000000001,1.0,0.8987341772151899,0.9466666666666667
23,Isothiocyanate,0.8000000000000002,1.0,0.8987341772151899,0.9466666666666667
23,Isothiocyanate,0.8100000000000002,1.0,0.8987341772151899,0.9466666666666667
23,Isothiocyanate,0.8200000000000002,1.0,0.8987341772151899,0.9466666666666667
23,Isothiocyanate,0.8300000000000002,1.0,0.8860759493670886,0.9395973154362416
23,Isothiocyanate,0.8400000000000002,1.0,0.8607594936708861,0.9251700680272109
23,Isothiocyanate,0.8500000000000002,1.0,0.8607594936708861,0.9251700680272109
23,Isothiocyanate,0.8600000000000002,1.0,0.8607594936708861,0.9251700680272109
23,Isothiocyanate,0.8700000000000002,1.0,0.8607594936708861,0.9251700680272109
23,Isothiocyanate,0.8800000000000002,1.0,0.8607594936708861,0.9251700680272109
23,Isothiocyanate,0.8900000000000002,1.0,0.8481012658227848,0.9178082191780822
23,Isothiocyanate,0.9000000000000002,1.0,0.8481012658227848,0.9178082191780822
23,Isothiocyanate,0.9100000000000003,1.0,0.8481012658227848,0.9178082191780822
23,Isothiocyanate,0.9200000000000003,1.0,0.8354430379746836,0.9103448275862069
23,Isothiocyanate,0.9300000000000002,1.0,0.8227848101265823,0.9027777777777778
23,Isothiocyanate,0.9400000000000002,1.0,0.8227848101265823,0.9027777777777778
23,Isothiocyanate,0.9500000000000002,1.0,0.810126582278481,0.8951048951048951
24,Ketone,0.05,0.1580897383483238,0.9259203831188267,0.2700685320179842
24,Ketone,0.060000000000000005,0.1815283723472083,0.894791978449566,0.3018248820010601
24,Ketone,0.07,0.20655608214849921,0.8609697695300809,0.33317889616030577
24,Ketone,0.08000000000000002,0.23124267291910902,0.826548937443879,0.36138192763200944
24,Ketone,0.09000000000000001,0.2574013157894737,0.7963184675246932,0.3890473056956935
24,Ketone,0.1,0.2825655719638528,0.7674348997306196,0.4130487313733387
24,Ketone,0.11000000000000001,0.30602830247490803,0.7346602813528884,0.43207322976719625
24,Ketone,0.12000000000000001,0.330286750854671,0.7084705178090392,0.4505353319057816
24,Ketone,0.13,0.35185617557786597,0.6765938341813829,0.46295632584097074
24,Ketone,0.14,0.37285504871949643,0.6471116432205927,0.473111220526287
24,Ketone,0.15000000000000002,0.39397384877771463,0.6222687818018557,0.4824785333023903
24,Ketone,0.16000000000000003,0.41422941298485794,0.5977252319664771,0.48934084783141385
24,Ketone,0.17000000000000004,0.4360663184192596,0.5746782400478898,0.49586776859504134
24,Ketone,0.18000000000000005,0.45654592656694276,0.5526788386710566,0.5000338501117053
24,Ketone,0.19,0.4755460270668632,0.5311284046692607,0.5018027571580064
24,Ketone,0.2,0.49598949978124546,0.5089793475007482,0.5024004727084718
24,Ketone,0.21000000000000002,0.5135304239011419,0.49131996408261,0.5021797323135755
24,Ketone,0.22000000000000003,0.5325632010714884,0.4760550733313379,0.5027261951797708
24,Ketone,0.23000000000000004,0.547669868374244,0.4607901825800658,0.5004876462938882
24,Ketone,0.24000000000000005,0.5658796648895659,0.44477701287039806,0.49807273336685104
24,Ketone,0.25000000000000006,0.580782485303061,0.4287638431607303,0.4933275936289281
24,Ketone,0.26000000000000006,0.5947334617854849,0.41574378928464534,0.4893860653571743
24,Ketone,0.27,0.6133760879523591,0.40077821011673154,0.4847936278059377
24,Ketone,0.28,0.6294046172539489,0.3876085004489674,0.4797628971010466
24,Ketone,0.29000000000000004,0.6451447604406867,0.37683328344806943,0.47576759565422766
24,Ketone,0.30000000000000004,0.6582792207792207,0.3641125411553427,0.46887646945461553
24,Ketone,0.31000000000000005,0.673230593607306,0.3530380125710865,0.4631847634007461
24,Ketone,0.32000000000000006,0.6832687145839547,0.3428614187369051,0.45660189337319385
24,Ketone,0.33,0.6943573667711599,0.3314875785692906,0.44874392220421394
24,Ketone,0.34,0.7055737704918033,0.32205926369350496,0.4422523633374435
24,Ketone,0.35000000000000003,0.7199312714776632,0.31352888356779407,0.43682235195996666
24,Ketone,0.36000000000000004,0.7299139167862266,0.30454953606704577,0.4297782470960929
24,Ketone,0.37000000000000005,0.7422021796317174,0.2955701885662975,0.42277641014663386
24,Ketone,0.38000000000000006,0.749607535321821,0.28584256210715353,0.41386782231852653
24,Ketone,0.39000000000000007,0.7598684210526315,0.276563903023047,0.4055299539170507
24,Ketone,0.4000000000000001,0.7655379339905701,0.26728524393894043,0.396228508042152
24,Ketone,0.4100000000000001,0.7776292335115864,0.2611493564800958,0.39099260587049073
24,Ketone,0.42000000000000004,0.7882025081281933,0.25396587847949714,0.3841539332201471
24,Ketone,0.43000000000000005,0.7944417824628653,0.24812930260401078,0.3781503022009351
24,Ketone,0.44000000000000006,0.8016983016983017,0.24019754564501647,0.3696453247351451
24,Ketone,0.45000000000000007,0.8133821223209619,0.2328644118527387,0.36207097149505524
24,Ketone,0.4600000000000001,0.8215251487290427,0.2273271475606106,0.35611299964834137
24,Ketone,0.4700000000000001,0.8282657657657657,0.22014366956001197,0.3478363679356822
24,Ketone,0.4800000000000001,0.8343160377358491,0.21176294522598024,0.3377894485557412
24,Ketone,0.49000000000000005,0.8409785932721713,0.20577671355881472,0.33064807021762654
24,Ketone,0.5000000000000001,0.8490208464939988,0.20113738401676146,0.3252268602540835
24,Ketone,0.5100000000000001,0.8524156187954997,0.19275665968272973,0.3144147442939094
24,Ketone,0.5200000000000001,0.8589041095890411,0.18766836276563903,0.30803242446573326
24,Ketone,0.5300000000000001,0.8666191155492154,0.18183178689015264,0.30059376546264227
24,Ketone,0.5400000000000001,0.8763961280714817,0.17614486680634542,0.29333333333333333
24,Ketone,0.5500000000000002,0.8825347758887172,0.17090691409757558,0.28635907723169507
24,Ketone,0.5600000000000002,0.8858739026336792,0.16611792876384315,0.27977315689981097
24,Ketone,0.5700000000000002,0.8895348837209303,0.1602813528883568,0.2716205934567588
24,Ketone,0.5800000000000002,0.8931955211024979,0.1551930559712661,0.2644396276934846
24,Ketone,0.5900000000000002,0.8989266547406082,0.15040407063753367,0.25769230769230766
24,Ketone,0.6000000000000002,0.9084967320261438,0.14561508530380127,0.2509996130530117
24,Ketone,0.6100000000000001,0.9133398247322297,0.14037713259503143,0.24335192631988584
24,Ketone,0.6200000000000001,0.9132189707366297,0.13543849146961986,0.23589208914375082
24,Ketone,0.6300000000000001,0.9155227032734953,0.12975157138581264,0.2272906016515926
24,Ketone,0.6400000000000001,0.9185667752442996,0.12660879976055073,0.22254373273707748
24,Ketone,0.6500000000000001,0.9205448354143019,0.1213708470517809,0.21446515932830887
24,Ketone,0.6600000000000001,0.9216152019002375,0.11613289434301108,0.20627325890483786
24,Ketone,0.6700000000000002,0.9282178217821783,0.11224184375935349,0.20026702269692923
24,Ketone,0.6800000000000002,0.9332460732984293,0.10670457946722538,0.19151222132688692
24,Ketone,0.6900000000000002,0.936726272352132,0.10191559413349296,0.18383047644756378
24,Ketone,0.7000000000000002,0.9390934844192634,0.09922178988326848,0.17948023822414727
24,Ketone,0.7100000000000002,0.9436201780415431,0.09518108350793175,0.1729200652528548
24,Ketone,0.7200000000000002,0.9454828660436138,0.09084106554923675,0.1657564172583288
24,Ketone,0.7300000000000002,0.9455445544554455,0.08575276863214606,0.15724478594950603
24,Ketone,0.7400000000000002,0.9496527777777778,0.08186171804848848,0.15073022871314412
24,Ketone,0.7500000000000002,0.9501845018450185,0.07707273271475606,0.14258028792912514
24,Ketone,0.7600000000000002,0.9514563106796117,0.07333133792277761,0.1361678477143254
24,Ketone,0.7700000000000002,0.955193482688391,0.07018856629751571,0.13076815837167155
24,Ketone,0.7800000000000001,0.9550321199143469,0.06674648308889554,0.12477269548188558
24,Ketone,0.7900000000000001,0.9521640091116174,0.06255612092187968,0.11739924167953938
24,Ketone,0.8000000000000002,0.9586374695863747,0.058964381921580364,0.11109544621457776
24,Ketone,0.8100000000000002,0.958656330749354,0.05552229871296019,0.10496534163247984
24,Ketone,0.8200000000000002,0.9634831460674157,0.051331936545944326,0.09747087240693379
24,Ketone,0.8300000000000002,0.96996996996997,0.04833882071236157,0.09208838203848896
24,Ketone,0.8400000000000002,0.9710610932475884,0.04519604908709967,0.08637208637208638
24,Ketone,0.8500000000000002,0.9752650176678446,0.04130499850344208,0.07925340990667624
24,Ketone,0.8600000000000002,0.980544747081712,0.03771325950314277,0.07263294422827497
24,Ketone,0.8700000000000002,0.9781659388646288,0.03352289733612691,0.06482419331500507
24,Ketone,0.8800000000000002,0.9807692307692307,0.030529781502544148,0.059216255442670535
24,Ketone,0.8900000000000002,0.9841269841269841,0.027835977252319666,0.05414059088924465
24,Ketone,0.9000000000000002,0.9813664596273292,0.0236456150853038,0.04617857664766915
24,Ketone,0.9100000000000003,0.9774436090225563,0.019455252918287938,0.03815113719735877
24,Ketone,0.9200000000000003,0.972972972972973,0.016162825501346904,0.03179743853967319
24,Ketone,0.9300000000000002,1.0,0.01331936545944328,0.026288583665632845
24,Ketone,0.9400000000000002,1.0,0.01032624962586052,0.020441416086505702
24,Ketone,0.9500000000000002,1.0,0.006435199042202933,0.012788104089219331
25,Nitrile,0.05,0.7190297429974011,0.9464082098061574,0.817197243190023
25,Nitrile,0.060000000000000005,0.7714865075651225,0.9399467882934246,0.8474256832005482
25,Nitrile,0.07,0.8083319611394698,0.9329152413530977,0.8661667401852668
25,Nitrile,0.08000000000000002,0.8349846258968227,0.9289243633599392,0.8794530406621087
25,Nitrile,0.09000000000000001,0.8553348567410792,0.9247434435575826,0.8886859647520774
25,Nitrile,0.1,0.8702605570530099,0.9203724819460282,0.894615313567932
25,Nitrile,0.11000000000000001,0.8856407427835999,0.9154313949068795,0.9002896925520979
25,Nitrile,0.12000000000000001,0.8950801341781588,0.9127708095781072,0.9038389160707565
25,Nitrile,0.13,0.9028485191473307,0.9095400988217408,0.9061819558837452
25,Nitrile,0.14,0.9100630131754821,0.9057392626377803,0.9078959900942947
25,Nitrile,0.15000000000000002,0.9153326904532305,0.9019384264538198,0.9085861969943524
25,Nitrile,0.16000000000000003,0.9203660436137072,0.8983276320790574,0.9092133102519715
25,Nitrile,0.17000000000000004,0.9233633869070953,0.895286963131889,0.9091084523350058
25,Nitrile,0.18000000000000005,0.9268821442648798,0.8937666286583048,0.9100232198142415
25,Nitrile,0.19,0.9296890473361061,0.8920562523755227,0.9104839491804868
25,Nitrile,0.2,0.9325104519211627,0.8901558342835424,0.9108410306271268
25,Nitrile,0.21000000000000002,0.9361489191353083,0.8888255416191562,0.9118736595827647
25,Nitrile,0.22000000000000003,0.9376633822642269,0.8861649562903838,0.9111871030776747
25,Nitrile,0.23000000000000004,0.9398587285570131,0.8850247054351957,0.9116178917490457
25,Nitrile,0.24000000000000005,0.9420231096695723,0.8831242873432155,0.9116233447768514
25,Nitrile,0.25000000000000006,0.9443991853360488,0.8812238692512353,0.9117184427841133
25,Nitrile,0.26000000000000006,0.9478100695865739,0.8800836183960471,0.91269215608987
25,Nitrile,0.27,0.9504217239251183,0.8779931584948689,0.9127728934110442
25,Nitrile,0.28,0.9520958083832335,0.8762827822120867,0.9126175160811479
25,Nitrile,0.29000000000000004,0.953150912106136,0.8738122386925123,0.9117588736862978
25,Nitrile,0.30000000000000004,0.954696591853699,0.8730520714557203,0.912050823903117
25,Nitrile,0.31000000000000005,0.9557688295430836,0.870581527936146,0.9111884634510194
25,Nitrile,0.32000000000000006,0.9568224690840494,0.8675408589889776,0.9099970098674375
25,Nitrile,0.33,0.9575094657130837,0.8650703154694033,0.9089456869009584
25,Nitrile,0.34,0.9584563475326866,0.863740022805017,0.9086365453818472
25,Nitrile,0.35000000000000003,0.9595767195767195,0.8616495629038389,0.9079803744868329
25,Nitrile,0.36000000000000004,0.9602634934126647,0.8587989357658685,0.9067014446227929
25,Nitrile,0.37000000000000005,0.9616122840690979,0.8568985176738882,0.9062405788362978
25,Nitrile,0.38000000000000006,0.9629946524064171,0.8555682250095021,0.9061084834457079
25,Nitrile,0.39000000000000007,0.9637805400771539,0.854618015963512,0.9059226430298146
25,Nitrile,0.4000000000000001,0.9641245972073039,0.8529076396807298,0.9051124331955228
25,Nitrile,0.4100000000000001,0.9653166738474795,0.8515773470163436,0.904886914378029
25,Nitrile,0.42000000000000004,0.965882098898726,0.8500570125427594,0.9042757505306782
25,Nitrile,0.43000000000000005,0.966017316017316,0.8481565944507792,0.9032584497065371
25,Nitrile,0.44000000000000006,0.966789667896679,0.8464462181679969,0.9026243793697436
25,Nitrile,0.45000000000000007,0.9677840661732695,0.8449258836944128,0.9021915584415584
25,Nitrile,0.4600000000000001,0.9689888621969862,0.8432155074116305,0.901737628289808
25,Nitrile,0.4700000000000001,0.9695842450765865,0.8420752565564424,0.9013425549227014
25,Nitrile,0.4800000000000001,0.9703947368421053,0.8409350057012542,0.9010384850335981
25,Nitrile,0.49000000000000005,0.9709762532981531,0.8392246294184721,0.9003058103975535
25,Nitrile,0.5000000000000001,0.9722344645218158,0.8384644621816799,0.9004081632653061
25,Nitrile,0.5100000000000001,0.9728356890459364,0.8371341695172938,0.8998978549540347
25,Nitrile,0.5200000000000001,0.9740806380150643,0.8356138350437096,0.8995499181669394
25,Nitrile,0.5300000000000001,0.9740518962075848,0.8346636259977195,0.8989867976665643
25,Nitrile,0.5400000000000001,0.9742451154529307,0.8339034587609274,0.8986278926889207
25,Nitrile,0.5500000000000002,0.9750445632798574,0.8316229570505511,0.8976410256410257
25,Nitrile,0.5600000000000002,0.9756533392897029,0.830102622576967,0.8970120135537529
25,Nitrile,0.5700000000000002,0.977817611472104,0.8293424553401748,0.8974807197943445
25,Nitrile,0.5800000000000002,0.9786708576560396,0.8283922462941847,0.8972828324413339
25,Nitrile,0.5900000000000002,0.9788621542612997,0.8272519954389966,0.8966937892676897
25,Nitrile,0.6000000000000002,0.9801399232678853,0.8253515773470164,0.8961105952749406
25,Nitrile,0.6100000000000001,0.9803300926972643,0.8240212846826301,0.8954052658750645
25,Nitrile,0.6200000000000001,0.9813974591651543,0.82212086659065,0.8947259565667012
25,Nitrile,0.6300000000000001,0.982037289677126,0.8207905739262638,0.8942028985507247
25,Nitrile,0.6400000000000001,0.9826839826839827,0.8196503230710757,0.8937933892860843
25,Nitrile,0.6500000000000001,0.9837751371115173,0.8181299885974914,0.8933388669848517
25,Nitrile,0.6600000000000001,0.9841996794137852,0.8167996959331053,0.8927199086094091
25,Nitrile,0.6700000000000002,0.9843929309157677,0.815089319650323,0.8917766919638216
25,Nitrile,0.6800000000000002,0.9845835250805338,0.8131889015583428,0.8907160699417153
25,Nitrile,0.6900000000000002,0.9847539847539848,0.8101482326111744,0.8889583984985925
25,Nitrile,0.7000000000000002,0.9858402971216341,0.807107563664006,0.8875653082549634
25,Nitrile,0.7100000000000002,0.9860302677532014,0.8048270619536299,0.8862613790938579
25,Nitrile,0.7200000000000002,0.98623425104993,0.8033067274800456,0.8854210305823209
25,Nitrile,0.7300000000000002,0.9873565909623039,0.8014063093880653,0.8847162488198889
25,Nitrile,0.7400000000000002,0.9882491186839013,0.799125807677689,0.8836818325102448
25,Nitrile,0.7500000000000002,0.9884352135945245,0.7958950969213227,0.8817770291609643
25,Nitrile,0.7600000000000002,0.9883996212121212,0.7934245534017483,0.8802445709466582
25,Nitrile,0.7700000000000002,0.9890840056953014,0.7920942607373622,0.8796960742929506
25,Nitrile,0.7800000000000001,0.9890424011434016,0.7890535917901939,0.8778012684989429
25,Nitrile,0.7900000000000001,0.9896981312889315,0.7850627137970353,0.8755828740991946
25,Nitrile,0.8000000000000002,0.990606936416185,0.7816419612314709,0.8738049713193117
25,Nitrile,0.8100000000000002,0.9912875121006777,0.7784112504751045,0.8720459868000852
25,Nitrile,0.8200000000000002,0.99246475449684,0.7759407069555302,0.8709470989761092
25,Nitrile,0.8300000000000002,0.9926650366748166,0.7715697453439757,0.8682634730538922
25,Nitrile,0.8400000000000002,0.9928589017483378,0.766248574686431,0.8649576316636276
25,Nitrile,0.8500000000000002,0.9937934458788481,0.7607373622196884,0.8617868675995695
25,Nitrile,0.8600000000000002,0.9939924906132666,0.7546560243253516,0.8579453386626337
25,Nitrile,0.8700000000000002,0.99419338550871,0.7483846446218168,0.8539520763309119
25,Nitrile,0.8800000000000002,0.9949031600407747,0.741923223109084,0.849989113868931
25,Nitrile,0.8900000000000002,0.9958794746330157,0.7348916761687572,0.8457080371787862
25,Nitrile,0.9000000000000002,0.9958473916428757,0.7291904218928165,0.8419089413055403
25,Nitrile,0.9100000000000003,0.996309963099631,0.7183580387685291,0.8348056537102474
25,Nitrile,0.9200000000000003,0.9967759269210102,0.7050551121246674,0.825912733748887
25,Nitrile,0.9300000000000002,0.9969945355191256,0.693462561763588,0.8179780318314279
25,Nitrile,0.9400000000000002,0.9969187675070028,0.6763587989357659,0.8059329710144928
25,Nitrile,0.9500000000000002,0.9968051118210862,0.6522234891676169,0.7885123492245836
26,Phenol,0.05,0.4194915254237288,0.9837209302325581,0.5881683731513083
26,Phenol,0.060000000000000005,0.4521484375,0.9788583509513742,0.6185704742818972
26,Phenol,0.07,0.47845051407207395,0.9739957716701902,0.6416881398426074
26,Phenol,0.08000000000000002,0.5031819179284617,0.9695560253699789,0.6625252817104883
26,Phenol,0.09000000000000001,0.5250086236633322,0.9653276955602537,0.6801221419527818
26,Phenol,0.1,0.545410802357753,0.9585623678646934,0.6952388254235988
26,Phenol,0.11000000000000001,0.5654351909830932,0.9545454545454546,0.7101848210774676
26,Phenol,0.12000000000000001,0.5860495436766623,0.9503171247357294,0.725
26,Phenol,0.13,0.6072057429229311,0.9477801268498943,0.740196483117312
26,Phenol,0.14,0.6246149537944553,0.9431289640591967,0.7515161725067385
26,Phenol,0.15000000000000002,0.6388248847926268,0.9378435517970402,0.7599794414939182
26,Phenol,0.16000000000000003,0.6534594914251922,0.9344608879492601,0.769096920132243
26,Phenol,0.17000000000000004,0.66707113605339,0.9298097251585624,0.7768259295239778
26,Phenol,0.18000000000000005,0.6803418803418804,0.9255813953488372,0.7842364532019704
26,Phenol,0.19,0.6932632584806497,0.9202959830866808,0.7908075211190844
26,Phenol,0.2,0.7049902152641878,0.913953488372093,0.7959860062603572
26,Phenol,0.21000000000000002,0.7180984153461217,0.9101479915433404,0.8027972027972028
26,Phenol,0.22000000000000003,0.7274736484189052,0.9046511627906977,0.8064455333584621
26,Phenol,0.23000000000000004,0.7380663079326506,0.8989429175475687,0.8105995615289295
26,Phenol,0.24000000000000005,0.7484987636877428,0.8959830866807611,0.8156274056966898
26,Phenol,0.25000000000000006,0.7572483342337475,0.8890063424947146,0.8178547116600214
26,Phenol,0.26000000000000006,0.7664956011730205,0.8841437632135306,0.8211270371097585
26,Phenol,0.27,0.7769259536275243,0.8784355179704016,0.8245683667394325
26,Phenol,0.28,0.7858504958047292,0.8712473572938689,0.8263485061159014
26,Phenol,0.29000000000000004,0.7943344974776873,0.86553911205074,0.8284095507891542
26,Phenol,0.30000000000000004,0.800668370355809,0.8610993657505286,0.8297850667209942
26,Phenol,0.31000000000000005,0.8083832335329342,0.8562367864693446,0.8316221765913757
26,Phenol,0.32000000000000006,0.8182187881252542,0.8507399577167019,0.8341625207296849
26,Phenol,0.33,0.8253869969040247,0.8454545454545455,0.8353002610966057
26,Phenol,0.34,0.8316935315051287,0.8399577167019028,0.8358051961712423
26,Phenol,0.35000000000000003,0.8370165745856354,0.83276955602537,0.8348876642645189
26,Phenol,0.36000000000000004,0.8448723496321938,0.8255813953488372,0.8351154833190761
26,Phenol,0.37000000000000005,0.8496818082071538,0.8186046511627907,0.8338537740928179
26,Phenol,0.38000000000000006,0.8557435440783615,0.8126849894291754,0.8336586423769248
26,Phenol,0.39000000000000007,0.8638105975197294,0.8099365750528541,0.8360065466448445
26,Phenol,0.4000000000000001,0.8682347567937886,0.8038054968287527,0.8347787902074871
26,Phenol,0.4100000000000001,0.8745361781076066,0.7972515856236786,0.834107498341075
26,Phenol,0.42000000000000004,0.879520901831846,0.7917547568710359,0.8333333333333334
26,Phenol,0.43000000000000005,0.8846885401806942,0.7866807610993658,0.8328111011638317
26,Phenol,0.44000000000000006,0.8903646462207196,0.779492600422833,0.8312478863713223
26,Phenol,0.45000000000000007,0.894287109375,0.7744186046511627,0.8300475866757308
26,Phenol,0.4600000000000001,0.8991825613079019,0.7674418604651163,0.8281053952321205
26,Phenol,0.4700000000000001,0.9003247564326755,0.7619450317124735,0.8253750143135234
26,Phenol,0.4800000000000001,0.9039290240811153,0.7539112050739958,0.8221325648414985
26,Phenol,0.49000000000000005,0.9060092449922958,0.7458773784355179,0.8181818181818182
26,Phenol,0.5000000000000001,0.9098746081504702,0.7363636363636363,0.813975227856976
26,Phenol,0.5100000000000001,0.9147245762711864,0.7302325581395349,0.8121326122736892
26,Phenol,0.5200000000000001,0.9185264856144125,0.7221987315010571,0.8086164043082021
26,Phenol,0.5300000000000001,0.9219047619047619,0.7162790697674418,0.8061867935752528
26,Phenol,0.5400000000000001,0.9249655172413793,0.7088794926004228,0.8026331538001197
26,Phenol,0.5500000000000002,0.9289112790372236,0.7016913319238901,0.7994700710586535
26,Phenol,0.5600000000000002,0.9328782707622298,0.693446088794926,0.7955372301722047
26,Phenol,0.5700000000000002,0.9365445630227863,0.6864693446088795,0.7922410638038306
26,Phenol,0.5800000000000002,0.9396778916544656,0.6784355179704017,0.7879680785758134
26,Phenol,0.5900000000000002,0.943002088928678,0.6680761099365751,0.7820814255661428
26,Phenol,0.6000000000000002,0.9460769463798849,0.6602536997885835,0.7777362719462084
26,Phenol,0.6100000000000001,0.9493827160493827,0.6503171247357293,0.7718946047678795
26,Phenol,0.6200000000000001,0.9522024367385192,0.6443974630021142,0.7686294288236036
26,Phenol,0.6300000000000001,0.9535918626827717,0.6342494714587738,0.7618080243778568
26,Phenol,0.6400000000000001,0.9558064516129032,0.6264270613107823,0.7568326947637293
26,Phenol,0.6500000000000001,0.9586070959264126,0.6169133192389006,0.7507074864934397
26,Phenol,0.6600000000000001,0.9610129956681106,0.6097251585623679,0.7460871814771698
26,Phenol,0.6700000000000002,0.9633649932157394,0.6004228329809725,0.739775983328992
26,Phenol,0.6800000000000002,0.9658385093167702,0.591754756871036,0.7338751966439434
26,Phenol,0.6900000000000002,0.9674141555711282,0.5837209302325581,0.7281118143459916
26,Phenol,0.7000000000000002,0.9693513898788311,0.5750528541226215,0.721868365180467
26,Phenol,0.7100000000000002,0.9713040319651289,0.5653276955602538,0.7146866230121609
26,Phenol,0.7200000000000002,0.9721500185666543,0.5534883720930233,0.7053751852350801
26,Phenol,0.7300000000000002,0.9731264193792581,0.5435517970401691,0.6975040694519805
26,Phenol,0.7400000000000002,0.9741811175337187,0.53446088794926,0.6902389078498293
26,Phenol,0.7500000000000002,0.9748427672955975,0.5243128964059197,0.6818806708825955
26,Phenol,0.7600000000000002,0.97708082026538,0.5137420718816068,0.6734100041568519
26,Phenol,0.7700000000000002,0.9797436957420421,0.5010570824524313,0.663029794376836
26,Phenol,0.7800000000000001,0.9805496828752642,0.4902748414376321,0.6536997885835095
26,Phenol,0.7900000000000001,0.984375,0.479492600422833,0.6448677850440716
26,Phenol,0.8000000000000002,0.9856759176365264,0.46553911205073994,0.6323951751866743
26,Phenol,0.8100000000000002,0.9866666666666667,0.4536997885835095,0.621578566256336
26,Phenol,0.8200000000000002,0.9886039886039886,0.440169133192389,0.6091281451141018
26,Phenol,0.8300000000000002,0.9891678975873953,0.4247357293868922,0.5942907853867772
26,Phenol,0.8400000000000002,0.9902614044079959,0.4084566596194503,0.5783565334530759
26,Phenol,0.8500000000000002,0.9914848323576371,0.3938689217758985,0.5637766681797549
26,Phenol,0.8600000000000002,0.9922566371681416,0.3792811839323467,0.5487916794126644
26,Phenol,0.8700000000000002,0.9919028340080972,0.36257928118393234,0.5310419569592816
26,Phenol,0.8800000000000002,0.9927272727272727,0.3463002114164905,0.5134796238244514
26,Phenol,0.8900000000000002,0.9948387096774194,0.32600422832980974,0.4910828025477707
26,Phenol,0.9000000000000002,0.9951956074124915,0.30655391120507397,0.46872474543397447
26,Phenol,0.9100000000000003,0.9956395348837209,0.28964059196617337,0.4487389452997052
26,Phenol,0.9200000000000003,0.9968627450980392,0.26871035940803384,0.42331390507910077
26,Phenol,0.9300000000000002,0.998274374460742,0.24460887949260043,0.39293598233995586
26,Phenol,0.9400000000000002,0.9990494296577946,0.2221987315010571,0.36354202698028365
26,Phenol,0.9500000000000002,0.9989373007438895,0.19873150105708245,0.3315111973196967
27,Phosphine,0.05,0.9183673469387755,0.8181818181818182,0.8653846153846154
27,Phosphine,0.060000000000000005,0.9574468085106383,0.8181818181818182,0.8823529411764706
27,Phosphine,0.07,0.9565217391304348,0.8,0.8712871287128713
27,Phosphine,0.08000000000000002,0.9565217391304348,0.8,0.8712871287128713
27,Phosphine,0.09000000000000001,0.9565217391304348,0.8,0.8712871287128713
27,Phosphine,0.1,0.9565217391304348,0.8,0.8712871287128713
27,Phosphine,0.11000000000000001,0.9565217391304348,0.8,0.8712871287128713
27,Phosphine,0.12000000000000001,0.9565217391304348,0.8,0.8712871287128713
27,Phosphine,0.13,0.9565217391304348,0.8,0.8712871287128713
27,Phosphine,0.14,0.9565217391304348,0.8,0.8712871287128713
27,Phosphine,0.15000000000000002,0.9565217391304348,0.8,0.8712871287128713
27,Phosphine,0.16000000000000003,0.9777777777777777,0.8,0.88
27,Phosphine,0.17000000000000004,0.9777777777777777,0.8,0.88
27,Phosphine,0.18000000000000005,0.9777777777777777,0.8,0.88
27,Phosphine,0.19,0.9777777777777777,0.8,0.88
27,Phosphine,0.2,0.9777777777777777,0.8,0.88
27,Phosphine,0.21000000000000002,0.9777777777777777,0.8,0.88
27,Phosphine,0.22000000000000003,0.9777777777777777,0.8,0.88
27,Phosphine,0.23000000000000004,0.9777777777777777,0.8,0.88
27,Phosphine,0.24000000000000005,0.9777777777777777,0.8,0.88
27,Phosphine,0.25000000000000006,0.9777777777777777,0.8,0.88
27,Phosphine,0.26000000000000006,0.9777777777777777,0.8,0.88
27,Phosphine,0.27,0.9777777777777777,0.8,0.88
27,Phosphine,0.28,0.9777777777777777,0.8,0.88
27,Phosphine,0.29000000000000004,0.9777777777777777,0.8,0.88
27,Phosphine,0.30000000000000004,0.9777777777777777,0.8,0.88
27,Phosphine,0.31000000000000005,0.9772727272727273,0.7818181818181819,0.8686868686868687
27,Phosphine,0.32000000000000006,0.9772727272727273,0.7818181818181819,0.8686868686868687
27,Phosphine,0.33,0.9772727272727273,0.7818181818181819,0.8686868686868687
27,Phosphine,0.34,0.9772727272727273,0.7818181818181819,0.8686868686868687
27,Phosphine,0.35000000000000003,1.0,0.7818181818181819,0.8775510204081632
27,Phosphine,0.36000000000000004,1.0,0.7818181818181819,0.8775510204081632
27,Phosphine,0.37000000000000005,1.0,0.7818181818181819,0.8775510204081632
27,Phosphine,0.38000000000000006,1.0,0.7818181818181819,0.8775510204081632
27,Phosphine,0.39000000000000007,1.0,0.7818181818181819,0.8775510204081632
27,Phosphine,0.4000000000000001,1.0,0.7818181818181819,0.8775510204081632
27,Phosphine,0.4100000000000001,1.0,0.7818181818181819,0.8775510204081632
27,Phosphine,0.42000000000000004,1.0,0.7818181818181819,0.8775510204081632
27,Phosphine,0.43000000000000005,1.0,0.7818181818181819,0.8775510204081632
27,Phosphine,0.44000000000000006,1.0,0.7818181818181819,0.8775510204081632
27,Phosphine,0.45000000000000007,1.0,0.7818181818181819,0.8775510204081632
27,Phosphine,0.4600000000000001,1.0,0.7818181818181819,0.8775510204081632
27,Phosphine,0.4700000000000001,1.0,0.7818181818181819,0.8775510204081632
27,Phosphine,0.4800000000000001,1.0,0.7818181818181819,0.8775510204081632
27,Phosphine,0.49000000000000005,1.0,0.7818181818181819,0.8775510204081632
27,Phosphine,0.5000000000000001,1.0,0.7818181818181819,0.8775510204081632
27,Phosphine,0.5100000000000001,1.0,0.7818181818181819,0.8775510204081632
27,Phosphine,0.5200000000000001,1.0,0.7818181818181819,0.8775510204081632
27,Phosphine,0.5300000000000001,1.0,0.7818181818181819,0.8775510204081632
27,Phosphine,0.5400000000000001,1.0,0.7818181818181819,0.8775510204081632
27,Phosphine,0.5500000000000002,1.0,0.7818181818181819,0.8775510204081632
27,Phosphine,0.5600000000000002,1.0,0.7818181818181819,0.8775510204081632
27,Phosphine,0.5700000000000002,1.0,0.7818181818181819,0.8775510204081632
27,Phosphine,0.5800000000000002,1.0,0.7818181818181819,0.8775510204081632
27,Phosphine,0.5900000000000002,1.0,0.7818181818181819,0.8775510204081632
27,Phosphine,0.6000000000000002,1.0,0.7818181818181819,0.8775510204081632
27,Phosphine,0.6100000000000001,1.0,0.7818181818181819,0.8775510204081632
27,Phosphine,0.6200000000000001,1.0,0.7818181818181819,0.8775510204081632
27,Phosphine,0.6300000000000001,1.0,0.7818181818181819,0.8775510204081632
27,Phosphine,0.6400000000000001,1.0,0.7818181818181819,0.8775510204081632
27,Phosphine,0.6500000000000001,1.0,0.7818181818181819,0.8775510204081632
27,Phosphine,0.6600000000000001,1.0,0.7818181818181819,0.8775510204081632
27,Phosphine,0.6700000000000002,1.0,0.7636363636363637,0.865979381443299
27,Phosphine,0.6800000000000002,1.0,0.7636363636363637,0.865979381443299
27,Phosphine,0.6900000000000002,1.0,0.7636363636363637,0.865979381443299
27,Phosphine,0.7000000000000002,1.0,0.7636363636363637,0.865979381443299
27,Phosphine,0.7100000000000002,1.0,0.7636363636363637,0.865979381443299
27,Phosphine,0.7200000000000002,1.0,0.7636363636363637,0.865979381443299
27,Phosphine,0.7300000000000002,1.0,0.7272727272727273,0.8421052631578947
27,Phosphine,0.7400000000000002,1.0,0.6909090909090909,0.8172043010752689
27,Phosphine,0.7500000000000002,1.0,0.6909090909090909,0.8172043010752689
27,Phosphine,0.7600000000000002,1.0,0.6909090909090909,0.8172043010752689
27,Phosphine,0.7700000000000002,1.0,0.6909090909090909,0.8172043010752689
27,Phosphine,0.7800000000000001,1.0,0.6909090909090909,0.8172043010752689
27,Phosphine,0.7900000000000001,1.0,0.6727272727272727,0.8043478260869565
27,Phosphine,0.8000000000000002,1.0,0.6181818181818182,0.7640449438202247
27,Phosphine,0.8100000000000002,1.0,0.6181818181818182,0.7640449438202247
27,Phosphine,0.8200000000000002,1.0,0.5818181818181818,0.735632183908046
27,Phosphine,0.8300000000000002,1.0,0.5454545454545454,0.7058823529411765
27,Phosphine,0.8400000000000002,1.0,0.4909090909090909,0.6585365853658537
27,Phosphine,0.8500000000000002,1.0,0.4909090909090909,0.6585365853658537
27,Phosphine,0.8600000000000002,1.0,0.36363636363636365,0.5333333333333333
27,Phosphine,0.8700000000000002,1.0,0.34545454545454546,0.5135135135135135
27,Phosphine,0.8800000000000002,1.0,0.32727272727272727,0.4931506849315068
27,Phosphine,0.8900000000000002,1.0,0.2727272727272727,0.42857142857142855
27,Phosphine,0.9000000000000002,1.0,0.23636363636363636,0.38235294117647056
27,Phosphine,0.9100000000000003,1.0,0.18181818181818182,0.3076923076923077
27,Phosphine,0.9200000000000003,1.0,0.16363636363636364,0.28125
27,Phosphine,0.9300000000000002,1.0,0.16363636363636364,0.28125
27,Phosphine,0.9400000000000002,1.0,0.14545454545454545,0.25396825396825395
27,Phosphine,0.9500000000000002,1.0,0.07272727272727272,0.13559322033898305
28,Sulfide,0.05,0.1439095744680851,0.9955841766329346,0.2514697339374927
28,Sulfide,0.060000000000000005,0.15153700404400328,0.9859245630174793,0.26269732326698697
28,Sulfide,0.07,0.16241109585448263,0.9684452621895124,0.27817194498394704
28,Sulfide,0.08000000000000002,0.17710638735910236,0.9496780128794848,0.2985381089405266
28,Sulfide,0.09000000000000001,0.19294208643527022,0.9179392824287028,0.3188623472077974
28,Sulfide,0.1,0.21150532408430167,0.8807727690892364,0.341100185264358
28,Sulfide,0.11000000000000001,0.23197796030814755,0.8366145354185832,0.3632369388081163
28,Sulfide,0.12000000000000001,0.2545508187048237,0.7937442502299908,0.38547972746565395
28,Sulfide,0.13,0.27713798977853493,0.748298068077277,0.4044753853804078
28,Sulfide,0.14,0.3007273442107332,0.7036798528058877,0.4213744663269522
28,Sulfide,0.15000000000000002,0.3231367935200688,0.6569457221711131,0.43319481937577725
28,Sulfide,0.16000000000000003,0.3445095092501425,0.6115915363385465,0.4407465110882753
28,Sulfide,0.17000000000000004,0.3682997458779032,0.5733210671573137,0.4484905185131877
28,Sulfide,0.18000000000000005,0.39175050301810865,0.5373505059797609,0.4531419705197828
28,Sulfide,0.19,0.4133363608840448,0.5023919043238271,0.45353375965451376
28,Sulfide,0.2,0.4346455351056578,0.4692732290708372,0.45129611607537823
28,Sulfide,0.21000000000000002,0.4564969604863222,0.4421343146274149,0.449200859893448
28,Sulfide,0.22000000000000003,0.47540288379983037,0.4125114995400184,0.44172987882967196
28,Sulfide,0.23000000000000004,0.49300411522633747,0.3857405703771849,0.4328258064516129
28,Sulfide,0.24000000000000005,0.513956231162364,0.3608095676172953,0.4239770823198746
28,Sulfide,0.25000000000000006,0.5302789420436479,0.3375344986200552,0.41250210804429704
28,Sulfide,0.26000000000000006,0.5461648859830968,0.31508739650413986,0.3996266262178403
28,Sulfide,0.27,0.5653759333217573,0.29954001839926403,0.3916050273618378
28,Sulfide,0.28,0.5823966469803772,0.2812327506899724,0.3793039270426205
28,Sulfide,0.29000000000000004,0.5966143682906688,0.265869365225391,0.3678248695430826
28,Sulfide,0.30000000000000004,0.6101203744984396,0.2517939282428703,0.3564730398541287
28,Sulfide,0.31000000000000005,0.6230139624458353,0.23808647654093837,0.34451544195953143
28,Sulfide,0.32000000000000006,0.6404699738903394,0.22566697332106717,0.33374149659863944
28,Sulfide,0.33,0.6558257918552036,0.21333946642134313,0.32194918783840065
28,Sulfide,0.34,0.6684964928331808,0.20165593376264948,0.30984521874337406
28,Sulfide,0.35000000000000003,0.6799736060706038,0.18960441582336707,0.2965254298251924
28,Sulfide,0.36000000000000004,0.6875664187035069,0.17856485740570377,0.28350251953552913
28,Sulfide,0.37000000000000005,0.6952380952380952,0.16789328426862926,0.27047054464616527
28,Sulfide,0.38000000000000006,0.708829568788501,0.15878564857405703,0.2594513340849305
28,Sulfide,0.39000000000000007,0.7202118270079435,0.1501379944802208,0.24847746650426308
28,Sulfide,0.4000000000000001,0.7339667458432304,0.1421343146274149,0.23815028901734103
28,Sulfide,0.4100000000000001,0.7498726439123791,0.13541858325666972,0.22940855606639132
28,Sulfide,0.42000000000000004,0.7616974972796517,0.12879484820607176,0.22033364809568776
28,Sulfide,0.43000000000000005,0.7710495963091119,0.12299908003679853,0.2121548714693748
28,Sulfide,0.44000000000000006,0.7806963958460599,0.11757129714811408,0.20436555528903813
28,Sulfide,0.45000000000000007,0.7926988265971316,0.11186752529898804,0.19606578523057078
28,Sulfide,0.4600000000000001,0.8025210084033614,0.10542778288868446,0.18637176776711661
28,Sulfide,0.4700000000000001,0.8164652567975831,0.09944802207911684,0.17730031162866983
28,Sulfide,0.4800000000000001,0.8222402597402597,0.09319227230910763,0.16741034539745497
28,Sulfide,0.49000000000000005,0.8310104529616724,0.08776448942042318,0.15876185721417874
28,Sulfide,0.5000000000000001,0.8485418626528692,0.08298068077276909,0.15117740719014497
28,Sulfide,0.5100000000000001,0.8571428571428571,0.07838086476540938,0.14362778152393796
28,Sulfide,0.5200000000000001,0.8673036093418259,0.07516099356025759,0.1383338977311209
28,Sulfide,0.5300000000000001,0.8774120317820658,0.07111315547378105,0.13156327121096076
28,Sulfide,0.5400000000000001,0.8884848484848484,0.06743330266789328,0.12535271483539975
28,Sulfide,0.5500000000000002,0.8927648578811369,0.06356945722171113,0.11868773617313638
28,Sulfide,0.5600000000000002,0.8977900552486188,0.05979760809567617,0.11212696222183888
28,Sulfide,0.5700000000000002,0.9050445103857567,0.05611775528978841,0.10568260568260568
28,Sulfide,0.5800000000000002,0.9086614173228347,0.053081876724931004,0.10030421555845284
28,Sulfide,0.5900000000000002,0.9116666666666666,0.05032198712051518,0.0953792502179599
28,Sulfide,0.6000000000000002,0.9151943462897526,0.04765409383624655,0.09059111577474642
28,Sulfide,0.6100000000000001,0.924953095684803,0.045354185832566694,0.0864684732088047
28,Sulfide,0.6200000000000001,0.9343936381709742,0.04323827046918123,0.08265189483865296
28,Sulfide,0.6300000000000001,0.9327731092436975,0.04084636614535419,0.07826546800634585
28,Sulfide,0.6400000000000001,0.9411764705882353,0.03827046918123275,0.07355021216407355
28,Sulfide,0.6500000000000001,0.9424460431654677,0.03615455381784729,0.06963763621865864
28,Sulfide,0.6600000000000001,0.9462915601023018,0.03403863845446182,0.06571352455376965
28,Sulfide,0.6700000000000002,0.9433962264150944,0.03219871205151794,0.06227203985410551
28,Sulfide,0.6800000000000002,0.9469026548672567,0.02953081876724931,0.05727540369346061
28,Sulfide,0.6900000000000002,0.9555555555555556,0.027690892364305428,0.05382208314707197
28,Sulfide,0.7000000000000002,0.9594594594594594,0.026126954921803128,0.050868708579616694
28,Sulfide,0.7100000000000002,0.9592592592592593,0.023827046918123276,0.04649910233393178
28,Sulfide,0.7200000000000002,0.97165991902834,0.02207911683532659,0.04317711612845192
28,Sulfide,0.7300000000000002,0.9778761061946902,0.020331186752529897,0.03983417447728911
28,Sulfide,0.7400000000000002,0.981042654028436,0.019043238270469182,0.03736124898474867
28,Sulfide,0.7500000000000002,0.9852216748768473,0.01839926402943882,0.03612390499412987
28,Sulfide,0.7600000000000002,0.9842105263157894,0.0172033118675253,0.033815551537070526
28,Sulfide,0.7700000000000002,0.9941520467836257,0.015639374425023,0.03079431210941038
28,Sulfide,0.7800000000000001,0.9935064935064936,0.014075436982520699,0.027757619738751814
28,Sulfide,0.7900000000000001,0.9928571428571429,0.012787488500459982,0.02524977293369664
28,Sulfide,0.8000000000000002,0.9920634920634921,0.011499540018399264,0.022735540196435068
28,Sulfide,0.8100000000000002,0.9911504424778761,0.010303587856485741,0.020395156150414276
28,Sulfide,0.8200000000000002,0.99,0.009107635694572217,0.01804922515952598
28,Sulfide,0.8300000000000002,0.9886363636363636,0.008003679852805888,0.01587881000182515
28,Sulfide,0.8400000000000002,0.9879518072289156,0.007543698252069918,0.014973066739706017
28,Sulfide,0.8500000000000002,0.9866666666666667,0.0068077276908923645,0.013522156235724074
28,Sulfide,0.8600000000000002,0.9848484848484849,0.005979760809567618,0.01188734455010973
28,Sulfide,0.8700000000000002,1.0,0.005335786568537258,0.01061493411420205
28,Sulfide,0.8800000000000002,1.0,0.0044158233670653175,0.008792819197655248
28,Sulfide,0.8900000000000002,1.0,0.003771849126034959,0.007515351480157639
28,Sulfide,0.9000000000000002,1.0,0.0029438822447102114,0.005870482480278848
28,Sulfide,0.9100000000000003,1.0,0.002483900643974241,0.004955492337340553
28,Sulfide,0.9200000000000003,1.0,0.0020239190432382705,0.004039662137348513
28,Sulfide,0.9300000000000002,1.0,0.0013799448022079118,0.002756086357372531
28,Sulfide,0.9400000000000002,1.0,0.0011039558417663294,0.0022054769343870613
28,Sulfide,0.9500000000000002,1.0,0.00045998160073597056,0.0009195402298850574
29,Sulfonamide,0.05,0.45569136745607336,0.9824320614877848,0.6225971992693746
29,Sulfonamide,0.060000000000000005,0.49356223175965663,0.9785890749382378,0.6561752254739555
29,Sulfonamide,0.07,0.5246895328208161,0.9741970903101839,0.6820409339867397
29,Sulfonamide,0.08000000000000002,0.5536891679748822,0.9681581114466099,0.7044841705782483
29,Sulfonamide,0.09000000000000001,0.578099309437685,0.9651386220148229,0.7230848329048843
29,Sulfonamide,0.1,0.6015812994156068,0.9607466373867691,0.7398795053377022
29,Sulfonamide,0.11000000000000001,0.6236327774789313,0.9547076585231952,0.7544468546637744
29,Sulfonamide,0.12000000000000001,0.6454376163873371,0.9514136700521548,0.7691112837013203
29,Sulfonamide,0.13,0.66198537899192,0.9445511940708208,0.7784187309127927
29,Sulfonamide,0.14,0.6798968049216114,0.9404337084820203,0.7892190739460954
29,Sulfonamide,0.15000000000000002,0.6932627722369225,0.9349437276969531,0.7961664329125759
29,Sulfonamide,0.16000000000000003,0.7075925538590253,0.9286302497941257,0.8031813865147198
29,Sulfonamide,0.17000000000000004,0.7211744534933562,0.9236892670875652,0.8099650980864124
29,Sulfonamide,0.18000000000000005,0.7347118345798505,0.9168267911062311,0.8157284161680303
29,Sulfonamide,0.19,0.7483100495718792,0.9116113093604172,0.8219279792104938
29,Sulfonamide,0.2,0.7571035747021082,0.9069448256931101,0.8252778818533782
29,Sulfonamide,0.21000000000000002,0.764924506387921,0.9039253362613231,0.8286361348766985
29,Sulfonamide,0.22000000000000003,0.7735759867643583,0.8984353554762559,0.8313436626873254
29,Sulfonamide,0.23000000000000004,0.7831325301204819,0.8921218775734285,0.834081868343385
29,Sulfonamide,0.24000000000000005,0.7939513154659454,0.8863573977491078,0.8376134889753567
29,Sulfonamide,0.25000000000000006,0.801995012468828,0.8827889102388141,0.8404547236377891
29,Sulfonamide,0.26000000000000006,0.8086934546373515,0.8783969256107603,0.8421052631578947
29,Sulfonamide,0.27,0.814966683751922,0.8729069448256931,0.8429423459244533
29,Sulfonamide,0.28,0.8205394190871369,0.8685149601976393,0.843845846112815
29,Sulfonamide,0.29000000000000004,0.8281578947368421,0.8638484765303321,0.845626763401854
29,Sulfonamide,0.30000000000000004,0.8343100692594566,0.8597309909415317,0.8468297958631877
29,Sulfonamide,0.31000000000000005,0.841792656587473,0.8558880043919846,0.8487818157070913
29,Sulfonamide,0.32000000000000006,0.8492737736366127,0.8506725226461708,0.8499725726823917
29,Sulfonamide,0.33,0.8547625659539017,0.8449080428218502,0.8498067366096079
29,Sulfonamide,0.34,0.8615254714325922,0.8402415591545429,0.8507504168982768
29,Sulfonamide,0.35000000000000003,0.8660028449502134,0.8355750754872358,0.850516904163174
29,Sulfonamide,0.36000000000000004,0.870930567559781,0.8298105956629152,0.8498734888951364
29,Sulfonamide,0.37000000000000005,0.8767523364485982,0.8240461158385946,0.8495825668600537
29,Sulfonamide,0.38000000000000006,0.881156001179593,0.8202031292890475,0.8495877168040944
29,Sulfonamide,0.39000000000000007,0.8867024448419797,0.8163601427395004,0.8500786051164785
29,Sulfonamide,0.4000000000000001,0.8901594944327414,0.8119681581114466,0.8492678725236865
29,Sulfonamide,0.4100000000000001,0.8949771689497716,0.8070271754048861,0.848729792147806
29,Sulfonamide,0.42000000000000004,0.8996294008647313,0.7996157013450453,0.8466792617352129
29,Sulfonamide,0.43000000000000005,0.9043151969981238,0.7938512215207246,0.845490425376407
29,Sulfonamide,0.44000000000000006,0.9061611374407583,0.7872632445786439,0.8425381903642774
29,Sulfonamide,0.45000000000000007,0.909323116219668,0.7817732637935767,0.8407380073800738
29,Sulfonamide,0.4600000000000001,0.9146183699870634,0.7762832830085095,0.8397921306607276
29,Sulfonamide,0.4700000000000001,0.9163672002613525,0.7699698051056821,0.8368138424821002
29,Sulfonamide,0.4800000000000001,0.9192218925156611,0.765303321438375,0.8352306770521271
29,Sulfonamide,0.49000000000000005,0.9228210246174318,0.7614603348888279,0.8344111896525793
29,Sulfonamide,0.5000000000000001,0.9253279515640767,0.7551468569860006,0.8316203143893591
29,Sulfonamide,0.5100000000000001,0.9269949066213922,0.7493823771616799,0.8287795992714025
29,Sulfonamide,0.5200000000000001,0.9287925696594427,0.741147405984079,0.8244274809160306
29,Sulfonamide,0.5300000000000001,0.9319680666435266,0.7370299203952786,0.8231146535867566
29,Sulfonamide,0.5400000000000001,0.9337539432176656,0.731265440570958,0.8201970443349754
29,Sulfonamide,0.5500000000000002,0.9357015985790409,0.7230304693933571,0.8157324248993496
29,Sulfonamide,0.5600000000000002,0.9381037567084078,0.7197364809223168,0.8145386766076421
29,Sulfonamide,0.5700000000000002,0.939174511223751,0.7120505078232227,0.809992193598751
29,Sulfonamide,0.5800000000000002,0.940036563071298,0.7057370299203953,0.80620884289746
29,Sulfonamide,0.5900000000000002,0.9405025868440503,0.6986000548998078,0.8017010552842967
29,Sulfonamide,0.6000000000000002,0.9426015654118524,0.694208070271754,0.7995573822320582
29,Sulfonamide,0.6100000000000001,0.9445910290237467,0.6878945923689267,0.7960609911054638
29,Sulfonamide,0.6200000000000001,0.9466056445461479,0.681306615426846,0.7923383878691141
29,Sulfonamide,0.6300000000000001,0.9500580720092915,0.6736206423277519,0.7883070992611628
29,Sulfonamide,0.6400000000000001,0.9522317932654659,0.6675816634641779,0.7848959173793771
29,Sulfonamide,0.6500000000000001,0.952155001977066,0.6609936865220972,0.7802981205443941
29,Sulfonamide,0.6600000000000001,0.954856912535268,0.650288223991216,0.7736773350751143
29,Sulfonamide,0.6700000000000002,0.9562908496732027,0.6426022508921219,0.7686750944015761
29,Sulfonamide,0.6800000000000002,0.9574907139909203,0.6368377710678013,0.7649192218925157
29,Sulfonamide,0.6900000000000002,0.9584905660377359,0.627504803733187,0.7584605175846052
29,Sulfonamide,0.7000000000000002,0.9611111111111111,0.6173483392808126,0.7517967574795253
29,Sulfonamide,0.7100000000000002,0.9614551754006063,0.609387867142465,0.7459677419354839
29,Sulfonamide,0.7200000000000002,0.9623467600700525,0.603348888278891,0.741690568584444
29,Sulfonamide,0.7300000000000002,0.9635555555555556,0.5951139171012901,0.7357882233157984
29,Sulfonamide,0.7400000000000002,0.9646899049343595,0.5849574526489157,0.728298017771702
29,Sulfonamide,0.7500000000000002,0.9664522058823529,0.5772714795498216,0.7228046056023372
29,Sulfonamide,0.7600000000000002,0.9699812382739212,0.5676640131759538,0.7161904761904762
29,Sulfonamide,0.7700000000000002,0.9713467048710601,0.5583310458413395,0.7090814014293184
29,Sulfonamide,0.7800000000000001,0.9713731198447355,0.5495470765852319,0.7019635343618513
29,Sulfonamide,0.7900000000000001,0.9721946375372393,0.537469118858084,0.6922397030228036
29,Sulfonamide,0.8000000000000002,0.9726996966632963,0.5281361515234697,0.6845756982743284
29,Sulfonamide,0.8100000000000002,0.974120082815735,0.5166071918748284,0.6751569506726457
29,Sulfonamide,0.8200000000000002,0.9757127771911299,0.5072742245402141,0.6675094816687737
29,Sulfonamide,0.8300000000000002,0.9766558089033659,0.49382377161679936,0.6559708295350957
29,Sulfonamide,0.8400000000000002,0.9772095608671484,0.48256931100741146,0.6460859977949284
29,Sulfonamide,0.8500000000000002,0.9777524244152881,0.47049135328026354,0.6352853965900667
29,Sulfonamide,0.8600000000000002,0.9799054373522459,0.4551194070820752,0.6215557638238051
29,Sulfonamide,0.8700000000000002,0.9821538461538462,0.4381004666483667,0.6059225512528473
29,Sulfonamide,0.8800000000000002,0.9822896900695762,0.42629700796047215,0.594563552833078
29,Sulfonamide,0.8900000000000002,0.9853723404255319,0.4068075761734834,0.5758694385078686
29,Sulfonamide,0.9000000000000002,0.9867132867132867,0.38731814438649464,0.5562783362901637
29,Sulfonamide,0.9100000000000003,0.9881569207994079,0.3664562174032391,0.5346415698838606
29,Sulfonamide,0.9200000000000003,0.9899613899613899,0.35190776832281084,0.5192385581206966
29,Sulfonamide,0.9300000000000002,0.994281045751634,0.3340653307713423,0.5001027326895419
29,Sulfonamide,0.9400000000000002,0.9937998228520815,0.3079879220422729,0.4702430846605197
29,Sulfonamide,0.9500000000000002,0.9941060903732809,0.27779302772440295,0.4342415790602875
30,Sulfonate,0.05,0.7239709443099274,0.9867986798679867,0.835195530726257
30,Sulfonate,0.060000000000000005,0.7563451776649747,0.9834983498349835,0.8550932568149211
30,Sulfonate,0.07,0.7893805309734513,0.9812981298129813,0.8749386954389407
30,Sulfonate,0.08000000000000002,0.8109090909090909,0.9812981298129813,0.8880039820806371
30,Sulfonate,0.09000000000000001,0.8303821062441752,0.9801980198019802,0.8990918264379415
30,Sulfonate,0.1,0.8485714285714285,0.9801980198019802,0.9096477794793262
30,Sulfonate,0.11000000000000001,0.8604651162790697,0.976897689768977,0.9149922720247295
30,Sulfonate,0.12000000000000001,0.8687561214495593,0.9757975797579758,0.9191709844559586
30,Sulfonate,0.13,0.8807157057654076,0.9746974697469747,0.9253263707571802
30,Sulfonate,0.14,0.8895582329317269,0.9746974697469747,0.9301837270341208
30,Sulfonate,0.15000000000000002,0.9050051072522982,0.9746974697469747,0.9385593220338984
30,Sulfonate,0.16000000000000003,0.9104016477857878,0.9724972497249725,0.9404255319148936
30,Sulfonate,0.17000000000000004,0.9179646936656283,0.9724972497249725,0.9444444444444444
30,Sulfonate,0.18000000000000005,0.9235602094240838,0.9702970297029703,0.9463519313304721
30,Sulfonate,0.19,0.9292502639915523,0.9680968096809681,0.9482758620689655
30,Sulfonate,0.2,0.9350372736954207,0.9658965896589659,0.9502164502164502
30,Sulfonate,0.21000000000000002,0.9399141630901288,0.9636963696369637,0.9516567083107007
30,Sulfonate,0.22000000000000003,0.9418729817007535,0.9625962596259626,0.9521218715995647
30,Sulfonate,0.23000000000000004,0.9479956663055255,0.9625962596259626,0.9552401746724891
30,Sulfonate,0.24000000000000005,0.9521218715995647,0.9625962596259626,0.9573304157549234
30,Sulfonate,0.25000000000000006,0.9531079607415486,0.9614961496149615,0.9572836801752465
30,Sulfonate,0.26000000000000006,0.9550438596491229,0.9581958195819582,0.956617243272927
30,Sulfonate,0.27,0.9549945115257958,0.9570957095709571,0.9560439560439561
30,Sulfonate,0.28,0.9548954895489549,0.9548954895489549,0.9548954895489549
30,Sulfonate,0.29000000000000004,0.9569060773480663,0.9526952695269527,0.9547960308710033
30,Sulfonate,0.30000000000000004,0.9590254706533776,0.9526952695269527,0.9558498896247241
30,Sulfonate,0.31000000000000005,0.9589345172031076,0.9504950495049505,0.9546961325966851
30,Sulfonate,0.32000000000000006,0.9630872483221476,0.9471947194719472,0.9550748752079867
30,Sulfonate,0.33,0.9651685393258427,0.944994499449945,0.9549749861033908
30,Sulfonate,0.34,0.9683615819209039,0.9427942794279428,0.955406911928651
30,Sulfonate,0.35000000000000003,0.9683257918552036,0.9416941694169417,0.954824316787507
30,Sulfonate,0.36000000000000004,0.9704209328782708,0.9383938393839384,0.9541387024608501
30,Sulfonate,0.37000000000000005,0.9714937286202965,0.9372937293729373,0.9540873460246361
30,Sulfonate,0.38000000000000006,0.9725714285714285,0.9361936193619362,0.9540358744394619
30,Sulfonate,0.39000000000000007,0.9736540664375716,0.935093509350935,0.9539842873176206
30,Sulfonate,0.4000000000000001,0.9758620689655172,0.933993399339934,0.954468802698145
30,Sulfonate,0.4100000000000001,0.9758342922899885,0.9328932893289329,0.953880764904387
30,Sulfonate,0.42000000000000004,0.976905311778291,0.9306930693069307,0.9532394366197183
30,Sulfonate,0.43000000000000005,0.9790697674418605,0.9262926292629263,0.9519502543810062
30,Sulfonate,0.44000000000000006,0.9801864801864801,0.9251925192519251,0.9518958687040181
30,Sulfonate,0.45000000000000007,0.9824150058616647,0.9218921892189219,0.9511918274687855
30,Sulfonate,0.4600000000000001,0.9846698113207547,0.9185918591859186,0.9504837791690381
30,Sulfonate,0.4700000000000001,0.9858156028368794,0.9174917491749175,0.9504273504273504
30,Sulfonate,0.4800000000000001,0.9869358669833729,0.9141914191419142,0.9491719017704169
30,Sulfonate,0.49000000000000005,0.9880382775119617,0.9086908690869087,0.9467048710601719
30,Sulfonate,0.5000000000000001,0.9891826923076923,0.9053905390539054,0.945433658816772
30,Sulfonate,0.5100000000000001,0.9903498190591074,0.9031903190319032,0.9447640966628308
30,Sulfonate,0.5200000000000001,0.9903147699757869,0.8998899889988999,0.9429394812680115
30,Sulfonate,0.5300000000000001,0.9903030303030304,0.8987898789878987,0.9423298731257209
30,Sulfonate,0.5400000000000001,0.9902912621359223,0.8976897689768977,0.9417195614541258
30,Sulfonate,0.5500000000000002,0.9902794653705954,0.8965896589658966,0.941108545034642
30,Sulfonate,0.5600000000000002,0.9902557856272838,0.8943894389438944,0.9398843930635838
30,Sulfonate,0.5700000000000002,0.9914529914529915,0.8932893289328933,0.9398148148148148
30,Sulfonate,0.5800000000000002,0.9926470588235294,0.8910891089108911,0.9391304347826087
30,Sulfonate,0.5900000000000002,0.9926289926289926,0.8888888888888888,0.9378990133488102
30,Sulfonate,0.6000000000000002,0.992619926199262,0.8877887788778878,0.9372822299651568
30,Sulfonate,0.6100000000000001,0.992583436341162,0.8833883388338833,0.9348079161816065
30,Sulfonate,0.6200000000000001,0.9925558312655087,0.8800880088008801,0.9329446064139941
30,Sulfonate,0.6300000000000001,0.9925373134328358,0.8778877887788779,0.9316987740805605
30,Sulfonate,0.6400000000000001,0.9925,0.8734873487348734,0.9291983616149795
30,Sulfonate,0.6500000000000001,0.9924906132665833,0.8723872387238724,0.9285714285714286
30,Sulfonate,0.6600000000000001,0.9924717691342535,0.8701870187018702,0.9273153575615475
30,Sulfonate,0.6700000000000002,0.9924433249370277,0.8668866886688669,0.9254257193188491
30,Sulfonate,0.6800000000000002,0.9923954372623575,0.8613861386138614,0.9222614840989399
30,Sulfonate,0.6900000000000002,0.9936305732484076,0.858085808580858,0.9208972845336482
30,Sulfonate,0.7000000000000002,0.993581514762516,0.8514851485148515,0.9170616113744076
30,Sulfonate,0.7100000000000002,0.9935483870967742,0.847084708470847,0.9144893111638955
30,Sulfonate,0.7200000000000002,0.9934640522875817,0.8360836083608361,0.9080047789725209
30,Sulfonate,0.7300000000000002,0.9947437582128777,0.8327832783278328,0.9065868263473054
30,Sulfonate,0.7400000000000002,0.9947229551451188,0.8294829482948295,0.904619076184763
30,Sulfonate,0.7500000000000002,0.9946666666666667,0.8206820682068207,0.8993369499698614
30,Sulfonate,0.7600000000000002,0.9946308724832215,0.8151815181518152,0.8960096735187424
30,Sulfonate,0.7700000000000002,0.9946018893387314,0.8107810781078107,0.8933333333333333
30,Sulfonate,0.7800000000000001,0.9945429740791268,0.801980198019802,0.8879415347137637
30,Sulfonate,0.7900000000000001,0.9945054945054945,0.7964796479647965,0.8845448992058644
30,Sulfonate,0.8000000000000002,0.99721059972106,0.7865786578657866,0.8794587945879458
30,Sulfonate,0.8100000000000002,0.9971870604781997,0.7799779977997799,0.8753086419753087
30,Sulfonate,0.8200000000000002,0.9971590909090909,0.7722772277227723,0.87042777433354
30,Sulfonate,0.8300000000000002,0.997134670487106,0.7656765676567657,0.866210329807094
30,Sulfonate,0.8400000000000002,0.9971056439942113,0.757975797579758,0.86125
30,Sulfonate,0.8500000000000002,0.9970588235294118,0.7458745874587459,0.8533668974197609
30,Sulfonate,0.8600000000000002,0.9969834087481146,0.7271727172717272,0.8409669211195929
30,Sulfonate,0.8700000000000002,0.9969512195121951,0.7194719471947195,0.8357827476038339
30,Sulfonate,0.8800000000000002,0.9969088098918083,0.7095709570957096,0.8290488431876607
30,Sulfonate,0.8900000000000002,0.9968652037617555,0.6996699669966997,0.8222365869424693
30,Sulfonate,0.9000000000000002,0.998389694041868,0.682068206820682,0.8104575163398693
30,Sulfonate,0.9100000000000003,0.9983361064891847,0.6600660066006601,0.7947019867549668
30,Sulfonate,0.9200000000000003,1.0,0.6468646864686468,0.7855711422845691
30,Sulfonate,0.9300000000000002,1.0,0.6226622662266227,0.7674576271186441
30,Sulfonate,0.9400000000000002,1.0,0.6061606160616062,0.7547945205479452
30,Sulfonate,0.9500000000000002,1.0,0.5841584158415841,0.7375
31,Sulfone,0.05,0.3757306994557549,0.9678089304257529,0.5413097139538261
31,Sulfone,0.060000000000000005,0.4176670441676104,0.9574247144340602,0.5816117331651159
31,Sulfone,0.07,0.4571072319201995,0.9517133956386293,0.6175876010781671
31,Sulfone,0.08000000000000002,0.49097278361627594,0.9460020768431984,0.6464431435160546
31,Sulfone,0.09000000000000001,0.5226349390597794,0.935098650051921,0.6705137751303053
31,Sulfone,0.1,0.5542467451952883,0.9283489096573209,0.6940993788819876
31,Sulfone,0.11000000000000001,0.5786553524804178,0.9205607476635514,0.7106212424849699
31,Sulfone,0.12000000000000001,0.6037800687285223,0.9122533748701973,0.7266335814722912
31,Sulfone,0.13,0.6302702702702703,0.9080996884735203,0.7440970006381621
31,Sulfone,0.14,0.6517655897821187,0.9008307372793354,0.7563208369659983
31,Sulfone,0.15000000000000002,0.6730769230769231,0.8904465212876428,0.7666517657577112
31,Sulfone,0.16000000000000003,0.6921512810085401,0.8836967808930426,0.7762827822120867
31,Sulfone,0.17000000000000004,0.7124155405405406,0.8759086188992731,0.7857475547275268
31,Sulfone,0.18000000000000005,0.7249782419495213,0.8650051921079959,0.7888257575757576
31,Sulfone,0.19,0.7395182872435325,0.8608515057113187,0.7955854126679462
31,Sulfone,0.2,0.7553923818265259,0.8546209761163032,0.8019488428745433
31,Sulfone,0.21000000000000002,0.7682524729156853,0.8468328141225338,0.8056310200049395
31,Sulfone,0.22000000000000003,0.7815980629539951,0.838006230529595,0.8088198446504635
31,Sulfone,0.23000000000000004,0.7933432687531048,0.8291796469366562,0.8108657019548109
31,Sulfone,0.24000000000000005,0.8040609137055837,0.822429906542056,0.813141683778234
31,Sulfone,0.25000000000000006,0.8093023255813954,0.8130841121495327,0.8111888111888111
31,Sulfone,0.26000000000000006,0.8186610437532946,0.8063343717549325,0.8124509547475804
31,Sulfone,0.27,0.8235294117647058,0.7995846313603323,0.8113804004214963
31,Sulfone,0.28,0.8307022318998367,0.7923156801661475,0.8110550093010895
31,Sulfone,0.29000000000000004,0.8386023294509152,0.7850467289719626,0.8109412711182623
31,Sulfone,0.30000000000000004,0.8512208972174901,0.7782969885773624,0.8131272036886358
31,Sulfone,0.31000000000000005,0.8563151796060255,0.7673935617860852,0.8094194961664841
31,Sulfone,0.32000000000000006,0.863905325443787,0.7580477673935618,0.8075221238938053
31,Sulfone,0.33,0.8696696696696696,0.7518172377985463,0.8064605959342801
31,Sulfone,0.34,0.8777506112469438,0.7455867082035307,0.8062886019090398
31,Sulfone,0.35000000000000003,0.88268156424581,0.7383177570093458,0.8040712468193384
31,Sulfone,0.36000000000000004,0.8868520859671302,0.7284527518172378,0.7998859749144812
31,Sulfone,0.37000000000000005,0.8921001926782274,0.721183800623053,0.797588285960379
31,Sulfone,0.38000000000000006,0.8961463096015676,0.7123572170301142,0.7937518079259474
31,Sulfone,0.39000000000000007,0.9013245033112582,0.7066458982346833,0.7922002328288708
31,Sulfone,0.4000000000000001,0.905241935483871,0.6993769470404985,0.789103690685413
31,Sulfone,0.4100000000000001,0.907293796864349,0.6910695742471443,0.7845564397288535
31,Sulfone,0.42000000000000004,0.910801393728223,0.6786085150571132,0.7777447188336805
31,Sulfone,0.43000000000000005,0.9146685472496474,0.6734164070612668,0.7757177033492823
31,Sulfone,0.44000000000000006,0.9175035868005739,0.6640706126687436,0.7704819277108433
31,Sulfone,0.45000000000000007,0.9184268026219956,0.6547248182762202,0.7644740830554714
31,Sulfone,0.4600000000000001,0.9212076583210603,0.6495327102803738,0.7618757612667478
31,Sulfone,0.4700000000000001,0.9219219219219219,0.6375908618899273,0.7538367096378146
31,Sulfone,0.4800000000000001,0.9234848484848485,0.6329179646936657,0.7510782501540357
31,Sulfone,0.49000000000000005,0.9284615384615384,0.6266874350986501,0.7482951022938623
31,Sulfone,0.5000000000000001,0.93265465935787,0.618380062305296,0.7436778020605682
31,Sulfone,0.5100000000000001,0.9352801894238358,0.6152647975077882,0.7422486689633574
31,Sulfone,0.5200000000000001,0.9375,0.6074766355140186,0.7372400756143668
31,Sulfone,0.5300000000000001,0.9408427876823339,0.602803738317757,0.7348101265822785
31,Sulfone,0.5400000000000001,0.9432565789473685,0.5955347871235722,0.7301082113303629
31,Sulfone,0.5500000000000002,0.9482470784641068,0.5898234683281413,0.7272727272727273
31,Sulfone,0.5600000000000002,0.9497444633730835,0.5789200415368639,0.7193548387096774
31,Sulfone,0.5700000000000002,0.9530434782608695,0.569055036344756,0.7126137841352406
31,Sulfone,0.5800000000000002,0.955026455026455,0.5623052959501558,0.707843137254902
31,Sulfone,0.5900000000000002,0.9571428571428572,0.5565939771547248,0.7038739330269206
31,Sulfone,0.6000000000000002,0.957350272232305,0.547767393561786,0.6968295904887715
31,Sulfone,0.6100000000000001,0.9584870848708487,0.539460020768432,0.6903654485049834
31,Sulfone,0.6200000000000001,0.9588014981273408,0.5316718587746625,0.6840347361389446
31,Sulfone,0.6300000000000001,0.9617590822179732,0.5223260643821391,0.676985195154778
31,Sulfone,0.6400000000000001,0.9640077821011673,0.5145379023883697,0.6709546377792823
31,Sulfone,0.6500000000000001,0.9654150197628458,0.5072689511941848,0.6650782845473111
31,Sulfone,0.6600000000000001,0.9696356275303644,0.4974039460020768,0.6575154426904598
31,Sulfone,0.6700000000000002,0.9701338825952626,0.48909657320872274,0.6503279254401104
31,Sulfone,0.6800000000000002,0.9726315789473684,0.4797507788161994,0.6425591098748261
31,Sulfone,0.6900000000000002,0.9752155172413793,0.4698857736240914,0.6341976173791171
31,Sulfone,0.7000000000000002,0.9779492833517089,0.46053997923156803,0.6261913166254853
31,Sulfone,0.7100000000000002,0.9786995515695067,0.4532710280373832,0.6195883605393896
31,Sulfone,0.7200000000000002,0.979498861047836,0.446521287642783,0.6134094151212554
31,Sulfone,0.7300000000000002,0.981460023174971,0.43977154724818274,0.6073861599139476
31,Sulfone,0.7400000000000002,0.9820574162679426,0.42627206645898236,0.5944967414916728
31,Sulfone,0.7500000000000002,0.9840490797546012,0.4164070612668744,0.585187887632251
31,Sulfone,0.7600000000000002,0.9836683417085427,0.40654205607476634,0.5753122703894196
31,Sulfone,0.7700000000000002,0.9871630295250321,0.39927310488058154,0.5685767097966729
31,Sulfone,0.7800000000000001,0.9881422924901185,0.3894080996884735,0.5586592178770949
31,Sulfone,0.7900000000000001,0.9892037786774629,0.3805815160955348,0.5496812898387702
31,Sulfone,0.8000000000000002,0.9889349930843707,0.37123572170301145,0.5398263495658739
31,Sulfone,0.8100000000000002,0.9899713467048711,0.3587746625129803,0.5266768292682927
31,Sulfone,0.8200000000000002,0.9896296296296296,0.34683281412253375,0.5136485966935794
31,Sulfone,0.8300000000000002,0.9907834101382489,0.3348909657320872,0.5005820721769499
31,Sulfone,0.8400000000000002,0.9903536977491961,0.31983385254413293,0.4835164835164835
31,Sulfone,0.8500000000000002,0.9901153212520593,0.31204569055036346,0.4745361231741019
31,Sulfone,0.8600000000000002,0.9929824561403509,0.29387331256490135,0.453525641025641
31,Sulfone,0.8700000000000002,0.9925373134328358,0.2762201453790239,0.4321689683184403
31,Sulfone,0.8800000000000002,0.9922178988326849,0.26479750778816197,0.4180327868852459
31,Sulfone,0.8900000000000002,0.99375,0.24766355140186916,0.39650872817955113
31,Sulfone,0.9000000000000002,0.9955056179775281,0.23001038421599168,0.37368199072121466
31,Sulfone,0.9100000000000003,0.9951573849878934,0.21339563862928349,0.3514322359982899
31,Sulfone,0.9200000000000003,0.9973684210526316,0.1967808930425753,0.32870771899392887
31,Sulfone,0.9300000000000002,1.0,0.1791277258566978,0.3038309114927345
31,Sulfone,0.9400000000000002,1.0,0.15784008307372793,0.2726457399103139
31,Sulfone,0.9500000000000002,1.0,0.13862928348909656,0.24350205198358413
32,Sulfonic acid,0.05,1.0,1.0,1.0
32,Sulfonic acid,0.060000000000000005,1.0,1.0,1.0
32,Sulfonic acid,0.07,1.0,1.0,1.0
32,Sulfonic acid,0.08000000000000002,1.0,1.0,1.0
32,Sulfonic acid,0.09000000000000001,1.0,1.0,1.0
32,Sulfonic acid,0.1,1.0,1.0,1.0
32,Sulfonic acid,0.11000000000000001,1.0,1.0,1.0
32,Sulfonic acid,0.12000000000000001,1.0,1.0,1.0
32,Sulfonic acid,0.13,1.0,1.0,1.0
32,Sulfonic acid,0.14,1.0,1.0,1.0
32,Sulfonic acid,0.15000000000000002,1.0,1.0,1.0
32,Sulfonic acid,0.16000000000000003,1.0,1.0,1.0
32,Sulfonic acid,0.17000000000000004,1.0,1.0,1.0
32,Sulfonic acid,0.18000000000000005,1.0,1.0,1.0
32,Sulfonic acid,0.19,1.0,1.0,1.0
32,Sulfonic acid,0.2,1.0,1.0,1.0
32,Sulfonic acid,0.21000000000000002,1.0,1.0,1.0
32,Sulfonic acid,0.22000000000000003,1.0,1.0,1.0
32,Sulfonic acid,0.23000000000000004,1.0,1.0,1.0
32,Sulfonic acid,0.24000000000000005,1.0,1.0,1.0
32,Sulfonic acid,0.25000000000000006,1.0,1.0,1.0
32,Sulfonic acid,0.26000000000000006,1.0,1.0,1.0
32,Sulfonic acid,0.27,1.0,1.0,1.0
32,Sulfonic acid,0.28,1.0,1.0,1.0
32,Sulfonic acid,0.29000000000000004,1.0,1.0,1.0
32,Sulfonic acid,0.30000000000000004,1.0,1.0,1.0
32,Sulfonic acid,0.31000000000000005,1.0,1.0,1.0
32,Sulfonic acid,0.32000000000000006,1.0,1.0,1.0
32,Sulfonic acid,0.33,1.0,1.0,1.0
32,Sulfonic acid,0.34,1.0,1.0,1.0
32,Sulfonic acid,0.35000000000000003,1.0,1.0,1.0
32,Sulfonic acid,0.36000000000000004,1.0,1.0,1.0
32,Sulfonic acid,0.37000000000000005,1.0,1.0,1.0
32,Sulfonic acid,0.38000000000000006,1.0,1.0,1.0
32,Sulfonic acid,0.39000000000000007,1.0,1.0,1.0
32,Sulfonic acid,0.4000000000000001,1.0,1.0,1.0
32,Sulfonic acid,0.4100000000000001,1.0,1.0,1.0
32,Sulfonic acid,0.42000000000000004,1.0,1.0,1.0
32,Sulfonic acid,0.43000000000000005,1.0,1.0,1.0
32,Sulfonic acid,0.44000000000000006,1.0,1.0,1.0
32,Sulfonic acid,0.45000000000000007,1.0,1.0,1.0
32,Sulfonic acid,0.4600000000000001,1.0,1.0,1.0
32,Sulfonic acid,0.4700000000000001,1.0,1.0,1.0
32,Sulfonic acid,0.4800000000000001,1.0,1.0,1.0
32,Sulfonic acid,0.49000000000000005,1.0,1.0,1.0
32,Sulfonic acid,0.5000000000000001,1.0,1.0,1.0
32,Sulfonic acid,0.5100000000000001,1.0,1.0,1.0
32,Sulfonic acid,0.5200000000000001,1.0,1.0,1.0
32,Sulfonic acid,0.5300000000000001,1.0,1.0,1.0
32,Sulfonic acid,0.5400000000000001,1.0,1.0,1.0
32,Sulfonic acid,0.5500000000000002,1.0,1.0,1.0
32,Sulfonic acid,0.5600000000000002,1.0,1.0,1.0
32,Sulfonic acid,0.5700000000000002,1.0,1.0,1.0
32,Sulfonic acid,0.5800000000000002,1.0,1.0,1.0
32,Sulfonic acid,0.5900000000000002,1.0,1.0,1.0
32,Sulfonic acid,0.6000000000000002,1.0,1.0,1.0
32,Sulfonic acid,0.6100000000000001,1.0,1.0,1.0
32,Sulfonic acid,0.6200000000000001,1.0,1.0,1.0
32,Sulfonic acid,0.6300000000000001,1.0,1.0,1.0
32,Sulfonic acid,0.6400000000000001,1.0,1.0,1.0
32,Sulfonic acid,0.6500000000000001,1.0,1.0,1.0
32,Sulfonic acid,0.6600000000000001,1.0,1.0,1.0
32,Sulfonic acid,0.6700000000000002,1.0,1.0,1.0
32,Sulfonic acid,0.6800000000000002,1.0,1.0,1.0
32,Sulfonic acid,0.6900000000000002,1.0,1.0,1.0
32,Sulfonic acid,0.7000000000000002,1.0,1.0,1.0
32,Sulfonic acid,0.7100000000000002,1.0,1.0,1.0
32,Sulfonic acid,0.7200000000000002,1.0,1.0,1.0
32,Sulfonic acid,0.7300000000000002,1.0,1.0,1.0
32,Sulfonic acid,0.7400000000000002,1.0,1.0,1.0
32,Sulfonic acid,0.7500000000000002,1.0,1.0,1.0
32,Sulfonic acid,0.7600000000000002,1.0,1.0,1.0
32,Sulfonic acid,0.7700000000000002,1.0,1.0,1.0
32,Sulfonic acid,0.7800000000000001,1.0,1.0,1.0
32,Sulfonic acid,0.7900000000000001,1.0,1.0,1.0
32,Sulfonic acid,0.8000000000000002,1.0,1.0,1.0
32,Sulfonic acid,0.8100000000000002,1.0,1.0,1.0
32,Sulfonic acid,0.8200000000000002,1.0,1.0,1.0
32,Sulfonic acid,0.8300000000000002,1.0,0.6666666666666666,0.8
32,Sulfonic acid,0.8400000000000002,1.0,0.6666666666666666,0.8
32,Sulfonic acid,0.8500000000000002,1.0,0.6666666666666666,0.8
32,Sulfonic acid,0.8600000000000002,1.0,0.3333333333333333,0.5
32,Sulfonic acid,0.8700000000000002,1.0,0.3333333333333333,0.5
32,Sulfonic acid,0.8800000000000002,1.0,0.3333333333333333,0.5
32,Sulfonic acid,0.8900000000000002,1.0,0.3333333333333333,0.5
32,Sulfonic acid,0.9000000000000002,0.0,0.0,0.0
32,Sulfonic acid,0.9100000000000003,0.0,0.0,0.0
32,Sulfonic acid,0.9200000000000003,0.0,0.0,0.0
32,Sulfonic acid,0.9300000000000002,0.0,0.0,0.0
32,Sulfonic acid,0.9400000000000002,0.0,0.0,0.0
32,Sulfonic acid,0.9500000000000002,0.0,0.0,0.0
33,Sulfoxide,0.05,0.48513302034428796,0.7692307692307693,0.5950095969289827
33,Sulfoxide,0.060000000000000005,0.5609756097560976,0.7419354838709677,0.6388888888888888
33,Sulfoxide,0.07,0.6212765957446809,0.7245657568238213,0.6689576174112256
33,Sulfoxide,0.08000000000000002,0.6802884615384616,0.7022332506203474,0.6910866910866911
33,Sulfoxide,0.09000000000000001,0.7315789473684211,0.6898263027295285,0.7100893997445722
33,Sulfoxide,0.1,0.7655367231638418,0.6724565756823822,0.7159841479524438
33,Sulfoxide,0.11000000000000001,0.8179012345679012,0.6575682382133995,0.7290233837689133
33,Sulfoxide,0.12000000000000001,0.8327974276527331,0.6426799007444168,0.7254901960784313
33,Sulfoxide,0.13,0.863481228668942,0.6277915632754343,0.7270114942528736
33,Sulfoxide,0.14,0.8776978417266187,0.6054590570719603,0.7165932452276065
33,Sulfoxide,0.15000000000000002,0.8913857677902621,0.5905707196029777,0.7104477611940299
33,Sulfoxide,0.16000000000000003,0.8935361216730038,0.5831265508684863,0.7057057057057057
33,Sulfoxide,0.17000000000000004,0.8992248062015504,0.575682382133995,0.7019667170953101
33,Sulfoxide,0.18000000000000005,0.9156626506024096,0.56575682382134,0.6993865030674846
33,Sulfoxide,0.19,0.9218106995884774,0.5558312655086849,0.6934984520123839
33,Sulfoxide,0.2,0.9285714285714286,0.5483870967741935,0.6895475819032761
33,Sulfoxide,0.21000000000000002,0.9316239316239316,0.5409429280397022,0.6844583987441131
33,Sulfoxide,0.22000000000000003,0.9347826086956522,0.533498759305211,0.6793048973143759
33,Sulfoxide,0.23000000000000004,0.9419642857142857,0.5235732009925558,0.6730462519936204
33,Sulfoxide,0.24000000000000005,0.9495412844036697,0.5136476426799007,0.6666666666666666
33,Sulfoxide,0.25000000000000006,0.9483568075117371,0.5012406947890818,0.6558441558441559
33,Sulfoxide,0.26000000000000006,0.9516908212560387,0.48883374689826303,0.6459016393442623
33,Sulfoxide,0.27,0.9552238805970149,0.47642679900744417,0.6357615894039735
33,Sulfoxide,0.28,0.9633507853403142,0.456575682382134,0.6195286195286195
33,Sulfoxide,0.29000000000000004,0.9675675675675676,0.4441687344913151,0.608843537414966
33,Sulfoxide,0.30000000000000004,0.9723756906077348,0.43672456575682383,0.6027397260273972
33,Sulfoxide,0.31000000000000005,0.9717514124293786,0.4267990074441687,0.593103448275862
33,Sulfoxide,0.32000000000000006,0.9825581395348837,0.41935483870967744,0.5878260869565217
33,Sulfoxide,0.33,0.9820359281437125,0.40694789081885857,0.5754385964912281
33,Sulfoxide,0.34,0.9815950920245399,0.3970223325062035,0.5653710247349824
33,Sulfoxide,0.35000000000000003,0.9807692307692307,0.37965260545905705,0.5474060822898033
33,Sulfoxide,0.36000000000000004,0.9801324503311258,0.36724565756823824,0.5342960288808665
33,Sulfoxide,0.37000000000000005,0.9795918367346939,0.3573200992555831,0.5236363636363637
33,Sulfoxide,0.38000000000000006,0.9790209790209791,0.34739454094292804,0.5128205128205128
33,Sulfoxide,0.39000000000000007,0.9782608695652174,0.3349875930521092,0.49907578558225507
33,Sulfoxide,0.4000000000000001,0.9849624060150376,0.3250620347394541,0.48880597014925375
33,Sulfoxide,0.4100000000000001,0.9844961240310077,0.315136476426799,0.4774436090225564
33,Sulfoxide,0.42000000000000004,0.984375,0.31265508684863524,0.4745762711864407
33,Sulfoxide,0.43000000000000005,0.9921259842519685,0.31265508684863524,0.47547169811320755
33,Sulfoxide,0.44000000000000006,0.9920634920634921,0.31017369727047145,0.4725897920604915
33,Sulfoxide,0.45000000000000007,0.9919354838709677,0.3052109181141439,0.4667931688804554
33,Sulfoxide,0.4600000000000001,0.9917355371900827,0.2977667493796526,0.4580152671755725
33,Sulfoxide,0.4700000000000001,0.9917355371900827,0.2977667493796526,0.4580152671755725
33,Sulfoxide,0.4800000000000001,0.9915254237288136,0.2903225806451613,0.4491362763915547
33,Sulfoxide,0.49000000000000005,0.9914529914529915,0.2878411910669975,0.4461538461538462
33,Sulfoxide,0.5000000000000001,0.9911504424778761,0.27791563275434245,0.43410852713178294
33,Sulfoxide,0.5100000000000001,0.990909090909091,0.2704714640198511,0.4249512670565302
33,Sulfoxide,0.5200000000000001,0.9908256880733946,0.2679900744416873,0.421875
33,Sulfoxide,0.5300000000000001,0.9904761904761905,0.25806451612903225,0.4094488188976378
33,Sulfoxide,0.5400000000000001,1.0,0.2506203473945409,0.4007936507936508
33,Sulfoxide,0.5500000000000002,1.0,0.24317617866004962,0.3912175648702595
33,Sulfoxide,0.5600000000000002,1.0,0.22580645161290322,0.3684210526315789
33,Sulfoxide,0.5700000000000002,1.0,0.21588089330024815,0.3551020408163265
33,Sulfoxide,0.5800000000000002,1.0,0.2109181141439206,0.3483606557377049
33,Sulfoxide,0.5900000000000002,1.0,0.20843672456575682,0.34496919917864477
33,Sulfoxide,0.6000000000000002,1.0,0.20347394540942929,0.33814432989690724
33,Sulfoxide,0.6100000000000001,1.0,0.19602977667493796,0.3278008298755187
33,Sulfoxide,0.6200000000000001,1.0,0.19602977667493796,0.3278008298755187
33,Sulfoxide,0.6300000000000001,1.0,0.18858560794044665,0.3173277661795407
33,Sulfoxide,0.6400000000000001,1.0,0.18362282878411912,0.31027253668763105
33,Sulfoxide,0.6500000000000001,1.0,0.18114143920595532,0.3067226890756303
33,Sulfoxide,0.6600000000000001,1.0,0.17369727047146402,0.2959830866807611
33,Sulfoxide,0.6700000000000002,1.0,0.17121588089330025,0.2923728813559322
33,Sulfoxide,0.6800000000000002,1.0,0.16377171215880892,0.2814498933901919
33,Sulfoxide,0.6900000000000002,1.0,0.1588089330024814,0.2740899357601713
33,Sulfoxide,0.7000000000000002,1.0,0.15632754342431762,0.2703862660944206
33,Sulfoxide,0.7100000000000002,1.0,0.1488833746898263,0.2591792656587473
33,Sulfoxide,0.7200000000000002,1.0,0.141439205955335,0.24782608695652175
33,Sulfoxide,0.7300000000000002,1.0,0.12903225806451613,0.22857142857142856
33,Sulfoxide,0.7400000000000002,1.0,0.12158808933002481,0.2168141592920354
33,Sulfoxide,0.7500000000000002,1.0,0.11662531017369727,0.2088888888888889
33,Sulfoxide,0.7600000000000002,1.0,0.11166253101736973,0.20089285714285715
33,Sulfoxide,0.7700000000000002,1.0,0.10669975186104218,0.19282511210762332
33,Sulfoxide,0.7800000000000001,1.0,0.0967741935483871,0.17647058823529413
33,Sulfoxide,0.7900000000000001,1.0,0.09429280397022333,0.17233560090702948
33,Sulfoxide,0.8000000000000002,1.0,0.09181141439205956,0.16818181818181818
33,Sulfoxide,0.8100000000000002,1.0,0.08436724565756824,0.15560640732265446
33,Sulfoxide,0.8200000000000002,1.0,0.08188585607940446,0.15137614678899083
33,Sulfoxide,0.8300000000000002,1.0,0.07692307692307693,0.14285714285714285
33,Sulfoxide,0.8400000000000002,1.0,0.07444168734491315,0.13856812933025403
33,Sulfoxide,0.8500000000000002,1.0,0.07196029776674938,0.13425925925925927
33,Sulfoxide,0.8600000000000002,1.0,0.06451612903225806,0.12121212121212122
33,Sulfoxide,0.8700000000000002,1.0,0.05955334987593052,0.11241217798594848
33,Sulfoxide,0.8800000000000002,1.0,0.05955334987593052,0.11241217798594848
33,Sulfoxide,0.8900000000000002,1.0,0.05707196029776675,0.107981220657277
33,Sulfoxide,0.9000000000000002,1.0,0.04962779156327544,0.09456264775413711
33,Sulfoxide,0.9100000000000003,1.0,0.04218362282878412,0.08095238095238096
33,Sulfoxide,0.9200000000000003,1.0,0.034739454094292806,0.0671462829736211
33,Sulfoxide,0.9300000000000002,1.0,0.03225806451612903,0.0625
33,Sulfoxide,0.9400000000000002,1.0,0.02729528535980149,0.05314009661835749
33,Sulfoxide,0.9500000000000002,1.0,0.022332506203473945,0.043689320388349516
34,Thial,0.05,1.0,1.0,1.0
34,Thial,0.060000000000000005,1.0,1.0,1.0
34,Thial,0.07,1.0,1.0,1.0
34,Thial,0.08000000000000002,1.0,1.0,1.0
34,Thial,0.09000000000000001,1.0,1.0,1.0
34,Thial,0.1,1.0,1.0,1.0
34,Thial,0.11000000000000001,1.0,1.0,1.0
34,Thial,0.12000000000000001,1.0,1.0,1.0
34,Thial,0.13,1.0,1.0,1.0
34,Thial,0.14,1.0,1.0,1.0
34,Thial,0.15000000000000002,1.0,1.0,1.0
34,Thial,0.16000000000000003,1.0,1.0,1.0
34,Thial,0.17000000000000004,1.0,1.0,1.0
34,Thial,0.18000000000000005,1.0,1.0,1.0
34,Thial,0.19,1.0,1.0,1.0
34,Thial,0.2,1.0,1.0,1.0
34,Thial,0.21000000000000002,1.0,1.0,1.0
34,Thial,0.22000000000000003,1.0,1.0,1.0
34,Thial,0.23000000000000004,1.0,1.0,1.0
34,Thial,0.24000000000000005,1.0,1.0,1.0
34,Thial,0.25000000000000006,1.0,1.0,1.0
34,Thial,0.26000000000000006,1.0,1.0,1.0
34,Thial,0.27,1.0,1.0,1.0
34,Thial,0.28,1.0,1.0,1.0
34,Thial,0.29000000000000004,1.0,1.0,1.0
34,Thial,0.30000000000000004,1.0,1.0,1.0
34,Thial,0.31000000000000005,1.0,1.0,1.0
34,Thial,0.32000000000000006,1.0,1.0,1.0
34,Thial,0.33,1.0,1.0,1.0
34,Thial,0.34,1.0,1.0,1.0
34,Thial,0.35000000000000003,1.0,1.0,1.0
34,Thial,0.36000000000000004,1.0,1.0,1.0
34,Thial,0.37000000000000005,1.0,1.0,1.0
34,Thial,0.38000000000000006,1.0,1.0,1.0
34,Thial,0.39000000000000007,1.0,1.0,1.0
34,Thial,0.4000000000000001,1.0,1.0,1.0
34,Thial,0.4100000000000001,1.0,1.0,1.0
34,Thial,0.42000000000000004,1.0,1.0,1.0
34,Thial,0.43000000000000005,1.0,1.0,1.0
34,Thial,0.44000000000000006,1.0,1.0,1.0
34,Thial,0.45000000000000007,1.0,1.0,1.0
34,Thial,0.4600000000000001,1.0,1.0,1.0
34,Thial,0.4700000000000001,1.0,1.0,1.0
34,Thial,0.4800000000000001,1.0,1.0,1.0
34,Thial,0.49000000000000005,1.0,1.0,1.0
34,Thial,0.5000000000000001,1.0,1.0,1.0
34,Thial,0.5100000000000001,1.0,1.0,1.0
34,Thial,0.5200000000000001,1.0,1.0,1.0
34,Thial,0.5300000000000001,1.0,1.0,1.0
34,Thial,0.5400000000000001,1.0,1.0,1.0
34,Thial,0.5500000000000002,1.0,1.0,1.0
34,Thial,0.5600000000000002,1.0,1.0,1.0
34,Thial,0.5700000000000002,1.0,1.0,1.0
34,Thial,0.5800000000000002,1.0,1.0,1.0
34,Thial,0.5900000000000002,1.0,1.0,1.0
34,Thial,0.6000000000000002,1.0,1.0,1.0
34,Thial,0.6100000000000001,1.0,1.0,1.0
34,Thial,0.6200000000000001,1.0,1.0,1.0
34,Thial,0.6300000000000001,1.0,1.0,1.0
34,Thial,0.6400000000000001,1.0,1.0,1.0
34,Thial,0.6500000000000001,1.0,1.0,1.0
34,Thial,0.6600000000000001,1.0,1.0,1.0
34,Thial,0.6700000000000002,1.0,1.0,1.0
34,Thial,0.6800000000000002,1.0,1.0,1.0
34,Thial,0.6900000000000002,1.0,1.0,1.0
34,Thial,0.7000000000000002,1.0,1.0,1.0
34,Thial,0.7100000000000002,1.0,1.0,1.0
34,Thial,0.7200000000000002,1.0,1.0,1.0
34,Thial,0.7300000000000002,1.0,1.0,1.0
34,Thial,0.7400000000000002,1.0,1.0,1.0
34,Thial,0.7500000000000002,1.0,1.0,1.0
34,Thial,0.7600000000000002,1.0,1.0,1.0
34,Thial,0.7700000000000002,1.0,1.0,1.0
34,Thial,0.7800000000000001,1.0,1.0,1.0
34,Thial,0.7900000000000001,1.0,1.0,1.0
34,Thial,0.8000000000000002,1.0,1.0,1.0
34,Thial,0.8100000000000002,1.0,1.0,1.0
34,Thial,0.8200000000000002,1.0,1.0,1.0
34,Thial,0.8300000000000002,1.0,1.0,1.0
34,Thial,0.8400000000000002,1.0,1.0,1.0
34,Thial,0.8500000000000002,1.0,1.0,1.0
34,Thial,0.8600000000000002,1.0,1.0,1.0
34,Thial,0.8700000000000002,1.0,1.0,1.0
34,Thial,0.8800000000000002,1.0,1.0,1.0
34,Thial,0.8900000000000002,1.0,1.0,1.0
34,Thial,0.9000000000000002,1.0,1.0,1.0
34,Thial,0.9100000000000003,1.0,1.0,1.0
34,Thial,0.9200000000000003,1.0,1.0,1.0
34,Thial,0.9300000000000002,0.0,0.0,0.0
34,Thial,0.9400000000000002,0.0,0.0,0.0
34,Thial,0.9500000000000002,0.0,0.0,0.0
35,Thioamide,0.05,0.3952755905511811,0.8338870431893688,0.5363247863247863
35,Thioamide,0.060000000000000005,0.4603914259086673,0.8205980066445183,0.5898507462686567
35,Thioamide,0.07,0.5207423580786026,0.792358803986711,0.6284584980237155
35,Thioamide,0.08000000000000002,0.5616605616605617,0.7641196013289037,0.6474313863476425
35,Thioamide,0.09000000000000001,0.6056527590847914,0.7475083056478405,0.6691449814126395
35,Thioamide,0.1,0.6394160583941606,0.7275747508305648,0.6806526806526807
35,Thioamide,0.11000000000000001,0.6708268330733229,0.7142857142857143,0.6918744971842317
35,Thioamide,0.12000000000000001,0.7004991680532446,0.6993355481727574,0.6999168744804655
35,Thioamide,0.13,0.7248677248677249,0.6827242524916943,0.7031650983746792
35,Thioamide,0.14,0.7436363636363637,0.6794019933554817,0.7100694444444444
35,Thioamide,0.15000000000000002,0.7647058823529411,0.6694352159468439,0.7139061116031886
35,Thioamide,0.16000000000000003,0.7808764940239044,0.6511627906976745,0.7101449275362319
35,Thioamide,0.17000000000000004,0.7983193277310925,0.6312292358803987,0.7050092764378478
35,Thioamide,0.18000000000000005,0.8130434782608695,0.6212624584717608,0.704331450094162
35,Thioamide,0.19,0.8261851015801355,0.6079734219269103,0.7004784688995215
35,Thioamide,0.2,0.8418604651162791,0.6013289036544851,0.7015503875968992
35,Thioamide,0.21000000000000002,0.8554502369668247,0.5996677740863787,0.705078125
35,Thioamide,0.22000000000000003,0.8822055137844611,0.584717607973422,0.7032967032967034
35,Thioamide,0.23000000000000004,0.8937823834196891,0.5730897009966778,0.6983805668016194
35,Thioamide,0.24000000000000005,0.8975741239892183,0.553156146179402,0.68448098663926
35,Thioamide,0.25000000000000006,0.9043715846994536,0.5498338870431894,0.6838842975206612
35,Thioamide,0.26000000000000006,0.9050279329608939,0.5382059800664452,0.675
35,Thioamide,0.27,0.9147727272727273,0.5348837209302325,0.6750524109014675
35,Thioamide,0.28,0.9183673469387755,0.5232558139534884,0.6666666666666666
35,Thioamide,0.29000000000000004,0.9230769230769231,0.5182724252491694,0.6638297872340425
35,Thioamide,0.30000000000000004,0.9270516717325228,0.5066445182724253,0.6552094522019334
35,Thioamide,0.31000000000000005,0.9347826086956522,0.5,0.6515151515151515
35,Thioamide,0.32000000000000006,0.9426751592356688,0.49169435215946844,0.6462882096069869
35,Thioamide,0.33,0.9442622950819672,0.47840531561461797,0.6350606394707828
35,Thioamide,0.34,0.9494949494949495,0.4684385382059801,0.6273637374860956
35,Thioamide,0.35000000000000003,0.9553264604810997,0.46179401993355484,0.6226203807390818
35,Thioamide,0.36000000000000004,0.9678571428571429,0.45016611295681064,0.6145124716553289
35,Thioamide,0.37000000000000005,0.9676258992805755,0.446843853820598,0.6113636363636363
35,Thioamide,0.38000000000000006,0.9705882352941176,0.43853820598006643,0.6041189931350115
35,Thioamide,0.39000000000000007,0.9739776951672863,0.43521594684385384,0.6016073478760046
35,Thioamide,0.4000000000000001,0.9732824427480916,0.42358803986710963,0.5902777777777778
35,Thioamide,0.4100000000000001,0.9762845849802372,0.41029900332225916,0.5777777777777777
35,Thioamide,0.42000000000000004,0.9757085020242915,0.4003322259136213,0.5677267373380448
35,Thioamide,0.43000000000000005,0.9876543209876543,0.39867109634551495,0.5680473372781065
35,Thioamide,0.44000000000000006,0.9873949579831933,0.3903654485049834,0.5595238095238095
35,Thioamide,0.45000000000000007,0.9868995633187773,0.3754152823920266,0.5439229843561973
35,Thioamide,0.4600000000000001,0.9864864864864865,0.3637873754152824,0.5315533980582524
35,Thioamide,0.4700000000000001,0.9907407407407407,0.3554817275747508,0.5232273838630807
35,Thioamide,0.4800000000000001,0.9904306220095693,0.3438538205980066,0.5104808877928483
35,Thioamide,0.49000000000000005,0.9904306220095693,0.3438538205980066,0.5104808877928483
35,Thioamide,0.5000000000000001,0.9900990099009901,0.33222591362126247,0.4975124378109453
35,Thioamide,0.5100000000000001,0.9898477157360406,0.3239202657807309,0.4881101376720901
35,Thioamide,0.5200000000000001,0.9896907216494846,0.31893687707641194,0.4824120603015075
35,Thioamide,0.5300000000000001,0.9895287958115183,0.313953488372093,0.4766708701134931
35,Thioamide,0.5400000000000001,0.9893048128342246,0.3073089700996678,0.46894803548795944
35,Thioamide,0.5500000000000002,0.9891891891891892,0.30398671096345514,0.4650571791613723
35,Thioamide,0.5600000000000002,0.9888268156424581,0.29401993355481726,0.4532650448143406
35,Thioamide,0.5700000000000002,0.9884393063583815,0.2840531561461794,0.44129032258064516
35,Thioamide,0.5800000000000002,0.9883040935672515,0.2807308970099668,0.4372574385510996
35,Thioamide,0.5900000000000002,0.9882352941176471,0.27906976744186046,0.43523316062176165
35,Thioamide,0.6000000000000002,0.9878048780487805,0.2691029900332226,0.42297650130548303
35,Thioamide,0.6100000000000001,0.9876543209876543,0.26578073089701,0.418848167539267
35,Thioamide,0.6200000000000001,0.987012987012987,0.25249169435215946,0.4021164021164021
35,Thioamide,0.6300000000000001,0.9869281045751634,0.25083056478405313,0.4
35,Thioamide,0.6400000000000001,0.9866666666666667,0.24584717607973422,0.39361702127659576
35,Thioamide,0.6500000000000001,0.9866666666666667,0.24584717607973422,0.39361702127659576
35,Thioamide,0.6600000000000001,0.993103448275862,0.23920265780730898,0.3855421686746988
35,Thioamide,0.6700000000000002,0.9929577464788732,0.23421926910299004,0.3790322580645161
35,Thioamide,0.6800000000000002,0.9926470588235294,0.22425249169435216,0.36585365853658536
35,Thioamide,0.6900000000000002,0.9924812030075187,0.21926910299003322,0.35918367346938773
35,Thioamide,0.7000000000000002,0.9923076923076923,0.21428571428571427,0.3524590163934426
35,Thioamide,0.7100000000000002,1.0,0.2026578073089701,0.3370165745856354
35,Thioamide,0.7200000000000002,1.0,0.19933554817275748,0.33240997229916897
35,Thioamide,0.7300000000000002,1.0,0.19269102990033224,0.3231197771587744
35,Thioamide,0.7400000000000002,1.0,0.1877076411960133,0.31608391608391606
35,Thioamide,0.7500000000000002,1.0,0.18272425249169436,0.3089887640449438
35,Thioamide,0.7600000000000002,1.0,0.18272425249169436,0.3089887640449438
35,Thioamide,0.7700000000000002,1.0,0.1760797342192691,0.2994350282485876
35,Thioamide,0.7800000000000001,1.0,0.1744186046511628,0.297029702970297
35,Thioamide,0.7900000000000001,1.0,0.16777408637873753,0.28733997155049784
35,Thioamide,0.8000000000000002,1.0,0.1611295681063123,0.27753934191702434
35,Thioamide,0.8100000000000002,1.0,0.15614617940199335,0.27011494252873564
35,Thioamide,0.8200000000000002,1.0,0.15282392026578073,0.26512968299711814
35,Thioamide,0.8300000000000002,1.0,0.13953488372093023,0.24489795918367346
35,Thioamide,0.8400000000000002,1.0,0.132890365448505,0.23460410557184752
35,Thioamide,0.8500000000000002,1.0,0.12790697674418605,0.2268041237113402
35,Thioamide,0.8600000000000002,1.0,0.1212624584717608,0.2162962962962963
35,Thioamide,0.8700000000000002,1.0,0.11295681063122924,0.20298507462686566
35,Thioamide,0.8800000000000002,1.0,0.10465116279069768,0.18947368421052632
35,Thioamide,0.8900000000000002,1.0,0.10132890365448505,0.18401206636500755
35,Thioamide,0.9000000000000002,1.0,0.08970099667774087,0.16463414634146342
35,Thioamide,0.9100000000000003,1.0,0.08803986710963455,0.1618320610687023
35,Thioamide,0.9200000000000003,1.0,0.07308970099667775,0.13622291021671826
35,Thioamide,0.9300000000000002,1.0,0.0664451827242525,0.12461059190031153
35,Thioamide,0.9400000000000002,1.0,0.05647840531561462,0.1069182389937107
35,Thioamide,0.9500000000000002,1.0,0.04152823920265781,0.07974481658692185
36,Thiol,0.05,0.9593220338983051,0.9725085910652921,0.9658703071672355
36,Thiol,0.060000000000000005,0.9691780821917808,0.9725085910652921,0.9708404802744426
36,Thiol,0.07,0.9758620689655172,0.9725085910652921,0.9741824440619621
36,Thiol,0.08000000000000002,0.9826388888888888,0.9725085910652921,0.9775474956822107
36,Thiol,0.09000000000000001,0.9895104895104895,0.9725085910652921,0.9809358752166378
36,Thiol,0.1,0.9895104895104895,0.9725085910652921,0.9809358752166378
36,Thiol,0.11000000000000001,0.9895104895104895,0.9725085910652921,0.9809358752166378
36,Thiol,0.12000000000000001,0.9929824561403509,0.9725085910652921,0.9826388888888888
36,Thiol,0.13,0.9929824561403509,0.9725085910652921,0.9826388888888888
36,Thiol,0.14,0.9929824561403509,0.9725085910652921,0.9826388888888888
36,Thiol,0.15000000000000002,0.9929824561403509,0.9725085910652921,0.9826388888888888
36,Thiol,0.16000000000000003,0.9929824561403509,0.9725085910652921,0.9826388888888888
36,Thiol,0.17000000000000004,0.9929824561403509,0.9725085910652921,0.9826388888888888
36,Thiol,0.18000000000000005,0.9929824561403509,0.9725085910652921,0.9826388888888888
36,Thiol,0.19,0.9929824561403509,0.9725085910652921,0.9826388888888888
36,Thiol,0.2,0.9929824561403509,0.9725085910652921,0.9826388888888888
36,Thiol,0.21000000000000002,0.9929824561403509,0.9725085910652921,0.9826388888888888
36,Thiol,0.22000000000000003,0.9929824561403509,0.9725085910652921,0.9826388888888888
36,Thiol,0.23000000000000004,0.9929824561403509,0.9725085910652921,0.9826388888888888
36,Thiol,0.24000000000000005,0.9929824561403509,0.9725085910652921,0.9826388888888888
36,Thiol,0.25000000000000006,0.9929824561403509,0.9725085910652921,0.9826388888888888
36,Thiol,0.26000000000000006,0.9929577464788732,0.9690721649484536,0.9808695652173913
36,Thiol,0.27,0.9929577464788732,0.9690721649484536,0.9808695652173913
36,Thiol,0.28,0.9929577464788732,0.9690721649484536,0.9808695652173913
36,Thiol,0.29000000000000004,0.9929328621908127,0.9656357388316151,0.9790940766550522
36,Thiol,0.30000000000000004,0.9929328621908127,0.9656357388316151,0.9790940766550522
36,Thiol,0.31000000000000005,0.9929328621908127,0.9656357388316151,0.9790940766550522
36,Thiol,0.32000000000000006,0.9929328621908127,0.9656357388316151,0.9790940766550522
36,Thiol,0.33,0.9929328621908127,0.9656357388316151,0.9790940766550522
36,Thiol,0.34,0.9929328621908127,0.9656357388316151,0.9790940766550522
36,Thiol,0.35000000000000003,0.9929328621908127,0.9656357388316151,0.9790940766550522
36,Thiol,0.36000000000000004,0.9929328621908127,0.9656357388316151,0.9790940766550522
36,Thiol,0.37000000000000005,0.9929328621908127,0.9656357388316151,0.9790940766550522
36,Thiol,0.38000000000000006,0.9929328621908127,0.9656357388316151,0.9790940766550522
36,Thiol,0.39000000000000007,0.9929328621908127,0.9656357388316151,0.9790940766550522
36,Thiol,0.4000000000000001,0.9929328621908127,0.9656357388316151,0.9790940766550522
36,Thiol,0.4100000000000001,0.9929328621908127,0.9656357388316151,0.9790940766550522
36,Thiol,0.42000000000000004,0.9929328621908127,0.9656357388316151,0.9790940766550522
36,Thiol,0.43000000000000005,0.9929328621908127,0.9656357388316151,0.9790940766550522
36,Thiol,0.44000000000000006,0.9929328621908127,0.9656357388316151,0.9790940766550522
36,Thiol,0.45000000000000007,0.9929328621908127,0.9656357388316151,0.9790940766550522
36,Thiol,0.4600000000000001,0.9929328621908127,0.9656357388316151,0.9790940766550522
36,Thiol,0.4700000000000001,0.9929078014184397,0.9621993127147767,0.9773123909249564
36,Thiol,0.4800000000000001,0.9929078014184397,0.9621993127147767,0.9773123909249564
36,Thiol,0.49000000000000005,0.99644128113879,0.9621993127147767,0.9790209790209791
36,Thiol,0.5000000000000001,0.99644128113879,0.9621993127147767,0.9790209790209791
36,Thiol,0.5100000000000001,0.99644128113879,0.9621993127147767,0.9790209790209791
36,Thiol,0.5200000000000001,0.9964285714285714,0.9587628865979382,0.9772329246935202
36,Thiol,0.5300000000000001,0.9964285714285714,0.9587628865979382,0.9772329246935202
36,Thiol,0.5400000000000001,0.9964285714285714,0.9587628865979382,0.9772329246935202
36,Thiol,0.5500000000000002,0.9964285714285714,0.9587628865979382,0.9772329246935202
36,Thiol,0.5600000000000002,0.996415770609319,0.9553264604810997,0.9754385964912281
36,Thiol,0.5700000000000002,0.996415770609319,0.9553264604810997,0.9754385964912281
36,Thiol,0.5800000000000002,0.996415770609319,0.9553264604810997,0.9754385964912281
36,Thiol,0.5900000000000002,0.996415770609319,0.9553264604810997,0.9754385964912281
36,Thiol,0.6000000000000002,0.996415770609319,0.9553264604810997,0.9754385964912281
36,Thiol,0.6100000000000001,0.996415770609319,0.9553264604810997,0.9754385964912281
36,Thiol,0.6200000000000001,0.996415770609319,0.9553264604810997,0.9754385964912281
36,Thiol,0.6300000000000001,0.9963898916967509,0.9484536082474226,0.971830985915493
36,Thiol,0.6400000000000001,0.9963898916967509,0.9484536082474226,0.971830985915493
36,Thiol,0.6500000000000001,0.9963898916967509,0.9484536082474226,0.971830985915493
36,Thiol,0.6600000000000001,0.9963898916967509,0.9484536082474226,0.971830985915493
36,Thiol,0.6700000000000002,0.9963898916967509,0.9484536082474226,0.971830985915493
36,Thiol,0.6800000000000002,0.9963898916967509,0.9484536082474226,0.971830985915493
36,Thiol,0.6900000000000002,0.9963898916967509,0.9484536082474226,0.971830985915493
36,Thiol,0.7000000000000002,0.9963898916967509,0.9484536082474226,0.971830985915493
36,Thiol,0.7100000000000002,0.9963768115942029,0.9450171821305842,0.9700176366843033
36,Thiol,0.7200000000000002,0.9963768115942029,0.9450171821305842,0.9700176366843033
36,Thiol,0.7300000000000002,0.9963768115942029,0.9450171821305842,0.9700176366843033
36,Thiol,0.7400000000000002,0.9963636363636363,0.9415807560137457,0.9681978798586572
36,Thiol,0.7500000000000002,0.9963503649635036,0.9381443298969072,0.9663716814159292
36,Thiol,0.7600000000000002,0.9963503649635036,0.9381443298969072,0.9663716814159292
36,Thiol,0.7700000000000002,0.9963235294117647,0.9312714776632303,0.9626998223801065
36,Thiol,0.7800000000000001,0.996309963099631,0.9278350515463918,0.9608540925266904
36,Thiol,0.7900000000000001,0.9962962962962963,0.9243986254295533,0.9590017825311943
36,Thiol,0.8000000000000002,0.9962962962962963,0.9243986254295533,0.9590017825311943
36,Thiol,0.8100000000000002,0.9962962962962963,0.9243986254295533,0.9590017825311943
36,Thiol,0.8200000000000002,0.9962962962962963,0.9243986254295533,0.9590017825311943
36,Thiol,0.8300000000000002,0.9962825278810409,0.9209621993127147,0.9571428571428572
36,Thiol,0.8400000000000002,1.0,0.9140893470790378,0.9551166965888689
36,Thiol,0.8500000000000002,1.0,0.9140893470790378,0.9551166965888689
36,Thiol,0.8600000000000002,1.0,0.9072164948453608,0.9513513513513514
36,Thiol,0.8700000000000002,1.0,0.9003436426116839,0.9475587703435805
36,Thiol,0.8800000000000002,1.0,0.9003436426116839,0.9475587703435805
36,Thiol,0.8900000000000002,1.0,0.8934707903780069,0.9437386569872959
36,Thiol,0.9000000000000002,1.0,0.8831615120274914,0.9379562043795621
36,Thiol,0.9100000000000003,1.0,0.872852233676976,0.9321100917431193
36,Thiol,0.9200000000000003,1.0,0.8487972508591065,0.9182156133828996
36,Thiol,0.9300000000000002,1.0,0.8384879725085911,0.9121495327102803
36,Thiol,0.9400000000000002,1.0,0.8281786941580757,0.9060150375939849
36,Thiol,0.9500000000000002,1.0,0.8178694158075601,0.8998109640831758
