run_id,score,best_epoch,num_epochs_trained,best_val_loss,test_loss,test_f1_micro,test_f1_macro,test_precision_micro,test_recall_micro,val_f1_micro,val_f1_macro,model_path,summary_path,training_log_path,num_sites,physical_dim,bond_dim,dropout_rate,batch_size,learning_rate,weight_decay,num_epochs,patience,lr_scheduler_factor,lr_scheduler_patience
run_00184,0.4652613653854772,1,1,0.7461970071948005,0.9372784346246423,0.4657816204427178,0.2956493394914611,0.3697250641856957,0.6292691140026413,0.4652613653854772,0.29497842974643423,src/spectroscopy_qml/ir/mps_encoder/results/grid_search/best_model.pt,src/spectroscopy_qml/ir/mps_encoder/results/grid_search/run_00184/summary.txt,src/spectroscopy_qml/ir/mps_encoder/results/grid_search/run_00184/training_log.csv,5,450,128,0.0,2048,0.001,1e-06,1,20,0.7,3
run_00110,0.4617303832065051,1,1,0.7915731647163747,1.024486846382171,0.46217000334956587,0.26875221885004047,0.3799234446193496,0.589865145719442,0.4617303832065051,0.2687659626442725,src/spectroscopy_qml/ir/mps_encoder/results/grid_search/best_model.pt,src/spectroscopy_qml/ir/mps_encoder/results/grid_search/run_00110/summary.txt,src/spectroscopy_qml/ir/mps_encoder/results/grid_search/run_00110/training_log.csv,5,240,128,0.0,512,0.001,1e-06,1,20,0.7,3
run_00044,0.4540313891397696,1,1,0.8079980818794128,1.005511937075122,0.45503460857009015,0.27024658375756194,0.36487681998453003,0.604368689393182,0.4540313891397696,0.269271029796567,src/spectroscopy_qml/ir/mps_encoder/results/grid_search/best_model.pt,src/spectroscopy_qml/ir/mps_encoder/results/grid_search/run_00044/summary.txt,src/spectroscopy_qml/ir/mps_encoder/results/grid_search/run_00044/training_log.csv,4,360,128,0.1,2048,0.001,1e-06,1,20,0.7,3
run_00114,0.4509358196438262,1,1,0.7970034748605052,1.0491546871132698,0.4518421733046223,0.2619267830426346,0.36154295641187617,0.6022640576248178,0.4509358196438262,0.2615972901265323,src/spectroscopy_qml/ir/mps_encoder/results/grid_search/best_model.pt,src/spectroscopy_qml/ir/mps_encoder/results/grid_search/run_00114/summary.txt,src/spectroscopy_qml/ir/mps_encoder/results/grid_search/run_00114/training_log.csv,5,240,128,0.1,512,0.001,1e-06,1,20,0.7,3
run_00164,0.4480025528491459,1,1,0.8079265346662574,0.8516909702874219,0.44804361194525616,0.262874051164111,0.39065747194815054,0.5251924422673198,0.4480025528491459,0.26343847362971234,src/spectroscopy_qml/ir/mps_encoder/results/grid_search/best_model.pt,src/spectroscopy_qml/ir/mps_encoder/results/grid_search/run_00164/summary.txt,src/spectroscopy_qml/ir/mps_encoder/results/grid_search/run_00164/training_log.csv,5,360,256,0.1,2048,0.001,1e-06,1,20,0.7,3
run_00040,0.4470215039469398,1,1,0.8215934877133565,1.0620096657552294,0.44898100039483124,0.2733804969773191,0.3655078274118889,0.5818649142099476,0.4470215039469398,0.2716878879492239,src/spectroscopy_qml/ir/mps_encoder/results/grid_search/best_model.pt,src/spectroscopy_qml/ir/mps_encoder/results/grid_search/run_00040/summary.txt,src/spectroscopy_qml/ir/mps_encoder/results/grid_search/run_00040/training_log.csv,4,360,128,0.0,2048,0.001,1e-06,1,20,0.7,3
run_00027,0.4449602426805166,1,1,0.8077681403636626,1.0962350132597685,0.44596723920989495,0.2599023373848448,0.3961948747292271,0.5100417243248078,0.4449602426805166,0.25880723572985137,src/spectroscopy_qml/ir/mps_encoder/results/grid_search/best_model.pt,src/spectroscopy_qml/ir/mps_encoder/results/grid_search/run_00027/summary.txt,src/spectroscopy_qml/ir/mps_encoder/results/grid_search/run_00027/training_log.csv,4,240,512,0.0,1024,0.001,1e-06,1,20,0.7,3
run_00109,0.4423736752343622,1,1,0.835291714743064,1.0604211089399198,0.44222227202438313,0.2561877057162913,0.3851682392944842,0.5191179488258786,0.4423736752343622,0.25558374942123885,src/spectroscopy_qml/ir/mps_encoder/results/grid_search/best_model.pt,src/spectroscopy_qml/ir/mps_encoder/results/grid_search/run_00109/summary.txt,src/spectroscopy_qml/ir/mps_encoder/results/grid_search/run_00109/training_log.csv,5,240,128,0.0,256,0.001,1e-06,1,20,0.7,3
run_00176,0.4408108672615888,1,1,0.8271531321057602,0.9693032008184636,0.44135472439022755,0.2637376179426873,0.34691202518596775,0.6064549056335731,0.4408108672615888,0.26285589262386827,src/spectroscopy_qml/ir/mps_encoder/results/grid_search/best_model.pt,src/spectroscopy_qml/ir/mps_encoder/results/grid_search/run_00176/summary.txt,src/spectroscopy_qml/ir/mps_encoder/results/grid_search/run_00176/training_log.csv,5,360,512,0.1,2048,0.001,1e-06,1,20,0.7,3
run_00112,0.4404466440601091,1,1,0.751268884490572,0.8941169848353963,0.4408228015027517,0.2809618704588462,0.3505860710245988,0.5936113902671304,0.4404466440601091,0.2806797087157285,src/spectroscopy_qml/ir/mps_encoder/results/grid_search/best_model.pt,src/spectroscopy_qml/ir/mps_encoder/results/grid_search/run_00112/summary.txt,src/spectroscopy_qml/ir/mps_encoder/results/grid_search/run_00112/training_log.csv,5,240,128,0.0,2048,0.001,1e-06,1,20,0.7,3
run_00195,0.44006418250612694,1,1,0.8009805020279587,0.8654778457594591,0.44025196608677036,0.2714394759755387,0.3572547682807312,0.573483218192437,0.44006418250612694,0.27085215860821776,src/spectroscopy_qml/ir/mps_encoder/results/grid_search/best_model.pt,src/spectroscopy_qml/ir/mps_encoder/results/grid_search/run_00195/summary.txt,src/spectroscopy_qml/ir/mps_encoder/results/grid_search/run_00195/training_log.csv,5,450,256,0.0,1024,0.001,1e-06,1,20,0.7,3
run_00064,0.4392737557296577,1,1,0.823813316450383,0.9057683630371137,0.44014166450714676,0.26226686501996654,0.35859023250499666,0.5697054041682232,0.4392737557296577,0.26077114640792887,src/spectroscopy_qml/ir/mps_encoder/results/grid_search/best_model.pt,src/spectroscopy_qml/ir/mps_encoder/results/grid_search/run_00064/summary.txt,src/spectroscopy_qml/ir/mps_encoder/results/grid_search/run_00064/training_log.csv,4,360,512,0.0,2048,0.001,1e-06,1,20,0.7,3
run_00188,0.43749838444453726,1,1,0.7931239690641804,0.9377743850846352,0.4381891633564305,0.2711029531285748,0.3520547289098921,0.5801233314216262,0.43749838444453726,0.2706775476110456,src/spectroscopy_qml/ir/mps_encoder/results/grid_search/best_model.pt,src/spectroscopy_qml/ir/mps_encoder/results/grid_search/run_00188/summary.txt,src/spectroscopy_qml/ir/mps_encoder/results/grid_search/run_00188/training_log.csv,5,450,128,0.1,2048,0.001,1e-06,1,20,0.7,3
run_00158,0.4342325004606489,1,1,0.7828626213534895,1.0321494072318937,0.435366912278343,0.2826649852607272,0.3457109126833699,0.587807868165866,0.4342325004606489,0.2830181517794711,src/spectroscopy_qml/ir/mps_encoder/results/grid_search/best_model.pt,src/spectroscopy_qml/ir/mps_encoder/results/grid_search/run_00158/summary.txt,src/spectroscopy_qml/ir/mps_encoder/results/grid_search/run_00158/training_log.csv,5,360,256,0.0,512,0.001,1e-06,1,20,0.7,3
run_00087,0.43398622769939077,1,1,0.929357187098585,1.086036205029893,0.4354917779048337,0.22396742977340275,0.37461596632444,0.5199913710097497,0.43398622769939077,0.22225357165052523,src/spectroscopy_qml/ir/mps_encoder/results/grid_search/best_model.pt,src/spectroscopy_qml/ir/mps_encoder/results/grid_search/run_00087/summary.txt,src/spectroscopy_qml/ir/mps_encoder/results/grid_search/run_00087/training_log.csv,4,450,256,0.0,1024,0.001,1e-06,1,20,0.7,3
run_00116,0.4328242288407911,1,1,0.7770191162865522,1.0188208162162578,0.43318180050515376,0.26534529503523396,0.3487938158070105,0.5714364637977027,0.4328242288407911,0.265232719376134,src/spectroscopy_qml/ir/mps_encoder/results/grid_search/best_model.pt,src/spectroscopy_qml/ir/mps_encoder/results/grid_search/run_00116/summary.txt,src/spectroscopy_qml/ir/mps_encoder/results/grid_search/run_00116/training_log.csv,5,240,128,0.1,2048,0.001,1e-06,1,20,0.7,3
run_00071,0.43114247836222575,1,1,0.8608042473708456,0.9959900343068931,0.4326388969757665,0.2508525241114701,0.34275065271341193,0.5864345959370084,0.43114247836222575,0.2497276906710896,src/spectroscopy_qml/ir/mps_encoder/results/grid_search/best_model.pt,src/spectroscopy_qml/ir/mps_encoder/results/grid_search/run_00071/summary.txt,src/spectroscopy_qml/ir/mps_encoder/results/grid_search/run_00071/training_log.csv,4,360,512,0.2,1024,0.001,1e-06,1,20,0.7,3
run_00120,0.43095987062293567,1,1,0.8190191614015743,0.8701473113532855,0.4319134042790622,0.2598760632102199,0.31821386662547557,0.6720352315358025,0.43095987062293567,0.2596797096677843,src/spectroscopy_qml/ir/mps_encoder/results/grid_search/best_model.pt,src/spectroscopy_qml/ir/mps_encoder/results/grid_search/run_00120/summary.txt,src/spectroscopy_qml/ir/mps_encoder/results/grid_search/run_00120/training_log.csv,5,240,128,0.2,2048,0.001,1e-06,1,20,0.7,3
run_00111,0.4306987356140147,1,1,0.7817308571400148,0.8746311803521999,0.4312743307757967,0.2665084105916355,0.3378356418845888,0.5961606254965616,0.4306987356140147,0.2662767908447844,src/spectroscopy_qml/ir/mps_encoder/results/grid_search/best_model.pt,src/spectroscopy_qml/ir/mps_encoder/results/grid_search/run_00111/summary.txt,src/spectroscopy_qml/ir/mps_encoder/results/grid_search/run_00111/training_log.csv,5,240,128,0.0,1024,0.001,1e-06,1,20,0.7,3
run_00115,0.42752843619573366,1,1,0.7964907213311168,0.960985993425423,0.4278686592957719,0.26943715648983024,0.34133315369117634,0.573183308165445,0.42752843619573366,0.26938354725365377,src/spectroscopy_qml/ir/mps_encoder/results/grid_search/best_model.pt,src/spectroscopy_qml/ir/mps_encoder/results/grid_search/run_00115/summary.txt,src/spectroscopy_qml/ir/mps_encoder/results/grid_search/run_00115/training_log.csv,5,240,128,0.1,1024,0.001,1e-06,1,20,0.7,3
run_00047,0.42627110068685464,1,1,0.8253844122575373,1.0711842537034313,0.4276788511298522,0.2668907485222174,0.31105588160367037,0.6842052647363686,0.42627110068685464,0.266052704684641,src/spectroscopy_qml/ir/mps_encoder/results/grid_search/best_model.pt,src/spectroscopy_qml/ir/mps_encoder/results/grid_search/run_00047/summary.txt,src/spectroscopy_qml/ir/mps_encoder/results/grid_search/run_00047/training_log.csv,4,360,128,0.2,1024,0.001,1e-06,1,20,0.7,3
run_00020,0.4258690519312208,1,1,0.8344166230677303,0.8965917682781559,0.4260875718817401,0.25474888789838607,0.3491633399167962,0.5464834233940344,0.4258690519312208,0.2537492522298254,src/spectroscopy_qml/ir/mps_encoder/results/grid_search/best_model.pt,src/spectroscopy_qml/ir/mps_encoder/results/grid_search/run_00020/summary.txt,src/spectroscopy_qml/ir/mps_encoder/results/grid_search/run_00020/training_log.csv,4,240,256,0.1,2048,0.001,1e-06,1,20,0.7,3
run_00024,0.4250923516203922,1,1,0.8444650279399836,1.0026750145194572,0.42629876705104836,0.25173875998358525,0.34439329242611755,0.5593190463913458,0.4250923516203922,0.251302445498284,src/spectroscopy_qml/ir/mps_encoder/results/grid_search/best_model.pt,src/spectroscopy_qml/ir/mps_encoder/results/grid_search/run_00024/summary.txt,src/spectroscopy_qml/ir/mps_encoder/results/grid_search/run_00024/training_log.csv,4,240,256,0.2,2048,0.001,1e-06,1,20,0.7,3
run_00199,0.4239212976972839,1,1,0.8263207304240746,0.8817794590344717,0.42422343422079045,0.26716824123218186,0.30748157698631434,0.6838685236534303,0.4239212976972839,0.2678613300402903,src/spectroscopy_qml/ir/mps_encoder/results/grid_search/best_model.pt,src/spectroscopy_qml/ir/mps_encoder/results/grid_search/run_00199/summary.txt,src/spectroscopy_qml/ir/mps_encoder/results/grid_search/run_00199/training_log.csv,5,450,256,0.1,1024,0.001,1e-06,1,20,0.7,3
run_00107,0.42265918192006596,1,1,0.9623845688827725,1.4114846194038486,0.42424051702149507,0.2390006411642355,0.3095678363294006,0.6738557380154375,0.42265918192006596,0.23817201854869446,src/spectroscopy_qml/ir/mps_encoder/results/grid_search/best_model.pt,src/spectroscopy_qml/ir/mps_encoder/results/grid_search/run_00107/summary.txt,src/spectroscopy_qml/ir/mps_encoder/results/grid_search/run_00107/training_log.csv,4,450,512,0.2,1024,0.001,1e-06,1,20,0.7,3
run_00204,0.4214397907804836,1,1,0.8350443261649991,0.9305649779049439,0.4214081620246129,0.26113559766352273,0.314541640520876,0.638258522443267,0.4214397907804836,0.2614239607587531,src/spectroscopy_qml/ir/mps_encoder/results/grid_search/best_model.pt,src/spectroscopy_qml/ir/mps_encoder/results/grid_search/run_00204/summary.txt,src/spectroscopy_qml/ir/mps_encoder/results/grid_search/run_00204/training_log.csv,5,450,256,0.2,2048,0.001,1e-06,1,20,0.7,3
run_00192,0.42127564142327495,1,1,0.803712939152438,1.0599309291385637,0.4214055944922928,0.2611667576186994,0.33051837601147727,0.5812361554691488,0.42127564142327495,0.26089261143577214,src/spectroscopy_qml/ir/mps_encoder/results/grid_search/best_model.pt,src/spectroscopy_qml/ir/mps_encoder/results/grid_search/run_00192/summary.txt,src/spectroscopy_qml/ir/mps_encoder/results/grid_search/run_00192/training_log.csv,5,450,128,0.2,2048,0.001,1e-06,1,20,0.7,3
run_00196,0.4203121090565703,1,1,0.8451448555005641,0.8675922845071737,0.4212798626193242,0.25649306572259545,0.34193291311106594,0.5485801627932673,0.4203121090565703,0.25643326586848847,src/spectroscopy_qml/ir/mps_encoder/results/grid_search/best_model.pt,src/spectroscopy_qml/ir/mps_encoder/results/grid_search/run_00196/summary.txt,src/spectroscopy_qml/ir/mps_encoder/results/grid_search/run_00196/training_log.csv,5,450,256,0.0,2048,0.001,1e-06,1,20,0.7,3
run_00048,0.42019559119879013,1,1,0.8241338312503586,1.0034540932853857,0.4211752338308222,0.2709687116003295,0.30064385914976394,0.7030259343249656,0.42019559119879013,0.2698662466538091,src/spectroscopy_qml/ir/mps_encoder/results/grid_search/best_model.pt,src/spectroscopy_qml/ir/mps_encoder/results/grid_search/run_00048/summary.txt,src/spectroscopy_qml/ir/mps_encoder/results/grid_search/run_00048/training_log.csv,4,360,128,0.2,2048,0.001,1e-06,1,20,0.7,3
run_00052,0.4175748194014448,1,1,1.0202185698106323,1.09133265304958,0.41846271841955474,0.22728314013334003,0.3108174734959765,0.6401737373524785,0.4175748194014448,0.22665009244397702,src/spectroscopy_qml/ir/mps_encoder/results/grid_search/best_model.pt,src/spectroscopy_qml/ir/mps_encoder/results/grid_search/run_00052/summary.txt,src/spectroscopy_qml/ir/mps_encoder/results/grid_search/run_00052/training_log.csv,4,360,256,0.0,2048,0.001,1e-06,1,20,0.7,3
run_00239,0.41662476021980455,1,1,0.8472117093208116,1.1044058606721272,0.4174108428875958,0.2541157849500621,0.3286678179239263,0.5718021435674561,0.41662476021980455,0.25294060075566466,src/spectroscopy_qml/ir/mps_encoder/results/grid_search/best_model.pt,src/spectroscopy_qml/ir/mps_encoder/results/grid_search/run_00239/summary.txt,src/spectroscopy_qml/ir/mps_encoder/results/grid_search/run_00239/training_log.csv,6,240,256,0.2,1024,0.001,1e-06,1,20,0.7,3
run_00240,0.415196882611116,1,1,0.8570636680537025,0.9167942121778571,0.415373940279646,0.25529999459017444,0.29446506714622234,0.7047464707956034,0.415196882611116,0.25487326628233264,src/spectroscopy_qml/ir/mps_encoder/results/grid_search/best_model.pt,src/spectroscopy_qml/ir/mps_encoder/results/grid_search/run_00240/summary.txt,src/spectroscopy_qml/ir/mps_encoder/results/grid_search/run_00240/training_log.csv,6,240,256,0.2,2048,0.001,1e-06,1,20,0.7,3
run_00183,0.4149941193579377,1,1,0.7818492943347922,1.0206972761534188,0.4152381586718867,0.261120069635932,0.3307715234940069,0.5576379717663649,0.4149941193579377,0.26004947531815503,src/spectroscopy_qml/ir/mps_encoder/results/grid_search/best_model.pt,src/spectroscopy_qml/ir/mps_encoder/results/grid_search/run_00183/summary.txt,src/spectroscopy_qml/ir/mps_encoder/results/grid_search/run_00183/training_log.csv,5,450,128,0.0,1024,0.001,1e-06,1,20,0.7,3
run_00203,0.41417111622845865,1,1,0.8429467476299181,1.0340526824007041,0.4148185162669267,0.2520262578985767,0.3369751531257036,0.5394302761803038,0.41417111622845865,0.25291210430894606,src/spectroscopy_qml/ir/mps_encoder/results/grid_search/best_model.pt,src/spectroscopy_qml/ir/mps_encoder/results/grid_search/run_00203/summary.txt,src/spectroscopy_qml/ir/mps_encoder/results/grid_search/run_00203/training_log.csv,5,450,256,0.2,1024,0.001,1e-06,1,20,0.7,3
run_00119,0.41370790967469057,1,1,0.8231234966187728,1.0156925693622336,0.4149475195962633,0.2567748884740808,0.30460250015395035,0.6506521727692218,0.41370790967469057,0.25677497031852925,src/spectroscopy_qml/ir/mps_encoder/results/grid_search/best_model.pt,src/spectroscopy_qml/ir/mps_encoder/results/grid_search/run_00119/summary.txt,src/spectroscopy_qml/ir/mps_encoder/results/grid_search/run_00119/training_log.csv,5,240,128,0.2,1024,0.001,1e-06,1,20,0.7,3
run_00232,0.41358125072597146,1,1,0.807528790431693,0.9155048208023249,0.41457342967045135,0.2653592026686578,0.31378591645243176,0.6107430928616152,0.41358125072597146,0.26472462094614435,src/spectroscopy_qml/ir/mps_encoder/results/grid_search/best_model.pt,src/spectroscopy_qml/ir/mps_encoder/results/grid_search/run_00232/summary.txt,src/spectroscopy_qml/ir/mps_encoder/results/grid_search/run_00232/training_log.csv,6,240,256,0.0,2048,0.001,1e-06,1,20,0.7,3
run_00231,0.4129745849957318,1,1,0.9003643445564906,1.305581019794942,0.41332199701964656,0.24236776139077013,0.31672542019514766,0.594695275627838,0.4129745849957318,0.24162067649817312,src/spectroscopy_qml/ir/mps_encoder/results/grid_search/best_model.pt,src/spectroscopy_qml/ir/mps_encoder/results/grid_search/run_00231/summary.txt,src/spectroscopy_qml/ir/mps_encoder/results/grid_search/run_00231/training_log.csv,6,240,256,0.0,1024,0.001,1e-06,1,20,0.7,3
run_00191,0.4107961170004749,1,1,0.8027459488818282,1.140448967273126,0.41154704542697634,0.26519512662267336,0.3149691821221407,0.5935429897346586,0.4107961170004749,0.26462007806713317,src/spectroscopy_qml/ir/mps_encoder/results/grid_search/best_model.pt,src/spectroscopy_qml/ir/mps_encoder/results/grid_search/run_00191/summary.txt,src/spectroscopy_qml/ir/mps_encoder/results/grid_search/run_00191/training_log.csv,5,450,128,0.2,1024,0.001,1e-06,1,20,0.7,3
run_00163,0.40757280542582625,1,1,0.821210185127273,0.8607850963551869,0.4081543048236536,0.25607942406036877,0.3157082807479051,0.577158431417943,0.40757280542582625,0.255636407794378,src/spectroscopy_qml/ir/mps_encoder/results/grid_search/best_model.pt,src/spectroscopy_qml/ir/mps_encoder/results/grid_search/run_00163/summary.txt,src/spectroscopy_qml/ir/mps_encoder/results/grid_search/run_00163/training_log.csv,5,360,256,0.1,1024,0.001,1e-06,1,20,0.7,3
run_00007,0.40731770512709786,1,1,0.9123165422323176,1.0211000153031335,0.40727751953372704,0.24264419145827704,0.312968570799035,0.5829382764118133,0.40731770512709786,0.2434144550140007,src/spectroscopy_qml/ir/mps_encoder/results/grid_search/best_model.pt,src/spectroscopy_qml/ir/mps_encoder/results/grid_search/run_00007/summary.txt,src/spectroscopy_qml/ir/mps_encoder/results/grid_search/run_00007/training_log.csv,4,240,128,0.1,1024,0.001,1e-06,1,20,0.7,3
run_00194,0.40561400073430426,1,1,0.8711359188714864,1.0690291483162067,0.407527363602739,0.24347822228374313,0.3244332132663617,0.5478409108846294,0.40561400073430426,0.2425571715945777,src/spectroscopy_qml/ir/mps_encoder/results/grid_search/best_model.pt,src/spectroscopy_qml/ir/mps_encoder/results/grid_search/run_00194/summary.txt,src/spectroscopy_qml/ir/mps_encoder/results/grid_search/run_00194/training_log.csv,5,450,256,0.0,512,0.001,1e-06,1,20,0.7,3
run_00200,0.40521177518289486,1,1,0.8366156149397618,0.860054286629728,0.4059754597755666,0.25693224832903117,0.2968924188358315,0.6417732574964353,0.40521177518289486,0.25657920425412,src/spectroscopy_qml/ir/mps_encoder/results/grid_search/best_model.pt,src/spectroscopy_qml/ir/mps_encoder/results/grid_search/run_00200/summary.txt,src/spectroscopy_qml/ir/mps_encoder/results/grid_search/run_00200/training_log.csv,5,450,256,0.1,2048,0.001,1e-06,1,20,0.7,3
run_00159,0.4045312769516346,1,1,0.8268952121002746,0.9116860403000301,0.40444064874756513,0.2567658350231521,0.2892421077657208,0.6721378323345102,0.4045312769516346,0.25673245876999273,src/spectroscopy_qml/ir/mps_encoder/results/grid_search/best_model.pt,src/spectroscopy_qml/ir/mps_encoder/results/grid_search/run_00159/summary.txt,src/spectroscopy_qml/ir/mps_encoder/results/grid_search/run_00159/training_log.csv,5,360,256,0.0,1024,0.001,1e-06,1,20,0.7,3
run_00028,0.40351354265361017,1,1,0.8426113393803402,0.962530560407995,0.40437976956313926,0.2454260578588453,0.3172307052115874,0.5575485249162093,0.40351354265361017,0.2444345179717417,src/spectroscopy_qml/ir/mps_encoder/results/grid_search/best_model.pt,src/spectroscopy_qml/ir/mps_encoder/results/grid_search/run_00028/summary.txt,src/spectroscopy_qml/ir/mps_encoder/results/grid_search/run_00028/training_log.csv,4,240,512,0.0,2048,0.001,1e-06,1,20,0.7,3
run_00043,0.402866724646848,1,1,0.8341096151787607,1.0106184409442645,0.404166704429451,0.25671235489318645,0.2942311867879554,0.6452590538627885,0.402866724646848,0.255561653310855,src/spectroscopy_qml/ir/mps_encoder/results/grid_search/best_model.pt,src/spectroscopy_qml/ir/mps_encoder/results/grid_search/run_00043/summary.txt,src/spectroscopy_qml/ir/mps_encoder/results/grid_search/run_00043/training_log.csv,4,360,128,0.1,1024,0.001,1e-06,1,20,0.7,3
run_00162,0.40144926309692064,1,1,0.8375030854631246,1.0817393108684115,0.40192843549561824,0.24712958558699052,0.3126508675202241,0.5625707024734685,0.40144926309692064,0.24716322378485706,src/spectroscopy_qml/ir/mps_encoder/results/grid_search/best_model.pt,src/spectroscopy_qml/ir/mps_encoder/results/grid_search/run_00162/summary.txt,src/spectroscopy_qml/ir/mps_encoder/results/grid_search/run_00162/training_log.csv,5,360,256,0.1,512,0.001,1e-06,1,20,0.7,3
run_00166,0.4011569451139729,1,1,0.8115948854581153,1.069450758809213,0.40200884598226755,0.26256519524018257,0.2903641188599605,0.6531408998353125,0.4011569451139729,0.2624560895756104,src/spectroscopy_qml/ir/mps_encoder/results/grid_search/best_model.pt,src/spectroscopy_qml/ir/mps_encoder/results/grid_search/run_00166/summary.txt,src/spectroscopy_qml/ir/mps_encoder/results/grid_search/run_00166/training_log.csv,5,360,256,0.2,512,0.001,1e-06,1,20,0.7,3
run_00118,0.4010658759416573,1,1,0.8137054119499544,1.0771950018525813,0.4016728217765034,0.25758245372239646,0.2888515597347811,0.6591127924780461,0.4010658759416573,0.25760584673523723,src/spectroscopy_qml/ir/mps_encoder/results/grid_search/best_model.pt,src/spectroscopy_qml/ir/mps_encoder/results/grid_search/run_00118/summary.txt,src/spectroscopy_qml/ir/mps_encoder/results/grid_search/run_00118/training_log.csv,5,240,128,0.2,512,0.001,1e-06,1,20,0.7,3
run_00091,0.4009587279060341,1,1,0.8804904148591279,1.056041929496772,0.40158984992686997,0.2211796991952073,0.3448290178124923,0.48071894221207323,0.4009587279060341,0.22061074626549185,src/spectroscopy_qml/ir/mps_encoder/results/grid_search/best_model.pt,src/spectroscopy_qml/ir/mps_encoder/results/grid_search/run_00091/summary.txt,src/spectroscopy_qml/ir/mps_encoder/results/grid_search/run_00091/training_log.csv,4,450,256,0.1,1024,0.001,1e-06,1,20,0.7,3
run_00155,0.4005853252515489,1,1,0.837517075797429,1.0851704329194094,0.4011006804519995,0.25102923084120177,0.3154260673534216,0.5506716406130793,0.4005853252515489,0.2503328668438044,src/spectroscopy_qml/ir/mps_encoder/results/grid_search/best_model.pt,src/spectroscopy_qml/ir/mps_encoder/results/grid_search/run_00155/summary.txt,src/spectroscopy_qml/ir/mps_encoder/results/grid_search/run_00155/training_log.csv,5,360,128,0.2,1024,0.001,1e-06,1,20,0.7,3
run_00168,0.40053499811109794,1,1,0.8125937412019549,0.9233665409750921,0.4020328393491706,0.25993891566910304,0.31552343216122575,0.5538996195878079,0.40053499811109794,0.25954240190009725,src/spectroscopy_qml/ir/mps_encoder/results/grid_search/best_model.pt,src/spectroscopy_qml/ir/mps_encoder/results/grid_search/run_00168/summary.txt,src/spectroscopy_qml/ir/mps_encoder/results/grid_search/run_00168/training_log.csv,5,360,256,0.2,2048,0.001,1e-06,1,20,0.7,3
run_00256,0.39916209461222296,1,1,0.8407455955818984,0.8912503654233738,0.40046259145621904,0.24463595807926064,0.31230121801818783,0.5579773436390135,0.39916209461222296,0.24341011447028096,src/spectroscopy_qml/ir/mps_encoder/results/grid_search/best_model.pt,src/spectroscopy_qml/ir/mps_encoder/results/grid_search/run_00256/summary.txt,src/spectroscopy_qml/ir/mps_encoder/results/grid_search/run_00256/training_log.csv,6,360,128,0.0,2048,0.001,1e-06,1,20,0.7,3
run_00295,0.3990395239538079,1,1,0.8848732805870623,0.932726944781606,0.399817145911943,0.24819900103465084,0.28102452755867685,0.6925790683847477,0.3990395239538079,0.24735410396865812,src/spectroscopy_qml/ir/mps_encoder/results/grid_search/best_model.pt,src/spectroscopy_qml/ir/mps_encoder/results/grid_search/run_00295/summary.txt,src/spectroscopy_qml/ir/mps_encoder/results/grid_search/run_00295/training_log.csv,6,450,128,0.1,1024,0.001,1e-06,1,20,0.7,3
run_00215,0.3985392679284184,1,1,0.9275351321534719,1.4241157236010227,0.39925814310926466,0.2544450480071612,0.2799095226558359,0.696035926064286,0.3985392679284184,0.2551141152925725,src/spectroscopy_qml/ir/mps_encoder/results/grid_search/best_model.pt,src/spectroscopy_qml/ir/mps_encoder/results/grid_search/run_00215/summary.txt,src/spectroscopy_qml/ir/mps_encoder/results/grid_search/run_00215/training_log.csv,5,450,512,0.2,1024,0.001,1e-06,1,20,0.7,3
run_00187,0.39774968725714194,1,1,0.8171743271092488,1.0257001330517543,0.39862807136974626,0.2526745967942277,0.3026228770513599,0.5838511604413413,0.39774968725714194,0.25242075357993804,src/spectroscopy_qml/ir/mps_encoder/results/grid_search/best_model.pt,src/spectroscopy_qml/ir/mps_encoder/results/grid_search/run_00187/summary.txt,src/spectroscopy_qml/ir/mps_encoder/results/grid_search/run_00187/training_log.csv,5,450,128,0.1,1024,0.001,1e-06,1,20,0.7,3
run_00167,0.3968871099935546,1,1,0.8313896425438934,0.9606288272273488,0.39723648030423836,0.25401043598192174,0.2846213520123666,0.6573133323160947,0.3968871099935546,0.2539984295835464,src/spectroscopy_qml/ir/mps_encoder/results/grid_search/best_model.pt,src/spectroscopy_qml/ir/mps_encoder/results/grid_search/run_00167/summary.txt,src/spectroscopy_qml/ir/mps_encoder/results/grid_search/run_00167/training_log.csv,5,360,256,0.2,1024,0.001,1e-06,1,20,0.7,3
run_00292,0.3964900421755842,1,1,0.9274673337506689,1.1489436753917932,0.3975091019798939,0.23583730668653144,0.3017698873708037,0.58222533240028,0.3964900421755842,0.2352926732763753,src/spectroscopy_qml/ir/mps_encoder/results/grid_search/best_model.pt,src/spectroscopy_qml/ir/mps_encoder/results/grid_search/run_00292/summary.txt,src/spectroscopy_qml/ir/mps_encoder/results/grid_search/run_00292/training_log.csv,6,450,128,0.0,2048,0.001,1e-06,1,20,0.7,3
run_00031,0.3960118078545773,1,1,0.8304954779314518,1.0330092612503863,0.39684422947867815,0.2506017442096718,0.28364615925251724,0.6603966178567482,0.3960118078545773,0.24981172486527778,src/spectroscopy_qml/ir/mps_encoder/results/grid_search/best_model.pt,src/spectroscopy_qml/ir/mps_encoder/results/grid_search/run_00031/summary.txt,src/spectroscopy_qml/ir/mps_encoder/results/grid_search/run_00031/training_log.csv,4,240,512,0.1,1024,0.001,1e-06,1,20,0.7,3
run_00156,0.39584804931184986,1,1,0.8116216192078497,1.07437981299269,0.3965281926403407,0.25538673447293364,0.3065110820970019,0.5614026318420263,0.39584804931184986,0.2547534550825579,src/spectroscopy_qml/ir/mps_encoder/results/grid_search/best_model.pt,src/spectroscopy_qml/ir/mps_encoder/results/grid_search/run_00156/summary.txt,src/spectroscopy_qml/ir/mps_encoder/results/grid_search/run_00156/training_log.csv,5,360,128,0.2,2048,0.001,1e-06,1,20,0.7,3
run_00068,0.39497714887327195,1,1,0.8697975306892318,0.9138534687166571,0.3962558926435502,0.2453343866286636,0.2846330912774897,0.65191232104053,0.39497714887327195,0.24424441590040671,src/spectroscopy_qml/ir/mps_encoder/results/grid_search/best_model.pt,src/spectroscopy_qml/ir/mps_encoder/results/grid_search/run_00068/summary.txt,src/spectroscopy_qml/ir/mps_encoder/results/grid_search/run_00068/training_log.csv,4,360,512,0.1,2048,0.001,1e-06,1,20,0.7,3
run_00072,0.39453205756426585,1,1,0.8417119902719975,0.8984727877016594,0.3954678235673806,0.2556595933340885,0.28245339164543837,0.6592417011738584,0.39453205756426585,0.2549406308927094,src/spectroscopy_qml/ir/mps_encoder/results/grid_search/best_model.pt,src/spectroscopy_qml/ir/mps_encoder/results/grid_search/run_00072/summary.txt,src/spectroscopy_qml/ir/mps_encoder/results/grid_search/run_00072/training_log.csv,4,360,512,0.2,2048,0.001,1e-06,1,20,0.7,3
run_00160,0.39411742502878067,1,1,0.8093058532134964,0.9060194030019749,0.39448939757149337,0.2513285706043335,0.3075223679507677,0.5500402510825699,0.39411742502878067,0.25130563119654775,src/spectroscopy_qml/ir/mps_encoder/results/grid_search/best_model.pt,src/spectroscopy_qml/ir/mps_encoder/results/grid_search/run_00160/summary.txt,src/spectroscopy_qml/ir/mps_encoder/results/grid_search/run_00160/training_log.csv,5,360,256,0.0,2048,0.001,1e-06,1,20,0.7,3
run_00113,0.393919041159603,1,1,0.8659032905190762,1.0873326648008088,0.3945608739845284,0.24311769567841418,0.27980424696488154,0.6688966994112293,0.393919041159603,0.24296656142848388,src/spectroscopy_qml/ir/mps_encoder/results/grid_search/best_model.pt,src/spectroscopy_qml/ir/mps_encoder/results/grid_search/run_00113/summary.txt,src/spectroscopy_qml/ir/mps_encoder/results/grid_search/run_00113/training_log.csv,5,240,128,0.1,256,0.001,1e-06,1,20,0.7,3
run_00067,0.39317050127390013,1,1,0.8672465604778755,1.0690571961157274,0.3947565289344179,0.2492667215621234,0.3122428889218903,0.5365442998679344,0.39317050127390013,0.24783168693783456,src/spectroscopy_qml/ir/mps_encoder/results/grid_search/best_model.pt,src/spectroscopy_qml/ir/mps_encoder/results/grid_search/run_00067/summary.txt,src/spectroscopy_qml/ir/mps_encoder/results/grid_search/run_00067/training_log.csv,4,360,512,0.1,1024,0.001,1e-06,1,20,0.7,3
run_00236,0.39299850872986897,1,1,0.8135097229068529,1.0163047674592367,0.39386031396561394,0.25809495654175907,0.2957879473011379,0.5892258638198015,0.39299850872986897,0.2575900108606054,src/spectroscopy_qml/ir/mps_encoder/results/grid_search/best_model.pt,src/spectroscopy_qml/ir/mps_encoder/results/grid_search/run_00236/summary.txt,src/spectroscopy_qml/ir/mps_encoder/results/grid_search/run_00236/training_log.csv,6,240,256,0.1,2048,0.001,1e-06,1,20,0.7,3
run_00198,0.39167215343622314,1,1,0.883139308629095,0.9518155302993121,0.39238946928938856,0.24586830490643716,0.28073530528704727,0.6515071794251198,0.39167215343622314,0.24582615435168192,src/spectroscopy_qml/ir/mps_encoder/results/grid_search/best_model.pt,src/spectroscopy_qml/ir/mps_encoder/results/grid_search/run_00198/summary.txt,src/spectroscopy_qml/ir/mps_encoder/results/grid_search/run_00198/training_log.csv,5,450,256,0.1,512,0.001,1e-06,1,20,0.7,3
run_00070,0.39139298122069277,1,1,0.8847626322977622,1.1544062618160909,0.39183283812953446,0.24363835732104,0.2748114246970082,0.6824268508921008,0.39139298122069277,0.24331234017118242,src/spectroscopy_qml/ir/mps_encoder/results/grid_search/best_model.pt,src/spectroscopy_qml/ir/mps_encoder/results/grid_search/run_00070/summary.txt,src/spectroscopy_qml/ir/mps_encoder/results/grid_search/run_00070/training_log.csv,4,360,512,0.2,512,0.001,1e-06,1,20,0.7,3
run_00151,0.3912994317681158,1,1,0.8332567572274061,1.0118777284335156,0.3920360444897867,0.254229565895102,0.2785339885067782,0.6616620277074773,0.3912994317681158,0.254037975546943,src/spectroscopy_qml/ir/mps_encoder/results/grid_search/best_model.pt,src/spectroscopy_qml/ir/mps_encoder/results/grid_search/run_00151/summary.txt,src/spectroscopy_qml/ir/mps_encoder/results/grid_search/run_00151/training_log.csv,5,360,128,0.1,1024,0.001,1e-06,1,20,0.7,3
run_00012,0.39078942280603873,1,1,0.8303464513412587,0.9239098306968176,0.391057594110838,0.2534383828398285,0.3008303899191429,0.5585955792209706,0.39078942280603873,0.25259368880191535,src/spectroscopy_qml/ir/mps_encoder/results/grid_search/best_model.pt,src/spectroscopy_qml/ir/mps_encoder/results/grid_search/run_00012/summary.txt,src/spectroscopy_qml/ir/mps_encoder/results/grid_search/run_00012/training_log.csv,4,240,128,0.2,2048,0.001,1e-06,1,20,0.7,3
run_00003,0.3896495881003166,1,1,0.8122271145873151,0.9753417469837492,0.39021931888957034,0.2538851174867174,0.30554641419639017,0.5398117406883198,0.3896495881003166,0.25339879995328335,src/spectroscopy_qml/ir/mps_encoder/results/grid_search/best_model.pt,src/spectroscopy_qml/ir/mps_encoder/results/grid_search/run_00003/summary.txt,src/spectroscopy_qml/ir/mps_encoder/results/grid_search/run_00003/training_log.csv,4,240,128,0.0,1024,0.001,1e-06,1,20,0.7,3
run_00080,0.3895901706389287,1,1,0.853030333304726,0.9933328226498865,0.3897333862445527,0.2547308311927873,0.29941341026560264,0.5580825752274318,0.3895901706389287,0.2543835434611835,src/spectroscopy_qml/ir/mps_encoder/results/grid_search/best_model.pt,src/spectroscopy_qml/ir/mps_encoder/results/grid_search/run_00080/summary.txt,src/spectroscopy_qml/ir/mps_encoder/results/grid_search/run_00080/training_log.csv,4,450,128,0.1,2048,0.001,1e-06,1,20,0.7,3
run_00039,0.38940275923037165,1,1,0.8378628354877734,1.068734204605869,0.38996506332272757,0.25014686350081444,0.2771318302028583,0.6577763513051348,0.38940275923037165,0.2496225453351836,src/spectroscopy_qml/ir/mps_encoder/results/grid_search/best_model.pt,src/spectroscopy_qml/ir/mps_encoder/results/grid_search/run_00039/summary.txt,src/spectroscopy_qml/ir/mps_encoder/results/grid_search/run_00039/training_log.csv,4,360,128,0.0,1024,0.001,1e-06,1,20,0.7,3
run_00013,0.3873406445940631,1,1,0.9139422970481021,1.013948183844597,0.38822607886342025,0.22806049875884743,0.30628132567759236,0.530035726124268,0.3873406445940631,0.22653411264580037,src/spectroscopy_qml/ir/mps_encoder/results/grid_search/best_model.pt,src/spectroscopy_qml/ir/mps_encoder/results/grid_search/run_00013/summary.txt,src/spectroscopy_qml/ir/mps_encoder/results/grid_search/run_00013/training_log.csv,4,240,256,0.0,256,0.001,1e-06,1,20,0.7,3
run_00146,0.38665627901319344,1,1,0.8518859384677884,1.2094713084074162,0.3866973950953175,0.24667631049085098,0.273433677633493,0.6601493236239654,0.38665627901319344,0.2471942219647941,src/spectroscopy_qml/ir/mps_encoder/results/grid_search/best_model.pt,src/spectroscopy_qml/ir/mps_encoder/results/grid_search/run_00146/summary.txt,src/spectroscopy_qml/ir/mps_encoder/results/grid_search/run_00146/training_log.csv,5,360,128,0.0,512,0.001,1e-06,1,20,0.7,3
run_00019,0.38612070197305803,1,1,0.8639655695333577,0.9789657126941691,0.38669890529057116,0.24628704702140228,0.27886892260002116,0.6304898004282926,0.38612070197305803,0.24580414480866153,src/spectroscopy_qml/ir/mps_encoder/results/grid_search/best_model.pt,src/spectroscopy_qml/ir/mps_encoder/results/grid_search/run_00019/summary.txt,src/spectroscopy_qml/ir/mps_encoder/results/grid_search/run_00019/training_log.csv,4,240,256,0.1,1024,0.001,1e-06,1,20,0.7,3
run_00074,0.38594682325154955,1,1,0.8301570085799654,1.0984851086713359,0.38650035051018705,0.25508633169439143,0.26914179979564445,0.6853417658912853,0.38594682325154955,0.2545617993481735,src/spectroscopy_qml/ir/mps_encoder/results/grid_search/best_model.pt,src/spectroscopy_qml/ir/mps_encoder/results/grid_search/run_00074/summary.txt,src/spectroscopy_qml/ir/mps_encoder/results/grid_search/run_00074/training_log.csv,4,450,128,0.0,512,0.001,1e-06,1,20,0.7,3
run_00284,0.38552991620326854,1,1,0.8558917168409997,0.90828078193872,0.3868074269574478,0.24663008409433698,0.2984654212445837,0.5494325386594548,0.38552991620326854,0.24521205529729048,src/spectroscopy_qml/ir/mps_encoder/results/grid_search/best_model.pt,src/spectroscopy_qml/ir/mps_encoder/results/grid_search/run_00284/summary.txt,src/spectroscopy_qml/ir/mps_encoder/results/grid_search/run_00284/training_log.csv,6,360,512,0.1,2048,0.001,1e-06,1,20,0.7,3
run_00036,0.3854126657178875,1,1,0.8703402835789981,1.0826732364480398,0.38665186374743826,0.23338678087236286,0.30554948939932836,0.5263657744781829,0.3854126657178875,0.2323047517125553,src/spectroscopy_qml/ir/mps_encoder/results/grid_search/best_model.pt,src/spectroscopy_qml/ir/mps_encoder/results/grid_search/run_00036/summary.txt,src/spectroscopy_qml/ir/mps_encoder/results/grid_search/run_00036/training_log.csv,4,240,512,0.2,2048,0.001,1e-06,1,20,0.7,3
run_00154,0.3853532356381321,1,1,0.8189485503582179,1.4108954450930504,0.38658963664933516,0.2570285484797389,0.27519319791737495,0.6495051484554634,0.3853532356381321,0.2565466365561618,src/spectroscopy_qml/ir/mps_encoder/results/grid_search/best_model.pt,src/spectroscopy_qml/ir/mps_encoder/results/grid_search/run_00154/summary.txt,src/spectroscopy_qml/ir/mps_encoder/results/grid_search/run_00154/training_log.csv,5,360,128,0.2,512,0.001,1e-06,1,20,0.7,3
run_00042,0.3846283772570672,1,1,0.8701080191770311,1.0120357280673926,0.38572312106903156,0.24645833412674287,0.26806362532210676,0.6874700747670436,0.3846283772570672,0.24594440740626744,src/spectroscopy_qml/ir/mps_encoder/results/grid_search/best_model.pt,src/spectroscopy_qml/ir/mps_encoder/results/grid_search/run_00042/summary.txt,src/spectroscopy_qml/ir/mps_encoder/results/grid_search/run_00042/training_log.csv,4,360,128,0.1,512,0.001,1e-06,1,20,0.7,3
run_00143,0.38416177689375103,1,1,0.8779395870638644,1.1053884024496468,0.3850764018383374,0.24467130888152377,0.25739549796485894,0.7641155021914479,0.38416177689375103,0.244639959682963,src/spectroscopy_qml/ir/mps_encoder/results/grid_search/best_model.pt,src/spectroscopy_qml/ir/mps_encoder/results/grid_search/run_00143/summary.txt,src/spectroscopy_qml/ir/mps_encoder/results/grid_search/run_00143/training_log.csv,5,240,512,0.2,1024,0.001,1e-06,1,20,0.7,3
run_00238,0.38406040632655675,1,1,0.8963892888501218,1.2313468659584819,0.38480338665845515,0.24204026226226824,0.26875518091710326,0.6772310412139516,0.38406040632655675,0.24144256949419407,src/spectroscopy_qml/ir/mps_encoder/results/grid_search/best_model.pt,src/spectroscopy_qml/ir/mps_encoder/results/grid_search/run_00238/summary.txt,src/spectroscopy_qml/ir/mps_encoder/results/grid_search/run_00238/training_log.csv,6,240,256,0.2,512,0.001,1e-06,1,20,0.7,3
run_00139,0.3837922205734232,1,1,0.895617249816586,1.0360958100144047,0.38501929563808623,0.23582110525984937,0.27201042111427265,0.6586681890169791,0.3837922205734232,0.2353009062510895,src/spectroscopy_qml/ir/mps_encoder/results/grid_search/best_model.pt,src/spectroscopy_qml/ir/mps_encoder/results/grid_search/run_00139/summary.txt,src/spectroscopy_qml/ir/mps_encoder/results/grid_search/run_00139/training_log.csv,5,240,512,0.1,1024,0.001,1e-06,1,20,0.7,3
run_00008,0.3832890975212025,1,1,0.8324609628974116,0.9738118809581117,0.38401586045707947,0.258712755030662,0.269701530986998,0.666526357882109,0.3832890975212025,0.2581539235368837,src/spectroscopy_qml/ir/mps_encoder/results/grid_search/best_model.pt,src/spectroscopy_qml/ir/mps_encoder/results/grid_search/run_00008/summary.txt,src/spectroscopy_qml/ir/mps_encoder/results/grid_search/run_00008/training_log.csv,4,240,128,0.1,2048,0.001,1e-06,1,20,0.7,3
run_00032,0.38291305197012176,1,1,0.8657230632514119,1.1214798475255408,0.38359074635171425,0.2375751541336373,0.27096083430701,0.6564609564499071,0.38291305197012176,0.2370997852678621,src/spectroscopy_qml/ir/mps_encoder/results/grid_search/best_model.pt,src/spectroscopy_qml/ir/mps_encoder/results/grid_search/run_00032/summary.txt,src/spectroscopy_qml/ir/mps_encoder/results/grid_search/run_00032/training_log.csv,4,240,512,0.1,2048,0.001,1e-06,1,20,0.7,3
run_00011,0.3824908002245369,1,1,0.8749274103924614,1.0078894179404645,0.38300796116747154,0.2488963129897526,0.27219629535200807,0.6459930441920055,0.3824908002245369,0.2487099137116569,src/spectroscopy_qml/ir/mps_encoder/results/grid_search/best_model.pt,src/spectroscopy_qml/ir/mps_encoder/results/grid_search/run_00011/summary.txt,src/spectroscopy_qml/ir/mps_encoder/results/grid_search/run_00011/training_log.csv,4,240,128,0.2,1024,0.001,1e-06,1,20,0.7,3
run_00202,0.38237134590001803,1,1,0.9070589887917434,1.2152948643592467,0.382527775838053,0.24284587855254403,0.26542463718886783,0.6845420058193068,0.38237134590001803,0.2429728438565934,src/spectroscopy_qml/ir/mps_encoder/results/grid_search/best_model.pt,src/spectroscopy_qml/ir/mps_encoder/results/grid_search/run_00202/summary.txt,src/spectroscopy_qml/ir/mps_encoder/results/grid_search/run_00202/training_log.csv,5,450,256,0.2,512,0.001,1e-06,1,20,0.7,3
run_00148,0.3822098833629582,1,1,0.846066784919328,1.0244449686176358,0.38288727247415866,0.24706500871125622,0.2737502516575467,0.6367379259906238,0.3822098833629582,0.24697706320427032,src/spectroscopy_qml/ir/mps_encoder/results/grid_search/best_model.pt,src/spectroscopy_qml/ir/mps_encoder/results/grid_search/run_00148/summary.txt,src/spectroscopy_qml/ir/mps_encoder/results/grid_search/run_00148/training_log.csv,5,360,128,0.0,2048,0.001,1e-06,1,20,0.7,3
run_00287,0.3814059463653504,1,1,0.8462002542050373,1.1774220464265328,0.38191769144479076,0.24861687934187876,0.2715299785213593,0.6435437789715717,0.3814059463653504,0.2483772307959631,src/spectroscopy_qml/ir/mps_encoder/results/grid_search/best_model.pt,src/spectroscopy_qml/ir/mps_encoder/results/grid_search/run_00287/summary.txt,src/spectroscopy_qml/ir/mps_encoder/results/grid_search/run_00287/training_log.csv,6,360,512,0.2,1024,0.001,1e-06,1,20,0.7,3
run_00190,0.38114180790917707,1,1,0.8275324962647264,1.1905081539990128,0.38185608054552167,0.2622157114778908,0.2679652255140276,0.6641218160867529,0.38114180790917707,0.261504858345681,src/spectroscopy_qml/ir/mps_encoder/results/grid_search/best_model.pt,src/spectroscopy_qml/ir/mps_encoder/results/grid_search/run_00190/summary.txt,src/spectroscopy_qml/ir/mps_encoder/results/grid_search/run_00190/training_log.csv,5,450,128,0.2,512,0.001,1e-06,1,20,0.7,3
run_00063,0.38061775153788074,1,1,0.8593004388555963,1.1524917233982312,0.3823009369310331,0.25017151279096683,0.2706549308566164,0.6507284656708251,0.38061775153788074,0.2492636933659182,src/spectroscopy_qml/ir/mps_encoder/results/grid_search/best_model.pt,src/spectroscopy_qml/ir/mps_encoder/results/grid_search/run_00063/summary.txt,src/spectroscopy_qml/ir/mps_encoder/results/grid_search/run_00063/training_log.csv,4,360,512,0.0,1024,0.001,1e-06,1,20,0.7,3
run_00165,0.3788497957516657,1,1,0.8764990843146249,1.360279353554564,0.3799921347598537,0.24628084005356532,0.2696600335333569,0.6431307449870302,0.3788497957516657,0.24603884097717624,src/spectroscopy_qml/ir/mps_encoder/results/grid_search/best_model.pt,src/spectroscopy_qml/ir/mps_encoder/results/grid_search/run_00165/summary.txt,src/spectroscopy_qml/ir/mps_encoder/results/grid_search/run_00165/training_log.csv,5,360,256,0.2,256,0.001,1e-06,1,20,0.7,3
run_00153,0.37763345221845507,1,1,0.909386953621211,1.11736079596574,0.3788217452358249,0.25052062070833614,0.26271420266364215,0.6788358229373294,0.37763345221845507,0.2509464727510296,src/spectroscopy_qml/ir/mps_encoder/results/grid_search/best_model.pt,src/spectroscopy_qml/ir/mps_encoder/results/grid_search/run_00153/summary.txt,src/spectroscopy_qml/ir/mps_encoder/results/grid_search/run_00153/training_log.csv,5,360,128,0.2,256,0.001,1e-06,1,20,0.7,3
run_00016,0.3774356711502942,1,1,0.8946433667457364,1.0566845221961008,0.3787958561616547,0.24225452985368645,0.26418018508381125,0.6690782239012507,0.3774356711502942,0.2410061357034712,src/spectroscopy_qml/ir/mps_encoder/results/grid_search/best_model.pt,src/spectroscopy_qml/ir/mps_encoder/results/grid_search/run_00016/summary.txt,src/spectroscopy_qml/ir/mps_encoder/results/grid_search/run_00016/training_log.csv,4,240,256,0.0,2048,0.001,1e-06,1,20,0.7,3
run_00157,0.3767012810535815,1,1,0.8614361991461076,1.2504193219420543,0.3765515078726464,0.2445726953270167,0.269942087695775,0.6223317215361708,0.3767012810535815,0.24480427149584602,src/spectroscopy_qml/ir/mps_encoder/results/grid_search/best_model.pt,src/spectroscopy_qml/ir/mps_encoder/results/grid_search/run_00157/summary.txt,src/spectroscopy_qml/ir/mps_encoder/results/grid_search/run_00157/training_log.csv,5,360,256,0.0,256,0.001,1e-06,1,20,0.7,3
run_00058,0.37664074815084275,1,1,0.8826494192053977,1.1047592642340565,0.3767892336173334,0.2372372290227222,0.2946810358006349,0.522327512272634,0.37664074815084275,0.23637443839696862,src/spectroscopy_qml/ir/mps_encoder/results/grid_search/best_model.pt,src/spectroscopy_qml/ir/mps_encoder/results/grid_search/run_00058/summary.txt,src/spectroscopy_qml/ir/mps_encoder/results/grid_search/run_00058/training_log.csv,4,360,256,0.2,512,0.001,1e-06,1,20,0.7,3
run_00140,0.3764859757403115,1,1,0.8751073727139119,1.142076521134626,0.3772210449651924,0.2406126610986422,0.2673469141212299,0.6404210315852613,0.3764859757403115,0.24019807576385377,src/spectroscopy_qml/ir/mps_encoder/results/grid_search/best_model.pt,src/spectroscopy_qml/ir/mps_encoder/results/grid_search/run_00140/summary.txt,src/spectroscopy_qml/ir/mps_encoder/results/grid_search/run_00140/training_log.csv,5,240,512,0.1,2048,0.001,1e-06,1,20,0.7,3
run_00079,0.37645048068500836,1,1,0.8431126306328915,1.1590108089781597,0.37654496067857796,0.24486535271352414,0.2843856560178675,0.5570723519786169,0.37645048068500836,0.24454001494820712,src/spectroscopy_qml/ir/mps_encoder/results/grid_search/best_model.pt,src/spectroscopy_qml/ir/mps_encoder/results/grid_search/run_00079/summary.txt,src/spectroscopy_qml/ir/mps_encoder/results/grid_search/run_00079/training_log.csv,4,450,128,0.1,1024,0.001,1e-06,1,20,0.7,3
run_00283,0.3763641146264196,1,1,0.8456975775108292,1.0367451239576981,0.3763984506188077,0.24727532511061667,0.26492208363273667,0.6498471511178225,0.3763641146264196,0.24712605649627703,src/spectroscopy_qml/ir/mps_encoder/results/grid_search/best_model.pt,src/spectroscopy_qml/ir/mps_encoder/results/grid_search/run_00283/summary.txt,src/spectroscopy_qml/ir/mps_encoder/results/grid_search/run_00283/training_log.csv,6,360,512,0.1,1024,0.001,1e-06,1,20,0.7,3
run_00209,0.3760794764411394,1,1,0.8986572575046043,1.3731541374624634,0.3769158237938177,0.24340326853624342,0.26464391648790614,0.6546378191805616,0.3760794764411394,0.24331940778531091,src/spectroscopy_qml/ir/mps_encoder/results/grid_search/best_model.pt,src/spectroscopy_qml/ir/mps_encoder/results/grid_search/run_00209/summary.txt,src/spectroscopy_qml/ir/mps_encoder/results/grid_search/run_00209/training_log.csv,5,450,512,0.1,256,0.001,1e-06,1,20,0.7,3
run_00017,0.37483169804583766,1,1,0.9315913835907194,1.3319265216634366,0.37616491801863866,0.2344622261511045,0.262247243695875,0.6650610080133854,0.37483169804583766,0.23390416062819996,src/spectroscopy_qml/ir/mps_encoder/results/grid_search/best_model.pt,src/spectroscopy_qml/ir/mps_encoder/results/grid_search/run_00017/summary.txt,src/spectroscopy_qml/ir/mps_encoder/results/grid_search/run_00017/training_log.csv,4,240,256,0.1,256,0.001,1e-06,1,20,0.7,3
run_00045,0.3742459989298049,1,1,0.8813895480489115,1.2240891473523288,0.3746795376705559,0.25575389464727666,0.24367738796435112,0.8103016463482008,0.3742459989298049,0.25524670880038147,src/spectroscopy_qml/ir/mps_encoder/results/grid_search/best_model.pt,src/spectroscopy_qml/ir/mps_encoder/results/grid_search/run_00045/summary.txt,src/spectroscopy_qml/ir/mps_encoder/results/grid_search/run_00045/training_log.csv,4,360,128,0.2,256,0.001,1e-06,1,20,0.7,3
run_00152,0.3739391901824062,1,1,0.8749284563230122,0.9756856215583737,0.37441790432463806,0.2424670437583232,0.2587517342609535,0.6770863477798765,0.3739391901824062,0.24235187939673103,src/spectroscopy_qml/ir/mps_encoder/results/grid_search/best_model.pt,src/spectroscopy_qml/ir/mps_encoder/results/grid_search/run_00152/summary.txt,src/spectroscopy_qml/ir/mps_encoder/results/grid_search/run_00152/training_log.csv,5,360,128,0.1,2048,0.001,1e-06,1,20,0.7,3
run_00046,0.3723290925614356,1,1,0.8779671156785004,1.200497167292406,0.37307146244568773,0.2434151466555952,0.25936082626700846,0.6643322792635894,0.3723290925614356,0.2431627575432068,src/spectroscopy_qml/ir/mps_encoder/results/grid_search/best_model.pt,src/spectroscopy_qml/ir/mps_encoder/results/grid_search/run_00046/summary.txt,src/spectroscopy_qml/ir/mps_encoder/results/grid_search/run_00046/training_log.csv,4,360,128,0.2,512,0.001,1e-06,1,20,0.7,3
run_00294,0.3722465679563151,1,1,0.9634790086378269,1.093958422023348,0.3719799529652172,0.21767609435685886,0.27960212707357895,0.5555175552597379,0.3722465679563151,0.21769653075381248,src/spectroscopy_qml/ir/mps_encoder/results/grid_search/best_model.pt,src/spectroscopy_qml/ir/mps_encoder/results/grid_search/run_00294/summary.txt,src/spectroscopy_qml/ir/mps_encoder/results/grid_search/run_00294/training_log.csv,6,450,128,0.1,512,0.001,1e-06,1,20,0.7,3
run_00288,0.3721605719256394,1,1,0.8525489561935111,1.0519565435228442,0.372736358606925,0.2418324027845203,0.26120407344024,0.650491694596884,0.3721605719256394,0.24120834459722612,src/spectroscopy_qml/ir/mps_encoder/results/grid_search/best_model.pt,src/spectroscopy_qml/ir/mps_encoder/results/grid_search/run_00288/summary.txt,src/spectroscopy_qml/ir/mps_encoder/results/grid_search/run_00288/training_log.csv,6,360,512,0.2,2048,0.001,1e-06,1,20,0.7,3
run_00214,0.3718904055423543,1,1,0.909203536232166,1.1706112871031569,0.3728301932356213,0.24253507805477925,0.26139783535307787,0.6498629358560852,0.3718904055423543,0.24240889438639127,src/spectroscopy_qml/ir/mps_encoder/results/grid_search/best_model.pt,src/spectroscopy_qml/ir/mps_encoder/results/grid_search/run_00214/summary.txt,src/spectroscopy_qml/ir/mps_encoder/results/grid_search/run_00214/training_log.csv,5,450,512,0.2,512,0.001,1e-06,1,20,0.7,3
run_00034,0.37156301127618946,1,1,0.9529823863709349,1.1709970160892045,0.3723656892213803,0.23924068143843072,0.2584282968230489,0.6659923075708867,0.37156301127618946,0.23920751716814073,src/spectroscopy_qml/ir/mps_encoder/results/grid_search/best_model.pt,src/spectroscopy_qml/ir/mps_encoder/results/grid_search/run_00034/summary.txt,src/spectroscopy_qml/ir/mps_encoder/results/grid_search/run_00034/training_log.csv,4,240,512,0.2,512,0.001,1e-06,1,20,0.7,3
run_00172,0.37144298178356383,1,1,0.8909805188204106,0.9805559040007263,0.37151903786286355,0.23580681450744806,0.28023645394018537,0.5509978585371756,0.37144298178356383,0.23559358601694919,src/spectroscopy_qml/ir/mps_encoder/results/grid_search/best_model.pt,src/spectroscopy_qml/ir/mps_encoder/results/grid_search/run_00172/summary.txt,src/spectroscopy_qml/ir/mps_encoder/results/grid_search/run_00172/training_log.csv,5,360,512,0.0,2048,0.001,1e-06,1,20,0.7,3
run_00025,0.37132882054634686,1,1,0.9395368866350182,1.110617828661608,0.37218863105397587,0.24073557777115395,0.26121368389082283,0.6471084990292386,0.37132882054634686,0.23991391612279778,src/spectroscopy_qml/ir/mps_encoder/results/grid_search/best_model.pt,src/spectroscopy_qml/ir/mps_encoder/results/grid_search/run_00025/summary.txt,src/spectroscopy_qml/ir/mps_encoder/results/grid_search/run_00025/training_log.csv,4,240,512,0.0,256,0.001,1e-06,1,20,0.7,3
run_00030,0.37116021502795843,1,1,0.9086890179788212,1.0373306845663068,0.3725404105563924,0.23453925949058357,0.260622741587759,0.6529199134996343,0.37116021502795843,0.2338437364179673,src/spectroscopy_qml/ir/mps_encoder/results/grid_search/best_model.pt,src/spectroscopy_qml/ir/mps_encoder/results/grid_search/run_00030/summary.txt,src/spectroscopy_qml/ir/mps_encoder/results/grid_search/run_00030/training_log.csv,4,240,512,0.1,512,0.001,1e-06,1,20,0.7,3
run_00144,0.37054430485317646,1,1,0.8823895476750696,1.0910836323609718,0.3709773605407949,0.2393800573651015,0.26053004928834694,0.6439831208532177,0.37054430485317646,0.23935764656640512,src/spectroscopy_qml/ir/mps_encoder/results/grid_search/best_model.pt,src/spectroscopy_qml/ir/mps_encoder/results/grid_search/run_00144/summary.txt,src/spectroscopy_qml/ir/mps_encoder/results/grid_search/run_00144/training_log.csv,5,240,512,0.2,2048,0.001,1e-06,1,20,0.7,3
run_00138,0.370397182062893,1,1,0.8869974626072362,1.2429902766028527,0.3713815332083395,0.24602504676294618,0.24476168238768697,0.7694139126683047,0.370397182062893,0.2456792518582422,src/spectroscopy_qml/ir/mps_encoder/results/grid_search/best_model.pt,src/spectroscopy_qml/ir/mps_encoder/results/grid_search/run_00138/summary.txt,src/spectroscopy_qml/ir/mps_encoder/results/grid_search/run_00138/training_log.csv,5,240,512,0.1,512,0.001,1e-06,1,20,0.7,3
run_00065,0.3697214944589997,1,1,0.8992304090010513,1.1565943688480227,0.3702841608216099,0.2452722463550623,0.2576488769833093,0.6578921060523948,0.3697214944589997,0.24468827124213277,src/spectroscopy_qml/ir/mps_encoder/results/grid_search/best_model.pt,src/spectroscopy_qml/ir/mps_encoder/results/grid_search/run_00065/summary.txt,src/spectroscopy_qml/ir/mps_encoder/results/grid_search/run_00065/training_log.csv,4,360,512,0.1,256,0.001,1e-06,1,20,0.7,3
run_00264,0.36932037649937743,1,1,0.8927092687021613,0.972116898830692,0.37076710075679503,0.24132247705636917,0.2584237868586023,0.655905859821001,0.36932037649937743,0.24045984221314398,src/spectroscopy_qml/ir/mps_encoder/results/grid_search/best_model.pt,src/spectroscopy_qml/ir/mps_encoder/results/grid_search/run_00264/summary.txt,src/spectroscopy_qml/ir/mps_encoder/results/grid_search/run_00264/training_log.csv,6,360,128,0.2,2048,0.001,1e-06,1,20,0.7,3
run_00280,0.3693016961251608,1,1,0.8708233713504959,1.0374063257131705,0.37055678073049475,0.2421529765300844,0.2581705874377315,0.6562215545862558,0.3693016961251608,0.24174093900177154,src/spectroscopy_qml/ir/mps_encoder/results/grid_search/best_model.pt,src/spectroscopy_qml/ir/mps_encoder/results/grid_search/run_00280/summary.txt,src/spectroscopy_qml/ir/mps_encoder/results/grid_search/run_00280/training_log.csv,6,360,512,0.0,2048,0.001,1e-06,1,20,0.7,3
run_00135,0.36860255415117144,1,1,0.8778751119195652,1.2101417534836734,0.36942843948065446,0.2375949221030294,0.24448924410784156,0.7555101890485486,0.36860255415117144,0.23726514142192331,src/spectroscopy_qml/ir/mps_encoder/results/grid_search/best_model.pt,src/spectroscopy_qml/ir/mps_encoder/results/grid_search/run_00135/summary.txt,src/spectroscopy_qml/ir/mps_encoder/results/grid_search/run_00135/training_log.csv,5,240,512,0.0,1024,0.001,1e-06,1,20,0.7,3
run_00041,0.3685687736421971,1,1,0.8783690467542684,1.2268400994144708,0.36883565576138416,0.25171673946911727,0.2554261779468297,0.6633746718089836,0.3685687736421971,0.2510138927773545,src/spectroscopy_qml/ir/mps_encoder/results/grid_search/best_model.pt,src/spectroscopy_qml/ir/mps_encoder/results/grid_search/run_00041/summary.txt,src/spectroscopy_qml/ir/mps_encoder/results/grid_search/run_00041/training_log.csv,4,360,128,0.1,256,0.001,1e-06,1,20,0.7,3
run_00106,0.3684709617437097,1,1,0.8674366194679575,1.0185076728356444,0.3695414847161572,0.243381252218875,0.26167388243229334,0.6287087557943143,0.3684709617437097,0.24250267616164,src/spectroscopy_qml/ir/mps_encoder/results/grid_search/best_model.pt,src/spectroscopy_qml/ir/mps_encoder/results/grid_search/run_00106/summary.txt,src/spectroscopy_qml/ir/mps_encoder/results/grid_search/run_00106/training_log.csv,4,450,512,0.2,512,0.001,1e-06,1,20,0.7,3
run_00180,0.3681820878697084,1,1,0.8827483847959964,0.9301674525766364,0.36907048268325515,0.23847873412531434,0.25680855272919106,0.6557085505927169,0.3681820878697084,0.23813009358845258,src/spectroscopy_qml/ir/mps_encoder/results/grid_search/best_model.pt,src/spectroscopy_qml/ir/mps_encoder/results/grid_search/run_00180/summary.txt,src/spectroscopy_qml/ir/mps_encoder/results/grid_search/run_00180/training_log.csv,5,360,512,0.2,2048,0.001,1e-06,1,20,0.7,3
run_00266,0.3679693001933316,1,1,1.2008376379729508,1.2595588357031922,0.3669598797579928,0.08154235037198206,0.31949753487065874,0.43098386273591605,0.3679693001933316,0.08202368773916076,src/spectroscopy_qml/ir/mps_encoder/results/grid_search/best_model.pt,src/spectroscopy_qml/ir/mps_encoder/results/grid_search/run_00266/summary.txt,src/spectroscopy_qml/ir/mps_encoder/results/grid_search/run_00266/training_log.csv,6,360,256,0.0,512,0.001,1e-06,1,20,0.7,3
run_00145,0.36771614905967676,1,1,0.9179873191543976,1.2314039814136213,0.36774502380392876,0.22644443891147956,0.2747770713891808,0.5557911573896253,0.36771614905967676,0.22650030053619666,src/spectroscopy_qml/ir/mps_encoder/results/grid_search/best_model.pt,src/spectroscopy_qml/ir/mps_encoder/results/grid_search/run_00145/summary.txt,src/spectroscopy_qml/ir/mps_encoder/results/grid_search/run_00145/training_log.csv,5,360,128,0.0,256,0.001,1e-06,1,20,0.7,3
run_00060,0.36754492862895194,1,1,0.9616772278583796,1.0282270894872807,0.36809049785080117,0.1922511756879559,0.35100150111808237,0.38692865824463185,0.36754492862895194,0.19185636955317406,src/spectroscopy_qml/ir/mps_encoder/results/grid_search/best_model.pt,src/spectroscopy_qml/ir/mps_encoder/results/grid_search/run_00060/summary.txt,src/spectroscopy_qml/ir/mps_encoder/results/grid_search/run_00060/training_log.csv,4,360,256,0.2,2048,0.001,1e-06,1,20,0.7,3
run_00141,0.3671693898696117,1,1,0.9411854935089142,1.0326824590146044,0.36812848116592917,0.2419475103055271,0.23980849548327882,0.7918335025808048,0.3671693898696117,0.24169303659819844,src/spectroscopy_qml/ir/mps_encoder/results/grid_search/best_model.pt,src/spectroscopy_qml/ir/mps_encoder/results/grid_search/run_00141/summary.txt,src/spectroscopy_qml/ir/mps_encoder/results/grid_search/run_00141/training_log.csv,5,240,512,0.2,256,0.001,1e-06,1,20,0.7,3
run_00069,0.3670736305793001,1,1,0.9406441993561878,1.1705280285568207,0.3685783062395215,0.22913921059712405,0.25675398887748685,0.6529646369247121,0.3670736305793001,0.22833773457633438,src/spectroscopy_qml/ir/mps_encoder/results/grid_search/best_model.pt,src/spectroscopy_qml/ir/mps_encoder/results/grid_search/run_00069/summary.txt,src/spectroscopy_qml/ir/mps_encoder/results/grid_search/run_00069/training_log.csv,4,360,512,0.2,256,0.001,1e-06,1,20,0.7,3
run_00185,0.36605635181668544,1,1,0.8921610141313382,1.0726108831307752,0.3665919507422045,0.24446702332792442,0.23838318509973647,0.7931909900713996,0.36605635181668544,0.24435023006467527,src/spectroscopy_qml/ir/mps_encoder/results/grid_search/best_model.pt,src/spectroscopy_qml/ir/mps_encoder/results/grid_search/run_00185/summary.txt,src/spectroscopy_qml/ir/mps_encoder/results/grid_search/run_00185/training_log.csv,5,450,128,0.1,256,0.001,1e-06,1,20,0.7,3
run_00150,0.3657827709805592,1,1,0.8892494405197252,0.9370625023777872,0.36616982794601866,0.2315049411378115,0.2827834094516615,0.5192994733159,0.3657827709805592,0.23115624548323824,src/spectroscopy_qml/ir/mps_encoder/results/grid_search/best_model.pt,src/spectroscopy_qml/ir/mps_encoder/results/grid_search/run_00150/summary.txt,src/spectroscopy_qml/ir/mps_encoder/results/grid_search/run_00150/training_log.csv,5,360,128,0.1,512,0.001,1e-06,1,20,0.7,3
run_00226,0.3655910796510458,1,1,1.0419292835530747,1.097415782287926,0.3662040116476727,0.2229609046566254,0.2546369479909471,0.6517728891858758,0.3655910796510458,0.22244347149501104,src/spectroscopy_qml/ir/mps_encoder/results/grid_search/best_model.pt,src/spectroscopy_qml/ir/mps_encoder/results/grid_search/run_00226/summary.txt,src/spectroscopy_qml/ir/mps_encoder/results/grid_search/run_00226/training_log.csv,6,240,128,0.2,512,0.001,1e-06,1,20,0.7,3
run_00084,0.3655546352056236,1,1,0.8538779452707791,0.9614688027032761,0.3662488168782779,0.24448554970667571,0.2776191736748865,0.5380070189469475,0.3655546352056236,0.2437996849107063,src/spectroscopy_qml/ir/mps_encoder/results/grid_search/best_model.pt,src/spectroscopy_qml/ir/mps_encoder/results/grid_search/run_00084/summary.txt,src/spectroscopy_qml/ir/mps_encoder/results/grid_search/run_00084/training_log.csv,4,450,128,0.2,2048,0.001,1e-06,1,20,0.7,3
run_00082,0.36546247450235636,1,1,0.8965870638959764,1.0749661862715885,0.36620873862919934,0.24638471820360133,0.24995917661636585,0.6845972524032264,0.36546247450235636,0.2456315189677255,src/spectroscopy_qml/ir/mps_encoder/results/grid_search/best_model.pt,src/spectroscopy_qml/ir/mps_encoder/results/grid_search/run_00082/summary.txt,src/spectroscopy_qml/ir/mps_encoder/results/grid_search/run_00082/training_log.csv,4,450,128,0.2,512,0.001,1e-06,1,20,0.7,3
run_00053,0.36517469510236505,1,1,0.9322155552975467,1.3567585189606515,0.3658074667223544,0.23766849681422741,0.23695270228248025,0.8018568113776393,0.36517469510236505,0.237189808502225,src/spectroscopy_qml/ir/mps_encoder/results/grid_search/best_model.pt,src/spectroscopy_qml/ir/mps_encoder/results/grid_search/run_00053/summary.txt,src/spectroscopy_qml/ir/mps_encoder/results/grid_search/run_00053/training_log.csv,4,360,256,0.1,256,0.001,1e-06,1,20,0.7,3
run_00248,0.3648357996739214,1,1,0.9252592780635646,1.0399654268201037,0.3654047123335418,0.2398973819243035,0.23932407190745206,0.7722314884482023,0.3648357996739214,0.2394609992351109,src/spectroscopy_qml/ir/mps_encoder/results/grid_search/best_model.pt,src/spectroscopy_qml/ir/mps_encoder/results/grid_search/run_00248/summary.txt,src/spectroscopy_qml/ir/mps_encoder/results/grid_search/run_00248/training_log.csv,6,240,512,0.1,2048,0.001,1e-06,1,20,0.7,3
run_00094,0.3641527089665378,1,1,0.9452814255666385,1.0825542250878366,0.3656413661908932,0.2229024880727741,0.2523652644873075,0.6634246568134823,0.3641527089665378,0.22221142236573452,src/spectroscopy_qml/ir/mps_encoder/results/grid_search/best_model.pt,src/spectroscopy_qml/ir/mps_encoder/results/grid_search/run_00094/summary.txt,src/spectroscopy_qml/ir/mps_encoder/results/grid_search/run_00094/training_log.csv,4,450,256,0.2,512,0.001,1e-06,1,20,0.7,3
run_00038,0.3640838403108912,1,1,0.8446167015815972,1.302153046540258,0.3646329709133165,0.2601217609902181,0.2551084931126988,0.6389504201371168,0.3640838403108912,0.25948929912383456,src/spectroscopy_qml/ir/mps_encoder/results/grid_search/best_model.pt,src/spectroscopy_qml/ir/mps_encoder/results/grid_search/run_00038/summary.txt,src/spectroscopy_qml/ir/mps_encoder/results/grid_search/run_00038/training_log.csv,4,360,128,0.0,512,0.001,1e-06,1,20,0.7,3
run_00005,0.36336489619334367,1,1,0.9951576760428632,1.1907967863719622,0.36318092868169005,0.2251689163041524,0.2538172092517098,0.6381401369062966,0.36336489619334367,0.22506905253801973,src/spectroscopy_qml/ir/mps_encoder/results/grid_search/best_model.pt,src/spectroscopy_qml/ir/mps_encoder/results/grid_search/run_00005/summary.txt,src/spectroscopy_qml/ir/mps_encoder/results/grid_search/run_00005/training_log.csv,4,240,128,0.1,256,0.001,1e-06,1,20,0.7,3
run_00002,0.36298374254558624,1,1,0.9831024502353143,1.0508347445830761,0.36450499926078384,0.21986838165299571,0.2663400755464494,0.5772689245857822,0.36298374254558624,0.2190310722642298,src/spectroscopy_qml/ir/mps_encoder/results/grid_search/best_model.pt,src/spectroscopy_qml/ir/mps_encoder/results/grid_search/run_00002/summary.txt,src/spectroscopy_qml/ir/mps_encoder/results/grid_search/run_00002/training_log.csv,4,240,128,0.0,512,0.001,1e-06,1,20,0.7,3
run_00134,0.36277057006616614,1,1,0.9766352585775266,1.092376998469176,0.3630240194314502,0.2220431167632999,0.28193856965279135,0.5095787053357677,0.36277057006616614,0.22264023026455665,src/spectroscopy_qml/ir/mps_encoder/results/grid_search/best_model.pt,src/spectroscopy_qml/ir/mps_encoder/results/grid_search/run_00134/summary.txt,src/spectroscopy_qml/ir/mps_encoder/results/grid_search/run_00134/training_log.csv,5,240,512,0.0,512,0.001,1e-06,1,20,0.7,3
run_00062,0.36253023564294634,1,1,0.9297059658972531,1.3727926806670911,0.36355706885052186,0.23483772027813724,0.23654618505727903,0.7851170964500124,0.36253023564294634,0.23437152673179756,src/spectroscopy_qml/ir/mps_encoder/results/grid_search/best_model.pt,src/spectroscopy_qml/ir/mps_encoder/results/grid_search/run_00062/summary.txt,src/spectroscopy_qml/ir/mps_encoder/results/grid_search/run_00062/training_log.csv,4,360,512,0.0,512,0.001,1e-06,1,20,0.7,3
run_00161,0.36240123486212295,1,1,0.9000763429516585,1.2236984061521954,0.3628273217544651,0.25013298476738727,0.25139593367716634,0.6516887039151412,0.36240123486212295,0.251874047273029,src/spectroscopy_qml/ir/mps_encoder/results/grid_search/best_model.pt,src/spectroscopy_qml/ir/mps_encoder/results/grid_search/run_00161/summary.txt,src/spectroscopy_qml/ir/mps_encoder/results/grid_search/run_00161/training_log.csv,5,360,256,0.1,256,0.001,1e-06,1,20,0.7,3
run_00095,0.3615413147202131,1,1,0.9556918436040559,1.0674309297636244,0.36234682948632535,0.21947962867032028,0.2666522684619738,0.5651725534971087,0.3615413147202131,0.21877899379899896,src/spectroscopy_qml/ir/mps_encoder/results/grid_search/best_model.pt,src/spectroscopy_qml/ir/mps_encoder/results/grid_search/run_00095/summary.txt,src/spectroscopy_qml/ir/mps_encoder/results/grid_search/run_00095/training_log.csv,4,450,256,0.2,1024,0.001,1e-06,1,20,0.7,3
run_00035,0.3612033544720822,1,1,0.9576807816685768,1.0228414325078097,0.3623280401637111,0.22153014497162024,0.25080115645632495,0.6524700484591465,0.3612033544720822,0.2209371066715874,src/spectroscopy_qml/ir/mps_encoder/results/grid_search/best_model.pt,src/spectroscopy_qml/ir/mps_encoder/results/grid_search/run_00035/summary.txt,src/spectroscopy_qml/ir/mps_encoder/results/grid_search/run_00035/training_log.csv,4,240,512,0.2,1024,0.001,1e-06,1,20,0.7,3
run_00029,0.3603977568437223,1,1,0.9098833512747282,1.2478429150687003,0.3611556083157775,0.23958753580076922,0.2373697383390216,0.754749890822227,0.3603977568437223,0.23908212487249286,src/spectroscopy_qml/ir/mps_encoder/results/grid_search/best_model.pt,src/spectroscopy_qml/ir/mps_encoder/results/grid_search/run_00029/summary.txt,src/spectroscopy_qml/ir/mps_encoder/results/grid_search/run_00029/training_log.csv,4,240,512,0.1,256,0.001,1e-06,1,20,0.7,3
run_00023,0.35948986868094074,1,1,0.8971917849912908,0.982902343380666,0.36015492536583327,0.23042484635977542,0.2572185251342503,0.6004488127246037,0.35948986868094074,0.23005037009487753,src/spectroscopy_qml/ir/mps_encoder/results/grid_search/best_model.pt,src/spectroscopy_qml/ir/mps_encoder/results/grid_search/run_00023/summary.txt,src/spectroscopy_qml/ir/mps_encoder/results/grid_search/run_00023/training_log.csv,4,240,256,0.2,1024,0.001,1e-06,1,20,0.7,3
run_00211,0.3592603940184791,1,1,0.9114760298366458,0.9843311585092309,0.3598130703127307,0.23540524771914229,0.2500877457651123,0.6410892521717169,0.3592603940184791,0.2356214157278507,src/spectroscopy_qml/ir/mps_encoder/results/grid_search/best_model.pt,src/spectroscopy_qml/ir/mps_encoder/results/grid_search/run_00211/summary.txt,src/spectroscopy_qml/ir/mps_encoder/results/grid_search/run_00211/training_log.csv,5,450,512,0.1,1024,0.001,1e-06,1,20,0.7,3
run_00026,0.3592238372672885,1,1,0.8796429700360804,1.0486538928509557,0.35994389807126603,0.2391079853852393,0.2540705004614245,0.6170911884329437,0.3592238372672885,0.238662212815935,src/spectroscopy_qml/ir/mps_encoder/results/grid_search/best_model.pt,src/spectroscopy_qml/ir/mps_encoder/results/grid_search/run_00026/summary.txt,src/spectroscopy_qml/ir/mps_encoder/results/grid_search/run_00026/training_log.csv,4,240,512,0.0,512,0.001,1e-06,1,20,0.7,3
run_00096,0.3589184512346688,1,1,0.8843974456671443,1.1464016597622195,0.3601249649096913,0.23453647296908114,0.2483678198544161,0.654732527610138,0.3589184512346688,0.2334116442769891,src/spectroscopy_qml/ir/mps_encoder/results/grid_search/best_model.pt,src/spectroscopy_qml/ir/mps_encoder/results/grid_search/run_00096/summary.txt,src/spectroscopy_qml/ir/mps_encoder/results/grid_search/run_00096/training_log.csv,4,450,256,0.2,2048,0.001,1e-06,1,20,0.7,3
run_00197,0.35887585617147205,1,1,0.9194262865218713,1.3009812053711705,0.35929071363234016,0.2570319895117911,0.23172784524832832,0.7992865298305245,0.35887585617147205,0.25638421314364856,src/spectroscopy_qml/ir/mps_encoder/results/grid_search/best_model.pt,src/spectroscopy_qml/ir/mps_encoder/results/grid_search/run_00197/summary.txt,src/spectroscopy_qml/ir/mps_encoder/results/grid_search/run_00197/training_log.csv,5,450,256,0.1,256,0.001,1e-06,1,20,0.7,3
run_00147,0.35855999197076416,1,1,0.9046852322776978,0.9529966131550291,0.3588802453448095,0.24365685572260387,0.24939387102067606,0.6397265031017011,0.35855999197076416,0.2441031820848151,src/spectroscopy_qml/ir/mps_encoder/results/grid_search/best_model.pt,src/spectroscopy_qml/ir/mps_encoder/results/grid_search/run_00147/summary.txt,src/spectroscopy_qml/ir/mps_encoder/results/grid_search/run_00147/training_log.csv,5,360,128,0.0,1024,0.001,1e-06,1,20,0.7,3
run_00186,0.3584245687765303,1,1,0.8458448581195797,1.2235954203599468,0.35910964593533873,0.2561737020721552,0.23841077306354683,0.727331800459862,0.3584245687765303,0.2559463547436257,src/spectroscopy_qml/ir/mps_encoder/results/grid_search/best_model.pt,src/spectroscopy_qml/ir/mps_encoder/results/grid_search/run_00186/summary.txt,src/spectroscopy_qml/ir/mps_encoder/results/grid_search/run_00186/training_log.csv,5,450,128,0.1,512,0.001,1e-06,1,20,0.7,3
run_00252,0.3583742891696472,1,1,0.9365597041453559,1.0137913380382755,0.3598123539759891,0.2279914296676513,0.2765096935690755,0.514948147134807,0.3583742891696472,0.22674462389471117,src/spectroscopy_qml/ir/mps_encoder/results/grid_search/best_model.pt,src/spectroscopy_qml/ir/mps_encoder/results/grid_search/run_00252/summary.txt,src/spectroscopy_qml/ir/mps_encoder/results/grid_search/run_00252/training_log.csv,6,240,512,0.2,2048,0.001,1e-06,1,20,0.7,3
run_00243,0.35818126563340114,1,1,0.967061318596964,1.1518093746026683,0.35900391588324093,0.20973879269655868,0.2783307599384703,0.505529919971377,0.35818126563340114,0.20986382814574522,src/spectroscopy_qml/ir/mps_encoder/results/grid_search/best_model.pt,src/spectroscopy_qml/ir/mps_encoder/results/grid_search/run_00243/summary.txt,src/spectroscopy_qml/ir/mps_encoder/results/grid_search/run_00243/training_log.csv,6,240,512,0.0,1024,0.001,1e-06,1,20,0.7,3
run_00207,0.3581619833157229,1,1,0.9374994149004408,1.0531946659595337,0.36002645795908117,0.23213458753186542,0.24968967880356033,0.645088052531609,0.3581619833157229,0.2312493264745831,src/spectroscopy_qml/ir/mps_encoder/results/grid_search/best_model.pt,src/spectroscopy_qml/ir/mps_encoder/results/grid_search/run_00207/summary.txt,src/spectroscopy_qml/ir/mps_encoder/results/grid_search/run_00207/training_log.csv,5,450,512,0.0,1024,0.001,1e-06,1,20,0.7,3
run_00234,0.35794875659802766,1,1,0.9463085477363937,1.244435804560637,0.35877008490226026,0.22901549094310125,0.2440563413410423,0.6769627006634852,0.35794875659802766,0.22863507845117015,src/spectroscopy_qml/ir/mps_encoder/results/grid_search/best_model.pt,src/spectroscopy_qml/ir/mps_encoder/results/grid_search/run_00234/summary.txt,src/spectroscopy_qml/ir/mps_encoder/results/grid_search/run_00234/training_log.csv,6,240,256,0.1,512,0.001,1e-06,1,20,0.7,3
run_00021,0.3576462728574594,1,1,0.9862705879515988,1.3732132718494683,0.35824965610020665,0.22540718742258353,0.22656966960375446,0.8553986435648253,0.3576462728574594,0.22481078979236122,src/spectroscopy_qml/ir/mps_encoder/results/grid_search/best_model.pt,src/spectroscopy_qml/ir/mps_encoder/results/grid_search/run_00021/summary.txt,src/spectroscopy_qml/ir/mps_encoder/results/grid_search/run_00021/training_log.csv,4,240,256,0.2,256,0.001,1e-06,1,20,0.7,3
run_00022,0.35745804949568205,1,1,0.973240736959696,1.124108538154815,0.35838300963613445,0.22131499578875793,0.24570986038735282,0.66190932194026,0.35745804949568205,0.221024136788298,src/spectroscopy_qml/ir/mps_encoder/results/grid_search/best_model.pt,src/spectroscopy_qml/ir/mps_encoder/results/grid_search/run_00022/summary.txt,src/spectroscopy_qml/ir/mps_encoder/results/grid_search/run_00022/training_log.csv,4,240,256,0.2,512,0.001,1e-06,1,20,0.7,3
run_00037,0.3571024384298636,1,1,0.8778359476058193,1.019902334186126,0.35746562185186775,0.25044404782103385,0.23401371061250228,0.7566072283578085,0.3571024384298636,0.24997359803905655,src/spectroscopy_qml/ir/mps_encoder/results/grid_search/best_model.pt,src/spectroscopy_qml/ir/mps_encoder/results/grid_search/run_00037/summary.txt,src/spectroscopy_qml/ir/mps_encoder/results/grid_search/run_00037/training_log.csv,4,360,128,0.0,256,0.001,1e-06,1,20,0.7,3
run_00051,0.3570121362165198,1,1,0.9313027417129597,0.9983804370414556,0.35740895430672776,0.23608754098841261,0.2315132838167087,0.7834386526147419,0.3570121362165198,0.23594729417027455,src/spectroscopy_qml/ir/mps_encoder/results/grid_search/best_model.pt,src/spectroscopy_qml/ir/mps_encoder/results/grid_search/run_00051/summary.txt,src/spectroscopy_qml/ir/mps_encoder/results/grid_search/run_00051/training_log.csv,4,360,256,0.0,1024,0.001,1e-06,1,20,0.7,3
run_00076,0.35651407640364435,1,1,0.8639370365210709,0.8775597435392265,0.35639400015397954,0.24070954831612476,0.2613229428729214,0.5601977301546378,0.35651407640364435,0.2405060839145331,src/spectroscopy_qml/ir/mps_encoder/results/grid_search/best_model.pt,src/spectroscopy_qml/ir/mps_encoder/results/grid_search/run_00076/summary.txt,src/spectroscopy_qml/ir/mps_encoder/results/grid_search/run_00076/training_log.csv,4,450,128,0.0,2048,0.001,1e-06,1,20,0.7,3
run_00175,0.3564808427039085,1,1,0.9500742027443255,1.1761129093416864,0.3572375177732459,0.22885717771764008,0.243386177772139,0.6712223175152717,0.3564808427039085,0.2279394463157094,src/spectroscopy_qml/ir/mps_encoder/results/grid_search/best_model.pt,src/spectroscopy_qml/ir/mps_encoder/results/grid_search/run_00175/summary.txt,src/spectroscopy_qml/ir/mps_encoder/results/grid_search/run_00175/training_log.csv,5,360,512,0.1,1024,0.001,1e-06,1,20,0.7,3
run_00227,0.3555085202496791,1,1,1.0059783515124834,1.101414136425852,0.3561998412990403,0.1973187051077862,0.30379413102609565,0.43045507400411454,0.3555085202496791,0.1969473429912794,src/spectroscopy_qml/ir/mps_encoder/results/grid_search/best_model.pt,src/spectroscopy_qml/ir/mps_encoder/results/grid_search/run_00227/summary.txt,src/spectroscopy_qml/ir/mps_encoder/results/grid_search/run_00227/training_log.csv,6,240,128,0.2,1024,0.001,1e-06,1,20,0.7,3
run_00235,0.35442473379329037,1,1,0.8932638090716345,0.9724023103897063,0.35410080285081874,0.23903443029309984,0.24191198013847554,0.6603387404831182,0.35442473379329037,0.23925506270752372,src/spectroscopy_qml/ir/mps_encoder/results/grid_search/best_model.pt,src/spectroscopy_qml/ir/mps_encoder/results/grid_search/run_00235/summary.txt,src/spectroscopy_qml/ir/mps_encoder/results/grid_search/run_00235/training_log.csv,6,240,256,0.1,1024,0.001,1e-06,1,20,0.7,3
run_00018,0.35410591248953044,1,1,0.9092179026434851,1.0163069586534097,0.3553653455195332,0.23031404118760473,0.25032292481148827,0.6123057819496256,0.35410591248953044,0.2295450516814121,src/spectroscopy_qml/ir/mps_encoder/results/grid_search/best_model.pt,src/spectroscopy_qml/ir/mps_encoder/results/grid_search/run_00018/summary.txt,src/spectroscopy_qml/ir/mps_encoder/results/grid_search/run_00018/training_log.csv,4,240,256,0.1,512,0.001,1e-06,1,20,0.7,3
run_00136,0.35310663161039313,1,1,0.9478752681810185,1.1235486762237425,0.35433336996326115,0.23057606662821886,0.2288346321249725,0.7846619698301036,0.35310663161039313,0.23087471735570567,src/spectroscopy_qml/ir/mps_encoder/results/grid_search/best_model.pt,src/spectroscopy_qml/ir/mps_encoder/results/grid_search/run_00136/summary.txt,src/spectroscopy_qml/ir/mps_encoder/results/grid_search/run_00136/training_log.csv,5,240,512,0.0,2048,0.001,1e-06,1,20,0.7,3
run_00006,0.3528904082864013,1,1,0.9771147599217694,0.9929419305920263,0.3532933242127524,0.23888123207330836,0.23413293973714783,0.7194552160667589,0.3528904082864013,0.23788867711935824,src/spectroscopy_qml/ir/mps_encoder/results/grid_search/best_model.pt,src/spectroscopy_qml/ir/mps_encoder/results/grid_search/run_00006/summary.txt,src/spectroscopy_qml/ir/mps_encoder/results/grid_search/run_00006/training_log.csv,4,240,128,0.1,512,0.001,1e-06,1,20,0.7,3
run_00033,0.3528299215146857,1,1,0.9430311362495869,1.1797903590769498,0.3532457024378438,0.22523159418399832,0.24348546610350952,0.6431859915709498,0.3528299215146857,0.22485426027761815,src/spectroscopy_qml/ir/mps_encoder/results/grid_search/best_model.pt,src/spectroscopy_qml/ir/mps_encoder/results/grid_search/run_00033/summary.txt,src/spectroscopy_qml/ir/mps_encoder/results/grid_search/run_00033/training_log.csv,4,240,512,0.2,256,0.001,1e-06,1,20,0.7,3
run_00210,0.35275217539356474,1,1,0.9260609719651255,1.0723954163847838,0.3539685750488745,0.23549509120525558,0.22930164159059077,0.7757041308660033,0.35275217539356474,0.23502438274287735,src/spectroscopy_qml/ir/mps_encoder/results/grid_search/best_model.pt,src/spectroscopy_qml/ir/mps_encoder/results/grid_search/run_00210/summary.txt,src/spectroscopy_qml/ir/mps_encoder/results/grid_search/run_00210/training_log.csv,5,450,512,0.1,512,0.001,1e-06,1,20,0.7,3
run_00117,0.35236141103450935,1,1,0.9920749849105724,1.1381082769018938,0.3523897139352521,0.22901766852996078,0.23564983648004204,0.6983483902197761,0.35236141103450935,0.2292661436850757,src/spectroscopy_qml/ir/mps_encoder/results/grid_search/best_model.pt,src/spectroscopy_qml/ir/mps_encoder/results/grid_search/run_00117/summary.txt,src/spectroscopy_qml/ir/mps_encoder/results/grid_search/run_00117/training_log.csv,5,240,128,0.2,256,0.001,1e-06,1,20,0.7,3
run_00279,0.35161453577672547,1,1,0.9298588235952906,1.199244972670349,0.3524271879026435,0.2236818062085553,0.26553169813232913,0.5238612626738294,0.35161453577672547,0.22332300719997217,src/spectroscopy_qml/ir/mps_encoder/results/grid_search/best_model.pt,src/spectroscopy_qml/ir/mps_encoder/results/grid_search/run_00279/summary.txt,src/spectroscopy_qml/ir/mps_encoder/results/grid_search/run_00279/training_log.csv,6,360,512,0.0,1024,0.001,1e-06,1,20,0.7,3
run_00296,0.35157936124656497,1,1,0.9170550937075816,0.9335045460462225,0.35228678522622425,0.23123753884399798,0.24142715482652474,0.6513993170469912,0.35157936124656497,0.2305296293532437,src/spectroscopy_qml/ir/mps_encoder/results/grid_search/best_model.pt,src/spectroscopy_qml/ir/mps_encoder/results/grid_search/run_00296/summary.txt,src/spectroscopy_qml/ir/mps_encoder/results/grid_search/run_00296/training_log.csv,6,450,128,0.1,2048,0.001,1e-06,1,20,0.7,3
run_00057,0.35136179172397397,1,1,0.8906392112386123,1.2695093658344048,0.3519246175831495,0.24500298101044504,0.24064151472515147,0.654674650236508,0.35136179172397397,0.24473004594298153,src/spectroscopy_qml/ir/mps_encoder/results/grid_search/best_model.pt,src/spectroscopy_qml/ir/mps_encoder/results/grid_search/run_00057/summary.txt,src/spectroscopy_qml/ir/mps_encoder/results/grid_search/run_00057/training_log.csv,4,360,256,0.2,256,0.001,1e-06,1,20,0.7,3
run_00078,0.3511800122239069,1,1,0.9588022041239168,1.0807978315455795,0.35204868739784556,0.2417732292205365,0.2367228117348545,0.6864914209947542,0.3511800122239069,0.2412713330174664,src/spectroscopy_qml/ir/mps_encoder/results/grid_search/best_model.pt,src/spectroscopy_qml/ir/mps_encoder/results/grid_search/run_00078/summary.txt,src/spectroscopy_qml/ir/mps_encoder/results/grid_search/run_00078/training_log.csv,4,450,128,0.1,512,0.001,1e-06,1,20,0.7,3
run_00066,0.35097835441048253,1,1,0.9350365381211673,1.1652781531722856,0.3521806266586136,0.22965058302686417,0.22425103233312682,0.8199303366884672,0.35097835441048253,0.22902907052475185,src/spectroscopy_qml/ir/mps_encoder/results/grid_search/best_model.pt,src/spectroscopy_qml/ir/mps_encoder/results/grid_search/run_00066/summary.txt,src/spectroscopy_qml/ir/mps_encoder/results/grid_search/run_00066/training_log.csv,4,360,512,0.1,512,0.001,1e-06,1,20,0.7,3
run_00092,0.350804877547666,1,1,0.9860790371422147,0.9937577176198497,0.351574851651849,0.22604117567712717,0.3431980237213567,0.3603708361175858,0.350804877547666,0.22765495502836428,src/spectroscopy_qml/ir/mps_encoder/results/grid_search/best_model.pt,src/spectroscopy_qml/ir/mps_encoder/results/grid_search/run_00092/summary.txt,src/spectroscopy_qml/ir/mps_encoder/results/grid_search/run_00092/training_log.csv,4,450,256,0.1,2048,0.001,1e-06,1,20,0.7,3
run_00224,0.35036729013395285,1,1,0.9044674023678427,1.022817239126478,0.3498556541806411,0.21163247663351265,0.30510060649723375,0.4099980532156143,0.35036729013395285,0.211667766037703,src/spectroscopy_qml/ir/mps_encoder/results/grid_search/best_model.pt,src/spectroscopy_qml/ir/mps_encoder/results/grid_search/run_00224/summary.txt,src/spectroscopy_qml/ir/mps_encoder/results/grid_search/run_00224/training_log.csv,6,240,128,0.1,2048,0.001,1e-06,1,20,0.7,3
run_00181,0.3503180552493406,1,1,0.9343133115169392,1.1606581349430547,0.3508484813856489,0.243736866109077,0.23659730542492857,0.6784832971161283,0.3503180552493406,0.24356768328047104,src/spectroscopy_qml/ir/mps_encoder/results/grid_search/best_model.pt,src/spectroscopy_qml/ir/mps_encoder/results/grid_search/run_00181/summary.txt,src/spectroscopy_qml/ir/mps_encoder/results/grid_search/run_00181/training_log.csv,5,450,128,0.0,256,0.001,1e-06,1,20,0.7,3
run_00278,0.35020378995653045,1,1,0.9675013615170556,1.0420330544878271,0.3512323664410577,0.2193849232186193,0.23990073352034877,0.6553744402994891,0.35020378995653045,0.21917558847221388,src/spectroscopy_qml/ir/mps_encoder/results/grid_search/best_model.pt,src/spectroscopy_qml/ir/mps_encoder/results/grid_search/run_00278/summary.txt,src/spectroscopy_qml/ir/mps_encoder/results/grid_search/run_00278/training_log.csv,6,360,512,0.0,512,0.001,1e-06,1,20,0.7,3
run_00083,0.35020204505668456,1,1,0.9398161545353647,1.2291640003170097,0.35162370715729524,0.23923760985903475,0.2359646438279717,0.6896667841752737,0.35020204505668456,0.23859307544639693,src/spectroscopy_qml/ir/mps_encoder/results/grid_search/best_model.pt,src/spectroscopy_qml/ir/mps_encoder/results/grid_search/run_00083/summary.txt,src/spectroscopy_qml/ir/mps_encoder/results/grid_search/run_00083/training_log.csv,4,450,128,0.2,1024,0.001,1e-06,1,20,0.7,3
run_00228,0.34905495607007525,1,1,0.921976303317765,0.9321343694698883,0.35040869505003275,0.21738120770749655,0.27399995549588707,0.48591212110051196,0.34905495607007525,0.21638184563190782,src/spectroscopy_qml/ir/mps_encoder/results/grid_search/best_model.pt,src/spectroscopy_qml/ir/mps_encoder/results/grid_search/run_00228/summary.txt,src/spectroscopy_qml/ir/mps_encoder/results/grid_search/run_00228/training_log.csv,6,240,128,0.2,2048,0.001,1e-06,1,20,0.7,3
run_00179,0.3485783354223276,1,1,0.9465231368713116,1.1470977706018182,0.3478437326338306,0.206009808557309,0.2691576883572251,0.49154201108088624,0.3485783354223276,0.20614001271435542,src/spectroscopy_qml/ir/mps_encoder/results/grid_search/best_model.pt,src/spectroscopy_qml/ir/mps_encoder/results/grid_search/run_00179/summary.txt,src/spectroscopy_qml/ir/mps_encoder/results/grid_search/run_00179/training_log.csv,5,360,512,0.2,1024,0.001,1e-06,1,20,0.7,3
run_00142,0.348526457603642,1,1,0.9613233105137311,1.136529535088549,0.34931189519477607,0.225369010151874,0.24153723094529547,0.630758140978759,0.348526457603642,0.22518848416854645,src/spectroscopy_qml/ir/mps_encoder/results/grid_search/best_model.pt,src/spectroscopy_qml/ir/mps_encoder/results/grid_search/run_00142/summary.txt,src/spectroscopy_qml/ir/mps_encoder/results/grid_search/run_00142/training_log.csv,5,240,512,0.2,512,0.001,1e-06,1,20,0.7,3
run_00222,0.34782155422132893,1,1,1.0033851881086406,1.1565033119694301,0.34860978986888386,0.21170585637465653,0.23471195391043753,0.6772626106904771,0.34782155422132893,0.2109671177671731,src/spectroscopy_qml/ir/mps_encoder/results/grid_search/best_model.pt,src/spectroscopy_qml/ir/mps_encoder/results/grid_search/run_00222/summary.txt,src/spectroscopy_qml/ir/mps_encoder/results/grid_search/run_00222/training_log.csv,6,240,128,0.1,512,0.001,1e-06,1,20,0.7,3
run_00093,0.3478197293282557,1,1,0.9696009206147,0.99969100843805,0.3487697391292134,0.20941604809031816,0.23789126158898838,0.6532356082648889,0.3478197293282557,0.20916126332714452,src/spectroscopy_qml/ir/mps_encoder/results/grid_search/best_model.pt,src/spectroscopy_qml/ir/mps_encoder/results/grid_search/run_00093/summary.txt,src/spectroscopy_qml/ir/mps_encoder/results/grid_search/run_00093/training_log.csv,4,450,256,0.2,256,0.001,1e-06,1,20,0.7,3
run_00189,0.34691099086931765,1,1,0.9108113735012744,1.0648128680618576,0.3470295446653765,0.24746267460435123,0.22172830842443447,0.7979737657650073,0.34691099086931765,0.24779864679094843,src/spectroscopy_qml/ir/mps_encoder/results/grid_search/best_model.pt,src/spectroscopy_qml/ir/mps_encoder/results/grid_search/run_00189/summary.txt,src/spectroscopy_qml/ir/mps_encoder/results/grid_search/run_00189/training_log.csv,5,450,128,0.2,256,0.001,1e-06,1,20,0.7,3
run_00260,0.3447529924968984,1,1,0.9281994544031624,0.9838364333016768,0.3454912653842873,0.2206932713035542,0.23390478390375935,0.6606702199866356,0.3447529924968984,0.22015231289881151,src/spectroscopy_qml/ir/mps_encoder/results/grid_search/best_model.pt,src/spectroscopy_qml/ir/mps_encoder/results/grid_search/run_00260/summary.txt,src/spectroscopy_qml/ir/mps_encoder/results/grid_search/run_00260/training_log.csv,6,360,128,0.1,2048,0.001,1e-06,1,20,0.7,3
run_00282,0.3446432074869473,1,1,0.969217378087677,1.4614838490934405,0.3453105474019958,0.2199566368021192,0.23911773194727862,0.6211768048532809,0.3446432074869473,0.2194293901554999,src/spectroscopy_qml/ir/mps_encoder/results/grid_search/best_model.pt,src/spectroscopy_qml/ir/mps_encoder/results/grid_search/run_00282/summary.txt,src/spectroscopy_qml/ir/mps_encoder/results/grid_search/run_00282/training_log.csv,6,360,512,0.1,512,0.001,1e-06,1,20,0.7,3
run_00108,0.34456855373326795,1,1,0.9268081766773847,1.0270335309609695,0.3454841557979413,0.22376329097218006,0.22435246966611305,0.7509168302140936,0.34456855373326795,0.2228926892467612,src/spectroscopy_qml/ir/mps_encoder/results/grid_search/best_model.pt,src/spectroscopy_qml/ir/mps_encoder/results/grid_search/run_00108/summary.txt,src/spectroscopy_qml/ir/mps_encoder/results/grid_search/run_00108/training_log.csv,4,450,512,0.2,2048,0.001,1e-06,1,20,0.7,3
run_00097,0.34443229789090396,1,1,1.0215334312095363,1.3106277773467645,0.3450481354921685,0.20610234945865694,0.23977590519349867,0.6151075729912605,0.34443229789090396,0.2055818526176216,src/spectroscopy_qml/ir/mps_encoder/results/grid_search/best_model.pt,src/spectroscopy_qml/ir/mps_encoder/results/grid_search/run_00097/summary.txt,src/spectroscopy_qml/ir/mps_encoder/results/grid_search/run_00097/training_log.csv,4,450,512,0.0,256,0.001,1e-06,1,20,0.7,3
run_00098,0.3428698778345515,1,1,0.965830634734558,0.961318964459451,0.34401309490719295,0.20459540011231075,0.243458798792629,0.5860768085363864,0.3428698778345515,0.20383557602735924,src/spectroscopy_qml/ir/mps_encoder/results/grid_search/best_model.pt,src/spectroscopy_qml/ir/mps_encoder/results/grid_search/run_00098/summary.txt,src/spectroscopy_qml/ir/mps_encoder/results/grid_search/run_00098/training_log.csv,4,450,512,0.0,512,0.001,1e-06,1,20,0.7,3
run_00004,0.3427031362334129,1,1,0.8844574932564908,0.9215764512571989,0.3431491006009491,0.2389382849658152,0.2366061234562977,0.6242443056556717,0.3427031362334129,0.23855964595531295,src/spectroscopy_qml/ir/mps_encoder/results/grid_search/best_model.pt,src/spectroscopy_qml/ir/mps_encoder/results/grid_search/run_00004/summary.txt,src/spectroscopy_qml/ir/mps_encoder/results/grid_search/run_00004/training_log.csv,4,240,128,0.0,2048,0.001,1e-06,1,20,0.7,3
run_00131,0.34225482936664137,1,1,1.011462075563598,1.0473603832514777,0.3423903460539408,0.2246111644307891,0.2243223141777842,0.7228489347932462,0.34225482936664137,0.2245759907363696,src/spectroscopy_qml/ir/mps_encoder/results/grid_search/best_model.pt,src/spectroscopy_qml/ir/mps_encoder/results/grid_search/run_00131/summary.txt,src/spectroscopy_qml/ir/mps_encoder/results/grid_search/run_00131/training_log.csv,5,240,256,0.2,1024,0.001,1e-06,1,20,0.7,3
run_00061,0.342067025289062,1,1,0.9613741745445009,1.0938968254012633,0.34261396900440744,0.24189303462294473,0.21682794278228212,0.8159788905433633,0.342067025289062,0.24151302837991123,src/spectroscopy_qml/ir/mps_encoder/results/grid_search/best_model.pt,src/spectroscopy_qml/ir/mps_encoder/results/grid_search/run_00061/summary.txt,src/spectroscopy_qml/ir/mps_encoder/results/grid_search/run_00061/training_log.csv,4,360,512,0.0,256,0.001,1e-06,1,20,0.7,3
run_00050,0.3410643918654234,1,1,0.8986764740657894,0.978991682428369,0.34148311730548314,0.22680213604295885,0.23874663517607106,0.5994254355272366,0.3410643918654234,0.22642208513370424,src/spectroscopy_qml/ir/mps_encoder/results/grid_search/best_model.pt,src/spectroscopy_qml/ir/mps_encoder/results/grid_search/run_00050/summary.txt,src/spectroscopy_qml/ir/mps_encoder/results/grid_search/run_00050/training_log.csv,4,360,256,0.0,512,0.001,1e-06,1,20,0.7,3
run_00182,0.340659040169219,1,1,0.9359150566377797,1.135239462964363,0.34177268804565936,0.21556384227759492,0.2571327282287147,0.5094761045370599,0.340659040169219,0.21480934556149486,src/spectroscopy_qml/ir/mps_encoder/results/grid_search/best_model.pt,src/spectroscopy_qml/ir/mps_encoder/results/grid_search/run_00182/summary.txt,src/spectroscopy_qml/ir/mps_encoder/results/grid_search/run_00182/training_log.csv,5,450,128,0.0,512,0.001,1e-06,1,20,0.7,3
run_00247,0.34029659277154706,1,1,1.0333242626143426,1.0728589915594193,0.3400550989685277,0.21686084384225268,0.2293622537507735,0.6572528241527542,0.34029659277154706,0.21702557895760927,src/spectroscopy_qml/ir/mps_encoder/results/grid_search/best_model.pt,src/spectroscopy_qml/ir/mps_encoder/results/grid_search/run_00247/summary.txt,src/spectroscopy_qml/ir/mps_encoder/results/grid_search/run_00247/training_log.csv,6,240,512,0.1,1024,0.001,1e-06,1,20,0.7,3
run_00219,0.33995072633587214,1,1,0.9484509725728902,0.9754918794070073,0.3407313512016263,0.21076165816783718,0.26491711940849844,0.47733574664442774,0.33995072633587214,0.2106015148910781,src/spectroscopy_qml/ir/mps_encoder/results/grid_search/best_model.pt,src/spectroscopy_qml/ir/mps_encoder/results/grid_search/run_00219/summary.txt,src/spectroscopy_qml/ir/mps_encoder/results/grid_search/run_00219/training_log.csv,6,240,128,0.0,1024,0.001,1e-06,1,20,0.7,3
run_00059,0.33886948676935336,1,1,0.9773842544213287,1.1587174095218946,0.33916149319248645,0.22320927744591507,0.2147568787407314,0.8061476293953919,0.33886948676935336,0.22338133740701127,src/spectroscopy_qml/ir/mps_encoder/results/grid_search/best_model.pt,src/spectroscopy_qml/ir/mps_encoder/results/grid_search/run_00059/summary.txt,src/spectroscopy_qml/ir/mps_encoder/results/grid_search/run_00059/training_log.csv,4,360,256,0.2,1024,0.001,1e-06,1,20,0.7,3
run_00177,0.3383797616121441,1,1,0.9582767352883671,1.0713652494164059,0.33990322199929185,0.22064158793778446,0.23675075716606367,0.6023456121058419,0.3383797616121441,0.2199891028525962,src/spectroscopy_qml/ir/mps_encoder/results/grid_search/best_model.pt,src/spectroscopy_qml/ir/mps_encoder/results/grid_search/run_00177/summary.txt,src/spectroscopy_qml/ir/mps_encoder/results/grid_search/run_00177/training_log.csv,5,360,512,0.2,256,0.001,1e-06,1,20,0.7,3
run_00230,0.33835257707415783,1,1,0.9084150058319422,1.110494641301297,0.3385632314935422,0.23924855468570325,0.2121343902736275,0.8379959696301635,0.33835257707415783,0.23888983758944565,src/spectroscopy_qml/ir/mps_encoder/results/grid_search/best_model.pt,src/spectroscopy_qml/ir/mps_encoder/results/grid_search/run_00230/summary.txt,src/spectroscopy_qml/ir/mps_encoder/results/grid_search/run_00230/training_log.csv,6,240,256,0.0,512,0.001,1e-06,1,20,0.7,3
run_00206,0.3380964852904661,1,1,0.9642187780711233,1.3134863561221437,0.33911815010896224,0.22508835578451167,0.22860804931209155,0.6564478025013548,0.3380964852904661,0.2245860279202225,src/spectroscopy_qml/ir/mps_encoder/results/grid_search/best_model.pt,src/spectroscopy_qml/ir/mps_encoder/results/grid_search/run_00206/summary.txt,src/spectroscopy_qml/ir/mps_encoder/results/grid_search/run_00206/training_log.csv,5,450,512,0.0,512,0.001,1e-06,1,20,0.7,3
run_00001,0.33795952219734793,1,1,0.9978529343160444,1.152057024877394,0.3385257546775177,0.2455803701006883,0.22452816898988823,0.6876700147850382,0.33795952219734793,0.24761716306244497,src/spectroscopy_qml/ir/mps_encoder/results/grid_search/best_model.pt,src/spectroscopy_qml/ir/mps_encoder/results/grid_search/run_00001/summary.txt,src/spectroscopy_qml/ir/mps_encoder/results/grid_search/run_00001/training_log.csv,4,240,128,0.0,256,0.001,1e-06,1,20,0.7,3
run_00102,0.33736520083550525,1,1,0.956551090361355,1.0557549484713278,0.33796900712501976,0.2253511202781503,0.23502854252177705,0.6013590659644212,0.33736520083550525,0.224097898294198,src/spectroscopy_qml/ir/mps_encoder/results/grid_search/best_model.pt,src/spectroscopy_qml/ir/mps_encoder/results/grid_search/run_00102/summary.txt,src/spectroscopy_qml/ir/mps_encoder/results/grid_search/run_00102/training_log.csv,4,450,512,0.1,512,0.001,1e-06,1,20,0.7,3
run_00137,0.33714507737499577,1,1,1.029366154101147,1.3184110095416581,0.33688356211780013,0.2103600774102015,0.2247415482746583,0.6723982805158453,0.33714507737499577,0.21111986615527847,src/spectroscopy_qml/ir/mps_encoder/results/grid_search/best_model.pt,src/spectroscopy_qml/ir/mps_encoder/results/grid_search/run_00137/summary.txt,src/spectroscopy_qml/ir/mps_encoder/results/grid_search/run_00137/training_log.csv,5,240,512,0.1,256,0.001,1e-06,1,20,0.7,3
run_00010,0.335800782095794,1,1,0.9828295150814387,1.0713903848266355,0.3374808741591847,0.22594824863193247,0.22842143657348304,0.6458325660196678,0.335800782095794,0.2250334078990171,src/spectroscopy_qml/ir/mps_encoder/results/grid_search/best_model.pt,src/spectroscopy_qml/ir/mps_encoder/results/grid_search/run_00010/summary.txt,src/spectroscopy_qml/ir/mps_encoder/results/grid_search/run_00010/training_log.csv,4,240,128,0.2,512,0.001,1e-06,1,20,0.7,3
run_00056,0.3357579228843115,1,1,0.9377956950975594,1.014325964655068,0.33622904919493196,0.21925417549393547,0.22684067501909208,0.6493736089699406,0.3357579228843115,0.21936790379541865,src/spectroscopy_qml/ir/mps_encoder/results/grid_search/best_model.pt,src/spectroscopy_qml/ir/mps_encoder/results/grid_search/run_00056/summary.txt,src/spectroscopy_qml/ir/mps_encoder/results/grid_search/run_00056/training_log.csv,4,360,256,0.1,2048,0.001,1e-06,1,20,0.7,3
run_00212,0.3354811367568365,1,1,0.927973554184519,0.9974433619279675,0.3360911733214234,0.22985866811689287,0.2110602541560802,0.8245500034200266,0.3354811367568365,0.22958131806880813,src/spectroscopy_qml/ir/mps_encoder/results/grid_search/best_model.pt,src/spectroscopy_qml/ir/mps_encoder/results/grid_search/run_00212/summary.txt,src/spectroscopy_qml/ir/mps_encoder/results/grid_search/run_00212/training_log.csv,5,450,512,0.1,2048,0.001,1e-06,1,20,0.7,3
run_00281,0.3348651912145258,1,1,0.9358580138852857,1.528276203660554,0.3349841371712579,0.20886360567016338,0.2595098346700121,0.47236355409166725,0.3348651912145258,0.20830827411602193,src/spectroscopy_qml/ir/mps_encoder/results/grid_search/best_model.pt,src/spectroscopy_qml/ir/mps_encoder/results/grid_search/run_00281/summary.txt,src/spectroscopy_qml/ir/mps_encoder/results/grid_search/run_00281/training_log.csv,6,360,512,0.1,256,0.001,1e-06,1,20,0.7,3
run_00220,0.33438920155295393,1,1,0.9206576352400598,0.9512289236333515,0.33535650391310917,0.2279001813227238,0.23479461315625702,0.5865924433196357,0.33438920155295393,0.2271131076789961,src/spectroscopy_qml/ir/mps_encoder/results/grid_search/best_model.pt,src/spectroscopy_qml/ir/mps_encoder/results/grid_search/run_00220/summary.txt,src/spectroscopy_qml/ir/mps_encoder/results/grid_search/run_00220/training_log.csv,6,240,128,0.0,2048,0.001,1e-06,1,20,0.7,3
run_00178,0.334046921276465,1,1,1.0057046624436223,1.0687767493195262,0.33459700105414303,0.20766531816597697,0.22497317720638452,0.6525858032064065,0.334046921276465,0.2072292355014342,src/spectroscopy_qml/ir/mps_encoder/results/grid_search/best_model.pt,src/spectroscopy_qml/ir/mps_encoder/results/grid_search/run_00178/summary.txt,src/spectroscopy_qml/ir/mps_encoder/results/grid_search/run_00178/training_log.csv,5,360,512,0.2,512,0.001,1e-06,1,20,0.7,3
run_00099,0.3339106589397185,1,1,0.8699986256352439,1.2329839479857072,0.334280951029862,0.22504083296128338,0.2581116297717575,0.47422615320666955,0.3339106589397185,0.22464031297434997,src/spectroscopy_qml/ir/mps_encoder/results/grid_search/best_model.pt,src/spectroscopy_qml/ir/mps_encoder/results/grid_search/run_00099/summary.txt,src/spectroscopy_qml/ir/mps_encoder/results/grid_search/run_00099/training_log.csv,4,450,512,0.0,1024,0.001,1e-06,1,20,0.7,3
run_00193,0.3332407918843274,1,1,1.0361705584954093,1.2238141522641506,0.33391318264209496,0.21708533547152362,0.2141591643410945,0.7574859121211005,0.3332407918843274,0.21701228939840228,src/spectroscopy_qml/ir/mps_encoder/results/grid_search/best_model.pt,src/spectroscopy_qml/ir/mps_encoder/results/grid_search/run_00193/summary.txt,src/spectroscopy_qml/ir/mps_encoder/results/grid_search/run_00193/training_log.csv,5,450,256,0.0,256,0.001,1e-06,1,20,0.7,3
run_00090,0.3329372837744136,1,1,0.9439011910919655,0.9820970185199979,0.33388305929862083,0.21252479268635757,0.25676161520082436,0.47722262268687815,0.3329372837744136,0.21132128345984827,src/spectroscopy_qml/ir/mps_encoder/results/grid_search/best_model.pt,src/spectroscopy_qml/ir/mps_encoder/results/grid_search/run_00090/summary.txt,src/spectroscopy_qml/ir/mps_encoder/results/grid_search/run_00090/training_log.csv,4,450,256,0.1,512,0.001,1e-06,1,20,0.7,3
run_00225,0.3326068170706446,1,1,0.9999640319773583,1.1911733022540887,0.3334556731673922,0.2245025559688792,0.22675527123625538,0.6298189490521264,0.3326068170706446,0.22480979247335386,src/spectroscopy_qml/ir/mps_encoder/results/grid_search/best_model.pt,src/spectroscopy_qml/ir/mps_encoder/results/grid_search/run_00225/summary.txt,src/spectroscopy_qml/ir/mps_encoder/results/grid_search/run_00225/training_log.csv,6,240,128,0.2,256,0.001,1e-06,1,20,0.7,3
run_00085,0.33239641076362003,1,1,1.0221097680344426,1.2483749762172778,0.3327356614950174,0.22310744886709444,0.20645623848639794,0.8567982236907875,0.33239641076362003,0.22286200392820604,src/spectroscopy_qml/ir/mps_encoder/results/grid_search/best_model.pt,src/spectroscopy_qml/ir/mps_encoder/results/grid_search/run_00085/summary.txt,src/spectroscopy_qml/ir/mps_encoder/results/grid_search/run_00085/training_log.csv,4,450,256,0.0,256,0.001,1e-06,1,20,0.7,3
run_00100,0.3323564973739796,1,1,0.9916650507552175,1.057570450389162,0.3328494896048308,0.21819590374480788,0.21451916885178476,0.7423167786506153,0.3323564973739796,0.21813290183367678,src/spectroscopy_qml/ir/mps_encoder/results/grid_search/best_model.pt,src/spectroscopy_qml/ir/mps_encoder/results/grid_search/run_00100/summary.txt,src/spectroscopy_qml/ir/mps_encoder/results/grid_search/run_00100/training_log.csv,4,450,512,0.0,2048,0.001,1e-06,1,20,0.7,3
run_00086,0.331862092545706,1,1,0.9311482274888411,1.2637093506335246,0.3321052858140975,0.229074289011974,0.22191648427121327,0.6596363196304267,0.331862092545706,0.22877983466493101,src/spectroscopy_qml/ir/mps_encoder/results/grid_search/best_model.pt,src/spectroscopy_qml/ir/mps_encoder/results/grid_search/run_00086/summary.txt,src/spectroscopy_qml/ir/mps_encoder/results/grid_search/run_00086/training_log.csv,4,450,256,0.0,512,0.001,1e-06,1,20,0.7,3
run_00255,0.331525301202063,1,1,0.9426695808459336,0.9809548645186338,0.3319273922038813,0.22903391493232422,0.2119926861585697,0.7643680580036515,0.331525301202063,0.22883996297215406,src/spectroscopy_qml/ir/mps_encoder/results/grid_search/best_model.pt,src/spectroscopy_qml/ir/mps_encoder/results/grid_search/run_00255/summary.txt,src/spectroscopy_qml/ir/mps_encoder/results/grid_search/run_00255/training_log.csv,6,360,128,0.0,1024,0.001,1e-06,1,20,0.7,3
run_00174,0.33087450785679007,1,1,1.0229644994478455,1.023635121615346,0.3308685219298644,0.21740117995088656,0.2195201037613489,0.6714538270097918,0.33087450785679007,0.21774917524605214,src/spectroscopy_qml/ir/mps_encoder/results/grid_search/best_model.pt,src/spectroscopy_qml/ir/mps_encoder/results/grid_search/run_00174/summary.txt,src/spectroscopy_qml/ir/mps_encoder/results/grid_search/run_00174/training_log.csv,5,360,512,0.1,512,0.001,1e-06,1,20,0.7,3
run_00291,0.3287204494532854,1,1,0.9954770934529086,1.0115184028832835,0.3296326195307802,0.21618372281109957,0.21029140096758622,0.76216345622629,0.3287204494532854,0.21556451550760564,src/spectroscopy_qml/ir/mps_encoder/results/grid_search/best_model.pt,src/spectroscopy_qml/ir/mps_encoder/results/grid_search/run_00291/summary.txt,src/spectroscopy_qml/ir/mps_encoder/results/grid_search/run_00291/training_log.csv,6,450,128,0.0,1024,0.001,1e-06,1,20,0.7,3
run_00104,0.32854173512501383,1,1,0.9474121655465685,1.2462650086942726,0.3286584314777589,0.22669633830832192,0.2180375230004643,0.6671209163566719,0.32854173512501383,0.22656722938610044,src/spectroscopy_qml/ir/mps_encoder/results/grid_search/best_model.pt,src/spectroscopy_qml/ir/mps_encoder/results/grid_search/run_00104/summary.txt,src/spectroscopy_qml/ir/mps_encoder/results/grid_search/run_00104/training_log.csv,4,450,512,0.1,2048,0.001,1e-06,1,20,0.7,3
run_00246,0.32777338378312837,1,1,0.9342331267458421,1.0435601925060898,0.3284614206862975,0.2265714790523482,0.2077152410142101,0.784490968498924,0.32777338378312837,0.2260664144487103,src/spectroscopy_qml/ir/mps_encoder/results/grid_search/best_model.pt,src/spectroscopy_qml/ir/mps_encoder/results/grid_search/run_00246/summary.txt,src/spectroscopy_qml/ir/mps_encoder/results/grid_search/run_00246/training_log.csv,6,240,512,0.1,512,0.001,1e-06,1,20,0.7,3
run_00049,0.32717941056893246,1,1,1.00398684861,1.159722185499834,0.32794259816762783,0.22610379051339752,0.2025590274531752,0.860736515887339,0.32717941056893246,0.22567149033335737,src/spectroscopy_qml/ir/mps_encoder/results/grid_search/best_model.pt,src/spectroscopy_qml/ir/mps_encoder/results/grid_search/run_00049/summary.txt,src/spectroscopy_qml/ir/mps_encoder/results/grid_search/run_00049/training_log.csv,4,360,256,0.0,256,0.001,1e-06,1,20,0.7,3
run_00254,0.32692580372481117,1,1,0.973625265059323,1.2323332742805517,0.32805573578742186,0.21616001489946501,0.22129877382832128,0.633815118622308,0.32692580372481117,0.21549220457285898,src/spectroscopy_qml/ir/mps_encoder/results/grid_search/best_model.pt,src/spectroscopy_qml/ir/mps_encoder/results/grid_search/run_00254/summary.txt,src/spectroscopy_qml/ir/mps_encoder/results/grid_search/run_00254/training_log.csv,6,360,128,0.0,512,0.001,1e-06,1,20,0.7,3
run_00149,0.32620367048067084,1,1,0.9232145582433179,1.1611623918269915,0.32710563701300716,0.22501261118681246,0.20710327773535736,0.7777719315784212,0.32620367048067084,0.2246230995921759,src/spectroscopy_qml/ir/mps_encoder/results/grid_search/best_model.pt,src/spectroscopy_qml/ir/mps_encoder/results/grid_search/run_00149/summary.txt,src/spectroscopy_qml/ir/mps_encoder/results/grid_search/run_00149/training_log.csv,5,360,128,0.1,256,0.001,1e-06,1,20,0.7,3
run_00263,0.32523884143508247,1,1,0.946920480360472,1.0449155257506633,0.3246385375148755,0.22934668924900947,0.20534225685144755,0.774725477093714,0.32523884143508247,0.22968928531676994,src/spectroscopy_qml/ir/mps_encoder/results/grid_search/best_model.pt,src/spectroscopy_qml/ir/mps_encoder/results/grid_search/run_00263/summary.txt,src/spectroscopy_qml/ir/mps_encoder/results/grid_search/run_00263/training_log.csv,6,360,128,0.2,1024,0.001,1e-06,1,20,0.7,3
run_00259,0.3249362986989442,1,1,0.9774572390329697,1.1290208449239578,0.32589182241513726,0.2187271768142121,0.2173455568105367,0.6510257449081065,0.3249362986989442,0.21816227276604652,src/spectroscopy_qml/ir/mps_encoder/results/grid_search/best_model.pt,src/spectroscopy_qml/ir/mps_encoder/results/grid_search/run_00259/summary.txt,src/spectroscopy_qml/ir/mps_encoder/results/grid_search/run_00259/training_log.csv,6,360,128,0.1,1024,0.001,1e-06,1,20,0.7,3
run_00223,0.3246011564994784,1,1,0.9738504692809498,1.0921465119326836,0.3251728547276519,0.21787531797415646,0.22328491312845594,0.5980889943543253,0.3246011564994784,0.21724804863173555,src/spectroscopy_qml/ir/mps_encoder/results/grid_search/best_model.pt,src/spectroscopy_qml/ir/mps_encoder/results/grid_search/run_00223/summary.txt,src/spectroscopy_qml/ir/mps_encoder/results/grid_search/run_00223/training_log.csv,6,240,128,0.1,1024,0.001,1e-06,1,20,0.7,3
run_00081,0.3243822811624838,1,1,1.0312773108765974,1.1129266453288107,0.3245380973503399,0.22256116367940823,0.2067281840736133,0.7545262736968383,0.3243822811624838,0.22268775958440715,src/spectroscopy_qml/ir/mps_encoder/results/grid_search/best_model.pt,src/spectroscopy_qml/ir/mps_encoder/results/grid_search/run_00081/summary.txt,src/spectroscopy_qml/ir/mps_encoder/results/grid_search/run_00081/training_log.csv,4,450,128,0.2,256,0.001,1e-06,1,20,0.7,3
run_00277,0.32329205538204103,1,1,0.9872783788766937,1.4993043505136023,0.32417858314943043,0.21863620967452216,0.20791385527114348,0.735426740398933,0.32329205538204103,0.21815327505646998,src/spectroscopy_qml/ir/mps_encoder/results/grid_search/best_model.pt,src/spectroscopy_qml/ir/mps_encoder/results/grid_search/run_00277/summary.txt,src/spectroscopy_qml/ir/mps_encoder/results/grid_search/run_00277/training_log.csv,6,360,512,0.0,256,0.001,1e-06,1,20,0.7,3
run_00075,0.3230616293862018,1,1,0.9322031403923126,0.9730544873975173,0.32415221599319494,0.2220402583248387,0.23773354586918238,0.5092814260984863,0.3230616293862018,0.2211269314005208,src/spectroscopy_qml/ir/mps_encoder/results/grid_search/best_model.pt,src/spectroscopy_qml/ir/mps_encoder/results/grid_search/run_00075/summary.txt,src/spectroscopy_qml/ir/mps_encoder/results/grid_search/run_00075/training_log.csv,4,450,128,0.0,1024,0.001,1e-06,1,20,0.7,3
run_00251,0.3230488620331115,1,1,1.0430881931245424,1.0880269250775394,0.3232864476447585,0.21818833129336468,0.19953269356710576,0.851241995822306,0.3230488620331115,0.21777769939685748,src/spectroscopy_qml/ir/mps_encoder/results/grid_search/best_model.pt,src/spectroscopy_qml/ir/mps_encoder/results/grid_search/run_00251/summary.txt,src/spectroscopy_qml/ir/mps_encoder/results/grid_search/run_00251/training_log.csv,6,240,512,0.2,1024,0.001,1e-06,1,20,0.7,3
run_00217,0.3224326371604805,1,1,1.0239998646831452,1.0517236553117997,0.323794277527994,0.18893317254121114,0.2980645618103328,0.3543857895263,0.3224326371604805,0.18778291430176416,src/spectroscopy_qml/ir/mps_encoder/results/grid_search/best_model.pt,src/spectroscopy_qml/ir/mps_encoder/results/grid_search/run_00217/summary.txt,src/spectroscopy_qml/ir/mps_encoder/results/grid_search/run_00217/training_log.csv,6,240,128,0.0,256,0.001,1e-06,1,20,0.7,3
run_00216,0.3223026100534344,1,1,0.969307660945474,1.0327320122323853,0.3223303184903043,0.2258792499163892,0.19632675457476836,0.8998747744097824,0.3223026100534344,0.22616705395637113,src/spectroscopy_qml/ir/mps_encoder/results/grid_search/best_model.pt,src/spectroscopy_qml/ir/mps_encoder/results/grid_search/run_00216/summary.txt,src/spectroscopy_qml/ir/mps_encoder/results/grid_search/run_00216/training_log.csv,5,450,512,0.2,2048,0.001,1e-06,1,20,0.7,3
run_00205,0.3217514153883218,1,1,1.0137431735582227,1.2152735534939805,0.32243798980159744,0.21496936101026087,0.21455608560519224,0.648526494683174,0.3217514153883218,0.21446024645638728,src/spectroscopy_qml/ir/mps_encoder/results/grid_search/best_model.pt,src/spectroscopy_qml/ir/mps_encoder/results/grid_search/run_00205/summary.txt,src/spectroscopy_qml/ir/mps_encoder/results/grid_search/run_00205/training_log.csv,5,450,512,0.0,256,0.001,1e-06,1,20,0.7,3
run_00089,0.3190991597767098,1,1,0.9747396105058265,1.4528723841423825,0.3199924906303308,0.22365928109117003,0.19982814144535402,0.8026670946084595,0.3190991597767098,0.22306221793826767,src/spectroscopy_qml/ir/mps_encoder/results/grid_search/best_model.pt,src/spectroscopy_qml/ir/mps_encoder/results/grid_search/run_00089/summary.txt,src/spectroscopy_qml/ir/mps_encoder/results/grid_search/run_00089/training_log.csv,4,450,256,0.1,256,0.001,1e-06,1,20,0.7,3
run_00170,0.3190048738528882,1,1,0.995377237965061,0.968255664569953,0.3195700775311517,0.22477754678801434,0.20323403780436247,0.747399464371215,0.3190048738528882,0.22438016976697975,src/spectroscopy_qml/ir/mps_encoder/results/grid_search/best_model.pt,src/spectroscopy_qml/ir/mps_encoder/results/grid_search/run_00170/summary.txt,src/spectroscopy_qml/ir/mps_encoder/results/grid_search/run_00170/training_log.csv,5,360,512,0.0,512,0.001,1e-06,1,20,0.7,3
run_00286,0.31869675893042887,1,1,1.0084105240755608,1.303679659484525,0.3192438484068447,0.21009192625510698,0.21437447153341713,0.6249730344054678,0.31869675893042887,0.21066920616402313,src/spectroscopy_qml/ir/mps_encoder/results/grid_search/best_model.pt,src/spectroscopy_qml/ir/mps_encoder/results/grid_search/run_00286/summary.txt,src/spectroscopy_qml/ir/mps_encoder/results/grid_search/run_00286/training_log.csv,6,360,512,0.2,512,0.001,1e-06,1,20,0.7,3
run_00229,0.317709444851679,1,1,1.060005429062925,1.3244995910139885,0.31785911109670306,0.21375971403635785,0.2037677816224529,0.7222570071083938,0.317709444851679,0.21405535349822316,src/spectroscopy_qml/ir/mps_encoder/results/grid_search/best_model.pt,src/spectroscopy_qml/ir/mps_encoder/results/grid_search/run_00229/summary.txt,src/spectroscopy_qml/ir/mps_encoder/results/grid_search/run_00229/training_log.csv,6,240,256,0.0,256,0.001,1e-06,1,20,0.7,3
run_00055,0.3174385756346207,1,1,1.009580693873116,1.0723218012646296,0.3182893400308904,0.20683258840263366,0.19620785191666024,0.8424919892453316,0.3174385756346207,0.20638645585013513,src/spectroscopy_qml/ir/mps_encoder/results/grid_search/best_model.pt,src/spectroscopy_qml/ir/mps_encoder/results/grid_search/run_00055/summary.txt,src/spectroscopy_qml/ir/mps_encoder/results/grid_search/run_00055/training_log.csv,4,360,256,0.1,1024,0.001,1e-06,1,20,0.7,3
run_00268,0.3169103431018945,1,1,0.9835176993616263,0.9948274213385288,0.31779877068422446,0.21377862990949453,0.2111693524309477,0.6419495204070358,0.3169103431018945,0.2132535178053592,src/spectroscopy_qml/ir/mps_encoder/results/grid_search/best_model.pt,src/spectroscopy_qml/ir/mps_encoder/results/grid_search/run_00268/summary.txt,src/spectroscopy_qml/ir/mps_encoder/results/grid_search/run_00268/training_log.csv,6,360,256,0.0,2048,0.001,1e-06,1,20,0.7,3
run_00088,0.3157745585566134,1,1,1.0095782053182345,1.1306657109271843,0.31618870019469997,0.17503997821484807,0.2764082461967361,0.36934445981994873,0.3157745585566134,0.17503665264779802,src/spectroscopy_qml/ir/mps_encoder/results/grid_search/best_model.pt,src/spectroscopy_qml/ir/mps_encoder/results/grid_search/run_00088/summary.txt,src/spectroscopy_qml/ir/mps_encoder/results/grid_search/run_00088/training_log.csv,4,450,256,0.0,2048,0.001,1e-06,1,20,0.7,3
run_00127,0.3145983478157638,1,1,1.0715607402172846,1.1267413051224937,0.3142664942264563,0.21507466495439512,0.2014669904872748,0.7140647279500361,0.3145983478157638,0.21550241642851892,src/spectroscopy_qml/ir/mps_encoder/results/grid_search/best_model.pt,src/spectroscopy_qml/ir/mps_encoder/results/grid_search/run_00127/summary.txt,src/spectroscopy_qml/ir/mps_encoder/results/grid_search/run_00127/training_log.csv,5,240,256,0.1,1024,0.001,1e-06,1,20,0.7,3
run_00133,0.3144710688658153,1,1,1.0297924862790193,1.125950700469227,0.31472938973728865,0.21762613734514832,0.19142371207924108,0.8844451927579621,0.3144710688658153,0.21772938309690676,src/spectroscopy_qml/ir/mps_encoder/results/grid_search/best_model.pt,src/spectroscopy_qml/ir/mps_encoder/results/grid_search/run_00133/summary.txt,src/spectroscopy_qml/ir/mps_encoder/results/grid_search/run_00133/training_log.csv,5,240,512,0.0,256,0.001,1e-06,1,20,0.7,3
run_00244,0.31397448154759966,1,1,0.9782996491869297,1.1124407393442757,0.3148787080470077,0.22324767530588158,0.200192889520741,0.7372077850329112,0.31397448154759966,0.2227749039575989,src/spectroscopy_qml/ir/mps_encoder/results/grid_search/best_model.pt,src/spectroscopy_qml/ir/mps_encoder/results/grid_search/run_00244/summary.txt,src/spectroscopy_qml/ir/mps_encoder/results/grid_search/run_00244/training_log.csv,6,240,512,0.0,2048,0.001,1e-06,1,20,0.7,3
run_00262,0.31273879319910863,1,1,1.0481232760591532,1.3305853715099414,0.3133265203087847,0.21799289297549146,0.19424010096229688,0.8098149502517665,0.31273879319910863,0.21755125852939824,src/spectroscopy_qml/ir/mps_encoder/results/grid_search/best_model.pt,src/spectroscopy_qml/ir/mps_encoder/results/grid_search/run_00262/summary.txt,src/spectroscopy_qml/ir/mps_encoder/results/grid_search/run_00262/training_log.csv,6,360,128,0.2,512,0.001,1e-06,1,20,0.7,3
run_00009,0.31266884668107664,1,1,1.049782801853311,1.2070742206564122,0.3134337997569069,0.21763312924919567,0.20770733327398602,0.638379538769948,0.31266884668107664,0.21961224945775112,src/spectroscopy_qml/ir/mps_encoder/results/grid_search/best_model.pt,src/spectroscopy_qml/ir/mps_encoder/results/grid_search/run_00009/summary.txt,src/spectroscopy_qml/ir/mps_encoder/results/grid_search/run_00009/training_log.csv,4,240,128,0.2,256,0.001,1e-06,1,20,0.7,3
run_00297,0.31231935376061765,1,1,1.1275929033773513,1.4355221155392341,0.31283105055354143,0.19921700919539487,0.20198685648675455,0.6932841200271498,0.31231935376061765,0.19883155139180714,src/spectroscopy_qml/ir/mps_encoder/results/grid_search/best_model.pt,src/spectroscopy_qml/ir/mps_encoder/results/grid_search/run_00297/summary.txt,src/spectroscopy_qml/ir/mps_encoder/results/grid_search/run_00297/training_log.csv,6,450,128,0.2,256,0.001,1e-06,1,20,0.7,3
run_00201,0.3118489417330433,1,1,1.0349116261107654,1.1392456061135585,0.3127097799543354,0.21157072226876839,0.19214871926750932,0.8393455647516271,0.3118489417330433,0.21099185603393533,src/spectroscopy_qml/ir/mps_encoder/results/grid_search/best_model.pt,src/spectroscopy_qml/ir/mps_encoder/results/grid_search/run_00201/summary.txt,src/spectroscopy_qml/ir/mps_encoder/results/grid_search/run_00201/training_log.csv,5,450,256,0.2,256,0.001,1e-06,1,20,0.7,3
run_00233,0.3118122915308822,1,1,1.1529710005886136,1.4109887395284022,0.31220415808591445,0.19632772717077707,0.19432195431128768,0.7936724245884129,0.3118122915308822,0.19600492557962923,src/spectroscopy_qml/ir/mps_encoder/results/grid_search/best_model.pt,src/spectroscopy_qml/ir/mps_encoder/results/grid_search/run_00233/summary.txt,src/spectroscopy_qml/ir/mps_encoder/results/grid_search/run_00233/training_log.csv,6,240,256,0.1,256,0.001,1e-06,1,20,0.7,3
run_00261,0.3116752641823425,1,1,0.9989003694630244,1.3300445184890595,0.3120314732536063,0.21206411045113888,0.20142829903613554,0.6920108178072893,0.3116752641823425,0.21215802210315712,src/spectroscopy_qml/ir/mps_encoder/results/grid_search/best_model.pt,src/spectroscopy_qml/ir/mps_encoder/results/grid_search/run_00261/summary.txt,src/spectroscopy_qml/ir/mps_encoder/results/grid_search/run_00261/training_log.csv,6,360,128,0.2,256,0.001,1e-06,1,20,0.7,3
run_00290,0.31076679407767627,1,1,1.0570736180151208,1.1938736808619497,0.3106866983733147,0.21668305693324555,0.1915463286718646,0.821906059761019,0.31076679407767627,0.2167962558671736,src/spectroscopy_qml/ir/mps_encoder/results/grid_search/best_model.pt,src/spectroscopy_qml/ir/mps_encoder/results/grid_search/run_00290/summary.txt,src/spectroscopy_qml/ir/mps_encoder/results/grid_search/run_00290/training_log.csv,6,450,128,0.0,512,0.001,1e-06,1,20,0.7,3
run_00218,0.30850621065122813,1,1,0.9897746655881016,1.0333270626618476,0.3086369192097075,0.2106333901385632,0.1865936486905844,0.8921665605581484,0.30850621065122813,0.2106548070779715,src/spectroscopy_qml/ir/mps_encoder/results/grid_search/best_model.pt,src/spectroscopy_qml/ir/mps_encoder/results/grid_search/run_00218/summary.txt,src/spectroscopy_qml/ir/mps_encoder/results/grid_search/run_00218/training_log.csv,6,240,128,0.0,512,0.001,1e-06,1,20,0.7,3
run_00015,0.3071504593614553,1,1,1.0416405581150667,1.0477840713941384,0.3080179901390059,0.20326971420475723,0.2091780382991556,0.5839379765017864,0.3071504593614553,0.20281458203237454,src/spectroscopy_qml/ir/mps_encoder/results/grid_search/best_model.pt,src/spectroscopy_qml/ir/mps_encoder/results/grid_search/run_00015/summary.txt,src/spectroscopy_qml/ir/mps_encoder/results/grid_search/run_00015/training_log.csv,4,240,256,0.0,1024,0.001,1e-06,1,20,0.7,3
run_00125,0.3065893867623839,1,1,1.0489345571593551,1.0886634288916581,0.30703360589222745,0.22090539331885764,0.18482376187479446,0.9063017936724246,0.3065893867623839,0.22053545821396592,src/spectroscopy_qml/ir/mps_encoder/results/grid_search/best_model.pt,src/spectroscopy_qml/ir/mps_encoder/results/grid_search/run_00125/summary.txt,src/spectroscopy_qml/ir/mps_encoder/results/grid_search/run_00125/training_log.csv,5,240,256,0.1,256,0.001,1e-06,1,20,0.7,3
run_00250,0.3055347711852445,1,1,1.0813322434097803,1.2635578977334034,0.305787826522216,0.20452970110394042,0.19712213133966705,0.6814376739609697,0.3055347711852445,0.20427970025214331,src/spectroscopy_qml/ir/mps_encoder/results/grid_search/best_model.pt,src/spectroscopy_qml/ir/mps_encoder/results/grid_search/run_00250/summary.txt,src/spectroscopy_qml/ir/mps_encoder/results/grid_search/run_00250/training_log.csv,6,240,512,0.2,512,0.001,1e-06,1,20,0.7,3
run_00173,0.3040779938228699,1,1,1.0917249893013998,1.1543464508213424,0.30464980423689236,0.2007026771209597,0.19773008689596872,0.6633431023324582,0.3040779938228699,0.2002923709823627,src/spectroscopy_qml/ir/mps_encoder/results/grid_search/best_model.pt,src/spectroscopy_qml/ir/mps_encoder/results/grid_search/run_00173/summary.txt,src/spectroscopy_qml/ir/mps_encoder/results/grid_search/run_00173/training_log.csv,5,360,512,0.1,256,0.001,1e-06,1,20,0.7,3
run_00077,0.3034720085464826,1,1,0.9782733912974619,1.0406986300538408,0.30396472951101783,0.22696664836852837,0.1869774942013631,0.8120353367673908,0.3034720085464826,0.22655416668680342,src/spectroscopy_qml/ir/mps_encoder/results/grid_search/best_model.pt,src/spectroscopy_qml/ir/mps_encoder/results/grid_search/run_00077/summary.txt,src/spectroscopy_qml/ir/mps_encoder/results/grid_search/run_00077/training_log.csv,4,450,128,0.1,256,0.001,1e-06,1,20,0.7,3
run_00242,0.3008496736361368,1,1,1.054649250111586,2.170562027745931,0.3014113850364591,0.216489239767406,0.1870025331919105,0.7764407519849308,0.3008496736361368,0.21619262796723487,src/spectroscopy_qml/ir/mps_encoder/results/grid_search/best_model.pt,src/spectroscopy_qml/ir/mps_encoder/results/grid_search/run_00242/summary.txt,src/spectroscopy_qml/ir/mps_encoder/results/grid_search/run_00242/training_log.csv,6,240,512,0.0,512,0.001,1e-06,1,20,0.7,3
run_00237,0.3000243946167253,1,1,1.0100976431925455,1.1877630356372801,0.300080851739068,0.221701509137264,0.17852782983620577,0.9402889659417965,0.3000243946167253,0.22163875674647254,src/spectroscopy_qml/ir/mps_encoder/results/grid_search/best_model.pt,src/spectroscopy_qml/ir/mps_encoder/results/grid_search/run_00237/summary.txt,src/spectroscopy_qml/ir/mps_encoder/results/grid_search/run_00237/training_log.csv,6,240,256,0.2,256,0.001,1e-06,1,20,0.7,3
run_00073,0.2978552215027892,1,1,0.9831556164560039,1.0507227426566195,0.29862643700736213,0.22732306639549116,0.18907575094141343,0.7100027886370931,0.2978552215027892,0.22680241145908864,src/spectroscopy_qml/ir/mps_encoder/results/grid_search/best_model.pt,src/spectroscopy_qml/ir/mps_encoder/results/grid_search/run_00073/summary.txt,src/spectroscopy_qml/ir/mps_encoder/results/grid_search/run_00073/training_log.csv,4,450,128,0.0,256,0.001,1e-06,1,20,0.7,3
run_00132,0.2973152633860474,1,1,1.0106063850864682,1.0141007972694585,0.2973138355013204,0.20277001463866007,0.17960111276614388,0.8628095781791778,0.2973152633860474,0.2027853300855482,src/spectroscopy_qml/ir/mps_encoder/results/grid_search/best_model.pt,src/spectroscopy_qml/ir/mps_encoder/results/grid_search/run_00132/summary.txt,src/spectroscopy_qml/ir/mps_encoder/results/grid_search/run_00132/training_log.csv,5,240,256,0.2,2048,0.001,1e-06,1,20,0.7,3
run_00257,0.2949823935650169,1,1,1.039410469048549,1.276809129640716,0.2953364998425043,0.21794078494110947,0.18051569727158667,0.8115223327738521,0.2949823935650169,0.21786769887254195,src/spectroscopy_qml/ir/mps_encoder/results/grid_search/best_model.pt,src/spectroscopy_qml/ir/mps_encoder/results/grid_search/run_00257/summary.txt,src/spectroscopy_qml/ir/mps_encoder/results/grid_search/run_00257/training_log.csv,6,360,128,0.1,256,0.001,1e-06,1,20,0.7,3
run_00253,0.29254401816878917,1,1,1.1034020505939053,1.5204962323291507,0.29338070902368224,0.19016633795874438,0.19236802934692765,0.6177751937576622,0.29254401816878917,0.1898607689794468,src/spectroscopy_qml/ir/mps_encoder/results/grid_search/best_model.pt,src/spectroscopy_qml/ir/mps_encoder/results/grid_search/run_00253/summary.txt,src/spectroscopy_qml/ir/mps_encoder/results/grid_search/run_00253/training_log.csv,6,360,128,0.0,256,0.001,1e-06,1,20,0.7,3
run_00014,0.2915092599810256,1,1,1.0649411473211987,1.0707776024794136,0.29166426597357864,0.20091221204501072,0.19205347159279942,0.6059445324297448,0.2915092599810256,0.2003306743586455,src/spectroscopy_qml/ir/mps_encoder/results/grid_search/best_model.pt,src/spectroscopy_qml/ir/mps_encoder/results/grid_search/run_00014/summary.txt,src/spectroscopy_qml/ir/mps_encoder/results/grid_search/run_00014/training_log.csv,4,240,256,0.0,512,0.001,1e-06,1,20,0.7,3
run_00258,0.29141986987217944,1,1,1.0701519117751386,1.13769577961326,0.2915968831005985,0.20940897763881797,0.1767750474681864,0.8320319693565614,0.29141986987217944,0.2093701030447823,src/spectroscopy_qml/ir/mps_encoder/results/grid_search/best_model.pt,src/spectroscopy_qml/ir/mps_encoder/results/grid_search/run_00258/summary.txt,src/spectroscopy_qml/ir/mps_encoder/results/grid_search/run_00258/training_log.csv,6,360,128,0.1,512,0.001,1e-06,1,20,0.7,3
run_00123,0.2910411585810658,1,1,1.0522855271223581,1.0872945364468665,0.29119781185673793,0.21317763207558693,0.17729197625776305,0.8144846019878247,0.2910411585810658,0.21318317715785554,src/spectroscopy_qml/ir/mps_encoder/results/grid_search/best_model.pt,src/spectroscopy_qml/ir/mps_encoder/results/grid_search/run_00123/summary.txt,src/spectroscopy_qml/ir/mps_encoder/results/grid_search/run_00123/training_log.csv,5,240,256,0.0,1024,0.001,1e-06,1,20,0.7,3
run_00285,0.29084239534715545,1,1,1.0998259140428623,1.6819193774249486,0.2909199368125697,0.2092096581982991,0.17630643748570407,0.8313926874569209,0.29084239534715545,0.20925259318941256,src/spectroscopy_qml/ir/mps_encoder/results/grid_search/best_model.pt,src/spectroscopy_qml/ir/mps_encoder/results/grid_search/run_00285/summary.txt,src/spectroscopy_qml/ir/mps_encoder/results/grid_search/run_00285/training_log.csv,6,360,512,0.2,256,0.001,1e-06,1,20,0.7,3
run_00272,0.28974645026076656,1,1,1.0833774599396517,1.1062034191113896,0.2903693800570763,0.19273711128416685,0.18921122499776624,0.6239549187875216,0.28974645026076656,0.19251930135767656,src/spectroscopy_qml/ir/mps_encoder/results/grid_search/best_model.pt,src/spectroscopy_qml/ir/mps_encoder/results/grid_search/run_00272/summary.txt,src/spectroscopy_qml/ir/mps_encoder/results/grid_search/run_00272/training_log.csv,6,360,256,0.1,2048,0.001,1e-06,1,20,0.7,3
run_00221,0.2875864688338615,1,1,1.0941772074307505,1.252394776440428,0.2878287887282926,0.20785790831988732,0.18850208210562866,0.6084227363369936,0.2875864688338615,0.20885747358859896,src/spectroscopy_qml/ir/mps_encoder/results/grid_search/best_model.pt,src/spectroscopy_qml/ir/mps_encoder/results/grid_search/run_00221/summary.txt,src/spectroscopy_qml/ir/mps_encoder/results/grid_search/run_00221/training_log.csv,6,240,128,0.1,256,0.001,1e-06,1,20,0.7,3
run_00208,0.2850122829092092,1,1,1.0430472320444948,1.105425107143861,0.2854298428040375,0.2136743117009315,0.1704308054976097,0.8775840931930947,0.2850122829092092,0.21365589755990275,src/spectroscopy_qml/ir/mps_encoder/results/grid_search/best_model.pt,src/spectroscopy_qml/ir/mps_encoder/results/grid_search/run_00208/summary.txt,src/spectroscopy_qml/ir/mps_encoder/results/grid_search/run_00208/training_log.csv,5,450,512,0.0,2048,0.001,1e-06,1,20,0.7,3
run_00249,0.2833689703338731,1,1,1.1067884858014927,1.5443502535499298,0.2837734956384604,0.20838221402086818,0.16689909060174069,0.9467633394192269,0.2833689703338731,0.20807345154512707,src/spectroscopy_qml/ir/mps_encoder/results/grid_search/best_model.pt,src/spectroscopy_qml/ir/mps_encoder/results/grid_search/run_00249/summary.txt,src/spectroscopy_qml/ir/mps_encoder/results/grid_search/run_00249/training_log.csv,6,240,512,0.2,256,0.001,1e-06,1,20,0.7,3
run_00124,0.2816054252213327,1,1,1.025612802185625,1.1187858725173048,0.28182649221083034,0.18991250239860294,0.18544566004511182,0.5868029064964722,0.2816054252213327,0.18965803248870763,src/spectroscopy_qml/ir/mps_encoder/results/grid_search/best_model.pt,src/spectroscopy_qml/ir/mps_encoder/results/grid_search/run_00124/summary.txt,src/spectroscopy_qml/ir/mps_encoder/results/grid_search/run_00124/training_log.csv,5,240,256,0.0,2048,0.001,1e-06,1,20,0.7,3
run_00213,0.2815985358725973,1,1,1.0707451676621906,1.3147782829598618,0.2819971117046743,0.21260399900619395,0.17339618353095923,0.7546420284440983,0.2815985358725973,0.21323204742045146,src/spectroscopy_qml/ir/mps_encoder/results/grid_search/best_model.pt,src/spectroscopy_qml/ir/mps_encoder/results/grid_search/run_00213/summary.txt,src/spectroscopy_qml/ir/mps_encoder/results/grid_search/run_00213/training_log.csv,5,450,512,0.2,256,0.001,1e-06,1,20,0.7,3
run_00169,0.2811349110599797,1,1,1.0420185669862143,1.1889686736723692,0.2814425261920108,0.20745873381202382,0.16648867012254545,0.9092298626201614,0.2811349110599797,0.20727751487029905,src/spectroscopy_qml/ir/mps_encoder/results/grid_search/best_model.pt,src/spectroscopy_qml/ir/mps_encoder/results/grid_search/run_00169/summary.txt,src/spectroscopy_qml/ir/mps_encoder/results/grid_search/run_00169/training_log.csv,5,360,512,0.0,256,0.001,1e-06,1,20,0.7,3
run_00245,0.28085478767999317,1,1,1.08155102826196,1.3810180502632285,0.28087563835372353,0.1877301861364434,0.18300179880207437,0.6038057003951446,0.28085478767999317,0.18785081389221076,src/spectroscopy_qml/ir/mps_encoder/results/grid_search/best_model.pt,src/spectroscopy_qml/ir/mps_encoder/results/grid_search/run_00245/summary.txt,src/spectroscopy_qml/ir/mps_encoder/results/grid_search/run_00245/training_log.csv,6,240,512,0.1,256,0.001,1e-06,1,20,0.7,3
run_00130,0.2806688022367738,1,1,1.0741155081180882,1.2834509205262052,0.28093987789325764,0.20592462451862656,0.16783599205586522,0.8615020756930816,0.2806688022367738,0.20561395023552756,src/spectroscopy_qml/ir/mps_encoder/results/grid_search/best_model.pt,src/spectroscopy_qml/ir/mps_encoder/results/grid_search/run_00130/summary.txt,src/spectroscopy_qml/ir/mps_encoder/results/grid_search/run_00130/training_log.csv,5,240,256,0.2,512,0.001,1e-06,1,20,0.7,3
run_00289,0.27946966757598773,1,1,1.1224751420387264,1.1012951407184237,0.27981288283430933,0.20400232273983016,0.17263620322827022,0.7379496677312596,0.27946966757598773,0.20345643114448989,src/spectroscopy_qml/ir/mps_encoder/results/grid_search/best_model.pt,src/spectroscopy_qml/ir/mps_encoder/results/grid_search/run_00289/summary.txt,src/spectroscopy_qml/ir/mps_encoder/results/grid_search/run_00289/training_log.csv,6,450,128,0.0,256,0.001,1e-06,1,20,0.7,3
run_00241,0.2783828130671579,1,1,1.079481774584389,1.7640634799711585,0.2787917191372631,0.2005566368861085,0.1644680994025588,0.9144046259806269,0.2783828130671579,0.2004118652563139,src/spectroscopy_qml/ir/mps_encoder/results/grid_search/best_model.pt,src/spectroscopy_qml/ir/mps_encoder/results/grid_search/run_00241/summary.txt,src/spectroscopy_qml/ir/mps_encoder/results/grid_search/run_00241/training_log.csv,6,240,512,0.0,256,0.001,1e-06,1,20,0.7,3
run_00276,0.2783020631718396,1,1,1.1033790690773955,1.1129401455493846,0.27841710350132476,0.20253255010761684,0.16756074691242265,0.8227189737815498,0.2783020631718396,0.20244052821014558,src/spectroscopy_qml/ir/mps_encoder/results/grid_search/best_model.pt,src/spectroscopy_qml/ir/mps_encoder/results/grid_search/run_00276/summary.txt,src/spectroscopy_qml/ir/mps_encoder/results/grid_search/run_00276/training_log.csv,6,360,256,0.2,2048,0.001,1e-06,1,20,0.7,3
run_00271,0.27553161295785517,1,1,1.179032765438897,1.1844029785743693,0.27560934518655505,0.1818987171099149,0.16191898043288513,0.925309249330464,0.27553161295785517,0.18183434265641546,src/spectroscopy_qml/ir/mps_encoder/results/grid_search/best_model.pt,src/spectroscopy_qml/ir/mps_encoder/results/grid_search/run_00271/summary.txt,src/spectroscopy_qml/ir/mps_encoder/results/grid_search/run_00271/training_log.csv,6,360,256,0.1,1024,0.001,1e-06,1,20,0.7,3
run_00273,0.2740471664589056,1,1,1.1862216616062233,1.3120150670798045,0.27439777982752317,0.17292871958207132,0.16201513684305696,0.8957154958775525,0.2740471664589056,0.17297160335639353,src/spectroscopy_qml/ir/mps_encoder/results/grid_search/best_model.pt,src/spectroscopy_qml/ir/mps_encoder/results/grid_search/run_00273/summary.txt,src/spectroscopy_qml/ir/mps_encoder/results/grid_search/run_00273/training_log.csv,6,360,256,0.2,256,0.001,1e-06,1,20,0.7,3
run_00103,0.2730547595516643,1,1,1.1285599763221044,1.1681234876584408,0.27343828846675144,0.195752140844804,0.16247517019074845,0.8624570523579769,0.2730547595516643,0.1957382392138516,src/spectroscopy_qml/ir/mps_encoder/results/grid_search/best_model.pt,src/spectroscopy_qml/ir/mps_encoder/results/grid_search/run_00103/summary.txt,src/spectroscopy_qml/ir/mps_encoder/results/grid_search/run_00103/training_log.csv,4,450,512,0.1,1024,0.001,1e-06,1,20,0.7,3
run_00054,0.2703603170103214,1,1,1.1391193489643567,1.1738995135523003,0.2706302491640631,0.21703726028872464,0.15691602282753903,0.9829735289939334,0.2703603170103214,0.21791203705525905,src/spectroscopy_qml/ir/mps_encoder/results/grid_search/best_model.pt,src/spectroscopy_qml/ir/mps_encoder/results/grid_search/run_00054/summary.txt,src/spectroscopy_qml/ir/mps_encoder/results/grid_search/run_00054/training_log.csv,4,360,256,0.1,512,0.001,1e-06,1,20,0.7,3
run_00105,0.270104362788107,1,1,1.1373689318379718,1.3055956139338043,0.2701842343327887,0.20609886716151235,0.15845774426784487,0.9161488395586587,0.270104362788107,0.20537681748257683,src/spectroscopy_qml/ir/mps_encoder/results/grid_search/best_model.pt,src/spectroscopy_qml/ir/mps_encoder/results/grid_search/run_00105/summary.txt,src/spectroscopy_qml/ir/mps_encoder/results/grid_search/run_00105/training_log.csv,4,450,512,0.2,256,0.001,1e-06,1,20,0.7,3
run_00121,0.2700590612581576,1,1,1.1652484597493042,1.1977266122896841,0.2704479087522084,0.18626969575999394,0.1655404269625147,0.7383784864540638,0.2700590612581576,0.1865463826486753,src/spectroscopy_qml/ir/mps_encoder/results/grid_search/best_model.pt,src/spectroscopy_qml/ir/mps_encoder/results/grid_search/run_00121/summary.txt,src/spectroscopy_qml/ir/mps_encoder/results/grid_search/run_00121/training_log.csv,5,240,256,0.0,256,0.001,1e-06,1,20,0.7,3
run_00129,0.2632020897321124,1,1,1.1289759060972802,1.2708032012467472,0.26334335642382334,0.1959698825499041,0.15356532169060957,0.9235650357524322,0.2632020897321124,0.19600430865094562,src/spectroscopy_qml/ir/mps_encoder/results/grid_search/best_model.pt,src/spectroscopy_qml/ir/mps_encoder/results/grid_search/run_00129/summary.txt,src/spectroscopy_qml/ir/mps_encoder/results/grid_search/run_00129/training_log.csv,5,240,256,0.2,256,0.001,1e-06,1,20,0.7,3
run_00293,0.2622337352420633,1,1,1.2105605917390734,2.1081952930098504,0.26237555343196384,0.17459675467283747,0.16489446194756185,0.6417758882861457,0.2622337352420633,0.17459420958981764,src/spectroscopy_qml/ir/mps_encoder/results/grid_search/best_model.pt,src/spectroscopy_qml/ir/mps_encoder/results/grid_search/run_00293/summary.txt,src/spectroscopy_qml/ir/mps_encoder/results/grid_search/run_00293/training_log.csv,6,450,128,0.1,256,0.001,1e-06,1,20,0.7,3
run_00101,0.2578157398205213,1,1,1.1630206946449348,1.2168522327502471,0.25798713991435496,0.1815388256197692,0.1482545155857976,0.9928837138332185,0.2578157398205213,0.1821944265778681,src/spectroscopy_qml/ir/mps_encoder/results/grid_search/best_model.pt,src/spectroscopy_qml/ir/mps_encoder/results/grid_search/run_00101/summary.txt,src/spectroscopy_qml/ir/mps_encoder/results/grid_search/run_00101/training_log.csv,4,450,512,0.1,256,0.001,1e-06,1,20,0.7,3
run_00275,0.25562155599891423,1,1,1.1333025759814859,1.1623303533940441,0.2559097448046049,0.18607885069964417,0.1486055991722291,0.9207816602387705,0.25562155599891423,0.18603486648888248,src/spectroscopy_qml/ir/mps_encoder/results/grid_search/best_model.pt,src/spectroscopy_qml/ir/mps_encoder/results/grid_search/run_00275/summary.txt,src/spectroscopy_qml/ir/mps_encoder/results/grid_search/run_00275/training_log.csv,6,360,256,0.2,1024,0.001,1e-06,1,20,0.7,3
run_00128,0.2541424765247839,1,1,1.1287340299640873,1.149363978574965,0.2542830966059551,0.18478761636234706,0.14755787471711632,0.9189085379649263,0.2541424765247839,0.1847975531208123,src/spectroscopy_qml/ir/mps_encoder/results/grid_search/best_model.pt,src/spectroscopy_qml/ir/mps_encoder/results/grid_search/run_00128/summary.txt,src/spectroscopy_qml/ir/mps_encoder/results/grid_search/run_00128/training_log.csv,5,240,256,0.1,2048,0.001,1e-06,1,20,0.7,3
run_00126,0.2535582211132309,1,1,1.1445759074976463,1.1814755864410538,0.2536612061196055,0.19014560935073285,0.1462588501932142,0.9548004019846678,0.2535582211132309,0.1903172156652955,src/spectroscopy_qml/ir/mps_encoder/results/grid_search/best_model.pt,src/spectroscopy_qml/ir/mps_encoder/results/grid_search/run_00126/summary.txt,src/spectroscopy_qml/ir/mps_encoder/results/grid_search/run_00126/training_log.csv,5,240,256,0.1,512,0.001,1e-06,1,20,0.7,3
run_00171,0.25268706299413307,1,1,1.0903655808746355,1.1339760120372901,0.2527393225229176,0.1964436000662257,0.1455669643285343,0.9582204286082596,0.25268706299413307,0.19644697640388398,src/spectroscopy_qml/ir/mps_encoder/results/grid_search/best_model.pt,src/spectroscopy_qml/ir/mps_encoder/results/grid_search/run_00171/summary.txt,src/spectroscopy_qml/ir/mps_encoder/results/grid_search/run_00171/training_log.csv,5,360,512,0.0,1024,0.001,1e-06,1,20,0.7,3
run_00267,0.24563765255763736,1,1,1.1714105200316436,1.4348173229939956,0.24546880140999272,0.18422445939870996,0.1437636833491024,0.8390561778834771,0.24563765255763736,0.18437140756580933,src/spectroscopy_qml/ir/mps_encoder/results/grid_search/best_model.pt,src/spectroscopy_qml/ir/mps_encoder/results/grid_search/run_00267/summary.txt,src/spectroscopy_qml/ir/mps_encoder/results/grid_search/run_00267/training_log.csv,6,360,256,0.0,1024,0.001,1e-06,1,20,0.7,3
run_00270,0.2365724647993496,1,1,1.2088752013976338,1.223908895575339,0.23663101839704295,0.15712785305803578,0.13660331140073545,0.883774341381796,0.2365724647993496,0.15714857530627038,src/spectroscopy_qml/ir/mps_encoder/results/grid_search/best_model.pt,src/spectroscopy_qml/ir/mps_encoder/results/grid_search/run_00270/summary.txt,src/spectroscopy_qml/ir/mps_encoder/results/grid_search/run_00270/training_log.csv,6,360,256,0.1,512,0.001,1e-06,1,20,0.7,3
run_00265,0.2354092380803093,1,1,1.185746536245759,1.236986060683394,0.2356152570731088,0.1794730058479107,0.1337895413817151,0.9862041387583725,0.2354092380803093,0.1794100965051329,src/spectroscopy_qml/ir/mps_encoder/results/grid_search/best_model.pt,src/spectroscopy_qml/ir/mps_encoder/results/grid_search/run_00265/summary.txt,src/spectroscopy_qml/ir/mps_encoder/results/grid_search/run_00265/training_log.csv,6,360,256,0.0,256,0.001,1e-06,1,20,0.7,3
run_00122,0.23535886750182308,1,1,1.1667494950995756,1.2117807772810807,0.23553489654135526,0.18004371649067327,0.13368410498118022,0.9891295769163988,0.23535886750182308,0.1799629881688326,src/spectroscopy_qml/ir/mps_encoder/results/grid_search/best_model.pt,src/spectroscopy_qml/ir/mps_encoder/results/grid_search/run_00122/summary.txt,src/spectroscopy_qml/ir/mps_encoder/results/grid_search/run_00122/training_log.csv,5,240,256,0.0,512,0.001,1e-06,1,20,0.7,3
run_00269,0.23365456178005695,1,1,1.1961165596096945,1.2783941009914066,0.23378833526532283,0.17777650334216105,0.13308929953211263,0.9606197088241949,0.23365456178005695,0.1777111047258637,src/spectroscopy_qml/ir/mps_encoder/results/grid_search/best_model.pt,src/spectroscopy_qml/ir/mps_encoder/results/grid_search/run_00269/summary.txt,src/spectroscopy_qml/ir/mps_encoder/results/grid_search/run_00269/training_log.csv,6,360,256,0.1,256,0.001,1e-06,1,20,0.7,3
run_00274,0.23189444682267665,1,1,1.1948510193785453,1.2176949257570995,0.23207235836949214,0.17941584942790306,0.13128499152632025,0.9990160846482897,0.23189444682267665,0.17935611722932188,src/spectroscopy_qml/ir/mps_encoder/results/grid_search/best_model.pt,src/spectroscopy_qml/ir/mps_encoder/results/grid_search/run_00274/summary.txt,src/spectroscopy_qml/ir/mps_encoder/results/grid_search/run_00274/training_log.csv,6,360,256,0.2,512,0.001,1e-06,1,20,0.7,3
