sample_index,num_false_negatives,num_false_positives,error_count,true_labels,predicted_labels,false_negative_labels,false_positive_labels,false_negative_probs,false_positive_probs
377641,8,2,10,Alcohol | Alkane | Alkene | Amide | Enamine | Enol | Ester | Ether | Ketone,Alkane | Amine | Arene,Alcohol | Alkene | Amide | Enamine | Enol | Ester | Ether | Ketone,Amine | Arene,Alcohol=0.0000 | Alkene=0.0000 | Amide=0.0089 | Enamine=0.0000 | Enol=0.0000 | Ester=0.0005 | Ether=0.1334 | Ketone=0.1047,Amine=0.9350 | Arene=0.9705
789012,3,6,9,Alkane | Amide | Amine | Arene | Imide,Alcohol | Alkane | Alkene | Arene | Enol | Ether | Haloalkane | Phenol,Amide | Amine | Imide,Alcohol | Alkene | Enol | Ether | Haloalkane | Phenol,Amide=0.4161 | Amine=0.0296 | Imide=0.0003,Alcohol=0.9866 | Alkene=0.9997 | Enol=0.9984 | Ether=0.4564 | Haloalkane=0.5902 | Phenol=0.8846
745684,7,2,9,Alkane | Alkene | Amine | Enamine | Ester | Ether | Haloalkane | Imine,Alcohol | Alkane | Carboxylic acid,Alkene | Amine | Enamine | Ester | Ether | Haloalkane | Imine,Alcohol | Carboxylic acid,Alkene=0.0000 | Amine=0.0098 | Enamine=0.0000 | Ester=0.0000 | Ether=0.1873 | Haloalkane=0.2230 | Imine=0.0000,Alcohol=0.9998 | Carboxylic acid=1.0000
403839,5,4,9,Alkane | Alkene | Amine | Arene | Enamine | Haloalkane | Ketone | Sulfide,Alcohol | Alkane | Arene | Ester | Ether | Haloalkane | Phenol,Alkene | Amine | Enamine | Ketone | Sulfide,Alcohol | Ester | Ether | Phenol,Alkene=0.0002 | Amine=0.0088 | Enamine=0.0000 | Ketone=0.0000 | Sulfide=0.0000,Alcohol=0.9887 | Ester=0.9292 | Ether=0.9604 | Phenol=0.9938
629730,5,3,8,Alkane | Alkene | Amide | Amine | Arene | Enamine | Ketone | Sulfide,Alkane | Amide | Arene | Ester | Ether | Haloalkane,Alkene | Amine | Enamine | Ketone | Sulfide,Ester | Ether | Haloalkane,Alkene=0.0009 | Amine=0.0090 | Enamine=0.0000 | Ketone=0.4976 | Sulfide=0.0051,Ester=0.9842 | Ether=0.9971 | Haloalkane=0.4016
702695,5,3,8,Alcohol | Alkane | Alkene | Amide | Amine | Arene | Enamine | Enol | Sulfide | Sulfonamide,Alcohol | Alkane | Amide | Arene | Haloalkane | Ketone | Phenol | Sulfonamide,Alkene | Amine | Enamine | Enol | Sulfide,Haloalkane | Ketone | Phenol,Alkene=0.0000 | Amine=0.2362 | Enamine=0.0000 | Enol=0.0005 | Sulfide=0.0001,Haloalkane=0.8271 | Ketone=0.8029 | Phenol=0.9990
36886,4,4,8,Alkane | Alkene | Amine | Arene | Enamine | Ether | Hydrazine,Alkane | Amide | Amine | Arene | Haloalkane | Hydrazone | Sulfide,Alkene | Enamine | Ether | Hydrazine,Amide | Haloalkane | Hydrazone | Sulfide,Alkene=0.0831 | Enamine=0.5405 | Ether=0.1258 | Hydrazine=0.0175,Amide=0.8803 | Haloalkane=0.9350 | Hydrazone=0.9244 | Sulfide=0.4270
152923,5,3,8,Alcohol | Alkane | Amide | Amine | Arene | Carboxylic acid | Haloalkane | Hydrazine | Sulfide,Alcohol | Alkane | Alkene | Arene | Carboxylic acid | Ether | Ketone,Amide | Amine | Haloalkane | Hydrazine | Sulfide,Alkene | Ether | Ketone,Amide=0.0156 | Amine=0.0079 | Haloalkane=0.3382 | Hydrazine=0.0000 | Sulfide=0.0185,Alkene=0.9958 | Ether=0.8192 | Ketone=0.9043
242781,4,4,8,Alkane | Alkene | Amide | Amine | Enamine | Sulfide,Alkane | Amine | Arene | Ester | Ether | Haloalkane,Alkene | Amide | Enamine | Sulfide,Arene | Ester | Ether | Haloalkane,Alkene=0.1542 | Amide=0.3607 | Enamine=0.0003 | Sulfide=0.0589,Arene=0.3121 | Ester=1.0000 | Ether=0.9996 | Haloalkane=0.7373
349838,6,2,8,Alkane | Alkene | Amine | Enamine | Ester | Ether | Haloalkane,Alkane | Amide | Arene,Alkene | Amine | Enamine | Ester | Ether | Haloalkane,Amide | Arene,Alkene=0.0007 | Amine=0.4003 | Enamine=0.0178 | Ester=0.0014 | Ether=0.1520 | Haloalkane=0.1069,Amide=0.9986 | Arene=0.3228
411949,6,2,8,Alkane | Alkene | Amine | Arene | Enamine | Ester | Ether | Isothiocyanate,Alkane | Haloalkane | Isothiocyanate | Sulfide,Alkene | Amine | Arene | Enamine | Ester | Ether,Haloalkane | Sulfide,Alkene=0.0070 | Amine=0.1462 | Arene=0.1468 | Enamine=0.0048 | Ester=0.0794 | Ether=0.1854,Haloalkane=0.6545 | Sulfide=0.8692
423360,6,2,8,Alcohol | Alkane | Alkene | Arene | Carboxylic acid | Enol | Ester | Ether | Sulfide,Alcohol | Arene | Carboxylic acid | Ketone | Phenol,Alkane | Alkene | Enol | Ester | Ether | Sulfide,Ketone | Phenol,Alkane=0.0624 | Alkene=0.0000 | Enol=0.0000 | Ester=0.0000 | Ether=0.0511 | Sulfide=0.0051,Ketone=0.9954 | Phenol=0.9445
1934,6,2,8,Alkane | Alkene | Amide | Amine | Enamine | Haloalkane | Sulfide | Sulfonamide,Alkane | Amine | Arene | Ether,Alkene | Amide | Enamine | Haloalkane | Sulfide | Sulfonamide,Arene | Ether,Alkene=0.0222 | Amide=0.0009 | Enamine=0.0004 | Haloalkane=0.1360 | Sulfide=0.0310 | Sulfonamide=0.3529,Arene=0.4695 | Ether=0.4214
14296,5,3,8,Alcohol | Alkane | Alkene | Amide | Amine | Arene | Carboxylic acid | Enol | Ether | Ketone,Alcohol | Amide | Amine | Arene | Carboxylic acid | Haloalkane | Phenol | Sulfide,Alkane | Alkene | Enol | Ether | Ketone,Haloalkane | Phenol | Sulfide,Alkane=0.0740 | Alkene=0.0000 | Enol=0.0000 | Ether=0.0859 | Ketone=0.0000,Haloalkane=0.6855 | Phenol=0.9828 | Sulfide=0.9971
422790,3,5,8,Alkane | Amide | Arene | Haloalkane,Alkane | Amine | Enamine | Ester | Ether | Sulfide,Amide | Arene | Haloalkane,Amine | Enamine | Ester | Ether | Sulfide,Amide=0.0013 | Arene=0.1935 | Haloalkane=0.2288,Amine=0.9425 | Enamine=0.7299 | Ester=0.9973 | Ether=0.9546 | Sulfide=0.9992
432630,5,3,8,Alcohol | Alkane | Amine | Arene | Carboxylic acid | Haloalkane | Sulfide,Alkane | Alkyne | Arene | Ester | Ether,Alcohol | Amine | Carboxylic acid | Haloalkane | Sulfide,Alkyne | Ester | Ether,Alcohol=0.0314 | Amine=0.2074 | Carboxylic acid=0.2750 | Haloalkane=0.1380 | Sulfide=0.0482,Alkyne=0.9548 | Ester=0.9931 | Ether=0.9912
140,5,3,8,Alkane | Amide | Amine | Arene | Carbamate | Ether | Haloalkane | Hydrazone | Imide | Sulfide,Alkane | Alkene | Amine | Arene | Enamine | Ester | Ether | Haloalkane,Amide | Carbamate | Hydrazone | Imide | Sulfide,Alkene | Enamine | Ester,Amide=0.3177 | Carbamate=0.1719 | Hydrazone=0.0000 | Imide=0.1618 | Sulfide=0.0075,Alkene=0.9052 | Enamine=0.9068 | Ester=0.7873
197156,6,2,8,Alkane | Alkene | Amide | Amine | Arene | Enamine | Hydrazine | Ketone | Nitrile | Sulfide,Alkane | Amide | Amine | Arene | Ether | Haloalkane,Alkene | Enamine | Hydrazine | Ketone | Nitrile | Sulfide,Ether | Haloalkane,Alkene=0.0000 | Enamine=0.0000 | Hydrazine=0.0000 | Ketone=0.0000 | Nitrile=0.0022 | Sulfide=0.0075,Ether=0.3087 | Haloalkane=0.4965
661538,5,3,8,Alcohol | Alkane | Alkene | Arene | Carbamate | Enol | Ether | Ketone | Thioamide,Alcohol | Alkane | Amide | Ester | Ether | Ketone | Sulfide,Alkene | Arene | Carbamate | Enol | Thioamide,Amide | Ester | Sulfide,Alkene=0.0991 | Arene=0.0712 | Carbamate=0.0026 | Enol=0.2798 | Thioamide=0.0049,Amide=0.9313 | Ester=0.9998 | Sulfide=0.9999
43866,5,3,8,Alcohol | Alkane | Alkene | Amide | Amine | Arene | Enamine | Enol | Sulfonamide,Alcohol | Alkane | Arene | Ether | Sulfide | Sulfonamide | Sulfone,Alkene | Amide | Amine | Enamine | Enol,Ether | Sulfide | Sulfone,Alkene=0.1546 | Amide=0.0000 | Amine=0.5601 | Enamine=0.0615 | Enol=0.0849,Ether=0.5380 | Sulfide=0.9970 | Sulfone=0.9026
704818,5,3,8,Alkane | Alkene | Amine | Enamine | Imine | Sulfoxide,Alkane | Ester | Ether | Haloalkane,Alkene | Amine | Enamine | Imine | Sulfoxide,Ester | Ether | Haloalkane,Alkene=0.0000 | Amine=0.0100 | Enamine=0.0000 | Imine=0.0000 | Sulfoxide=0.0000,Ester=0.9078 | Ether=0.9983 | Haloalkane=0.7200
318008,6,2,8,Alcohol | Alkane | Alkene | Amide | Arene | Enol | Haloalkane | Imide | Ketone,Alcohol | Alkane | Arene | Ether | Phenol,Alkene | Amide | Enol | Haloalkane | Imide | Ketone,Ether | Phenol,Alkene=0.0028 | Amide=0.0012 | Enol=0.0005 | Haloalkane=0.1308 | Imide=0.0005 | Ketone=0.0000,Ether=0.5462 | Phenol=0.9986
761263,2,5,7,Alkane | Alkene | Arene | Ketone | Sulfonate,Alkane | Amide | Amine | Arene | Ester | Ether | Sulfonamide | Sulfonate,Alkene | Ketone,Amide | Amine | Ester | Ether | Sulfonamide,Alkene=0.0392 | Ketone=0.0668,Amide=0.9258 | Amine=0.8133 | Ester=0.9449 | Ether=0.8572 | Sulfonamide=0.9925
668131,5,2,7,Alkane | Amine | Arene | Ester | Ether | Haloalkane,Alkane | Amide | Sulfide,Amine | Arene | Ester | Ether | Haloalkane,Amide | Sulfide,Amine=0.4354 | Arene=0.0473 | Ester=0.0000 | Ether=0.0804 | Haloalkane=0.0781,Amide=0.9914 | Sulfide=0.9959
204970,6,1,7,Alkane | Alkene | Amine | Arene | Enamine | Haloalkane | Ketone,Aldehyde | Alkane,Alkene | Amine | Arene | Enamine | Haloalkane | Ketone,Aldehyde,Alkene=0.0000 | Amine=0.0003 | Arene=0.1021 | Enamine=0.0000 | Haloalkane=0.3746 | Ketone=0.0002,Aldehyde=0.9649
170787,3,4,7,Alcohol | Alkane | Alkene | Carboxylic acid | Enol | Ester | Ether | Sulfide,Alcohol | Alkane | Arene | Carboxylic acid | Ester | Ether | Haloalkane | Ketone | Phenol,Alkene | Enol | Sulfide,Arene | Haloalkane | Ketone | Phenol,Alkene=0.0000 | Enol=0.0001 | Sulfide=0.0837,Arene=0.2923 | Haloalkane=0.8588 | Ketone=0.9331 | Phenol=0.9971
386178,4,3,7,Amide | Arene | Haloalkane | Imide | Ketone,Alkane | Ester | Ether | Haloalkane,Amide | Arene | Imide | Ketone,Alkane | Ester | Ether,Amide=0.0006 | Arene=0.0373 | Imide=0.4138 | Ketone=0.0000,Alkane=0.9514 | Ester=0.9981 | Ether=0.9891
308937,5,2,7,Alkane | Amine | Arene | Carbamate | Ether | Sulfide | Thioamide,Alkane | Amide | Arene | Haloalkane,Amine | Carbamate | Ether | Sulfide | Thioamide,Amide | Haloalkane,Amine=0.0742 | Carbamate=0.0000 | Ether=0.2235 | Sulfide=0.0001 | Thioamide=0.0000,Amide=0.9664 | Haloalkane=0.9914
324244,7,0,7,Alcohol | Alkane | Amide | Arene | Ester | Ether | Haloalkane | Hydrazone | Phenol | Sulfide,Alkane | Arene | Haloalkane,Alcohol | Amide | Ester | Ether | Hydrazone | Phenol | Sulfide,,Alcohol=0.0007 | Amide=0.0000 | Ester=0.0001 | Ether=0.2951 | Hydrazone=0.0000 | Phenol=0.0050 | Sulfide=0.0006,
598172,4,3,7,Alcohol | Alkene | Amide | Arene | Enamine | Enol | Haloalkane,Alcohol | Alkane | Arene | Ether | Haloalkane | Phenol,Alkene | Amide | Enamine | Enol,Alkane | Ether | Phenol,Alkene=0.0010 | Amide=0.0000 | Enamine=0.0000 | Enol=0.0017,Alkane=0.6825 | Ether=0.9776 | Phenol=0.9961
66666,5,2,7,Alkane | Alkene | Amide | Amine | Arene | Enamine | Ether | Hydrazone,Alkane | Arene | Haloalkane | Hydrazone | Sulfide,Alkene | Amide | Amine | Enamine | Ether,Haloalkane | Sulfide,Alkene=0.0006 | Amide=0.0029 | Amine=0.5737 | Enamine=0.0005 | Ether=0.2098,Haloalkane=0.6397 | Sulfide=0.9996
527977,5,2,7,Alcohol | Alkane | Amide | Amine | Carbamate | Ether | Hydrazine | Phenol,Alkane | Amine | Arene | Ether | Haloalkane,Alcohol | Amide | Carbamate | Hydrazine | Phenol,Arene | Haloalkane,Alcohol=0.0384 | Amide=0.0024 | Carbamate=0.0001 | Hydrazine=0.0000 | Phenol=0.0000,Arene=0.8160 | Haloalkane=0.9356
218046,4,3,7,Alkane | Alkene | Amine | Arene | Enamine | Ether | Imine | Ketone | Sulfide,Alkane | Amide | Amine | Arene | Ester | Ether | Haloalkane | Sulfide,Alkene | Enamine | Imine | Ketone,Amide | Ester | Haloalkane,Alkene=0.0000 | Enamine=0.0000 | Imine=0.0000 | Ketone=0.0000,Amide=0.8560 | Ester=0.9998 | Haloalkane=0.7314
229653,4,3,7,Alcohol | Alkane | Amide | Arene | Haloalkane | Phenol,Alkane | Arene | Ester | Ether | Sulfide,Alcohol | Amide | Haloalkane | Phenol,Ester | Ether | Sulfide,Alcohol=0.0029 | Amide=0.2615 | Haloalkane=0.1801 | Phenol=0.0041,Ester=0.9776 | Ether=0.9407 | Sulfide=0.9999
695427,4,3,7,Alkane | Arene | Ester | Ether | Haloalkane | Sulfide,Aldehyde | Alkane | Alkene | Haloalkane | Nitrile,Arene | Ester | Ether | Sulfide,Aldehyde | Alkene | Nitrile,Arene=0.1636 | Ester=0.0020 | Ether=0.0553 | Sulfide=0.0000,Aldehyde=0.9795 | Alkene=0.9381 | Nitrile=0.9460
783598,2,5,7,Alkane | Amine | Arene | Ketone | Sulfide,Alkane | Amide | Amine | Arene | Carbamate | Ether | Haloalkane | Imide,Ketone | Sulfide,Amide | Carbamate | Ether | Haloalkane | Imide,Ketone=0.0000 | Sulfide=0.0044,Amide=0.7064 | Carbamate=0.9822 | Ether=0.9985 | Haloalkane=0.6311 | Imide=0.9909
611385,4,3,7,Alkane | Alkene | Carbamate | Ether | Sulfide | Thiol,Alkane | Arene | Ester | Ether | Haloalkane,Alkene | Carbamate | Sulfide | Thiol,Arene | Ester | Haloalkane,Alkene=0.0000 | Carbamate=0.0194 | Sulfide=0.0000 | Thiol=0.0000,Arene=0.3984 | Ester=0.8886 | Haloalkane=0.9828
205857,5,2,7,Alcohol | Alkane | Alkene | Amine | Carboxylic acid | Enamine | Enol | Haloalkane,Alcohol | Arene | Carboxylic acid | Haloalkane | Phenol,Alkane | Alkene | Amine | Enamine | Enol,Arene | Phenol,Alkane=0.0380 | Alkene=0.3614 | Amine=0.0192 | Enamine=0.0001 | Enol=0.0000,Arene=0.7491 | Phenol=0.9917
716166,4,3,7,Alcohol | Alkane | Alkene | Amide | Ether | Haloalkane | Sulfide,Alcohol | Alkane | Arene | Ether | Ketone | Phenol,Alkene | Amide | Haloalkane | Sulfide,Arene | Ketone | Phenol,Alkene=0.0000 | Amide=0.0001 | Haloalkane=0.0927 | Sulfide=0.0025,Arene=0.8647 | Ketone=0.9994 | Phenol=0.9879
31813,5,2,7,Alcohol | Alkane | Alkene | Arene | Enol | Ester | Ether | Phenol,Alcohol | Alkane | Ether | Haloalkane | Sulfide,Alkene | Arene | Enol | Ester | Phenol,Haloalkane | Sulfide,Alkene=0.1569 | Arene=0.0859 | Enol=0.2561 | Ester=0.0061 | Phenol=0.0161,Haloalkane=0.4671 | Sulfide=0.9000
389929,4,3,7,Alkane | Amide | Amine | Ether | Hydrazine | Sulfonamide,Alkane | Arene | Ether | Haloalkane | Ketone,Amide | Amine | Hydrazine | Sulfonamide,Arene | Haloalkane | Ketone,Amide=0.0000 | Amine=0.0182 | Hydrazine=0.0000 | Sulfonamide=0.0592,Arene=0.4573 | Haloalkane=0.8991 | Ketone=0.6630
145452,4,3,7,Alkane | Alkene | Amide | Imide | Ketone | Nitrile,Alkane | Amine | Ester | Ether | Nitrile,Alkene | Amide | Imide | Ketone,Amine | Ester | Ether,Alkene=0.0048 | Amide=0.0007 | Imide=0.0586 | Ketone=0.0000,Amine=0.9321 | Ester=0.8289 | Ether=0.7553
38302,4,3,7,Alkane | Alkene | Amine | Arene | Enamine | Ketone,Alkane | Arene | Ester | Ether | Haloalkane,Alkene | Amine | Enamine | Ketone,Ester | Ether | Haloalkane,Alkene=0.0026 | Amine=0.1527 | Enamine=0.0003 | Ketone=0.0000,Ester=0.9706 | Ether=0.8874 | Haloalkane=0.8262
735522,2,5,7,Alkane | Amine | Arene | Carbamate | Ether | Hydrazine,Alkane | Amide | Arene | Carbamate | Ester | Ether | Haloalkane | Imide | Sulfoxide,Amine | Hydrazine,Amide | Ester | Haloalkane | Imide | Sulfoxide,Amine=0.0492 | Hydrazine=0.2042,Amide=0.9981 | Ester=0.9835 | Haloalkane=0.9276 | Imide=0.9825 | Sulfoxide=0.7360
518638,5,2,7,Alkane | Alkene | Amine | Arene | Enamine | Haloalkane | Ketone | Sulfide,Alkane | Arene | Ether | Haloalkane | Nitrile,Alkene | Amine | Enamine | Ketone | Sulfide,Ether | Nitrile,Alkene=0.1888 | Amine=0.1198 | Enamine=0.2426 | Ketone=0.0005 | Sulfide=0.0618,Ether=0.4514 | Nitrile=0.6972
390241,4,3,7,Alcohol | Alkane | Alkene | Enol | Ketone | Sulfoxide,Alcohol | Alkane | Arene | Ether | Haloalkane,Alkene | Enol | Ketone | Sulfoxide,Arene | Ether | Haloalkane,Alkene=0.0000 | Enol=0.0001 | Ketone=0.0118 | Sulfoxide=0.0937,Arene=0.9984 | Ether=0.3623 | Haloalkane=0.9388
742284,6,1,7,Alkane | Alkene | Amine | Arene | Enamine | Ester | Ether | Haloalkane | Ketone,Alkane | Amide | Arene | Haloalkane,Alkene | Amine | Enamine | Ester | Ether | Ketone,Amide,Alkene=0.0000 | Amine=0.0211 | Enamine=0.0000 | Ester=0.0002 | Ether=0.2314 | Ketone=0.0009,Amide=0.7861
553772,2,5,7,Alcohol | Alkane | Amine | Carboxylic acid | Haloalkane,Alcohol | Alkane | Amine | Arene | Ester | Ether | Phenol | Sulfide,Carboxylic acid | Haloalkane,Arene | Ester | Ether | Phenol | Sulfide,Carboxylic acid=0.0000 | Haloalkane=0.0297,Arene=0.2887 | Ester=1.0000 | Ether=0.9998 | Phenol=0.9855 | Sulfide=0.9982
737425,6,1,7,Alkane | Alkene | Amine | Carbamate | Enamine | Ether | Haloalkane | Hydrazine,Alkane | Ester | Ether,Alkene | Amine | Carbamate | Enamine | Haloalkane | Hydrazine,Ester,Alkene=0.0000 | Amine=0.0025 | Carbamate=0.0000 | Enamine=0.0000 | Haloalkane=0.1562 | Hydrazine=0.0000,Ester=0.9995
678365,5,2,7,Alcohol | Alkane | Alkene | Amide | Amine | Arene | Enol | Ester | Ether | Haloalkane,Alcohol | Alkane | Amide | Arene | Haloalkane | Ketone | Phenol,Alkene | Amine | Enol | Ester | Ether,Ketone | Phenol,Alkene=0.0000 | Amine=0.1014 | Enol=0.0002 | Ester=0.0006 | Ether=0.1520,Ketone=0.6658 | Phenol=0.9997
610370,4,3,7,Acid anhydride | Alkene | Arene | Ester | Ether,Alkane | Amide | Arene | Haloalkane,Acid anhydride | Alkene | Ester | Ether,Alkane | Amide | Haloalkane,Acid anhydride=0.0000 | Alkene=0.0000 | Ester=0.0011 | Ether=0.0614,Alkane=0.1467 | Amide=0.9963 | Haloalkane=0.9880
327843,2,5,7,Amide | Amine | Hydrazine,Alkane | Amine | Arene | Haloalkane | Sulfide | Sulfonamide,Amide | Hydrazine,Alkane | Arene | Haloalkane | Sulfide | Sulfonamide,Amide=0.0148 | Hydrazine=0.0058,Alkane=0.1190 | Arene=0.4524 | Haloalkane=0.8952 | Sulfide=0.9331 | Sulfonamide=0.9562
293411,4,3,7,Alcohol | Alkane | Arene | Ester | Ether | Haloalkane,Alcohol | Carboxylic acid | Haloalkane | Phenol | Sulfonamide,Alkane | Arene | Ester | Ether,Carboxylic acid | Phenol | Sulfonamide,Alkane=0.0859 | Arene=0.1267 | Ester=0.0023 | Ether=0.1968,Carboxylic acid=0.7372 | Phenol=0.9989 | Sulfonamide=0.8924
626195,5,2,7,Alcohol | Alkane | Alkene | Amine | Arene | Enol | Ester | Ether | Sulfonamide,Alcohol | Alkane | Arene | Ether | Ketone | Phenol,Alkene | Amine | Enol | Ester | Sulfonamide,Ketone | Phenol,Alkene=0.0000 | Amine=0.0596 | Enol=0.0023 | Ester=0.6551 | Sulfonamide=0.0181,Ketone=0.8303 | Phenol=0.9988
557348,4,3,7,Alkane | Amine | Arene | Ether | Ketone | Sulfide,Alkane | Alkene | Amide | Arene | Haloalkane,Amine | Ether | Ketone | Sulfide,Alkene | Amide | Haloalkane,Amine=0.0264 | Ether=0.1363 | Ketone=0.0000 | Sulfide=0.1270,Alkene=0.9382 | Amide=0.7185 | Haloalkane=0.6818
565018,2,5,7,Alkane | Alkene | Amide | Arene | Imide,Alkane | Alkene | Amine | Arene | Ester | Ether | Haloalkane | Sulfonate,Amide | Imide,Amine | Ester | Ether | Haloalkane | Sulfonate,Amide=0.0004 | Imide=0.0000,Amine=0.6394 | Ester=0.8627 | Ether=0.8860 | Haloalkane=0.4877 | Sulfonate=0.9996
656918,4,3,7,Alkane | Alkene | Arene | Haloalkane | Nitrile | Sulfone,Alkane | Arene | Ester | Ether | Isocyanate,Alkene | Haloalkane | Nitrile | Sulfone,Ester | Ether | Isocyanate,Alkene=0.0000 | Haloalkane=0.3318 | Nitrile=0.0030 | Sulfone=0.0005,Ester=0.8664 | Ether=0.7204 | Isocyanate=0.9999
498301,3,4,7,Alkene | Amine | Enamine | Haloalkane,Alkane | Alkene | Arene | Ester | Ether,Amine | Enamine | Haloalkane,Alkane | Arene | Ester | Ether,Amine=0.0028 | Enamine=0.0000 | Haloalkane=0.0812,Alkane=0.8933 | Arene=0.2931 | Ester=0.8049 | Ether=0.9764
632443,6,1,7,Alkane | Alkene | Amide | Amine | Arene | Enamine | Ester | Ether | Ketone | Sulfide,Alkane | Alkene | Amide | Arene | Haloalkane,Amine | Enamine | Ester | Ether | Ketone | Sulfide,Haloalkane,Amine=0.0071 | Enamine=0.0020 | Ester=0.0000 | Ether=0.1225 | Ketone=0.1296 | Sulfide=0.1373,Haloalkane=0.6060
85340,4,3,7,Alcohol | Alkane | Alkene | Enol | Sulfide | Sulfone,Alcohol | Alkane | Arene | Haloalkane | Ketone,Alkene | Enol | Sulfide | Sulfone,Arene | Haloalkane | Ketone,Alkene=0.0001 | Enol=0.0001 | Sulfide=0.0033 | Sulfone=0.6462,Arene=0.6466 | Haloalkane=0.9969 | Ketone=0.8079
643219,5,2,7,Alcohol | Alkane | Alkene | Amide | Arene | Enol | Ether | Haloalkane | Imide,Alcohol | Aldehyde | Alkane | Arene | Ether | Phenol,Alkene | Amide | Enol | Haloalkane | Imide,Aldehyde | Phenol,Alkene=0.0002 | Amide=0.0000 | Enol=0.0000 | Haloalkane=0.3485 | Imide=0.0000,Aldehyde=0.9835 | Phenol=0.9284
649879,3,4,7,Alkane | Alkene | Amine | Phosphine,Alcohol | Amine | Arene | Haloalkane | Sulfide,Alkane | Alkene | Phosphine,Alcohol | Arene | Haloalkane | Sulfide,Alkane=0.0879 | Alkene=0.6635 | Phosphine=0.0000,Alcohol=0.9967 | Arene=0.8449 | Haloalkane=0.7096 | Sulfide=1.0000
644865,5,2,7,Alcohol | Alkane | Alkene | Amine | Arene | Carboxylic acid | Ether | Haloalkane | Sulfonamide,Alcohol | Alkane | Amine | Arene | Sulfide | Sulfone,Alkene | Carboxylic acid | Ether | Haloalkane | Sulfonamide,Sulfide | Sulfone,Alkene=0.0007 | Carboxylic acid=0.0006 | Ether=0.1695 | Haloalkane=0.3157 | Sulfonamide=0.1502,Sulfide=0.9830 | Sulfone=0.9997
416851,4,3,7,Alkane | Alkene | Amine | Enamine | Ether,Alkane | Amide | Arene | Haloalkane,Alkene | Amine | Enamine | Ether,Amide | Arene | Haloalkane,Alkene=0.0000 | Amine=0.0477 | Enamine=0.0000 | Ether=0.0821,Amide=0.9978 | Arene=0.9993 | Haloalkane=0.4708
738951,6,1,7,Alkane | Alkene | Amine | Arene | Enamine | Ester | Ether | Ketone,Alkane | Amide | Arene,Alkene | Amine | Enamine | Ester | Ether | Ketone,Amide,Alkene=0.0000 | Amine=0.1162 | Enamine=0.0000 | Ester=0.0000 | Ether=0.0581 | Ketone=0.0000,Amide=0.8579
102528,4,3,7,Alkane | Arene | Ester | Ether | Haloalkane | Sulfide,Alkane | Alkene | Arene | Enamine | Ketone,Ester | Ether | Haloalkane | Sulfide,Alkene | Enamine | Ketone,Ester=0.0002 | Ether=0.1329 | Haloalkane=0.0392 | Sulfide=0.0000,Alkene=1.0000 | Enamine=0.9548 | Ketone=0.6725
274097,4,3,7,Alkane | Alkene | Arene | Ester | Ether | Sulfide,Alkane | Amide | Arene | Haloalkane | Nitrile,Alkene | Ester | Ether | Sulfide,Amide | Haloalkane | Nitrile,Alkene=0.0003 | Ester=0.0012 | Ether=0.1778 | Sulfide=0.0112,Amide=0.8267 | Haloalkane=0.4378 | Nitrile=0.9996
205690,1,6,7,Alkane | Arene | Ketone | Sulfone,Alkane | Amide | Arene | Carbamate | Ether | Haloalkane | Hydrazone | Sulfonate | Sulfone,Ketone,Amide | Carbamate | Ether | Haloalkane | Hydrazone | Sulfonate,Ketone=0.0000,Amide=0.9696 | Carbamate=0.9854 | Ether=0.7761 | Haloalkane=0.6079 | Hydrazone=0.5907 | Sulfonate=0.8067
780001,5,2,7,Alkane | Alkene | Amide | Amine | Arene | Enamine | Ester | Ether,Alkane | Amine | Arene | Imine | Ketone,Alkene | Amide | Enamine | Ester | Ether,Imine | Ketone,Alkene=0.0000 | Amide=0.0001 | Enamine=0.0000 | Ester=0.0431 | Ether=0.2855,Imine=0.8970 | Ketone=0.8714
316154,4,3,7,Alcohol | Alkane | Alkene | Arene | Ester | Ether | Ketone,Alcohol | Alkane | Alkene | Amide | Sulfide | Sulfone,Arene | Ester | Ether | Ketone,Amide | Sulfide | Sulfone,Arene=0.1338 | Ester=0.0654 | Ether=0.1490 | Ketone=0.3335,Amide=0.9089 | Sulfide=0.9781 | Sulfone=0.8560
566445,5,2,7,Alkane | Alkene | Amine | Arene | Haloalkane | Sulfide | Sulfone,Alkane | Amide | Ether | Sulfide,Alkene | Amine | Arene | Haloalkane | Sulfone,Amide | Ether,Alkene=0.1885 | Amine=0.1406 | Arene=0.0186 | Haloalkane=0.1599 | Sulfone=0.0213,Amide=0.8790 | Ether=0.6278
452596,3,4,7,Alcohol | Alkane | Alkene | Arene | Carboxylic acid | Ester | Ether,Alcohol | Alkane | Amide | Amine | Arene | Carboxylic acid | Ketone | Sulfide,Alkene | Ester | Ether,Amide | Amine | Ketone | Sulfide,Alkene=0.1045 | Ester=0.0000 | Ether=0.0680,Amide=0.9582 | Amine=0.8145 | Ketone=0.9138 | Sulfide=0.9992
202606,0,7,7,,Alcohol | Alkane | Amide | Arene | Ether | Haloalkane | Imide,,Alcohol | Alkane | Amide | Arene | Ether | Haloalkane | Imide,,Alcohol=0.9989 | Alkane=0.1313 | Amide=0.8920 | Arene=0.9978 | Ether=0.4361 | Haloalkane=0.4238 | Imide=0.8822
147304,2,5,7,Alkane | Amine | Sulfide,Alkane | Alkene | Amide | Arene | Ether | Sulfoxide,Amine | Sulfide,Alkene | Amide | Arene | Ether | Sulfoxide,Amine=0.0523 | Sulfide=0.0704,Alkene=0.9808 | Amide=0.9960 | Arene=0.7461 | Ether=0.8505 | Sulfoxide=0.9338
667882,3,4,7,Alkane | Alkene | Amine | Enamine | Sulfide,Alkane | Alkene | Amide | Arene | Ether | Haloalkane,Amine | Enamine | Sulfide,Amide | Arene | Ether | Haloalkane,Amine=0.0265 | Enamine=0.0013 | Sulfide=0.0425,Amide=0.9972 | Arene=0.2680 | Ether=0.3178 | Haloalkane=0.9897
500632,2,5,7,Alkane | Amide | Amine | Ether | Sulfoxide,Alkane | Amide | Ether | Haloalkane | Imide | Ketone | Nitrile | Sulfide,Amine | Sulfoxide,Haloalkane | Imide | Ketone | Nitrile | Sulfide,Amine=0.0530 | Sulfoxide=0.0000,Haloalkane=0.4666 | Imide=0.8562 | Ketone=0.7832 | Nitrile=0.9715 | Sulfide=0.9966
760426,3,4,7,Alkane | Amide | Amine | Haloalkane | Hydrazine | Sulfide,Alcohol | Alkane | Amide | Arene | Carboxylic acid | Ether | Sulfide,Amine | Haloalkane | Hydrazine,Alcohol | Arene | Carboxylic acid | Ether,Amine=0.0602 | Haloalkane=0.2200 | Hydrazine=0.0005,Alcohol=0.9989 | Arene=0.8015 | Carboxylic acid=0.9997 | Ether=0.3689
315865,3,4,7,Alkane | Amine | Arene | Haloalkane | Nitrile | Sulfide,Alkane | Alkene | Enamine | Ester | Ether | Haloalkane | Sulfide,Amine | Arene | Nitrile,Alkene | Enamine | Ester | Ether,Amine=0.2794 | Arene=0.0539 | Nitrile=0.0000,Alkene=0.9979 | Enamine=0.9992 | Ester=0.9957 | Ether=0.9775
286248,5,2,7,Acyl halide | Alkane | Alkene | Amine | Arene | Enamine | Haloalkane | Hydrazine,Alkane | Arene | Ether | Haloalkane | Sulfide,Acyl halide | Alkene | Amine | Enamine | Hydrazine,Ether | Sulfide,Acyl halide=0.0000 | Alkene=0.0000 | Amine=0.0150 | Enamine=0.0000 | Hydrazine=0.0000,Ether=0.8649 | Sulfide=0.9990
144816,2,5,7,Alkane | Alkene | Ester | Ether | Imine,Alkane | Alkene | Arene | Carbamate | Ether | Haloalkane | Ketone | Sulfide,Ester | Imine,Arene | Carbamate | Haloalkane | Ketone | Sulfide,Ester=0.1144 | Imine=0.0002,Arene=0.9899 | Carbamate=0.9998 | Haloalkane=0.9927 | Ketone=0.9794 | Sulfide=0.3623
722226,4,3,7,Alkane | Alkyne | Amine | Arene | Ester | Ether | Sulfone,Alkane | Amine | Arene | Haloalkane | Sulfide | Sulfonamide,Alkyne | Ester | Ether | Sulfone,Haloalkane | Sulfide | Sulfonamide,Alkyne=0.0000 | Ester=0.0000 | Ether=0.1043 | Sulfone=0.1780,Haloalkane=0.6936 | Sulfide=0.9999 | Sulfonamide=0.8893
739862,3,4,7,Alcohol | Alkane | Arene | Haloalkane | Imine | Sulfide,Alcohol | Alkane | Arene | Ester | Ether | Ketone | Phenol,Haloalkane | Imine | Sulfide,Ester | Ether | Ketone | Phenol,Haloalkane=0.1885 | Imine=0.0146 | Sulfide=0.0005,Ester=0.9777 | Ether=0.9723 | Ketone=0.9985 | Phenol=0.9999
585152,2,4,6,Alkane | Amide | Arene | Sulfide | Sulfonamide,Alkane | Arene | Ester | Ether | Haloalkane | Sulfide | Sulfone,Amide | Sulfonamide,Ester | Ether | Haloalkane | Sulfone,Amide=0.0005 | Sulfonamide=0.0127,Ester=0.8210 | Ether=0.6661 | Haloalkane=0.4740 | Sulfone=0.9980
304136,5,1,6,Alcohol | Alkane | Alkene | Amide | Carboxylic acid | Enamine | Haloalkane | Ketone | Phenol | Sulfide,Alcohol | Alkane | Amide | Carboxylic acid | Ether | Sulfide,Alkene | Enamine | Haloalkane | Ketone | Phenol,Ether,Alkene=0.0002 | Enamine=0.0004 | Haloalkane=0.2528 | Ketone=0.0000 | Phenol=0.0000,Ether=0.3076
673191,3,3,6,Alkane | Alkene | Amide | Arene | Ester | Ether,Alkane | Amide | Amine | Arene | Haloalkane | Ketone,Alkene | Ester | Ether,Amine | Haloalkane | Ketone,Alkene=0.0925 | Ester=0.0105 | Ether=0.2574,Amine=0.7281 | Haloalkane=0.8030 | Ketone=0.9961
284107,4,2,6,Alkane | Amide | Arene | Ether | Haloalkane,Alkane | Nitrile | Sulfide,Amide | Arene | Ether | Haloalkane,Nitrile | Sulfide,Amide=0.0001 | Arene=0.0452 | Ether=0.2438 | Haloalkane=0.3490,Nitrile=0.9996 | Sulfide=0.9955
129875,4,2,6,Alcohol | Alkane | Amide | Amine | Arene | Ether | Haloalkane | Phenol,Alcohol | Alkane | Alkene | Arene | Phenol | Sulfide,Amide | Amine | Ether | Haloalkane,Alkene | Sulfide,Amide=0.0020 | Amine=0.0241 | Ether=0.1580 | Haloalkane=0.2402,Alkene=0.9992 | Sulfide=0.5690
476457,3,3,6,Alcohol | Alkane | Alkene | Amide | Arene | Enamine | Sulfide,Alcohol | Alkane | Amide | Amine | Arene | Ether | Haloalkane,Alkene | Enamine | Sulfide,Amine | Ether | Haloalkane,Alkene=0.0000 | Enamine=0.0000 | Sulfide=0.0036,Amine=0.9202 | Ether=0.6875 | Haloalkane=0.8539
384254,4,2,6,Alkane | Arene | Carbamate | Ether | Haloalkane | Imide | Ketone,Alkane | Amide | Arene | Ester | Ether,Carbamate | Haloalkane | Imide | Ketone,Amide | Ester,Carbamate=0.0003 | Haloalkane=0.2608 | Imide=0.0930 | Ketone=0.3839,Amide=0.9989 | Ester=0.9803
166899,3,3,6,Alkane | Amide | Arene | Ester | Ether,Alkane | Alkene | Alkyne | Arene | Haloalkane,Amide | Ester | Ether,Alkene | Alkyne | Haloalkane,Amide=0.0644 | Ester=0.0000 | Ether=0.2006,Alkene=0.8793 | Alkyne=0.7201 | Haloalkane=0.8708
217727,5,1,6,Alkane | Alkene | Amine | Arene | Enamine | Ether | Haloalkane | Ketone,Alkane | Amide | Amine | Arene,Alkene | Enamine | Ether | Haloalkane | Ketone,Amide,Alkene=0.0000 | Enamine=0.0000 | Ether=0.0942 | Haloalkane=0.0801 | Ketone=0.0000,Amide=0.9982
599879,5,1,6,Alkane | Alkene | Amine | Arene | Enamine | Haloalkane | Ketone,Aldehyde | Alkane | Arene,Alkene | Amine | Enamine | Haloalkane | Ketone,Aldehyde,Alkene=0.0000 | Amine=0.1891 | Enamine=0.0007 | Haloalkane=0.1513 | Ketone=0.0000,Aldehyde=0.9936
296597,5,1,6,Alcohol | Alkane | Amide | Amine | Arene | Ether | Phenol,Amide | Arene | Haloalkane,Alcohol | Alkane | Amine | Ether | Phenol,Haloalkane,Alcohol=0.0000 | Alkane=0.0088 | Amine=0.0190 | Ether=0.0472 | Phenol=0.0009,Haloalkane=0.4258
195700,3,3,6,Alcohol | Alkene | Amine | Carboxylic acid | Haloalkane,Alcohol | Alkane | Arene | Carboxylic acid | Ether,Alkene | Amine | Haloalkane,Alkane | Arene | Ether,Alkene=0.4872 | Amine=0.2772 | Haloalkane=0.3356,Alkane=0.2478 | Arene=0.9830 | Ether=0.4000
472167,3,3,6,Alkane | Alkene | Amine | Enamine | Haloalkane | Ketone | Nitrile,Alkane | Alkene | Arene | Ether | Haloalkane | Nitrile | Sulfide,Amine | Enamine | Ketone,Arene | Ether | Sulfide,Amine=0.0865 | Enamine=0.3099 | Ketone=0.2888,Arene=0.9123 | Ether=0.3265 | Sulfide=0.9078
767258,5,1,6,Alcohol | Alkane | Alkene | Amine | Arene | Enamine | Ester | Ether | Haloalkane | Ketone,Alcohol | Alkane | Amine | Arene | Haloalkane | Sulfide,Alkene | Enamine | Ester | Ether | Ketone,Sulfide,Alkene=0.0092 | Enamine=0.0408 | Ester=0.0009 | Ether=0.1244 | Ketone=0.0000,Sulfide=0.9988
87121,6,0,6,Alkane | Alkene | Amide | Amine | Arene | Enamine | Ether | Hydrazone,Alkane | Arene,Alkene | Amide | Amine | Enamine | Ether | Hydrazone,,Alkene=0.0000 | Amide=0.0000 | Amine=0.0717 | Enamine=0.0000 | Ether=0.1719 | Hydrazone=0.0000,
378208,5,1,6,Alkane | Alkene | Amide | Amine | Arene | Enamine | Ether | Hydrazone | Sulfide,Alkane | Amine | Arene | Ether | Haloalkane,Alkene | Amide | Enamine | Hydrazone | Sulfide,Haloalkane,Alkene=0.0000 | Amide=0.0000 | Enamine=0.0000 | Hydrazone=0.0000 | Sulfide=0.0000,Haloalkane=0.9623
633394,4,2,6,Alcohol | Alkane | Alkene | Amine | Arene | Enol | Ketone | Thioamide,Alcohol | Alkane | Amide | Amine | Arene | Ether,Alkene | Enol | Ketone | Thioamide,Amide | Ether,Alkene=0.0029 | Enol=0.0009 | Ketone=0.0001 | Thioamide=0.0004,Amide=0.9991 | Ether=0.8370
457832,3,3,6,Alcohol | Aldehyde | Alkane | Amide | Arene | Carboxylic acid | Sulfone,Alcohol | Alkane | Amine | Arene | Carboxylic acid | Ether | Sulfonamide,Aldehyde | Amide | Sulfone,Amine | Ether | Sulfonamide,Aldehyde=0.0002 | Amide=0.0108 | Sulfone=0.0136,Amine=0.9993 | Ether=0.4520 | Sulfonamide=0.9924
164522,4,2,6,Alkane | Alkene | Amide | Arene | Carbamate | Ether | Sulfide,Alkane | Amine | Carbamate | Ether | Haloalkane,Alkene | Amide | Arene | Sulfide,Amine | Haloalkane,Alkene=0.7360 | Amide=0.0000 | Arene=0.0296 | Sulfide=0.0000,Amine=0.7335 | Haloalkane=0.4789
104027,2,4,6,Alkene | Amide | Arene,Alkane | Arene | Ether | Hydrazone | Sulfide,Alkene | Amide,Alkane | Ether | Hydrazone | Sulfide,Alkene=0.0364 | Amide=0.0016,Alkane=0.1244 | Ether=0.3348 | Hydrazone=0.9849 | Sulfide=0.4251
289837,2,4,6,Arene | Imine | Sulfide,Alkane | Arene | Ester | Ether | Ketone,Imine | Sulfide,Alkane | Ester | Ether | Ketone,Imine=0.0000 | Sulfide=0.1567,Alkane=0.6741 | Ester=0.7551 | Ether=0.7840 | Ketone=0.9949
612260,4,2,6,Alkane | Alkene | Amine | Enamine | Haloalkane | Hydrazine | Hydrazone,Alkane | Amine | Ether | Haloalkane | Sulfide,Alkene | Enamine | Hydrazine | Hydrazone,Ether | Sulfide,Alkene=0.0000 | Enamine=0.0000 | Hydrazine=0.0001 | Hydrazone=0.0003,Ether=0.9050 | Sulfide=0.9807
496667,3,3,6,Alkane | Amide | Amine | Arene | Sulfide | Thioamide,Alkane | Arene | Ether | Haloalkane | Ketone | Sulfide,Amide | Amine | Thioamide,Ether | Haloalkane | Ketone,Amide=0.0019 | Amine=0.0042 | Thioamide=0.0026,Ether=0.4106 | Haloalkane=0.6701 | Ketone=0.9643
374435,3,3,6,Alkane | Arene | Haloalkane | Imine | Sulfide,Alcohol | Alkane | Arene | Ether | Phenol,Haloalkane | Imine | Sulfide,Alcohol | Ether | Phenol,Haloalkane=0.2836 | Imine=0.0000 | Sulfide=0.0075,Alcohol=0.9963 | Ether=0.6063 | Phenol=0.9885
145906,6,0,6,Alcohol | Alkane | Alkene | Amine | Arene | Azo compound | Haloalkane | Ketone | Sulfide,Alcohol | Alkane | Sulfide,Alkene | Amine | Arene | Azo compound | Haloalkane | Ketone,,Alkene=0.0000 | Amine=0.0054 | Arene=0.1103 | Azo compound=0.0001 | Haloalkane=0.1219 | Ketone=0.0000,
716277,5,1,6,Alkane | Alkene | Alkyne | Amine | Arene | Enamine | Haloalkane | Ketone,Alkane | Amine | Arene | Ether,Alkene | Alkyne | Enamine | Haloalkane | Ketone,Ether,Alkene=0.0596 | Alkyne=0.0000 | Enamine=0.0811 | Haloalkane=0.2871 | Ketone=0.0000,Ether=0.4176
539257,3,3,6,Alkane | Alkene | Amide | Arene | Imide | Nitrile,Alkane | Amide | Arene | Carbamate | Ether | Haloalkane,Alkene | Imide | Nitrile,Carbamate | Ether | Haloalkane,Alkene=0.7866 | Imide=0.0000 | Nitrile=0.0001,Carbamate=0.9876 | Ether=0.9610 | Haloalkane=0.6352
642418,3,3,6,Alkane | Amine | Ester | Ether | Sulfide,Alkane | Amine | Arene | Haloalkane | Sulfonamide,Ester | Ether | Sulfide,Arene | Haloalkane | Sulfonamide,Ester=0.0001 | Ether=0.0756 | Sulfide=0.0363,Arene=0.2587 | Haloalkane=0.9722 | Sulfonamide=0.8245
107326,2,4,6,Alcohol | Alkane | Amide | Amine | Arene | Haloalkane | Phenol,Alcohol | Alkane | Alkene | Arene | Enol | Ether | Haloalkane | Ketone | Phenol,Amide | Amine,Alkene | Enol | Ether | Ketone,Amide=0.2263 | Amine=0.0040,Alkene=0.9979 | Enol=0.9919 | Ether=0.6366 | Ketone=0.9954
495500,5,1,6,Alcohol | Alkane | Alkene | Amine | Enol | Haloalkane | Ketone | Sulfide | Sulfonamide,Alcohol | Alkane | Amine | Phenol | Sulfide,Alkene | Enol | Haloalkane | Ketone | Sulfonamide,Phenol,Alkene=0.0000 | Enol=0.0000 | Haloalkane=0.2476 | Ketone=0.0000 | Sulfonamide=0.1378,Phenol=0.9343
270301,2,4,6,Alkane | Amide | Amine,Alcohol | Amide | Arene | Carboxylic acid | Haloalkane,Alkane | Amine,Alcohol | Arene | Carboxylic acid | Haloalkane,Alkane=0.0431 | Amine=0.0292,Alcohol=0.8046 | Arene=0.9137 | Carboxylic acid=0.9960 | Haloalkane=0.7157
719901,3,3,6,Alkane | Alkene | Amine | Arene | Enamine | Sulfonic acid,Alkane | Amide | Amine | Arene | Haloalkane | Sulfonamide,Alkene | Enamine | Sulfonic acid,Amide | Haloalkane | Sulfonamide,Alkene=0.0002 | Enamine=0.0000 | Sulfonic acid=0.0000,Amide=0.9996 | Haloalkane=0.5874 | Sulfonamide=0.9305
770029,4,2,6,Alkane | Alkene | Amine | Arene | Ether | Haloalkane | Hydrazone,Alkane | Amine | Arene | Nitrile | Sulfide,Alkene | Ether | Haloalkane | Hydrazone,Nitrile | Sulfide,Alkene=0.0003 | Ether=0.2051 | Haloalkane=0.3934 | Hydrazone=0.0247,Nitrile=0.6541 | Sulfide=0.6535
288085,4,2,6,Alcohol | Alkane | Amide | Amine | Arene | Ether,Alkane | Amine | Haloalkane | Sulfide,Alcohol | Amide | Arene | Ether,Haloalkane | Sulfide,Alcohol=0.1489 | Amide=0.0000 | Arene=0.0831 | Ether=0.1494,Haloalkane=0.9279 | Sulfide=0.9941
118890,2,4,6,Alkane | Alkene | Amide | Amine | Arene,Alcohol | Alkane | Amide | Arene | Ether | Haloalkane | Phenol,Alkene | Amine,Alcohol | Ether | Haloalkane | Phenol,Alkene=0.0000 | Amine=0.0428,Alcohol=0.9988 | Ether=0.3408 | Haloalkane=0.5530 | Phenol=0.9998
635396,4,2,6,Alcohol | Alkane | Alkene | Amide | Arene | Enol | Ester | Ether | Haloalkane,Alcohol | Alkane | Arene | Enol | Ether | Ketone | Phenol,Alkene | Amide | Ester | Haloalkane,Ketone | Phenol,Alkene=0.1854 | Amide=0.0000 | Ester=0.0482 | Haloalkane=0.3324,Ketone=0.6419 | Phenol=0.9204
577883,4,2,6,Alcohol | Alkane | Arene | Haloalkane | Nitrile | Sulfide,Alcohol | Alkane | Alkene | Amine,Arene | Haloalkane | Nitrile | Sulfide,Alkene | Amine,Arene=0.0396 | Haloalkane=0.1533 | Nitrile=0.0021 | Sulfide=0.0492,Alkene=0.9485 | Amine=0.6084
672625,2,4,6,Alkane | Amine | Haloalkane,Alkane | Alkene | Amide | Ester | Ether,Amine | Haloalkane,Alkene | Amide | Ester | Ether,Amine=0.5844 | Haloalkane=0.1091,Alkene=0.9955 | Amide=0.9961 | Ester=0.9895 | Ether=0.9625
647548,2,4,6,Alkane | Alkene | Amine | Enamine | Haloalkane | Imine,Alkane | Amine | Arene | Ester | Ether | Haloalkane | Imine | Sulfide,Alkene | Enamine,Arene | Ester | Ether | Sulfide,Alkene=0.0053 | Enamine=0.0000,Arene=0.9603 | Ester=0.9960 | Ether=0.9977 | Sulfide=0.8727
728743,2,4,6,Alcohol | Alkane | Amine | Arene | Haloalkane,Alcohol | Alkane | Alkene | Amide | Arene | Ether | Phenol,Amine | Haloalkane,Alkene | Amide | Ether | Phenol,Amine=0.0112 | Haloalkane=0.0069,Alkene=0.9994 | Amide=0.9983 | Ether=0.4153 | Phenol=0.9696
428302,4,2,6,Alkane | Alkene | Amide | Amine | Arene | Enamine | Haloalkane | Imine,Alkane | Amide | Amine | Arene | Ester | Ether,Alkene | Enamine | Haloalkane | Imine,Ester | Ether,Alkene=0.0000 | Enamine=0.0000 | Haloalkane=0.1076 | Imine=0.0000,Ester=1.0000 | Ether=0.9995
523968,5,1,6,Alcohol | Alkane | Alkene | Amide | Arene | Ether | Haloalkane | Imide | Phenol | Sulfide,Alcohol | Alkane | Arene | Carbamate | Ether | Phenol,Alkene | Amide | Haloalkane | Imide | Sulfide,Carbamate,Alkene=0.0950 | Amide=0.3538 | Haloalkane=0.2178 | Imide=0.0007 | Sulfide=0.0036,Carbamate=0.9326
42232,6,0,6,Alkane | Amine | Arene | Ester | Ether | Hydrazine | Ketone | Sulfide,Alkane | Amine,Arene | Ester | Ether | Hydrazine | Ketone | Sulfide,,Arene=0.0489 | Ester=0.0000 | Ether=0.2762 | Hydrazine=0.1176 | Ketone=0.0000 | Sulfide=0.0083,
351675,4,2,6,Aldehyde | Amine | Arene | Haloalkane | Sulfide,Alkane | Alkene | Arene,Aldehyde | Amine | Haloalkane | Sulfide,Alkane | Alkene,Aldehyde=0.0000 | Amine=0.0158 | Haloalkane=0.1483 | Sulfide=0.0001,Alkane=0.5967 | Alkene=0.9857
341523,5,1,6,Alcohol | Alkane | Amine | Ester | Ether | Sulfide | Sulfonamide,Alcohol | Alkane | Haloalkane,Amine | Ester | Ether | Sulfide | Sulfonamide,Haloalkane,Amine=0.0295 | Ester=0.0000 | Ether=0.1095 | Sulfide=0.1922 | Sulfonamide=0.0028,Haloalkane=0.8736
606669,3,3,6,Alcohol | Alkene | Amide | Arene | Enol | Haloalkane,Alcohol | Alkane | Amine | Arene | Ether | Haloalkane,Alkene | Amide | Enol,Alkane | Amine | Ether,Alkene=0.1548 | Amide=0.0000 | Enol=0.7443,Alkane=0.6204 | Amine=0.9953 | Ether=0.3763
96019,6,0,6,Alkane | Alkene | Amide | Amine | Arene | Enamine | Ether | Thioamide,Alkane | Arene,Alkene | Amide | Amine | Enamine | Ether | Thioamide,,Alkene=0.0342 | Amide=0.0856 | Amine=0.3661 | Enamine=0.0001 | Ether=0.1363 | Thioamide=0.0023,
678116,1,5,6,Alkane | Amine | Sulfide,Alkane | Amine | Arene | Ester | Ether | Hydrazine | Thioamide,Sulfide,Arene | Ester | Ether | Hydrazine | Thioamide,Sulfide=0.2285,Arene=0.4345 | Ester=0.9999 | Ether=0.9996 | Hydrazine=0.9999 | Thioamide=0.7324
790344,3,3,6,Alkane | Arene | Ester | Ether | Haloalkane | Sulfide,Alkane | Amide | Arene | Haloalkane | Hydrazone | Ketone,Ester | Ether | Sulfide,Amide | Hydrazone | Ketone,Ester=0.0029 | Ether=0.2114 | Sulfide=0.0198,Amide=0.8423 | Hydrazone=0.7226 | Ketone=0.9734
87537,6,0,6,Alkane | Amine | Arene | Ester | Ether | Haloalkane | Hydrazine | Ketone | Sulfonate,Alkane | Ether | Sulfonate,Amine | Arene | Ester | Haloalkane | Hydrazine | Ketone,,Amine=0.0045 | Arene=0.1351 | Ester=0.4242 | Haloalkane=0.1522 | Hydrazine=0.0000 | Ketone=0.1868,
705073,3,3,6,Alkane | Amine | Ether | Sulfide | Sulfoxide,Alkane | Amine | Arene | Haloalkane | Nitrile,Ether | Sulfide | Sulfoxide,Arene | Haloalkane | Nitrile,Ether=0.0791 | Sulfide=0.0005 | Sulfoxide=0.0000,Arene=0.9274 | Haloalkane=0.9959 | Nitrile=0.9737
506736,5,1,6,Alkane | Alkene | Amine | Arene | Enamine | Ketone | Nitrile,Alkane | Alkene | Sulfide,Amine | Arene | Enamine | Ketone | Nitrile,Sulfide,Amine=0.0047 | Arene=0.0231 | Enamine=0.0000 | Ketone=0.0000 | Nitrile=0.4693,Sulfide=0.9996
119547,4,2,6,Alcohol | Alkane | Alkene | Amide | Arene | Enol | Ester | Ether | Ketone,Alcohol | Alkane | Amide | Arene | Ether | Phenol | Sulfide,Alkene | Enol | Ester | Ketone,Phenol | Sulfide,Alkene=0.0001 | Enol=0.0003 | Ester=0.0022 | Ketone=0.0000,Phenol=0.9973 | Sulfide=0.9996
272033,2,4,6,Alcohol | Alkane | Amide | Amine | Arene | Imine | Ketone,Alcohol | Alkane | Amide | Amine | Arene | Ether | Haloalkane | Hydrazine | Sulfide,Imine | Ketone,Ether | Haloalkane | Hydrazine | Sulfide,Imine=0.1203 | Ketone=0.0767,Ether=0.4419 | Haloalkane=0.4860 | Hydrazine=0.9931 | Sulfide=0.6638
309008,3,3,6,Alkane | Amide | Amine | Arene | Sulfide,Alkane | Arene | Ester | Ether | Ketone,Amide | Amine | Sulfide,Ester | Ether | Ketone,Amide=0.0000 | Amine=0.0037 | Sulfide=0.0501,Ester=1.0000 | Ether=0.9999 | Ketone=0.6899
672721,4,2,6,Alkane | Alkene | Amine | Arene | Haloalkane | Ketone | Sulfide,Alkane | Amide | Arene | Haloalkane | Nitrile,Alkene | Amine | Ketone | Sulfide,Amide | Nitrile,Alkene=0.0000 | Amine=0.0021 | Ketone=0.0000 | Sulfide=0.2056,Amide=0.9911 | Nitrile=0.9996
14485,3,3,6,Alkane | Alkene | Arene | Ketone,Alkane | Amide | Ester | Ether,Alkene | Arene | Ketone,Amide | Ester | Ether,Alkene=0.0000 | Arene=0.0295 | Ketone=0.0003,Amide=0.6556 | Ester=0.9998 | Ether=0.9951
422099,3,3,6,Alkane | Ester | Ether | Haloalkane,Alkane | Alkene | Arene | Nitrile,Ester | Ether | Haloalkane,Alkene | Arene | Nitrile,Ester=0.0000 | Ether=0.2760 | Haloalkane=0.1774,Alkene=0.9997 | Arene=0.9195 | Nitrile=0.9992
447349,4,2,6,Alkene | Amide | Amine | Arene | Haloalkane | Hydrazine | Imide,Alkane | Amine | Arene | Ether | Haloalkane,Alkene | Amide | Hydrazine | Imide,Alkane | Ether,Alkene=0.0005 | Amide=0.0000 | Hydrazine=0.0004 | Imide=0.5368,Alkane=0.2167 | Ether=0.4014
265589,3,3,6,Alcohol | Alkane | Alkyne | Arene | Haloalkane | Sulfone,Alcohol | Alkane | Arene | Phenol | Sulfide | Sulfonamide,Alkyne | Haloalkane | Sulfone,Phenol | Sulfide | Sulfonamide,Alkyne=0.0126 | Haloalkane=0.1690 | Sulfone=0.1931,Phenol=0.9863 | Sulfide=0.8637 | Sulfonamide=0.9994
587898,4,2,6,Alkane | Alkene | Amide | Amine | Arene | Enamine | Ester | Ether | Sulfonamide,Alkane | Alkene | Amide | Arene | Enamine | Sulfide | Sulfone,Amine | Ester | Ether | Sulfonamide,Sulfide | Sulfone,Amine=0.0893 | Ester=0.1839 | Ether=0.1781 | Sulfonamide=0.7290,Sulfide=0.6951 | Sulfone=0.9869
8658,4,2,6,Alkane | Alkene | Amide | Arene | Ketone | Sulfide,Alkane | Arene | Ester | Ether,Alkene | Amide | Ketone | Sulfide,Ester | Ether,Alkene=0.1366 | Amide=0.0000 | Ketone=0.0024 | Sulfide=0.2451,Ester=1.0000 | Ether=1.0000
495160,3,3,6,Alkane | Arene | Ether | Haloalkane,Alkane | Amide | Imide | Ketone,Arene | Ether | Haloalkane,Amide | Imide | Ketone,Arene=0.1324 | Ether=0.1246 | Haloalkane=0.1801,Amide=0.9478 | Imide=0.9800 | Ketone=0.9860
595706,4,2,6,Alkane | Alkene | Amine | Arene | Ester | Ether | Sulfonamide,Alkane | Alkene | Ether | Haloalkane | Sulfone,Amine | Arene | Ester | Sulfonamide,Haloalkane | Sulfone,Amine=0.0147 | Arene=0.0953 | Ester=0.6932 | Sulfonamide=0.0012,Haloalkane=0.7608 | Sulfone=0.9994
310644,6,0,6,Alcohol | Alkane | Alkene | Amine | Arene | Carboxylic acid | Enamine | Ether | Ketone,Alcohol | Arene | Carboxylic acid,Alkane | Alkene | Amine | Enamine | Ether | Ketone,,Alkane=0.0311 | Alkene=0.0558 | Amine=0.0350 | Enamine=0.0127 | Ether=0.0391 | Ketone=0.0000,
100356,3,3,6,Alkane | Alkene | Ester | Ether,Alkane | Amide | Hydrazone | Nitrile,Alkene | Ester | Ether,Amide | Hydrazone | Nitrile,Alkene=0.6254 | Ester=0.0011 | Ether=0.1325,Amide=0.7193 | Hydrazone=0.8895 | Nitrile=0.9509
399771,2,4,6,Alkane | Arene | Ether | Haloalkane | Sulfoxide,Alkane | Alkyne | Amide | Arene | Haloalkane | Ketone | Sulfide,Ether | Sulfoxide,Alkyne | Amide | Ketone | Sulfide,Ether=0.2640 | Sulfoxide=0.0001,Alkyne=0.8250 | Amide=0.9914 | Ketone=0.9235 | Sulfide=1.0000
236079,4,2,6,Alcohol | Alkane | Amide | Arene | Haloalkane | Phenol,Alcohol | Aldehyde | Alkane | Ether,Amide | Arene | Haloalkane | Phenol,Aldehyde | Ether,Amide=0.0065 | Arene=0.0160 | Haloalkane=0.0390 | Phenol=0.6730,Aldehyde=0.9417 | Ether=0.6384
255534,4,2,6,Alkane | Amide | Arene | Carbamate | Ether | Imide,Alkane | Amine | Arene | Haloalkane,Amide | Carbamate | Ether | Imide,Amine | Haloalkane,Amide=0.5764 | Carbamate=0.0000 | Ether=0.1907 | Imide=0.3884,Amine=0.7883 | Haloalkane=0.4764
231238,4,2,6,Alcohol | Alkane | Arene | Carbamate | Ether | Sulfide,Alcohol | Alkane | Amide | Phenol,Arene | Carbamate | Ether | Sulfide,Amide | Phenol,Arene=0.0948 | Carbamate=0.0000 | Ether=0.1751 | Sulfide=0.0253,Amide=1.0000 | Phenol=0.8565
217044,3,3,6,Alcohol | Alkane | Arene | Ketone | Phenol | Sulfide,Alcohol | Alkane | Amine | Arene | Ether | Haloalkane,Ketone | Phenol | Sulfide,Amine | Ether | Haloalkane,Ketone=0.0000 | Phenol=0.7952 | Sulfide=0.2365,Amine=0.9998 | Ether=0.9424 | Haloalkane=0.6351
605071,5,1,6,Alkane | Alkene | Amine | Enamine | Ether | Hydrazine | Hydrazone,Alkane | Amine | Haloalkane,Alkene | Enamine | Ether | Hydrazine | Hydrazone,Haloalkane,Alkene=0.0000 | Enamine=0.0000 | Ether=0.1918 | Hydrazine=0.0000 | Hydrazone=0.0000,Haloalkane=0.8450
383452,3,3,6,Alcohol | Alkane | Amine | Arene | Haloalkane | Phenol | Sulfone,Alcohol | Alkane | Alkene | Amine | Arene | Ether | Ketone,Haloalkane | Phenol | Sulfone,Alkene | Ether | Ketone,Haloalkane=0.3020 | Phenol=0.0059 | Sulfone=0.0000,Alkene=0.9555 | Ether=0.5655 | Ketone=0.8605
603473,3,3,6,Alkane | Alkene | Amine | Hydrazone | Thioamide,Alkane | Amide | Ether | Haloalkane | Hydrazone,Alkene | Amine | Thioamide,Amide | Ether | Haloalkane,Alkene=0.8199 | Amine=0.3197 | Thioamide=0.3699,Amide=0.8333 | Ether=0.6278 | Haloalkane=0.7825
190662,4,2,6,Alcohol | Alkane | Alkene | Amine | Enamine | Ester | Ether | Ketone,Alcohol | Alkane | Arene | Ester | Ether | Phenol,Alkene | Amine | Enamine | Ketone,Arene | Phenol,Alkene=0.0000 | Amine=0.0029 | Enamine=0.0000 | Ketone=0.0000,Arene=0.4512 | Phenol=0.9972
661604,3,3,6,Alcohol | Amide | Amine | Phenol,Alkane | Amide | Arene | Haloalkane,Alcohol | Amine | Phenol,Alkane | Arene | Haloalkane,Alcohol=0.0200 | Amine=0.0046 | Phenol=0.0132,Alkane=0.1676 | Arene=0.4653 | Haloalkane=0.6221
647278,4,2,6,Alkane | Alkene | Amine | Arene | Enamine | Ester | Ether,Alkane | Amide | Amine | Arene | Ketone,Alkene | Enamine | Ester | Ether,Amide | Ketone,Alkene=0.0011 | Enamine=0.4793 | Ester=0.0000 | Ether=0.0559,Amide=0.9362 | Ketone=0.9998
475588,3,3,6,Alkane | Arene | Carbamate | Ether,Amide | Arene | Haloalkane | Sulfide,Alkane | Carbamate | Ether,Amide | Haloalkane | Sulfide,Alkane=0.0782 | Carbamate=0.0000 | Ether=0.1852,Amide=0.9241 | Haloalkane=0.4561 | Sulfide=0.9541
225148,5,1,6,Alkane | Alkene | Amine | Carbamate | Enamine | Ether | Sulfide,Alkane | Amine | Haloalkane,Alkene | Carbamate | Enamine | Ether | Sulfide,Haloalkane,Alkene=0.0002 | Carbamate=0.0018 | Enamine=0.0008 | Ether=0.1284 | Sulfide=0.0791,Haloalkane=0.6678
573010,4,2,6,Aldehyde | Alkane | Amide | Arene | Ether,Alkane | Amine | Haloalkane,Aldehyde | Amide | Arene | Ether,Amine | Haloalkane,Aldehyde=0.4365 | Amide=0.0039 | Arene=0.0728 | Ether=0.1686,Amine=0.9889 | Haloalkane=0.9447
129136,5,1,6,Alkane | Alkene | Amide | Arene | Ester | Ether | Haloalkane | Imide | Sulfide,Alkane | Arene | Ether | Haloalkane | Ketone,Alkene | Amide | Ester | Imide | Sulfide,Ketone,Alkene=0.0025 | Amide=0.6284 | Ester=0.2282 | Imide=0.1684 | Sulfide=0.0000,Ketone=0.9967
536319,4,2,6,Alcohol | Alkane | Amide | Amine | Arene | Ether | Ketone | Phenol,Alcohol | Alkane | Arene | Ether | Haloalkane | Sulfide,Amide | Amine | Ketone | Phenol,Haloalkane | Sulfide,Amide=0.2528 | Amine=0.2704 | Ketone=0.0005 | Phenol=0.0000,Haloalkane=0.7294 | Sulfide=0.8397
377659,3,3,6,Alcohol | Alkane | Arene | Ester | Ether | Phenol,Alcohol | Alkane | Amide | Amine | Ether | Sulfide,Arene | Ester | Phenol,Amide | Amine | Sulfide,Arene=0.1907 | Ester=0.4521 | Phenol=0.8427,Amide=0.9871 | Amine=0.6490 | Sulfide=0.6871
211373,4,2,6,Alkane | Amine | Arene | Ester | Ether | Haloalkane | Sulfonamide,Alkane | Arene | Haloalkane | Sulfide | Sulfonate,Amine | Ester | Ether | Sulfonamide,Sulfide | Sulfonate,Amine=0.0601 | Ester=0.0020 | Ether=0.1605 | Sulfonamide=0.2082,Sulfide=0.9915 | Sulfonate=0.9994
663469,4,2,6,Alkane | Alkene | Amine | Arene | Enamine | Haloalkane | Ketone,Alkane | Amine | Arene | Ester | Ether,Alkene | Enamine | Haloalkane | Ketone,Ester | Ether,Alkene=0.0026 | Enamine=0.0188 | Haloalkane=0.2251 | Ketone=0.0000,Ester=0.9933 | Ether=0.9979
337634,5,1,6,Alkane | Alkene | Amine | Enamine | Ester | Ether | Ketone,Alkane | Amide | Ether,Alkene | Amine | Enamine | Ester | Ketone,Amide,Alkene=0.0000 | Amine=0.0088 | Enamine=0.0000 | Ester=0.0000 | Ketone=0.0478,Amide=0.9879
710639,2,4,6,Alkane | Amide | Arene | Ether | Haloalkane,Alcohol | Alkane | Amide | Arene | Carboxylic acid | Ketone | Sulfide,Ether | Haloalkane,Alcohol | Carboxylic acid | Ketone | Sulfide,Ether=0.2353 | Haloalkane=0.1569,Alcohol=0.9962 | Carboxylic acid=0.9676 | Ketone=0.8916 | Sulfide=1.0000
693157,2,4,6,Alkane | Amine | Arene | Ketone,Alkane | Amide | Arene | Ester | Ether | Haloalkane,Amine | Ketone,Amide | Ester | Ether | Haloalkane,Amine=0.0403 | Ketone=0.1618,Amide=0.9999 | Ester=0.9971 | Ether=0.9996 | Haloalkane=0.9447
729637,4,2,6,Alcohol | Alkane | Amide | Amine | Arene | Carboxylic acid | Haloalkane,Alcohol | Alkane | Amine | Ester | Ether,Amide | Arene | Carboxylic acid | Haloalkane,Ester | Ether,Amide=0.0048 | Arene=0.0283 | Carboxylic acid=0.0001 | Haloalkane=0.3084,Ester=0.9960 | Ether=0.9846
171437,2,4,6,Alkane | Arene | Ester | Ether | Haloalkane,Aldehyde | Alkane | Amide | Arene | Haloalkane | Imide | Ketone,Ester | Ether,Aldehyde | Amide | Imide | Ketone,Ester=0.0005 | Ether=0.2917,Aldehyde=0.9806 | Amide=0.7631 | Imide=0.8698 | Ketone=0.9914
793142,5,1,6,Acid anhydride | Alcohol | Alkane | Alkene | Amine | Enamine | Enol | Ester | Ether | Ketone,Acid anhydride | Alcohol | Alkane | Arene | Ester | Ether,Alkene | Amine | Enamine | Enol | Ketone,Arene,Alkene=0.0048 | Amine=0.0932 | Enamine=0.1112 | Enol=0.0205 | Ketone=0.0046,Arene=0.2203
738328,2,4,6,Alcohol | Alkane | Alkyne | Amine,Alcohol | Alkane | Arene | Ester | Ether | Sulfide,Alkyne | Amine,Arene | Ester | Ether | Sulfide,Alkyne=0.0000 | Amine=0.1074,Arene=0.6603 | Ester=0.9874 | Ether=0.9636 | Sulfide=1.0000
340595,3,3,6,Alkane | Alkene | Carbamate | Ether | Haloalkane | Nitrile,Alkane | Amide | Carbamate | Ether | Imide | Sulfide,Alkene | Haloalkane | Nitrile,Amide | Imide | Sulfide,Alkene=0.0000 | Haloalkane=0.3558 | Nitrile=0.0002,Amide=0.7233 | Imide=0.9402 | Sulfide=0.9998
783928,4,2,6,Alcohol | Alkane | Alkene | Enol | Ketone | Sulfoxide,Alcohol | Alkane | Arene | Haloalkane,Alkene | Enol | Ketone | Sulfoxide,Arene | Haloalkane,Alkene=0.0647 | Enol=0.2557 | Ketone=0.0000 | Sulfoxide=0.0745,Arene=0.8427 | Haloalkane=0.9980
63552,1,5,6,Aldehyde | Alkene,Alcohol | Alkane | Alkene | Amine | Enamine | Sulfide,Aldehyde,Alcohol | Alkane | Amine | Enamine | Sulfide,Aldehyde=0.0000,Alcohol=0.9837 | Alkane=0.4487 | Amine=0.6816 | Enamine=0.9998 | Sulfide=0.9938
26201,5,1,6,Alcohol | Alkane | Alkene | Amine | Arene | Enamine | Haloalkane | Sulfide,Alcohol | Alkane | Arene | Ether,Alkene | Amine | Enamine | Haloalkane | Sulfide,Ether,Alkene=0.1678 | Amine=0.0023 | Enamine=0.0000 | Haloalkane=0.3548 | Sulfide=0.0547,Ether=0.5224
105170,2,4,6,Alkane | Alkene | Arene | Sulfide | Sulfone,Alkane | Alkene | Arene | Ester | Ether | Haloalkane | Nitrile,Sulfide | Sulfone,Ester | Ether | Haloalkane | Nitrile,Sulfide=0.0003 | Sulfone=0.0344,Ester=0.9992 | Ether=0.9982 | Haloalkane=0.7292 | Nitrile=0.9740
534829,3,3,6,Alcohol | Alkane | Amide | Arene | Carboxylic acid | Haloalkane,Alcohol | Alkane | Carboxylic acid | Ester | Ether | Sulfide,Amide | Arene | Haloalkane,Ester | Ether | Sulfide,Amide=0.0048 | Arene=0.0606 | Haloalkane=0.0627,Ester=0.9345 | Ether=0.9540 | Sulfide=0.9995
25479,4,2,6,Alcohol | Alkane | Alkene | Arene | Carboxylic acid | Enamine | Ester | Ether | Haloalkane | Imide,Alcohol | Alkane | Alkene | Amide | Arene | Carboxylic acid | Imide | Sulfide,Enamine | Ester | Ether | Haloalkane,Amide | Sulfide,Enamine=0.0380 | Ester=0.0001 | Ether=0.2330 | Haloalkane=0.1099,Amide=0.9999 | Sulfide=0.9992
214946,4,2,6,Alkane | Alkene | Amide | Arene | Enamine | Haloalkane,Alkane | Arene | Ether | Imine,Alkene | Amide | Enamine | Haloalkane,Ether | Imine,Alkene=0.0014 | Amide=0.2957 | Enamine=0.0000 | Haloalkane=0.2515,Ether=0.4835 | Imine=0.9803
548917,4,2,6,Alkane | Amine | Arene | Ether | Thioamide,Alkane | Alkene | Haloalkane,Amine | Arene | Ether | Thioamide,Alkene | Haloalkane,Amine=0.0353 | Arene=0.0195 | Ether=0.2636 | Thioamide=0.0005,Alkene=0.8539 | Haloalkane=0.7356
202407,4,2,6,Alkane | Alkene | Amine | Arene | Carbamate | Ether | Hydrazine,Alkane | Amide | Amine | Haloalkane | Hydrazine,Alkene | Arene | Carbamate | Ether,Amide | Haloalkane,Alkene=0.0199 | Arene=0.1204 | Carbamate=0.1859 | Ether=0.2806,Amide=0.9934 | Haloalkane=0.8471
735546,2,4,6,Alkane | Alkene | Amide | Hydrazone,Alkane | Alkene | Amine | Enamine | Ester | Ether,Amide | Hydrazone,Amine | Enamine | Ester | Ether,Amide=0.0914 | Hydrazone=0.0000,Amine=0.9218 | Enamine=0.9803 | Ester=1.0000 | Ether=1.0000
468458,2,4,6,Acyl halide | Alkane | Ether | Haloalkane,Aldehyde | Alkane | Amine | Arene | Ether | Sulfide,Acyl halide | Haloalkane,Aldehyde | Amine | Arene | Sulfide,Acyl halide=0.0000 | Haloalkane=0.1725,Aldehyde=0.9970 | Amine=0.9509 | Arene=0.9166 | Sulfide=0.8922
414423,3,3,6,Alcohol | Alkane | Amine | Sulfide | Thioamide,Alcohol | Alkane | Amide | Ether | Haloalkane,Amine | Sulfide | Thioamide,Amide | Ether | Haloalkane,Amine=0.1146 | Sulfide=0.0001 | Thioamide=0.0498,Amide=0.9170 | Ether=0.8922 | Haloalkane=0.6227
372485,4,2,6,Alkane | Alkyne | Amine | Arene | Carbamate | Ether | Haloalkane | Sulfonamide,Alkane | Amine | Arene | Ester | Ether | Sulfide,Alkyne | Carbamate | Haloalkane | Sulfonamide,Ester | Sulfide,Alkyne=0.0000 | Carbamate=0.3464 | Haloalkane=0.3057 | Sulfonamide=0.0000,Ester=1.0000 | Sulfide=0.4652
256696,5,1,6,Alcohol | Alkane | Alkene | Arene | Enol | Ester | Ether | Haloalkane | Phenol,Alcohol | Alkane | Ether | Haloalkane | Ketone,Alkene | Arene | Enol | Ester | Phenol,Ketone,Alkene=0.0009 | Arene=0.1244 | Enol=0.0000 | Ester=0.0044 | Phenol=0.0193,Ketone=0.7945
113280,2,4,6,Alkane | Amine | Arene | Sulfonamide,Alkane | Alkene | Arene | Ester | Ether | Ketone,Amine | Sulfonamide,Alkene | Ester | Ether | Ketone,Amine=0.2478 | Sulfonamide=0.0000,Alkene=0.9983 | Ester=0.9646 | Ether=0.8959 | Ketone=0.6480
554867,3,3,6,Acyl halide | Alkane | Amine | Haloalkane | Sulfonamide,Alkane | Amine | Ester | Ether | Sulfide,Acyl halide | Haloalkane | Sulfonamide,Ester | Ether | Sulfide,Acyl halide=0.0359 | Haloalkane=0.3452 | Sulfonamide=0.5013,Ester=0.9901 | Ether=0.9373 | Sulfide=0.6724
346935,2,4,6,Alkane | Alkene | Amine | Arene | Ketone,Alkane | Amide | Amine | Arene | Ester | Ether | Sulfone,Alkene | Ketone,Amide | Ester | Ether | Sulfone,Alkene=0.0010 | Ketone=0.0009,Amide=0.9700 | Ester=1.0000 | Ether=1.0000 | Sulfone=0.9996
266531,4,2,6,Alkane | Alkyne | Amide | Amine | Arene | Ester | Ether | Thioamide,Alkane | Amide | Arene | Carbamate | Ether | Ketone,Alkyne | Amine | Ester | Thioamide,Carbamate | Ketone,Alkyne=0.0000 | Amine=0.0060 | Ester=0.3006 | Thioamide=0.0044,Carbamate=0.9996 | Ketone=0.9995
234575,3,3,6,Alcohol | Alkane | Amide | Arene | Phenol | Sulfide,Alcohol | Alkane | Alkene | Carboxylic acid | Ketone | Sulfide,Amide | Arene | Phenol,Alkene | Carboxylic acid | Ketone,Amide=0.0023 | Arene=0.0150 | Phenol=0.0005,Alkene=0.9558 | Carboxylic acid=0.9912 | Ketone=0.8621
511991,2,4,6,Alkane | Ether | Haloalkane | Sulfide,Alkane | Amide | Amine | Arene | Haloalkane | Sulfonamide,Ether | Sulfide,Amide | Amine | Arene | Sulfonamide,Ether=0.1775 | Sulfide=0.0053,Amide=0.8785 | Amine=0.9994 | Arene=0.3262 | Sulfonamide=0.9910
732226,3,3,6,Alcohol | Alkane | Amine | Arene | Carboxylic acid | Haloalkane | Phenol,Alcohol | Alkane | Amine | Arene | Ester | Ether | Nitrile,Carboxylic acid | Haloalkane | Phenol,Ester | Ether | Nitrile,Carboxylic acid=0.0000 | Haloalkane=0.1609 | Phenol=0.8325,Ester=0.9089 | Ether=0.9963 | Nitrile=0.9065
255544,3,3,6,Alcohol | Alkane | Amine | Arene | Ester | Ether | Phenol,Alcohol | Alkane | Amide | Amine | Arene | Haloalkane | Sulfide,Ester | Ether | Phenol,Amide | Haloalkane | Sulfide,Ester=0.0000 | Ether=0.2861 | Phenol=0.0005,Amide=0.9929 | Haloalkane=0.7190 | Sulfide=0.6744
272513,2,4,6,Alkane | Ketone | Sulfone,Alkane | Amine | Arene | Ether | Sulfonamide,Ketone | Sulfone,Amine | Arene | Ether | Sulfonamide,Ketone=0.0000 | Sulfone=0.4032,Amine=1.0000 | Arene=0.5525 | Ether=0.5140 | Sulfonamide=0.9726
480167,3,3,6,Alkane | Amide | Arene | Ester | Ether | Haloalkane,Alkane | Alkene | Amine | Arene | Ether | Sulfide,Amide | Ester | Haloalkane,Alkene | Amine | Sulfide,Amide=0.0065 | Ester=0.0668 | Haloalkane=0.1790,Alkene=0.8621 | Amine=0.9624 | Sulfide=0.7958
253921,1,5,6,Alkane | Amide | Amine | Arene,Alkane | Alkene | Amine | Arene | Enamine | Ether | Ketone | Sulfide,Amide,Alkene | Enamine | Ether | Ketone | Sulfide,Amide=0.1885,Alkene=0.9960 | Enamine=0.9926 | Ether=0.4876 | Ketone=0.9718 | Sulfide=0.8545
592870,3,3,6,Alcohol | Alkane | Amide | Arene | Ether | Haloalkane | Imine,Alcohol | Alkane | Alkene | Amide | Arene | Ketone | Sulfide,Ether | Haloalkane | Imine,Alkene | Ketone | Sulfide,Ether=0.1415 | Haloalkane=0.3468 | Imine=0.0000,Alkene=0.9999 | Ketone=0.7219 | Sulfide=0.9997
5812,3,3,6,Alcohol | Alkane | Amine | Arene | Haloalkane | Sulfide | Sulfonamide,Alcohol | Alkane | Amide | Arene | Haloalkane | Sulfonate | Sulfone,Amine | Sulfide | Sulfonamide,Amide | Sulfonate | Sulfone,Amine=0.0202 | Sulfide=0.0000 | Sulfonamide=0.0315,Amide=0.9960 | Sulfonate=0.8299 | Sulfone=0.9797
570617,0,6,6,Alkane | Amine | Haloalkane | Nitrile,Alkane | Alkene | Amide | Amine | Arene | Enamine | Haloalkane | Ketone | Nitrile | Sulfide,,Alkene | Amide | Arene | Enamine | Ketone | Sulfide,,Alkene=1.0000 | Amide=0.8605 | Arene=0.4807 | Enamine=0.9993 | Ketone=0.8195 | Sulfide=0.7945
440111,4,2,6,Alkane | Alkene | Arene | Haloalkane | Ketone,Alkane | Amine | Sulfide,Alkene | Arene | Haloalkane | Ketone,Amine | Sulfide,Alkene=0.0000 | Arene=0.1030 | Haloalkane=0.2692 | Ketone=0.0000,Amine=0.9902 | Sulfide=1.0000
164008,3,3,6,Alkane | Alkene | Amine | Arene | Enamine | Sulfide,Alkane | Amide | Arene | Ether | Haloalkane | Sulfide,Alkene | Amine | Enamine,Amide | Ether | Haloalkane,Alkene=0.6510 | Amine=0.1156 | Enamine=0.0000,Amide=0.9385 | Ether=0.3334 | Haloalkane=0.7960
247753,1,5,6,Alkane | Arene | Ester | Ether | Sulfide | Sulfone,Alcohol | Alkane | Alkene | Amine | Arene | Ester | Ether | Haloalkane | Phenol | Sulfide,Sulfone,Alcohol | Alkene | Amine | Haloalkane | Phenol,Sulfone=0.0002,Alcohol=0.9955 | Alkene=0.9984 | Amine=0.9991 | Haloalkane=0.4493 | Phenol=0.9763
346478,1,5,6,Aldehyde | Amide | Sulfide,Alkane | Alkene | Amide | Amine | Arene | Haloalkane | Sulfide,Aldehyde,Alkane | Alkene | Amine | Arene | Haloalkane,Aldehyde=0.0000,Alkane=0.2809 | Alkene=0.9947 | Amine=0.6357 | Arene=0.3659 | Haloalkane=0.8353
368321,4,2,6,Alkane | Alkene | Amide | Amine | Arene | Enamine | Ester | Ether | Haloalkane | Thioamide,Alkane | Amide | Arene | Ester | Ether | Haloalkane | Ketone | Sulfide,Alkene | Amine | Enamine | Thioamide,Ketone | Sulfide,Alkene=0.0217 | Amine=0.1261 | Enamine=0.0129 | Thioamide=0.0005,Ketone=0.6238 | Sulfide=0.6669
295266,2,4,6,Amide | Isothiocyanate | Sulfide,Alcohol | Amine | Arene | Haloalkane | Sulfide,Amide | Isothiocyanate,Alcohol | Amine | Arene | Haloalkane,Amide=0.0000 | Isothiocyanate=0.0000,Alcohol=0.6894 | Amine=0.7663 | Arene=0.3520 | Haloalkane=0.9937
15760,4,2,6,Alcohol | Alkane | Alkene | Amide | Amine | Enamine | Haloalkane | Hydrazine,Alcohol | Alkane | Amide | Arene | Haloalkane | Sulfonamide,Alkene | Amine | Enamine | Hydrazine,Arene | Sulfonamide,Alkene=0.6935 | Amine=0.1162 | Enamine=0.0208 | Hydrazine=0.0000,Arene=0.2802 | Sulfonamide=0.9660
222950,4,2,6,Alkane | Amide | Arene | Carbamate | Ether | Haloalkane | Imide | Ketone,Alkane | Arene | Ester | Ether | Haloalkane | Sulfide,Amide | Carbamate | Imide | Ketone,Ester | Sulfide,Amide=0.1431 | Carbamate=0.1311 | Imide=0.0000 | Ketone=0.0000,Ester=0.9997 | Sulfide=0.5013
403196,3,3,6,Alkane | Arene | Ether | Haloalkane | Sulfide | Sulfonamide,Alkane | Amide | Arene | Haloalkane | Sulfonate | Sulfone,Ether | Sulfide | Sulfonamide,Amide | Sulfonate | Sulfone,Ether=0.2212 | Sulfide=0.2717 | Sulfonamide=0.0239,Amide=0.9999 | Sulfonate=0.9292 | Sulfone=0.9972
444122,6,0,6,Alcohol | Alkane | Alkene | Amine | Arene | Azo compound | Carboxylic acid | Enamine | Haloalkane | Imine,Alcohol | Arene | Carboxylic acid | Haloalkane,Alkane | Alkene | Amine | Azo compound | Enamine | Imine,,Alkane=0.0540 | Alkene=0.0000 | Amine=0.0004 | Azo compound=0.0000 | Enamine=0.0000 | Imine=0.0000,
38627,2,4,6,Alkane | Arene | Sulfide,Alkane | Amine | Ester | Ether | Ketone,Arene | Sulfide,Amine | Ester | Ether | Ketone,Arene=0.1025 | Sulfide=0.0013,Amine=0.7905 | Ester=0.9078 | Ether=0.8722 | Ketone=0.6540
78981,5,1,6,Alcohol | Alkane | Alkene | Ester | Ether | Phenol,Alkane | Haloalkane,Alcohol | Alkene | Ester | Ether | Phenol,Haloalkane,Alcohol=0.2649 | Alkene=0.7253 | Ester=0.0000 | Ether=0.0937 | Phenol=0.0000,Haloalkane=0.5565
742051,5,1,6,Alkane | Alkene | Amine | Arene | Enamine | Ester | Ether | Haloalkane | Sulfide,Alkane | Alkene | Amide | Amine | Sulfide,Arene | Enamine | Ester | Ether | Haloalkane,Amide,Arene=0.0812 | Enamine=0.0174 | Ester=0.0008 | Ether=0.2668 | Haloalkane=0.0724,Amide=0.9990
187582,3,3,6,Alkane | Alkene | Amine | Enamine | Nitrile | Sulfide,Alkane | Alkene | Arene | Ether | Ketone | Sulfide,Amine | Enamine | Nitrile,Arene | Ether | Ketone,Amine=0.0708 | Enamine=0.0249 | Nitrile=0.0000,Arene=0.2018 | Ether=0.5022 | Ketone=0.9965
408646,4,2,6,Alkane | Alkene | Amide | Arene | Carbamate | Ether | Sulfide,Alkane | Amide | Arene | Haloalkane | Imine,Alkene | Carbamate | Ether | Sulfide,Haloalkane | Imine,Alkene=0.0000 | Carbamate=0.0000 | Ether=0.1686 | Sulfide=0.0046,Haloalkane=0.7142 | Imine=0.5411
129497,2,4,6,Alkane | Amine | Arene | Ether | Sulfide,Alkane | Alkene | Amide | Amine | Arene | Haloalkane | Ketone,Ether | Sulfide,Alkene | Amide | Haloalkane | Ketone,Ether=0.2676 | Sulfide=0.0340,Alkene=0.9976 | Amide=0.9254 | Haloalkane=0.5796 | Ketone=0.9952
508628,6,0,6,Alkane | Alkene | Amine | Enamine | Ether | Haloalkane | Hydrazine | Sulfide,Alkane | Haloalkane,Alkene | Amine | Enamine | Ether | Hydrazine | Sulfide,,Alkene=0.0000 | Amine=0.0806 | Enamine=0.0000 | Ether=0.1166 | Hydrazine=0.0750 | Sulfide=0.0001,
239410,3,3,6,Alkane | Amide | Amine | Hydrazine | Thioamide,Alkane | Amide | Arene | Ether | Haloalkane,Amine | Hydrazine | Thioamide,Arene | Ether | Haloalkane,Amine=0.0287 | Hydrazine=0.0079 | Thioamide=0.0097,Arene=0.3668 | Ether=0.3394 | Haloalkane=0.6793
306068,4,2,6,Alkane | Alkene | Amine | Enamine | Haloalkane | Hydrazine,Alkane | Amide | Amine | Sulfide,Alkene | Enamine | Haloalkane | Hydrazine,Amide | Sulfide,Alkene=0.0000 | Enamine=0.0000 | Haloalkane=0.0887 | Hydrazine=0.0000,Amide=0.9898 | Sulfide=0.9998
421482,4,2,6,Alcohol | Alkane | Alkene | Amide | Arene | Enol | Haloalkane | Imide,Alcohol | Alkane | Arene | Ether | Haloalkane | Sulfide,Alkene | Amide | Enol | Imide,Ether | Sulfide,Alkene=0.0000 | Amide=0.5390 | Enol=0.0000 | Imide=0.0041,Ether=0.3118 | Sulfide=0.9882
678640,2,4,6,Alkane | Amide | Carbamate | Ether | Imide | Sulfide,Alcohol | Alkane | Alkene | Amide | Arene | Ether | Haloalkane | Sulfide,Carbamate | Imide,Alcohol | Alkene | Arene | Haloalkane,Carbamate=0.0003 | Imide=0.0000,Alcohol=0.3038 | Alkene=0.9848 | Arene=0.3652 | Haloalkane=0.6205
124520,4,2,6,Alcohol | Alkane | Alkene | Amide | Amine | Arene | Carboxylic acid | Enamine | Ether,Alcohol | Alkane | Amide | Arene | Carboxylic acid | Haloalkane | Sulfide,Alkene | Amine | Enamine | Ether,Haloalkane | Sulfide,Alkene=0.4932 | Amine=0.0204 | Enamine=0.0000 | Ether=0.1487,Haloalkane=0.7558 | Sulfide=0.9986
146972,3,3,6,Alcohol | Alkane | Alkene | Arene | Enol | Ester | Ether | Imine | Sulfide,Alcohol | Alkane | Alkene | Amine | Arene | Enol | Ether | Haloalkane | Ketone,Ester | Imine | Sulfide,Amine | Haloalkane | Ketone,Ester=0.2244 | Imine=0.0000 | Sulfide=0.0553,Amine=0.8047 | Haloalkane=0.4287 | Ketone=0.8542
524268,2,4,6,Alkane | Amine | Ketone | Sulfonamide,Alkane | Amide | Amine | Arene | Ester | Ether,Ketone | Sulfonamide,Amide | Arene | Ester | Ether,Ketone=0.0000 | Sulfonamide=0.1168,Amide=1.0000 | Arene=0.8158 | Ester=0.7871 | Ether=0.9365
171295,2,4,6,Alkane | Amide | Amine | Sulfide,Alkane | Amine | Arene | Ether | Haloalkane | Hydrazone,Amide | Sulfide,Arene | Ether | Haloalkane | Hydrazone,Amide=0.0761 | Sulfide=0.0375,Arene=0.3022 | Ether=0.3151 | Haloalkane=0.5425 | Hydrazone=0.6758
94347,4,2,6,Aldehyde | Alkane | Amide | Arene | Haloalkane | Sulfide,Alkane | Arene | Carbamate | Ether,Aldehyde | Amide | Haloalkane | Sulfide,Carbamate | Ether,Aldehyde=0.0000 | Amide=0.0111 | Haloalkane=0.2630 | Sulfide=0.1152,Carbamate=0.9030 | Ether=0.9942
32468,3,3,6,Alkane | Amine | Arene | Ether | Ketone | Sulfide,Alkane | Amide | Arene | Ester | Ether | Haloalkane,Amine | Ketone | Sulfide,Amide | Ester | Haloalkane,Amine=0.0014 | Ketone=0.0000 | Sulfide=0.0024,Amide=0.7249 | Ester=0.9989 | Haloalkane=0.8375
595878,1,5,6,Alkane | Amide | Arene,Alcohol | Alkane | Arene | Ether | Haloalkane | Ketone | Phenol,Amide,Alcohol | Ether | Haloalkane | Ketone | Phenol,Amide=0.0000,Alcohol=0.9995 | Ether=0.7186 | Haloalkane=0.9146 | Ketone=0.8269 | Phenol=1.0000
546879,3,3,6,Alkane | Alkene | Amine | Enamine | Ether | Hydrazine,Alkane | Amide | Arene | Ether | Hydrazine | Sulfide,Alkene | Amine | Enamine,Amide | Arene | Sulfide,Alkene=0.0030 | Amine=0.0237 | Enamine=0.0000,Amide=0.9880 | Arene=0.9313 | Sulfide=0.9996
439327,3,3,6,Alkane | Alkene | Amine | Carbamate | Ether | Sulfide,Alkane | Amide | Amine | Arene | Ether | Ketone,Alkene | Carbamate | Sulfide,Amide | Arene | Ketone,Alkene=0.0000 | Carbamate=0.0000 | Sulfide=0.1086,Amide=0.7426 | Arene=0.9996 | Ketone=0.7937
626378,1,5,6,Alkane | Nitrile | Sulfide,Alcohol | Alkane | Amide | Amine | Arene | Ether | Sulfide,Nitrile,Alcohol | Amide | Amine | Arene | Ether,Nitrile=0.0000,Alcohol=0.5904 | Amide=0.9981 | Amine=0.9934 | Arene=0.9627 | Ether=0.6953
174191,5,1,6,Alcohol | Alkane | Alkene | Amide | Amine | Arene | Enamine | Enol | Sulfonamide,Alcohol | Alkane | Amide | Arene | Haloalkane,Alkene | Amine | Enamine | Enol | Sulfonamide,Haloalkane,Alkene=0.0000 | Amine=0.0247 | Enamine=0.0000 | Enol=0.0000 | Sulfonamide=0.0005,Haloalkane=0.9828
776294,3,3,6,Alkane | Alkene | Amine | Enamine | Imine,Alkane | Amine | Arene | Ether | Sulfide,Alkene | Enamine | Imine,Arene | Ether | Sulfide,Alkene=0.0003 | Enamine=0.0001 | Imine=0.0000,Arene=0.9009 | Ether=0.9306 | Sulfide=0.9960
718324,3,3,6,Alcohol | Alkane | Amide | Amine | Haloalkane,Alkane | Amine | Arene | Ester | Ether,Alcohol | Amide | Haloalkane,Arene | Ester | Ether,Alcohol=0.0000 | Amide=0.0000 | Haloalkane=0.1565,Arene=0.3617 | Ester=0.9706 | Ether=0.9850
787315,2,4,6,Alkane | Amine | Haloalkane | Hydrazone | Nitrile,Alkane | Alkene | Amide | Amine | Enamine | Nitrile | Sulfone,Haloalkane | Hydrazone,Alkene | Amide | Enamine | Sulfone,Haloalkane=0.2395 | Hydrazone=0.0000,Alkene=0.9926 | Amide=0.9995 | Enamine=0.9023 | Sulfone=0.8540
173281,6,0,6,Alkane | Alkene | Amide | Amine | Arene | Enamine | Ether | Haloalkane | Ketone,Alkane | Amide | Arene,Alkene | Amine | Enamine | Ether | Haloalkane | Ketone,,Alkene=0.0000 | Amine=0.0752 | Enamine=0.0000 | Ether=0.2427 | Haloalkane=0.1313 | Ketone=0.4327,
182273,2,4,6,Alcohol | Alkane | Arene | Haloalkane,Alcohol | Alkane | Alkene | Carboxylic acid | Ether | Sulfone,Arene | Haloalkane,Alkene | Carboxylic acid | Ether | Sulfone,Arene=0.1461 | Haloalkane=0.3413,Alkene=0.9195 | Carboxylic acid=0.9988 | Ether=0.7279 | Sulfone=0.9326
131237,4,2,6,Alkane | Amine | Arene | Ester | Ether | Haloalkane | Sulfoxide,Alkane | Amide | Arene | Haloalkane | Ketone,Amine | Ester | Ether | Sulfoxide,Amide | Ketone,Amine=0.5242 | Ester=0.0000 | Ether=0.2644 | Sulfoxide=0.0157,Amide=0.9907 | Ketone=0.9120
142447,4,2,6,Alkane | Arene | Ether | Haloalkane | Sulfoxide,Alkane | Amine | Sulfide,Arene | Ether | Haloalkane | Sulfoxide,Amine | Sulfide,Arene=0.0757 | Ether=0.1787 | Haloalkane=0.3002 | Sulfoxide=0.0000,Amine=1.0000 | Sulfide=0.4819
568516,4,2,6,Alkane | Amine | Arene | Imine | Sulfide | Thioamide,Alkane | Amide | Arene | Ether,Amine | Imine | Sulfide | Thioamide,Amide | Ether,Amine=0.1939 | Imine=0.0000 | Sulfide=0.0000 | Thioamide=0.0000,Amide=0.9949 | Ether=0.5833
137369,2,4,6,Alkane | Arene | Ester | Ether | Sulfide,Alkane | Amide | Arene | Carbamate | Ether | Haloalkane | Imide,Ester | Sulfide,Amide | Carbamate | Haloalkane | Imide,Ester=0.0241 | Sulfide=0.0021,Amide=0.9984 | Carbamate=0.9479 | Haloalkane=0.9182 | Imide=0.9960
519369,3,3,6,Alcohol | Alkane | Alkene | Amide | Arene | Enol | Ester | Ether,Alcohol | Alkane | Amide | Amine | Arene | Ether | Haloalkane | Phenol,Alkene | Enol | Ester,Amine | Haloalkane | Phenol,Alkene=0.0000 | Enol=0.0000 | Ester=0.0000,Amine=0.9993 | Haloalkane=0.4002 | Phenol=0.9997
558824,2,4,6,Amine | Haloalkane,Alkane | Ester | Ether | Ketone,Amine | Haloalkane,Alkane | Ester | Ether | Ketone,Amine=0.0187 | Haloalkane=0.2009,Alkane=0.9998 | Ester=1.0000 | Ether=1.0000 | Ketone=0.9548
716534,2,4,6,Aldehyde | Alkane | Alkene | Sulfide,Alkane | Arene | Ether | Haloalkane | Ketone | Sulfide,Aldehyde | Alkene,Arene | Ether | Haloalkane | Ketone,Aldehyde=0.0030 | Alkene=0.3491,Arene=0.9716 | Ether=0.6334 | Haloalkane=0.4874 | Ketone=0.6591
436727,2,4,6,Alkane | Amine | Arene,Alkane | Alkene | Amide | Imide | Sulfide,Amine | Arene,Alkene | Amide | Imide | Sulfide,Amine=0.0078 | Arene=0.0720,Alkene=0.9999 | Amide=0.8076 | Imide=0.6594 | Sulfide=0.9834
385628,4,2,6,Alcohol | Alkane | Alkene | Amine | Arene | Enamine | Enol | Ester | Ether | Sulfonamide,Alcohol | Alkane | Arene | Ester | Ether | Haloalkane | Phenol | Sulfonamide,Alkene | Amine | Enamine | Enol,Haloalkane | Phenol,Alkene=0.2716 | Amine=0.2741 | Enamine=0.1758 | Enol=0.2522,Haloalkane=0.4676 | Phenol=0.9785
97062,2,4,6,Alcohol | Alkane | Haloalkane | Ketone,Alcohol | Alkane | Alkene | Ester | Ether | Sulfide,Haloalkane | Ketone,Alkene | Ester | Ether | Sulfide,Haloalkane=0.1372 | Ketone=0.0000,Alkene=0.9999 | Ester=0.9972 | Ether=0.9709 | Sulfide=0.8929
441474,4,2,6,Alcohol | Alkane | Alkene | Amide | Arene | Enol | Ether | Imide | Ketone,Alcohol | Alkane | Amide | Arene | Ether | Phenol | Sulfide,Alkene | Enol | Imide | Ketone,Phenol | Sulfide,Alkene=0.0024 | Enol=0.0066 | Imide=0.5278 | Ketone=0.0215,Phenol=0.9973 | Sulfide=0.9988
476180,3,3,6,Alkane | Alkene | Amine | Arene | Ether,Alkane | Amide | Arene | Ketone | Sulfide,Alkene | Amine | Ether,Amide | Ketone | Sulfide,Alkene=0.0000 | Amine=0.0184 | Ether=0.0698,Amide=0.9993 | Ketone=0.9632 | Sulfide=1.0000
17590,4,2,6,Alkane | Arene | Carbamate | Ester | Ether,Alkane | Amide | Sulfide,Arene | Carbamate | Ester | Ether,Amide | Sulfide,Arene=0.0836 | Carbamate=0.0001 | Ester=0.0000 | Ether=0.2544,Amide=0.9998 | Sulfide=0.9080
247231,2,4,6,Alkane | Alkene | Amide | Ester | Ether,Alkane | Amine | Arene | Carbamate | Ester | Ether | Haloalkane,Alkene | Amide,Amine | Arene | Carbamate | Haloalkane,Alkene=0.0000 | Amide=0.0661,Amine=0.8658 | Arene=0.6613 | Carbamate=0.9995 | Haloalkane=0.6731
689413,4,2,6,Alkane | Alkene | Amine | Enamine | Sulfide,Acyl halide | Alkane | Haloalkane,Alkene | Amine | Enamine | Sulfide,Acyl halide | Haloalkane,Alkene=0.0020 | Amine=0.0062 | Enamine=0.0000 | Sulfide=0.0792,Acyl halide=0.5869 | Haloalkane=0.9091
445378,4,2,6,Alcohol | Alkane | Amide | Amine | Arene | Carboxylic acid | Haloalkane | Sulfide,Alcohol | Alkane | Amine | Arene | Ester | Ether,Amide | Carboxylic acid | Haloalkane | Sulfide,Ester | Ether,Amide=0.0000 | Carboxylic acid=0.5387 | Haloalkane=0.1012 | Sulfide=0.0000,Ester=0.9998 | Ether=0.9995
82033,5,1,6,Alkane | Alkene | Amide | Amine | Arene | Enamine | Hydrazone | Sulfide,Alkene | Amide | Arene | Haloalkane,Alkane | Amine | Enamine | Hydrazone | Sulfide,Haloalkane,Alkane=0.0929 | Amine=0.1232 | Enamine=0.0414 | Hydrazone=0.0000 | Sulfide=0.0002,Haloalkane=0.9127
382685,3,3,6,Alkane | Amide | Arene | Haloalkane | Ketone,Alkane | Amine | Arene | Ether | Sulfide,Amide | Haloalkane | Ketone,Amine | Ether | Sulfide,Amide=0.0457 | Haloalkane=0.2162 | Ketone=0.0000,Amine=0.9995 | Ether=0.4013 | Sulfide=0.9833
159706,3,3,6,Alkane | Alkene | Haloalkane | Sulfide,Aldehyde | Alkane | Amine | Arene,Alkene | Haloalkane | Sulfide,Aldehyde | Amine | Arene,Alkene=0.0002 | Haloalkane=0.2729 | Sulfide=0.0021,Aldehyde=0.9726 | Amine=0.9993 | Arene=0.4615
189501,2,4,6,Alkane | Alkene | Amine | Arene | Sulfone,Alkane | Arene | Ester | Ether | Haloalkane | Nitrile | Sulfone,Alkene | Amine,Ester | Ether | Haloalkane | Nitrile,Alkene=0.0602 | Amine=0.0055,Ester=0.9998 | Ether=0.9972 | Haloalkane=0.6128 | Nitrile=0.9778
642695,5,1,6,Alkane | Alkene | Amine | Arene | Enamine | Haloalkane | Ketone,Alkane | Arene | Ether,Alkene | Amine | Enamine | Haloalkane | Ketone,Ether,Alkene=0.0000 | Amine=0.0009 | Enamine=0.0000 | Haloalkane=0.2858 | Ketone=0.0000,Ether=0.9893
448939,3,3,6,Alcohol | Alkane | Arene | Carboxylic acid | Sulfone,Alkane | Amine | Arene | Haloalkane | Sulfonamide,Alcohol | Carboxylic acid | Sulfone,Amine | Haloalkane | Sulfonamide,Alcohol=0.0000 | Carboxylic acid=0.0000 | Sulfone=0.0213,Amine=0.9552 | Haloalkane=0.9896 | Sulfonamide=0.9948
91999,5,1,6,Alcohol | Alkane | Alkene | Amine | Carboxylic acid | Enamine | Ester | Ether,Alcohol | Alkane | Arene | Carboxylic acid,Alkene | Amine | Enamine | Ester | Ether,Arene,Alkene=0.0329 | Amine=0.1036 | Enamine=0.0001 | Ester=0.0000 | Ether=0.1489,Arene=0.9076
508058,5,1,6,Alkane | Alkene | Amine | Arene | Enamine | Ketone | Sulfide,Alkane | Arene | Haloalkane,Alkene | Amine | Enamine | Ketone | Sulfide,Haloalkane,Alkene=0.1626 | Amine=0.5642 | Enamine=0.0108 | Ketone=0.0000 | Sulfide=0.0067,Haloalkane=0.6867
31279,3,3,6,Alkane | Amine | Arene | Hydrazine | Sulfide,Alkane | Amide | Arene | Ether | Haloalkane,Amine | Hydrazine | Sulfide,Amide | Ether | Haloalkane,Amine=0.2208 | Hydrazine=0.0000 | Sulfide=0.0056,Amide=0.9957 | Ether=0.8699 | Haloalkane=0.5013
665801,2,4,6,Aldehyde | Alkane | Amide | Arene | Ether | Haloalkane,Alkane | Amide | Amine | Arene | Haloalkane | Hydrazone | Imine | Sulfide,Aldehyde | Ether,Amine | Hydrazone | Imine | Sulfide,Aldehyde=0.4421 | Ether=0.2193,Amine=0.9911 | Hydrazone=0.8033 | Imine=0.9597 | Sulfide=0.3896
594839,4,2,6,Alkane | Arene | Ester | Ether | Haloalkane,Alkane | Amine | Nitrile,Arene | Ester | Ether | Haloalkane,Amine | Nitrile,Arene=0.0833 | Ester=0.0000 | Ether=0.0535 | Haloalkane=0.1419,Amine=0.9945 | Nitrile=0.9999
302780,4,2,6,Alkane | Amine | Arene | Ester | Ether | Haloalkane,Alkane | Amide | Arene | Sulfide,Amine | Ester | Ether | Haloalkane,Amide | Sulfide,Amine=0.3397 | Ester=0.1468 | Ether=0.1981 | Haloalkane=0.1595,Amide=0.9731 | Sulfide=0.7718
432620,5,1,6,Alcohol | Arene | Carboxylic acid | Haloalkane | Sulfide,Alkane,Alcohol | Arene | Carboxylic acid | Haloalkane | Sulfide,Alkane,Alcohol=0.0008 | Arene=0.0266 | Carboxylic acid=0.0018 | Haloalkane=0.3652 | Sulfide=0.0000,Alkane=0.1014
757166,2,4,6,Alkane | Amine | Arene | Nitrile,Alkane | Arene | Ester | Ether | Haloalkane | Ketone,Amine | Nitrile,Ester | Ether | Haloalkane | Ketone,Amine=0.0033 | Nitrile=0.0045,Ester=0.9953 | Ether=0.9797 | Haloalkane=0.9804 | Ketone=0.9786
166698,2,4,6,Alcohol | Alkane | Amide | Arene | Ether | Phenol,Alcohol | Alkane | Alkene | Arene | Enol | Ketone | Phenol | Sulfide,Amide | Ether,Alkene | Enol | Ketone | Sulfide,Amide=0.0012 | Ether=0.2870,Alkene=0.9984 | Enol=0.8700 | Ketone=0.9744 | Sulfide=0.9894
82401,3,3,6,Acyl halide | Alkane | Arene | Haloalkane,Acid anhydride | Arene | Ester | Ether,Acyl halide | Alkane | Haloalkane,Acid anhydride | Ester | Ether,Acyl halide=0.0515 | Alkane=0.0333 | Haloalkane=0.2234,Acid anhydride=0.9859 | Ester=0.7910 | Ether=0.3364
467237,4,2,6,Alcohol | Alkane | Alkene | Carbamate | Enamine | Ether,Alcohol | Alkane | Arene | Phenol,Alkene | Carbamate | Enamine | Ether,Arene | Phenol,Alkene=0.0539 | Carbamate=0.0000 | Enamine=0.0000 | Ether=0.1588,Arene=1.0000 | Phenol=0.9994
369149,5,1,6,Alkane | Amide | Amine | Arene | Ether | Imide | Sulfide,Alkane | Arene | Haloalkane,Amide | Amine | Ether | Imide | Sulfide,Haloalkane,Amide=0.5362 | Amine=0.0960 | Ether=0.2990 | Imide=0.0017 | Sulfide=0.1719,Haloalkane=0.4888
662845,4,2,6,Alkane | Arene | Ester | Ether | Haloalkane | Sulfoxide | Thial,Alkane | Alkene | Arene | Haloalkane | Sulfide,Ester | Ether | Sulfoxide | Thial,Alkene | Sulfide,Ester=0.0003 | Ether=0.2007 | Sulfoxide=0.0142 | Thial=0.0003,Alkene=0.9782 | Sulfide=0.9405
351323,3,3,6,Alcohol | Alkane | Amine | Arene | Ether | Haloalkane | Phenol,Alcohol | Alkane | Alkene | Arene | Enol | Ether | Ketone,Amine | Haloalkane | Phenol,Alkene | Enol | Ketone,Amine=0.0080 | Haloalkane=0.1535 | Phenol=0.7356,Alkene=0.9996 | Enol=0.9990 | Ketone=0.9932
345933,3,3,6,Alcohol | Alkyne | Amine | Carboxylic acid | Sulfide,Alcohol | Alkane | Amine | Arene | Haloalkane,Alkyne | Carboxylic acid | Sulfide,Alkane | Arene | Haloalkane,Alkyne=0.0777 | Carboxylic acid=0.0037 | Sulfide=0.0022,Alkane=0.2831 | Arene=0.8621 | Haloalkane=0.5741
674652,4,2,6,Alkane | Alkene | Amine | Enamine | Ester | Ether | Ketone,Alkane | Arene | Ester | Ether | Haloalkane,Alkene | Amine | Enamine | Ketone,Arene | Haloalkane,Alkene=0.1629 | Amine=0.1178 | Enamine=0.0012 | Ketone=0.0000,Arene=0.3572 | Haloalkane=0.5842
287335,3,3,6,Alcohol | Aldehyde | Alkane | Sulfide,Alkane | Alkene | Arene | Ether,Alcohol | Aldehyde | Sulfide,Alkene | Arene | Ether,Alcohol=0.0879 | Aldehyde=0.0000 | Sulfide=0.3023,Alkene=0.9984 | Arene=0.6226 | Ether=0.7123
51743,1,5,6,Alkane | Isothiocyanate,Alkane | Alkene | Arene | Ester | Ether | Haloalkane,Isothiocyanate,Alkene | Arene | Ester | Ether | Haloalkane,Isothiocyanate=0.1375,Alkene=0.9996 | Arene=0.3711 | Ester=0.9913 | Ether=0.8842 | Haloalkane=0.5027
764778,1,5,6,Alcohol | Arene | Phenol | Sulfide,Alcohol | Alkane | Amide | Arene | Ester | Ether | Haloalkane | Phenol,Sulfide,Alkane | Amide | Ester | Ether | Haloalkane,Sulfide=0.1947,Alkane=0.9879 | Amide=0.9580 | Ester=0.9999 | Ether=0.9999 | Haloalkane=0.7428
128668,5,1,6,Alkane | Alkene | Amine | Arene | Enamine | Ester | Ether | Hydrazine | Sulfide,Alkane | Amide | Arene | Ether | Sulfide,Alkene | Amine | Enamine | Ester | Hydrazine,Amide,Alkene=0.0001 | Amine=0.0191 | Enamine=0.0000 | Ester=0.1604 | Hydrazine=0.0001,Amide=0.9970
454314,4,2,6,Alcohol | Alkane | Alkene | Carboxylic acid | Ether | Sulfoxide,Alcohol | Carboxylic acid | Phenol | Sulfide,Alkane | Alkene | Ether | Sulfoxide,Phenol | Sulfide,Alkane=0.0622 | Alkene=0.0000 | Ether=0.2071 | Sulfoxide=0.0000,Phenol=0.9348 | Sulfide=0.9889
283023,3,3,6,Alcohol | Alkene | Arene | Enol | Haloalkane | Ketone,Alcohol | Alkane | Arene | Ether | Haloalkane | Sulfide,Alkene | Enol | Ketone,Alkane | Ether | Sulfide,Alkene=0.0225 | Enol=0.0032 | Ketone=0.0000,Alkane=0.1660 | Ether=0.3632 | Sulfide=0.6869
484591,4,2,6,Alcohol | Alkane | Amide | Amine | Arene | Ester | Ether | Hydrazone | Phenol,Alcohol | Alkane | Arene | Ether | Haloalkane | Hydrazone | Sulfide,Amide | Amine | Ester | Phenol,Haloalkane | Sulfide,Amide=0.0228 | Amine=0.2454 | Ester=0.4058 | Phenol=0.1199,Haloalkane=0.5418 | Sulfide=0.8658
683728,2,4,6,Alkane | Alkene | Ether | Haloalkane | Ketone,Alkane | Amine | Arene | Ester | Ether | Ketone | Sulfide,Alkene | Haloalkane,Amine | Arene | Ester | Sulfide,Alkene=0.0075 | Haloalkane=0.2608,Amine=0.6857 | Arene=0.9058 | Ester=0.9484 | Sulfide=0.7262
547269,5,1,6,Alkane | Alkene | Amide | Amine | Arene | Azo compound | Enamine | Ketone,Alkane | Arene | Ether | Ketone,Alkene | Amide | Amine | Azo compound | Enamine,Ether,Alkene=0.0000 | Amide=0.1973 | Amine=0.0208 | Azo compound=0.0000 | Enamine=0.0000,Ether=0.9453
357929,4,2,6,Alcohol | Alkane | Haloalkane | Ketone | Phenol,Alkane | Ester | Ether,Alcohol | Haloalkane | Ketone | Phenol,Ester | Ether,Alcohol=0.0106 | Haloalkane=0.0404 | Ketone=0.0000 | Phenol=0.0045,Ester=0.9999 | Ether=0.9961
449574,3,3,6,Alcohol | Alkane | Alkene | Amine | Arene | Ether | Isocyanate,Alcohol | Alkane | Alkyne | Amine | Arene | Haloalkane | Sulfide,Alkene | Ether | Isocyanate,Alkyne | Haloalkane | Sulfide,Alkene=0.1567 | Ether=0.2064 | Isocyanate=0.5596,Alkyne=0.9080 | Haloalkane=0.5770 | Sulfide=0.5183
549947,3,3,6,Alkane | Amine | Arene | Ether | Haloalkane | Sulfide,Alkane | Alkene | Amine | Enamine | Ether | Ketone,Arene | Haloalkane | Sulfide,Alkene | Enamine | Ketone,Arene=0.0408 | Haloalkane=0.0540 | Sulfide=0.0430,Alkene=0.9812 | Enamine=0.9976 | Ketone=0.9893
148403,4,2,6,Alcohol | Alkane | Alkene | Arene | Enol | Ester | Ether | Haloalkane,Alcohol | Alkane | Amine | Arene | Haloalkane | Sulfide,Alkene | Enol | Ester | Ether,Amine | Sulfide,Alkene=0.0000 | Enol=0.0000 | Ester=0.0025 | Ether=0.1895,Amine=0.6653 | Sulfide=0.9987
320599,5,1,6,Alkane | Alkene | Amide | Amine | Arene | Enamine | Hydrazine | Sulfide,Alkane | Amide | Ether | Sulfide,Alkene | Amine | Arene | Enamine | Hydrazine,Ether,Alkene=0.0000 | Amine=0.2738 | Arene=0.0301 | Enamine=0.0000 | Hydrazine=0.0000,Ether=0.3553
249838,2,4,6,Alcohol | Alkane | Amine | Nitrile | Sulfide,Alcohol | Alkane | Amine | Arene | Ether | Haloalkane | Sulfonamide,Nitrile | Sulfide,Arene | Ether | Haloalkane | Sulfonamide,Nitrile=0.0002 | Sulfide=0.0000,Arene=1.0000 | Ether=0.3782 | Haloalkane=0.9994 | Sulfonamide=0.9997
8839,3,3,6,Alkane | Alkene | Amide | Arene | Enamine,Alkane | Amine | Arene | Haloalkane | Sulfide,Alkene | Amide | Enamine,Amine | Haloalkane | Sulfide,Alkene=0.0007 | Amide=0.0146 | Enamine=0.0025,Amine=0.9955 | Haloalkane=0.9611 | Sulfide=0.8725
718875,3,3,6,Alkane | Alkene | Amine | Enamine | Haloalkane,Alkane | Arene | Haloalkane | Ketone | Sulfide,Alkene | Amine | Enamine,Arene | Ketone | Sulfide,Alkene=0.0013 | Amine=0.0127 | Enamine=0.0015,Arene=0.9696 | Ketone=0.9993 | Sulfide=0.7607
362912,5,1,6,Alkane | Alkene | Amide | Amine | Arene | Enamine | Haloalkane | Ketone,Alkane | Alkene | Arene | Ether,Amide | Amine | Enamine | Haloalkane | Ketone,Ether,Amide=0.0047 | Amine=0.0155 | Enamine=0.0163 | Haloalkane=0.1134 | Ketone=0.0000,Ether=0.6071
29423,2,4,6,Alkane | Haloalkane | Ketone,Alkane | Amine | Ester | Ether | Sulfide,Haloalkane | Ketone,Amine | Ester | Ether | Sulfide,Haloalkane=0.0901 | Ketone=0.0004,Amine=0.7364 | Ester=0.9905 | Ether=0.9155 | Sulfide=0.9826
571694,5,1,6,Alkane | Alkene | Amide | Arene | Enamine | Ester | Ether | Haloalkane | Ketone,Alkene | Amide | Arene | Haloalkane | Sulfide,Alkane | Enamine | Ester | Ether | Ketone,Sulfide,Alkane=0.0579 | Enamine=0.3542 | Ester=0.0000 | Ether=0.1176 | Ketone=0.0000,Sulfide=0.6889
759209,5,1,6,Alcohol | Alkane | Alkene | Amine | Arene | Enamine | Enol | Ester | Ether,Alcohol | Alkane | Arene | Ether | Phenol,Alkene | Amine | Enamine | Enol | Ester,Phenol,Alkene=0.0002 | Amine=0.1120 | Enamine=0.0000 | Enol=0.0001 | Ester=0.0019,Phenol=0.9958
515490,6,0,6,Alcohol | Alkane | Alkene | Amide | Arene | Carboxylic acid | Enol | Haloalkane | Ketone | Phenol,Alcohol | Arene | Carboxylic acid | Haloalkane,Alkane | Alkene | Amide | Enol | Ketone | Phenol,,Alkane=0.0517 | Alkene=0.0142 | Amide=0.0081 | Enol=0.0005 | Ketone=0.0000 | Phenol=0.3015,
537229,5,1,6,Alkane | Alkyne | Amide | Amine | Arene | Haloalkane | Hydrazine | Thioamide,Alkane | Amine | Arene | Ether,Alkyne | Amide | Haloalkane | Hydrazine | Thioamide,Ether,Alkyne=0.0000 | Amide=0.0000 | Haloalkane=0.2963 | Hydrazine=0.5698 | Thioamide=0.0000,Ether=0.7617
182683,1,5,6,Alkane | Amine | Arene | Haloalkane,Alkane | Alkene | Alkyne | Amide | Arene | Ether | Haloalkane | Imide,Amine,Alkene | Alkyne | Amide | Ether | Imide,Amine=0.4083,Alkene=0.9856 | Alkyne=0.9908 | Amide=0.9506 | Ether=0.7246 | Imide=0.9932
281973,1,5,6,Alcohol | Arene | Haloalkane,Alcohol | Alkane | Arene | Ester | Ether | Phenol | Sulfide,Haloalkane,Alkane | Ester | Ether | Phenol | Sulfide,Haloalkane=0.2438,Alkane=0.9737 | Ester=0.9667 | Ether=0.9856 | Phenol=0.9995 | Sulfide=1.0000
43584,6,0,6,Alcohol | Alkane | Alkene | Amide | Amine | Arene | Enamine | Ether | Haloalkane | Imide | Sulfide,Alcohol | Alkane | Amine | Arene | Haloalkane,Alkene | Amide | Enamine | Ether | Imide | Sulfide,,Alkene=0.0000 | Amide=0.0131 | Enamine=0.0000 | Ether=0.1604 | Imide=0.0002 | Sulfide=0.0000,
438739,1,5,6,Alkane | Arene | Haloalkane | Nitrile,Alcohol | Alkane | Arene | Ether | Ketone | Nitrile | Phenol | Sulfide,Haloalkane,Alcohol | Ether | Ketone | Phenol | Sulfide,Haloalkane=0.0188,Alcohol=0.7573 | Ether=0.4567 | Ketone=0.9819 | Phenol=0.8600 | Sulfide=0.8108
184627,3,3,6,Alkane | Amine | Ester | Ether | Sulfide,Alkane | Alkene | Amine | Arene | Nitrile,Ester | Ether | Sulfide,Alkene | Arene | Nitrile,Ester=0.0000 | Ether=0.0741 | Sulfide=0.0029,Alkene=0.9672 | Arene=0.8075 | Nitrile=0.9801
485837,4,2,6,Alcohol | Alkane | Amide | Carbamate | Ether | Haloalkane | Imide,Alcohol | Alkane | Ester | Ether | Sulfide,Amide | Carbamate | Haloalkane | Imide,Ester | Sulfide,Amide=0.0000 | Carbamate=0.0000 | Haloalkane=0.3929 | Imide=0.0001,Ester=0.9998 | Sulfide=0.9641
303485,2,4,6,Alkane | Arene | Imine | Sulfide,Alkane | Amide | Arene | Carbamate | Ether | Imide,Imine | Sulfide,Amide | Carbamate | Ether | Imide,Imine=0.0000 | Sulfide=0.0001,Amide=0.8661 | Carbamate=0.9851 | Ether=0.9089 | Imide=0.9209
110651,3,3,6,Alkane | Amide | Arene | Haloalkane | Hydrazone,Alkane | Arene | Ester | Ether | Ketone,Amide | Haloalkane | Hydrazone,Ester | Ether | Ketone,Amide=0.0208 | Haloalkane=0.2874 | Hydrazone=0.0000,Ester=0.9821 | Ether=0.9628 | Ketone=0.9950
633931,3,3,6,Alkane | Alkene | Amide | Amine | Imide | Ketone | Sulfide,Alkane | Alkene | Amine | Arene | Ether | Haloalkane | Sulfide,Amide | Imide | Ketone,Arene | Ether | Haloalkane,Amide=0.2053 | Imide=0.0687 | Ketone=0.0144,Arene=0.3220 | Ether=0.3010 | Haloalkane=0.4126
438872,2,4,6,Alcohol | Alkane | Alkene | Amine | Arene | Carboxylic acid | Haloalkane | Sulfonamide,Alcohol | Alkane | Amide | Amine | Arene | Carboxylic acid | Ether | Ketone | Sulfide | Sulfonamide,Alkene | Haloalkane,Amide | Ether | Ketone | Sulfide,Alkene=0.0008 | Haloalkane=0.1904,Amide=0.9977 | Ether=0.3919 | Ketone=0.9294 | Sulfide=0.9665
165336,3,3,6,Alkane | Alkene | Amine | Arene | Enamine,Alkane | Amide | Arene | Ether | Imide,Alkene | Amine | Enamine,Amide | Ether | Imide,Alkene=0.0109 | Amine=0.1487 | Enamine=0.0000,Amide=0.9977 | Ether=0.5368 | Imide=0.8948
451790,4,2,6,Alkane | Alkene | Amide | Ester | Ether | Sulfide,Alkane | Amine | Haloalkane | Sulfide,Alkene | Amide | Ester | Ether,Amine | Haloalkane,Alkene=0.0000 | Amide=0.0022 | Ester=0.0000 | Ether=0.1709,Amine=0.9989 | Haloalkane=0.4156
510041,3,3,6,Alkane | Amide | Haloalkane | Sulfide,Alkane | Amine | Carbamate | Ether,Amide | Haloalkane | Sulfide,Amine | Carbamate | Ether,Amide=0.0026 | Haloalkane=0.1912 | Sulfide=0.0000,Amine=0.9999 | Carbamate=0.9998 | Ether=0.9838
755321,3,3,6,Alcohol | Alkane | Amine | Sulfide | Thioamide,Alcohol | Alkane | Arene | Haloalkane | Ketone,Amine | Sulfide | Thioamide,Arene | Haloalkane | Ketone,Amine=0.0073 | Sulfide=0.2365 | Thioamide=0.0000,Arene=0.3098 | Haloalkane=0.5117 | Ketone=0.9849
249143,3,3,6,Aldehyde | Alkene | Arene,Alkane | Isothiocyanate | Sulfide,Aldehyde | Alkene | Arene,Alkane | Isothiocyanate | Sulfide,Aldehyde=0.0000 | Alkene=0.0004 | Arene=0.0163,Alkane=0.2316 | Isothiocyanate=0.9818 | Sulfide=0.4870
539628,2,4,6,Alkane | Amide | Hydrazone,Alkane | Carbamate | Ester | Ether | Ketone,Amide | Hydrazone,Carbamate | Ester | Ether | Ketone,Amide=0.0342 | Hydrazone=0.0038,Carbamate=0.8597 | Ester=0.9992 | Ether=0.9989 | Ketone=0.9930
376075,5,1,6,Alkane | Alkene | Amide | Amine | Arene | Enamine | Haloalkane | Sulfide,Alkane | Arene | Ether | Haloalkane,Alkene | Amide | Amine | Enamine | Sulfide,Ether,Alkene=0.0000 | Amide=0.0044 | Amine=0.0767 | Enamine=0.0000 | Sulfide=0.0695,Ether=0.4913
299978,4,2,6,Alkane | Amine | Ether | Hydrazone | Ketone,Alkane | Amide | Haloalkane,Amine | Ether | Hydrazone | Ketone,Amide | Haloalkane,Amine=0.4340 | Ether=0.1770 | Hydrazone=0.0017 | Ketone=0.4111,Amide=0.9937 | Haloalkane=0.9516
711854,6,0,6,Alcohol | Alkane | Alkene | Amine | Arene | Carboxylic acid | Enamine | Ester | Ether | Haloalkane,Alcohol | Amine | Arene | Carboxylic acid,Alkane | Alkene | Enamine | Ester | Ether | Haloalkane,,Alkane=0.0880 | Alkene=0.0396 | Enamine=0.0000 | Ester=0.0000 | Ether=0.1195 | Haloalkane=0.3940,
72993,4,2,6,Alkane | Alkene | Amine | Arene | Enamine | Ester | Ether,Alkane | Alkene | Arene | Haloalkane | Hydrazone,Amine | Enamine | Ester | Ether,Haloalkane | Hydrazone,Amine=0.1829 | Enamine=0.5497 | Ester=0.0123 | Ether=0.1720,Haloalkane=0.7060 | Hydrazone=0.5968
94660,5,1,6,Alkane | Alkene | Amide | Arene | Carbamate | Ether | Imide | Sulfide,Alkane | Alkene | Arene | Haloalkane,Amide | Carbamate | Ether | Imide | Sulfide,Haloalkane,Amide=0.0001 | Carbamate=0.0000 | Ether=0.1574 | Imide=0.0000 | Sulfide=0.1438,Haloalkane=0.8968
479387,3,3,6,Amide | Amine | Arene | Imide,Alcohol | Alkane | Amine | Ether,Amide | Arene | Imide,Alcohol | Alkane | Ether,Amide=0.0204 | Arene=0.1968 | Imide=0.0000,Alcohol=0.7148 | Alkane=0.1798 | Ether=0.3314
628089,3,3,6,Alkene | Amine | Enamine | Haloalkane,Alcohol | Alkane | Arene | Haloalkane,Alkene | Amine | Enamine,Alcohol | Alkane | Arene,Alkene=0.4857 | Amine=0.1787 | Enamine=0.0039,Alcohol=0.9970 | Alkane=0.9028 | Arene=0.3316
249218,2,4,6,Alkane | Haloalkane | Sulfide,Acyl halide | Alkane | Alkene | Ester | Ether,Haloalkane | Sulfide,Acyl halide | Alkene | Ester | Ether,Haloalkane=0.1874 | Sulfide=0.0227,Acyl halide=0.8635 | Alkene=0.9995 | Ester=1.0000 | Ether=1.0000
533254,2,4,6,Alcohol | Alkane | Amine | Carboxylic acid | Ether,Alcohol | Alkane | Amide | Arene | Carboxylic acid | Haloalkane | Sulfide,Amine | Ether,Amide | Arene | Haloalkane | Sulfide,Amine=0.2900 | Ether=0.1293,Amide=0.9723 | Arene=0.6275 | Haloalkane=0.8852 | Sulfide=1.0000
289797,4,2,6,Alkane | Alkene | Arene | Ester | Ether,Alkane | Haloalkane | Ketone,Alkene | Arene | Ester | Ether,Haloalkane | Ketone,Alkene=0.0002 | Arene=0.0056 | Ester=0.0922 | Ether=0.2687,Haloalkane=0.5914 | Ketone=0.6423
17003,3,3,6,Alcohol | Alkane | Arene | Carboxylic acid | Ether | Sulfide | Sulfoxide,Alcohol | Alkane | Amide | Amine | Arene | Carboxylic acid | Haloalkane,Ether | Sulfide | Sulfoxide,Amide | Amine | Haloalkane,Ether=0.1218 | Sulfide=0.0001 | Sulfoxide=0.0000,Amide=0.9509 | Amine=1.0000 | Haloalkane=0.8784
676601,4,2,6,Alkane | Alkene | Amide | Imide | Sulfide,Alkane | Ether | Ketone,Alkene | Amide | Imide | Sulfide,Ether | Ketone,Alkene=0.0000 | Amide=0.0005 | Imide=0.0000 | Sulfide=0.0000,Ether=0.8127 | Ketone=0.9997
113297,3,3,6,Alkane | Amide | Amine | Haloalkane | Hydrazine,Alkane | Amine | Arene | Ketone | Sulfide,Amide | Haloalkane | Hydrazine,Arene | Ketone | Sulfide,Amide=0.5834 | Haloalkane=0.3118 | Hydrazine=0.0000,Arene=0.5165 | Ketone=0.9967 | Sulfide=0.6695
234471,1,5,6,Alkane | Arene | Carbamate | Ester | Ether | Sulfide,Alkane | Amide | Amine | Arene | Enamine | Ester | Ether | Haloalkane | Ketone | Sulfide,Carbamate,Amide | Amine | Enamine | Haloalkane | Ketone,Carbamate=0.0000,Amide=0.8993 | Amine=0.8403 | Enamine=0.8736 | Haloalkane=0.5840 | Ketone=0.9798
367674,3,3,6,Alkane | Alkene | Amide | Arene | Imide | Sulfide,Alkane | Amine | Arene | Ketone | Nitrile | Sulfide,Alkene | Amide | Imide,Amine | Ketone | Nitrile,Alkene=0.5675 | Amide=0.5072 | Imide=0.0001,Amine=1.0000 | Ketone=0.9784 | Nitrile=0.8189
786198,3,3,6,Alcohol | Alkane | Alkene | Ketone,Alkane | Amine | Arene | Sulfide,Alcohol | Alkene | Ketone,Amine | Arene | Sulfide,Alcohol=0.0000 | Alkene=0.0000 | Ketone=0.0383,Amine=0.9678 | Arene=0.7790 | Sulfide=0.9980
100812,1,5,6,Amine | Arene | Haloalkane | Ketone | Sulfonamide,Alcohol | Alkane | Amide | Amine | Arene | Ether | Haloalkane | Sulfide | Sulfonamide,Ketone,Alcohol | Alkane | Amide | Ether | Sulfide,Ketone=0.0000,Alcohol=0.9917 | Alkane=0.9359 | Amide=0.6900 | Ether=0.6864 | Sulfide=0.9596
675182,6,0,6,Alkane | Alkene | Amide | Amine | Arene | Carbamate | Ether | Haloalkane | Hydrazine | Imide | Sulfide,Alkane | Amide | Amine | Arene | Ether,Alkene | Carbamate | Haloalkane | Hydrazine | Imide | Sulfide,,Alkene=0.0000 | Carbamate=0.8030 | Haloalkane=0.1993 | Hydrazine=0.0000 | Imide=0.0000 | Sulfide=0.0642,
501326,3,3,6,Aldehyde | Alkane | Haloalkane | Sulfide,Alkane | Alkene | Ester | Ether,Aldehyde | Haloalkane | Sulfide,Alkene | Ester | Ether,Aldehyde=0.0000 | Haloalkane=0.1363 | Sulfide=0.0005,Alkene=0.9977 | Ester=0.8648 | Ether=0.4364
681802,4,2,6,Alkane | Alkene | Amine | Enamine | Ester | Ether | Sulfide,Alkane | Carbamate | Ester | Ether | Sulfoxide,Alkene | Amine | Enamine | Sulfide,Carbamate | Sulfoxide,Alkene=0.0284 | Amine=0.2619 | Enamine=0.0006 | Sulfide=0.0000,Carbamate=0.9653 | Sulfoxide=0.7154
691925,4,2,6,Alkane | Alkene | Amine | Enamine | Haloalkane | Hydrazine | Sulfide,Alkane | Ester | Ether | Haloalkane | Sulfide,Alkene | Amine | Enamine | Hydrazine,Ester | Ether,Alkene=0.0000 | Amine=0.0044 | Enamine=0.0000 | Hydrazine=0.0000,Ester=1.0000 | Ether=0.9994
412812,4,2,6,Alcohol | Alkane | Alkene | Amide | Arene | Enol,Alcohol | Alkane | Ether | Phenol,Alkene | Amide | Arene | Enol,Ether | Phenol,Alkene=0.0000 | Amide=0.0000 | Arene=0.1433 | Enol=0.0001,Ether=0.5785 | Phenol=0.9998
369289,2,4,6,Alkane | Amide | Amine | Arene | Sulfide,Alcohol | Alkane | Amide | Amine | Carbamate | Ether | Haloalkane,Arene | Sulfide,Alcohol | Carbamate | Ether | Haloalkane,Arene=0.0238 | Sulfide=0.0016,Alcohol=0.9989 | Carbamate=0.9241 | Ether=0.7221 | Haloalkane=0.8895
522630,3,3,6,Alkane | Alkene | Amine | Arene | Enamine | Ketone,Alkane | Amine | Arene | Ester | Ether | Haloalkane,Alkene | Enamine | Ketone,Ester | Ether | Haloalkane,Alkene=0.0000 | Enamine=0.0000 | Ketone=0.0000,Ester=0.9941 | Ether=0.9681 | Haloalkane=0.6680
5519,5,1,6,Alkane | Alkene | Ester | Ether | Ketone | Sulfide,Alkane | Haloalkane,Alkene | Ester | Ether | Ketone | Sulfide,Haloalkane,Alkene=0.0734 | Ester=0.0025 | Ether=0.1807 | Ketone=0.0000 | Sulfide=0.0004,Haloalkane=0.5232
659336,4,2,6,Alkane | Alkene | Amide | Amine | Arene | Enamine | Ester | Ether | Haloalkane | Sulfonamide,Alkane | Alkene | Amide | Arene | Haloalkane | Ketone | Sulfide | Sulfonamide,Amine | Enamine | Ester | Ether,Ketone | Sulfide,Amine=0.2351 | Enamine=0.1270 | Ester=0.1032 | Ether=0.2806,Ketone=0.7546 | Sulfide=0.5866
201136,4,2,6,Alkane | Alkene | Amide | Arene | Carbamate | Ether | Haloalkane | Imide,Alkane | Arene | Ether | Haloalkane | Ketone | Nitrile,Alkene | Amide | Carbamate | Imide,Ketone | Nitrile,Alkene=0.0006 | Amide=0.0000 | Carbamate=0.0001 | Imide=0.0001,Ketone=0.9729 | Nitrile=0.9937
489782,4,2,6,Alkane | Alkene | Amine | Enamine | Ketone,Alkane | Haloalkane | Sulfide,Alkene | Amine | Enamine | Ketone,Haloalkane | Sulfide,Alkene=0.0031 | Amine=0.0058 | Enamine=0.0000 | Ketone=0.0000,Haloalkane=0.8595 | Sulfide=0.3942
156029,4,2,6,Alkane | Alkene | Amine | Arene | Enamine | Sulfide,Alkane | Amine | Ester | Ether,Alkene | Arene | Enamine | Sulfide,Ester | Ether,Alkene=0.4634 | Arene=0.0224 | Enamine=0.0004 | Sulfide=0.0038,Ester=0.7892 | Ether=0.6317
460597,5,1,6,Alkane | Alkene | Amine | Arene | Enamine | Ester | Ether | Haloalkane | Ketone,Alkane | Amide | Amine | Arene | Haloalkane,Alkene | Enamine | Ester | Ether | Ketone,Amide,Alkene=0.0073 | Enamine=0.0587 | Ester=0.0004 | Ether=0.2222 | Ketone=0.0001,Amide=0.9882
221380,3,3,6,Alkane | Alkene | Amide | Amine | Arene | Enamine,Aldehyde | Alkane | Amide | Arene | Ether | Haloalkane,Alkene | Amine | Enamine,Aldehyde | Ether | Haloalkane,Alkene=0.5686 | Amine=0.1278 | Enamine=0.1800,Aldehyde=0.8626 | Ether=0.7471 | Haloalkane=0.4858
139815,3,3,6,Alkane | Ester | Ether | Ketone,Alkane | Arene | Haloalkane | Sulfide,Ester | Ether | Ketone,Arene | Haloalkane | Sulfide,Ester=0.0031 | Ether=0.1188 | Ketone=0.0000,Arene=0.2292 | Haloalkane=0.4772 | Sulfide=0.9613
497070,4,1,5,Alcohol | Alkane | Amide | Arene | Ester | Ether | Haloalkane | Phenol | Sulfide,Alcohol | Alkane | Amine | Arene | Ether | Haloalkane,Amide | Ester | Phenol | Sulfide,Amine,Amide=0.3465 | Ester=0.0000 | Phenol=0.0000 | Sulfide=0.3333,Amine=0.9624
482785,3,2,5,Alkane | Amine | Arene | Ester | Ether | Haloalkane | Sulfide,Alkane | Alkene | Arene | Enamine | Ether | Haloalkane,Amine | Ester | Sulfide,Alkene | Enamine,Amine=0.2393 | Ester=0.1959 | Sulfide=0.0589,Alkene=0.9802 | Enamine=0.9424
402150,2,3,5,Alkane | Alkene | Arene | Haloalkane | Sulfide,Alcohol | Alkane | Amide | Arene | Ether | Haloalkane,Alkene | Sulfide,Alcohol | Amide | Ether,Alkene=0.0000 | Sulfide=0.0105,Alcohol=0.8320 | Amide=0.8282 | Ether=0.9264
38576,4,1,5,Alkane | Alkene | Amine | Arene | Enamine | Haloalkane | Ketone,Alcohol | Alkane | Arene | Haloalkane,Alkene | Amine | Enamine | Ketone,Alcohol,Alkene=0.0001 | Amine=0.4902 | Enamine=0.0001 | Ketone=0.0000,Alcohol=0.7562
755988,4,1,5,Alkane | Alkene | Arene | Ether | Ketone | Sulfide | Sulfone,Aldehyde | Alkane | Arene | Sulfone,Alkene | Ether | Ketone | Sulfide,Aldehyde,Alkene=0.0031 | Ether=0.1091 | Ketone=0.0504 | Sulfide=0.0068,Aldehyde=0.8995
62697,3,2,5,Alkane | Alkene | Amine | Ether | Nitrile,Alkane | Amine | Sulfide | Sulfone,Alkene | Ether | Nitrile,Sulfide | Sulfone,Alkene=0.0000 | Ether=0.0970 | Nitrile=0.1984,Sulfide=0.9992 | Sulfone=0.9661
764392,2,3,5,Amine | Haloalkane | Imine,Alkane | Amine | Ester | Ether,Haloalkane | Imine,Alkane | Ester | Ether,Haloalkane=0.2091 | Imine=0.0000,Alkane=0.8495 | Ester=0.8291 | Ether=0.7181
787831,0,5,5,Alcohol | Alkane | Amide | Arene | Haloalkane,Alcohol | Alkane | Alkene | Amide | Arene | Ester | Ether | Haloalkane | Ketone | Sulfide,,Alkene | Ester | Ether | Ketone | Sulfide,,Alkene=0.9927 | Ester=0.9202 | Ether=0.9986 | Ketone=0.5708 | Sulfide=0.6438
438276,1,4,5,Alkane | Arene | Ketone,Alcohol | Alkane | Amide | Amine | Arene | Phenol,Ketone,Alcohol | Amide | Amine | Phenol,Ketone=0.0124,Alcohol=0.9967 | Amide=0.9907 | Amine=0.9381 | Phenol=0.9988
370671,4,1,5,Alkane | Alkene | Amide | Amine | Arene | Enamine | Haloalkane | Imine | Sulfone,Alkane | Amide | Amine | Arene | Sulfonamide | Sulfone,Alkene | Enamine | Haloalkane | Imine,Sulfonamide,Alkene=0.0000 | Enamine=0.0000 | Haloalkane=0.3321 | Imine=0.0007,Sulfonamide=0.9527
587020,4,1,5,Alkane | Alkene | Amide | Amine | Enamine | Ketone | Sulfide,Alkane | Amide | Arene | Ketone,Alkene | Amine | Enamine | Sulfide,Arene,Alkene=0.0000 | Amine=0.0025 | Enamine=0.0000 | Sulfide=0.0000,Arene=0.6854
316592,4,1,5,Alkane | Alkene | Amine | Enamine | Ketone | Sulfide,Alkane | Haloalkane | Sulfide,Alkene | Amine | Enamine | Ketone,Haloalkane,Alkene=0.0009 | Amine=0.4118 | Enamine=0.0067 | Ketone=0.0000,Haloalkane=0.6876
45148,4,1,5,Alkane | Amide | Amine | Arene | Hydrazine | Sulfide,Alkane | Amide | Ketone,Amine | Arene | Hydrazine | Sulfide,Ketone,Amine=0.0025 | Arene=0.0211 | Hydrazine=0.0000 | Sulfide=0.0009,Ketone=0.9604
643806,5,0,5,Alkane | Amine | Arene | Ester | Ether | Haloalkane | Hydrazine | Sulfide | Thioamide,Alkane | Amine | Ether | Sulfide,Arene | Ester | Haloalkane | Hydrazine | Thioamide,,Arene=0.1148 | Ester=0.0000 | Haloalkane=0.3061 | Hydrazine=0.0002 | Thioamide=0.0182,
439102,1,4,5,Alkane | Amide | Arene,Alcohol | Alkane | Alkene | Amide | Enol | Haloalkane,Arene,Alcohol | Alkene | Enol | Haloalkane,Arene=0.0760,Alcohol=0.7243 | Alkene=1.0000 | Enol=0.9868 | Haloalkane=0.8728
153391,3,2,5,Alcohol | Alkane | Amine | Phenol | Sulfide,Alkane | Amine | Arene | Haloalkane,Alcohol | Phenol | Sulfide,Arene | Haloalkane,Alcohol=0.0000 | Phenol=0.0000 | Sulfide=0.0020,Arene=0.3211 | Haloalkane=0.8109
69206,4,1,5,Aldehyde | Alkane | Arene | Carbamate | Ether | Haloalkane | Sulfide,Alkane | Amine | Arene | Sulfide,Aldehyde | Carbamate | Ether | Haloalkane,Amine,Aldehyde=0.0000 | Carbamate=0.0000 | Ether=0.1577 | Haloalkane=0.2638,Amine=0.9810
370825,1,4,5,Alcohol | Alkane | Alkene | Carboxylic acid,Alcohol | Alkane | Amine | Arene | Carboxylic acid | Haloalkane | Sulfide,Alkene,Amine | Arene | Haloalkane | Sulfide,Alkene=0.1867,Amine=0.9547 | Arene=0.8465 | Haloalkane=0.8352 | Sulfide=0.4260
104979,4,1,5,Alcohol | Alkane | Amine | Carboxylic acid | Ketone | Sulfide | Thioamide,Alcohol | Alkane | Amide | Carboxylic acid,Amine | Ketone | Sulfide | Thioamide,Amide,Amine=0.0039 | Ketone=0.0695 | Sulfide=0.0338 | Thioamide=0.0000,Amide=0.9999
234591,2,3,5,Alkane | Amine | Arene | Hydrazone,Alkane | Alkene | Arene | Ether | Imine,Amine | Hydrazone,Alkene | Ether | Imine,Amine=0.1144 | Hydrazone=0.4346,Alkene=0.9989 | Ether=0.3994 | Imine=0.7737
499278,3,2,5,Alkane | Ester | Ether | Sulfide,Alkane | Amide | Haloalkane,Ester | Ether | Sulfide,Amide | Haloalkane,Ester=0.0772 | Ether=0.2988 | Sulfide=0.0000,Amide=0.7044 | Haloalkane=0.9856
656385,3,2,5,Alcohol | Alkane | Amide | Amine | Arene | Haloalkane | Phenol | Sulfonamide,Alcohol | Alkane | Arene | Ester | Ether | Haloalkane | Phenol,Amide | Amine | Sulfonamide,Ester | Ether,Amide=0.0001 | Amine=0.0053 | Sulfonamide=0.0000,Ester=0.9823 | Ether=0.9990
19906,4,1,5,Alcohol | Alkane | Amine | Arene | Ester | Ether | Haloalkane,Alcohol | Arene | Haloalkane | Phenol,Alkane | Amine | Ester | Ether,Phenol,Alkane=0.0146 | Amine=0.0688 | Ester=0.0000 | Ether=0.0631,Phenol=0.9788
771691,2,3,5,Alcohol | Alkane | Alkene | Enol,Alcohol | Alkane | Arene | Haloalkane | Phenol,Alkene | Enol,Arene | Haloalkane | Phenol,Alkene=0.0000 | Enol=0.0000,Arene=0.3633 | Haloalkane=0.6220 | Phenol=0.9840
611911,2,3,5,Acid anhydride | Alkane | Alkene | Ester | Ether,Alkane | Amide | Ester | Ether | Haloalkane | Sulfide,Acid anhydride | Alkene,Amide | Haloalkane | Sulfide,Acid anhydride=0.0000 | Alkene=0.7516,Amide=0.7805 | Haloalkane=0.6654 | Sulfide=0.8508
698096,3,2,5,Alkane | Alkene | Amide | Amine | Ether | Nitrile,Alcohol | Alkane | Amide | Amine | Arene,Alkene | Ether | Nitrile,Alcohol | Arene,Alkene=0.0000 | Ether=0.1174 | Nitrile=0.0000,Alcohol=0.9796 | Arene=0.6890
469888,2,3,5,Aldehyde | Alkane | Arene | Haloalkane | Sulfide,Alkane | Amide | Amine | Arene | Ether | Haloalkane,Aldehyde | Sulfide,Amide | Amine | Ether,Aldehyde=0.2417 | Sulfide=0.0029,Amide=0.9999 | Amine=0.6636 | Ether=0.3747
58004,3,2,5,Alkane | Alkene | Amine | Arene | Ketone | Sulfonamide,Alkane | Arene | Ether | Haloalkane | Sulfonamide,Alkene | Amine | Ketone,Ether | Haloalkane,Alkene=0.0001 | Amine=0.0890 | Ketone=0.4677,Ether=0.6434 | Haloalkane=0.5974
293184,3,2,5,Alkane | Arene | Ester | Ether | Sulfide,Alkane | Amide | Arene | Haloalkane,Ester | Ether | Sulfide,Amide | Haloalkane,Ester=0.0000 | Ether=0.2657 | Sulfide=0.0013,Amide=0.9994 | Haloalkane=0.6605
520810,1,4,5,Arene | Haloalkane,Alkane | Arene | Ester | Ether | Sulfide,Haloalkane,Alkane | Ester | Ether | Sulfide,Haloalkane=0.2418,Alkane=0.6556 | Ester=1.0000 | Ether=0.9993 | Sulfide=0.7933
213183,3,2,5,Alcohol | Alkane | Amide | Amine | Arene | Haloalkane,Alkane | Amine | Ester | Ether | Haloalkane,Alcohol | Amide | Arene,Ester | Ether,Alcohol=0.0000 | Amide=0.0000 | Arene=0.0634,Ester=0.9802 | Ether=0.9495
440781,3,2,5,Alkane | Amine | Arene | Haloalkane | Ketone | Sulfide,Alkane | Arene | Ester | Ether | Haloalkane,Amine | Ketone | Sulfide,Ester | Ether,Amine=0.1420 | Ketone=0.0000 | Sulfide=0.0000,Ester=0.9984 | Ether=0.9928
357940,3,2,5,Alkane | Alkene | Amide | Amine | Arene | Ester | Ether | Sulfide | Thioamide,Alkane | Amine | Arene | Carbamate | Ester | Ether | Hydrazine | Thioamide,Alkene | Amide | Sulfide,Carbamate | Hydrazine,Alkene=0.0016 | Amide=0.1909 | Sulfide=0.0002,Carbamate=0.9560 | Hydrazine=0.9739
592123,3,2,5,Alcohol | Alkane | Alkene | Arene | Ester | Ether | Ketone | Phenol,Alcohol | Alkane | Amide | Arene | Carbamate | Ether | Phenol,Alkene | Ester | Ketone,Amide | Carbamate,Alkene=0.0000 | Ester=0.0051 | Ketone=0.0267,Amide=0.7855 | Carbamate=0.9964
479570,1,4,5,Alkane | Arene | Ether | Sulfide,Alkane | Amide | Arene | Carbamate | Ether | Imide | Sulfoxide,Sulfide,Amide | Carbamate | Imide | Sulfoxide,Sulfide=0.0261,Amide=0.8219 | Carbamate=0.9795 | Imide=0.9677 | Sulfoxide=0.8739
254913,2,3,5,Alkane | Amide | Haloalkane | Sulfone,Alkane | Amine | Arene | Ether | Haloalkane,Amide | Sulfone,Amine | Arene | Ether,Amide=0.0035 | Sulfone=0.0021,Amine=0.8440 | Arene=0.9325 | Ether=0.4223
549735,1,4,5,Alkane | Amine,Alkane | Amide | Arene | Haloalkane | Ketone,Amine,Amide | Arene | Haloalkane | Ketone,Amine=0.0176,Amide=0.9912 | Arene=0.9999 | Haloalkane=0.9562 | Ketone=0.6004
526356,2,3,5,Alcohol | Alkene | Arene | Carboxylic acid | Haloalkane | Ketone,Alcohol | Alkane | Arene | Carboxylic acid | Ether | Haloalkane | Sulfide,Alkene | Ketone,Alkane | Ether | Sulfide,Alkene=0.0000 | Ketone=0.0000,Alkane=0.1889 | Ether=0.3319 | Sulfide=0.9921
455152,1,4,5,Alkane | Amine | Arene | Ether | Ketone | Sulfonamide,Alkane | Amide | Amine | Arene | Ester | Ether | Haloalkane | Sulfide | Sulfonamide,Ketone,Amide | Ester | Haloalkane | Sulfide,Ketone=0.0005,Amide=0.8705 | Ester=0.9028 | Haloalkane=0.8890 | Sulfide=0.9990
633392,0,5,5,Alkane | Sulfide,Alkane | Alkene | Amine | Arene | Ether | Haloalkane | Sulfide,,Alkene | Amine | Arene | Ether | Haloalkane,,Alkene=0.9994 | Amine=0.7493 | Arene=0.3034 | Ether=0.3078 | Haloalkane=0.5296
498360,3,2,5,Alkane | Amide | Amine | Hydrazine,Alkane | Arene | Haloalkane,Amide | Amine | Hydrazine,Arene | Haloalkane,Amide=0.0000 | Amine=0.0485 | Hydrazine=0.0037,Arene=0.8405 | Haloalkane=0.7693
558470,3,2,5,Alkene | Amine | Arene | Ester | Ether,Alkane | Amine | Arene | Hydrazine,Alkene | Ester | Ether,Alkane | Hydrazine,Alkene=0.0000 | Ester=0.0000 | Ether=0.0511,Alkane=0.1919 | Hydrazine=0.9693
21432,3,2,5,Alcohol | Alkane | Amide | Arene | Haloalkane,Alcohol | Alkane | Amine | Sulfide,Amide | Arene | Haloalkane,Amine | Sulfide,Amide=0.0000 | Arene=0.0062 | Haloalkane=0.0364,Amine=0.9996 | Sulfide=0.7484
633692,4,1,5,Alcohol | Alkane | Amine | Arene | Ether | Haloalkane | Ketone,Alkane | Arene | Ether | Sulfide,Alcohol | Amine | Haloalkane | Ketone,Sulfide,Alcohol=0.0711 | Amine=0.0167 | Haloalkane=0.3609 | Ketone=0.0077,Sulfide=0.5672
452989,2,3,5,Aldehyde | Alkane | Arene | Haloalkane | Sulfide,Alkane | Alkene | Arene | Ester | Ether | Sulfide,Aldehyde | Haloalkane,Alkene | Ester | Ether,Aldehyde=0.2056 | Haloalkane=0.3839,Alkene=0.9983 | Ester=0.9989 | Ether=0.9955
214056,1,4,5,Alkane | Amine | Sulfide,Alkane | Arene | Ester | Ether | Haloalkane | Sulfide,Amine,Arene | Ester | Ether | Haloalkane,Amine=0.1410,Arene=0.3490 | Ester=0.8269 | Ether=0.7960 | Haloalkane=0.7149
438603,2,3,5,Alkane | Amine | Arene,Alcohol | Arene | Haloalkane | Nitrile,Alkane | Amine,Alcohol | Haloalkane | Nitrile,Alkane=0.0083 | Amine=0.0219,Alcohol=0.6984 | Haloalkane=0.9783 | Nitrile=0.7047
327402,2,3,5,Amine | Arene | Ether,Alkane | Amide | Arene | Haloalkane,Amine | Ether,Alkane | Amide | Haloalkane,Amine=0.4775 | Ether=0.2770,Alkane=0.3714 | Amide=0.9997 | Haloalkane=0.9367
310534,3,2,5,Alkane | Arene | Ester | Ether | Sulfide,Alkane | Arene | Haloalkane | Ketone,Ester | Ether | Sulfide,Haloalkane | Ketone,Ester=0.0000 | Ether=0.1726 | Sulfide=0.0002,Haloalkane=0.9057 | Ketone=0.9555
235732,2,3,5,Alkane | Amide | Haloalkane | Ketone,Alkane | Amide | Arene | Ester | Ether,Haloalkane | Ketone,Arene | Ester | Ether,Haloalkane=0.0555 | Ketone=0.0008,Arene=0.5128 | Ester=0.8559 | Ether=0.7183
680154,2,3,5,Alkane | Amide | Amine | Arene | Thioamide,Alkane | Amide | Arene | Carbamate | Ether | Haloalkane,Amine | Thioamide,Carbamate | Ether | Haloalkane,Amine=0.0019 | Thioamide=0.0000,Carbamate=0.8559 | Ether=0.7535 | Haloalkane=0.9075
612207,2,3,5,Alkane | Alkyne | Arene | Ketone,Alkane | Arene | Ester | Ether | Isocyanate,Alkyne | Ketone,Ester | Ether | Isocyanate,Alkyne=0.5318 | Ketone=0.0037,Ester=0.9345 | Ether=0.8465 | Isocyanate=0.9441
99163,4,1,5,Alcohol | Alkane | Alkene | Amide | Arene | Carbamate | Ether | Haloalkane | Sulfide,Alcohol | Alkane | Amide | Amine | Arene | Ether,Alkene | Carbamate | Haloalkane | Sulfide,Amine,Alkene=0.0000 | Carbamate=0.0008 | Haloalkane=0.2198 | Sulfide=0.0000,Amine=0.9035
141887,2,3,5,Alkane | Amide | Arene | Ether | Hydrazone,Alkane | Amine | Arene | Ester | Ether | Thioamide,Amide | Hydrazone,Amine | Ester | Thioamide,Amide=0.0284 | Hydrazone=0.0000,Amine=0.9996 | Ester=0.9958 | Thioamide=0.9999
731132,4,1,5,Alkane | Amide | Arene | Ether | Ketone | Sulfide,Arene | Haloalkane | Sulfide,Alkane | Amide | Ether | Ketone,Haloalkane,Alkane=0.0089 | Amide=0.2328 | Ether=0.1406 | Ketone=0.0000,Haloalkane=0.9609
535473,3,2,5,Alkane | Amide | Amine | Arene | Haloalkane | Hydrazine | Nitrile,Alkane | Amide | Arene | Ether | Haloalkane | Sulfide,Amine | Hydrazine | Nitrile,Ether | Sulfide,Amine=0.1851 | Hydrazine=0.0167 | Nitrile=0.0505,Ether=0.4712 | Sulfide=0.9996
318172,2,3,5,Alcohol | Alkyne | Amine | Arene | Ether | Haloalkane,Alcohol | Alkane | Alkene | Amide | Amine | Arene | Haloalkane,Alkyne | Ether,Alkane | Alkene | Amide,Alkyne=0.0000 | Ether=0.1663,Alkane=0.9432 | Alkene=0.9998 | Amide=0.9999
629203,5,0,5,Alkane | Alkene | Amide | Amine | Enamine,,Alkane | Alkene | Amide | Amine | Enamine,,Alkane=0.0380 | Alkene=0.0000 | Amide=0.0028 | Amine=0.0093 | Enamine=0.0000,
140626,2,3,5,Alkane | Amide | Ester | Ether,Alkane | Alkene | Amide | Haloalkane | Ketone,Ester | Ether,Alkene | Haloalkane | Ketone,Ester=0.0000 | Ether=0.2158,Alkene=0.9879 | Haloalkane=0.6094 | Ketone=0.9566
142843,4,1,5,Alkane | Alkene | Amine | Arene | Enamine | Ester | Ether | Nitrile,Alkane | Amine | Arene | Nitrile | Sulfide,Alkene | Enamine | Ester | Ether,Sulfide,Alkene=0.0113 | Enamine=0.1012 | Ester=0.0000 | Ether=0.1421,Sulfide=0.5287
87962,4,1,5,Aldehyde | Alkane | Alkene | Amide | Arene | Ether,Acyl halide | Alkane | Arene,Aldehyde | Alkene | Amide | Ether,Acyl halide,Aldehyde=0.0004 | Alkene=0.0017 | Amide=0.0000 | Ether=0.2066,Acyl halide=0.6831
729041,3,2,5,Alcohol | Alkane | Alkene | Amine | Arene | Carboxylic acid | Ether | Haloalkane | Sulfonamide,Alcohol | Alkane | Amine | Arene | Carboxylic acid | Sulfide | Sulfonamide | Sulfone,Alkene | Ether | Haloalkane,Sulfide | Sulfone,Alkene=0.0000 | Ether=0.1551 | Haloalkane=0.0749,Sulfide=0.9999 | Sulfone=0.9974
419309,4,1,5,Alkane | Alkene | Amide | Arene | Ester | Ether | Sulfide,Alkane | Amide | Arene | Haloalkane,Alkene | Ester | Ether | Sulfide,Haloalkane,Alkene=0.0000 | Ester=0.0129 | Ether=0.2385 | Sulfide=0.1964,Haloalkane=0.4146
567564,1,4,5,Alcohol | Alkane | Arene | Carboxylic acid,Alcohol | Alkane | Alkene | Amine | Carboxylic acid | Ether | Sulfide,Arene,Alkene | Amine | Ether | Sulfide,Arene=0.0104,Alkene=1.0000 | Amine=0.8032 | Ether=0.5071 | Sulfide=0.9546
245363,3,2,5,Alkane | Alkene | Amine | Arene | Enamine | Haloalkane | Imine,Alkane | Amine | Arene | Haloalkane | Hydrazone | Ketone,Alkene | Enamine | Imine,Hydrazone | Ketone,Alkene=0.0000 | Enamine=0.0000 | Imine=0.0000,Hydrazone=0.7818 | Ketone=0.9837
197474,3,2,5,Alcohol | Alkane | Alkene | Amine | Enamine,Alcohol | Alkane | Arene | Ether,Alkene | Amine | Enamine,Arene | Ether,Alkene=0.0444 | Amine=0.0033 | Enamine=0.0000,Arene=0.5664 | Ether=0.8586
492455,3,2,5,Alcohol | Alkane | Alkene | Amine | Arene | Carboxylic acid | Enamine | Ketone,Alcohol | Alkane | Amine | Arene | Carboxylic acid | Ester | Ether,Alkene | Enamine | Ketone,Ester | Ether,Alkene=0.0000 | Enamine=0.0000 | Ketone=0.0005,Ester=0.9996 | Ether=0.9957
654402,2,3,5,Alcohol | Alkane | Arene | Haloalkane | Sulfonate,Alcohol | Alkane | Arene | Ester | Ether | Phenol,Haloalkane | Sulfonate,Ester | Ether | Phenol,Haloalkane=0.1868 | Sulfonate=0.0000,Ester=0.9859 | Ether=0.9906 | Phenol=0.9045
293868,5,0,5,Alkane | Amide | Amine | Arene | Carbamate | Ether | Haloalkane | Imide | Sulfide,Alkane | Amine | Haloalkane | Sulfide,Amide | Arene | Carbamate | Ether | Imide,,Amide=0.0000 | Arene=0.1036 | Carbamate=0.0000 | Ether=0.1233 | Imide=0.0000,
204079,3,2,5,Alkane | Amine | Ester | Ether,Alkane | Haloalkane | Sulfide,Amine | Ester | Ether,Haloalkane | Sulfide,Amine=0.1757 | Ester=0.0003 | Ether=0.2323,Haloalkane=0.5412 | Sulfide=0.4973
356491,3,2,5,Alkane | Amide | Amine | Hydrazine,Alkane | Ketone | Sulfide,Amide | Amine | Hydrazine,Ketone | Sulfide,Amide=0.0000 | Amine=0.3383 | Hydrazine=0.0000,Ketone=0.8676 | Sulfide=0.9981
182005,2,3,5,Alkane | Ketone | Sulfide,Alkane | Amine | Ether | Haloalkane,Ketone | Sulfide,Amine | Ether | Haloalkane,Ketone=0.0001 | Sulfide=0.0582,Amine=0.7661 | Ether=0.4207 | Haloalkane=0.9129
262003,3,2,5,Alkane | Alkene | Amide | Arene | Haloalkane | Sulfide | Thioamide,Alkane | Amine | Arene | Ether | Haloalkane | Sulfide,Alkene | Amide | Thioamide,Amine | Ether,Alkene=0.0010 | Amide=0.0000 | Thioamide=0.0885,Amine=0.8105 | Ether=0.3452
136989,3,2,5,Amine | Arene | Haloalkane | Nitrile | Sulfide,Alkane | Amine | Arene | Ether,Haloalkane | Nitrile | Sulfide,Alkane | Ether,Haloalkane=0.0988 | Nitrile=0.0000 | Sulfide=0.0000,Alkane=0.2256 | Ether=0.3186
247620,2,3,5,Alkane | Amine | Carbamate | Ether | Hydrazine,Alkane | Amide | Carbamate | Ether | Haloalkane | Imide,Amine | Hydrazine,Amide | Haloalkane | Imide,Amine=0.0245 | Hydrazine=0.1397,Amide=0.9959 | Haloalkane=0.8238 | Imide=0.7856
240490,1,4,5,Arene | Sulfoxide,Alcohol | Arene | Carboxylic acid | Haloalkane | Sulfide,Sulfoxide,Alcohol | Carboxylic acid | Haloalkane | Sulfide,Sulfoxide=0.0000,Alcohol=0.7972 | Carboxylic acid=0.9696 | Haloalkane=0.4801 | Sulfide=1.0000
493769,2,3,5,Alcohol | Alkane | Arene | Carbamate | Carboxylic acid | Ether | Phenol,Alcohol | Amide | Arene | Carboxylic acid | Ether | Haloalkane | Phenol | Sulfide,Alkane | Carbamate,Amide | Haloalkane | Sulfide,Alkane=0.0654 | Carbamate=0.0000,Amide=0.8922 | Haloalkane=0.4171 | Sulfide=0.4511
483788,3,2,5,Amide | Amine | Arene | Ether | Hydrazine | Thioamide,Alkane | Amine | Arene | Haloalkane | Hydrazine,Amide | Ether | Thioamide,Alkane | Haloalkane,Amide=0.2227 | Ether=0.1528 | Thioamide=0.0000,Alkane=0.1395 | Haloalkane=0.4174
118852,4,1,5,Alkane | Alkene | Amine | Enamine | Ester | Ether | Ketone,Alkane | Amide | Ester | Ether,Alkene | Amine | Enamine | Ketone,Amide,Alkene=0.0000 | Amine=0.0099 | Enamine=0.0000 | Ketone=0.5063,Amide=0.9983
473923,2,3,5,Alcohol | Alkene | Alkyne | Arene | Ketone,Alkane | Alkene | Arene | Ester | Ether | Ketone,Alcohol | Alkyne,Alkane | Ester | Ether,Alcohol=0.0000 | Alkyne=0.0000,Alkane=0.9346 | Ester=0.9997 | Ether=0.9976
79464,2,3,5,Aldehyde | Arene | Haloalkane | Sulfide,Alkane | Alkene | Arene | Haloalkane | Ketone,Aldehyde | Sulfide,Alkane | Alkene | Ketone,Aldehyde=0.0000 | Sulfide=0.1118,Alkane=0.4669 | Alkene=0.9483 | Ketone=0.9980
707879,1,4,5,Arene | Sulfide,Alkane | Alkene | Amine | Arene | Sulfonamide,Sulfide,Alkane | Alkene | Amine | Sulfonamide,Sulfide=0.0000,Alkane=0.8163 | Alkene=0.9805 | Amine=0.9991 | Sulfonamide=0.8168
32999,1,4,5,Alkane | Ketone,Acyl halide | Alkane | Alkene | Ether | Haloalkane,Ketone,Acyl halide | Alkene | Ether | Haloalkane,Ketone=0.3483,Acyl halide=0.9964 | Alkene=0.9995 | Ether=0.7536 | Haloalkane=0.5105
6689,3,2,5,Alcohol | Alkane | Amine | Arene | Ketone | Sulfide,Alcohol | Alkane | Arene | Ether | Haloalkane,Amine | Ketone | Sulfide,Ether | Haloalkane,Amine=0.1615 | Ketone=0.0000 | Sulfide=0.0181,Ether=0.3461 | Haloalkane=0.4766
459596,3,2,5,Alcohol | Alkane | Alkene | Amide | Arene | Carboxylic acid | Hydrazine | Phenol,Alcohol | Alkene | Arene | Carboxylic acid | Haloalkane | Phenol | Sulfide,Alkane | Amide | Hydrazine,Haloalkane | Sulfide,Alkane=0.0740 | Amide=0.0003 | Hydrazine=0.0000,Haloalkane=0.5284 | Sulfide=0.9172
337377,2,3,5,Alkane | Amide | Amine | Arene | Haloalkane | Hydrazine,Alkane | Amide | Arene | Ester | Ether | Haloalkane | Sulfide,Amine | Hydrazine,Ester | Ether | Sulfide,Amine=0.0275 | Hydrazine=0.0015,Ester=0.9980 | Ether=0.9983 | Sulfide=0.9940
122965,4,1,5,Alkane | Alkene | Amine | Arene | Enamine | Ester | Ether | Haloalkane | Ketone,Alkane | Amine | Arene | Ester | Ether | Sulfide,Alkene | Enamine | Haloalkane | Ketone,Sulfide,Alkene=0.0083 | Enamine=0.4147 | Haloalkane=0.3526 | Ketone=0.1816,Sulfide=0.7426
526088,3,2,5,Alkane | Arene | Ester | Ether | Sulfide,Alkane | Alkene | Arene | Ketone,Ester | Ether | Sulfide,Alkene | Ketone,Ester=0.0000 | Ether=0.1116 | Sulfide=0.0001,Alkene=1.0000 | Ketone=0.9999
261897,3,2,5,Alkane | Amine | Arene | Haloalkane | Ketone | Sulfide | Thioamide,Alkane | Amide | Amine | Arene | Ether | Haloalkane,Ketone | Sulfide | Thioamide,Amide | Ether,Ketone=0.0013 | Sulfide=0.0000 | Thioamide=0.0083,Amide=0.8725 | Ether=0.9401
177184,3,2,5,Alcohol | Alkane | Amine | Arene | Ether | Haloalkane | Phenol,Alcohol | Alkane | Amide | Arene | Imide | Phenol,Amine | Ether | Haloalkane,Amide | Imide,Amine=0.1012 | Ether=0.0827 | Haloalkane=0.0254,Amide=0.9995 | Imide=0.9996
759666,3,2,5,Alkane | Arene | Ester | Ether,Alkane | Amine | Haloalkane,Arene | Ester | Ether,Amine | Haloalkane,Arene=0.1487 | Ester=0.0005 | Ether=0.1009,Amine=0.9994 | Haloalkane=0.6479
2838,0,5,5,Alkane | Amine,Alcohol | Alkane | Amide | Amine | Arene | Haloalkane | Sulfide,,Alcohol | Amide | Arene | Haloalkane | Sulfide,,Alcohol=0.7698 | Amide=0.8872 | Arene=0.9999 | Haloalkane=0.9867 | Sulfide=0.9984
789233,2,3,5,Alcohol | Alkane | Amine | Sulfide,Alkane | Alkene | Alkyne | Amine | Haloalkane,Alcohol | Sulfide,Alkene | Alkyne | Haloalkane,Alcohol=0.0000 | Sulfide=0.2378,Alkene=0.9996 | Alkyne=0.9999 | Haloalkane=0.8762
156973,3,2,5,Alkane | Amine | Haloalkane | Sulfonamide,Alkane | Amide | Sulfonate,Amine | Haloalkane | Sulfonamide,Amide | Sulfonate,Amine=0.0493 | Haloalkane=0.0106 | Sulfonamide=0.0000,Amide=0.8496 | Sulfonate=0.9427
629715,3,2,5,Alcohol | Alkane | Alkene | Amide | Amine | Carboxylic acid | Enamine | Ketone,Alcohol | Alkane | Alkene | Carboxylic acid | Ester | Ether | Ketone,Amide | Amine | Enamine,Ester | Ether,Amide=0.0011 | Amine=0.1146 | Enamine=0.0000,Ester=0.9988 | Ether=0.9957
534963,3,2,5,Alkane | Amine | Arene | Carbamate | Ether | Haloalkane | Hydrazine,Alkane | Arene | Carbamate | Ester | Ether | Ketone,Amine | Haloalkane | Hydrazine,Ester | Ketone,Amine=0.0605 | Haloalkane=0.1063 | Hydrazine=0.1659,Ester=0.9651 | Ketone=0.6794
309573,1,4,5,Alkane | Amine | Arene | Sulfide,Alkane | Alkene | Amine | Arene | Enamine | Haloalkane | Ketone,Sulfide,Alkene | Enamine | Haloalkane | Ketone,Sulfide=0.0176,Alkene=0.9862 | Enamine=0.9030 | Haloalkane=0.6127 | Ketone=0.7558
678009,2,3,5,Alkane | Amide | Haloalkane,Alkane | Amine | Carbamate | Ether,Amide | Haloalkane,Amine | Carbamate | Ether,Amide=0.0048 | Haloalkane=0.1107,Amine=0.8262 | Carbamate=0.9252 | Ether=0.5830
405645,2,3,5,Alkane | Amide | Amine | Arene | Ketone,Acyl halide | Alkane | Amide | Arene | Ether | Haloalkane,Amine | Ketone,Acyl halide | Ether | Haloalkane,Amine=0.0277 | Ketone=0.0076,Acyl halide=0.9167 | Ether=0.6938 | Haloalkane=0.6968
281045,1,4,5,Alkane | Alkene | Haloalkane | Isothiocyanate,Alkane | Alkene | Arene | Ester | Ether | Isothiocyanate | Sulfide,Haloalkane,Arene | Ester | Ether | Sulfide,Haloalkane=0.1340,Arene=0.6949 | Ester=0.9109 | Ether=0.7696 | Sulfide=0.5556
547605,4,1,5,Alkane | Alkene | Amine | Arene | Enamine | Haloalkane | Ketone,Alkane | Arene | Ether | Haloalkane,Alkene | Amine | Enamine | Ketone,Ether,Alkene=0.0000 | Amine=0.0603 | Enamine=0.0000 | Ketone=0.0000,Ether=0.5182
325905,1,4,5,Alkane | Amide | Arene | Sulfide,Alkane | Amine | Arene | Carbamate | Ether | Ketone | Sulfide,Amide,Amine | Carbamate | Ether | Ketone,Amide=0.3238,Amine=0.9524 | Carbamate=0.8868 | Ether=0.4760 | Ketone=0.9824
235828,1,4,5,Alcohol | Alkane | Amide | Amine | Arene | Ether | Phenol,Alcohol | Alkane | Alkene | Amine | Arene | Enamine | Enol | Ether | Haloalkane | Phenol,Amide,Alkene | Enamine | Enol | Haloalkane,Amide=0.0000,Alkene=0.9415 | Enamine=0.9817 | Enol=0.9865 | Haloalkane=0.9392
17346,3,2,5,Alkane | Alkene | Amine | Arene | Ester | Ether | Haloalkane | Sulfonamide,Alkane | Amide | Amine | Arene | Haloalkane | Sulfide | Sulfonamide,Alkene | Ester | Ether,Amide | Sulfide,Alkene=0.8069 | Ester=0.0012 | Ether=0.1862,Amide=0.7751 | Sulfide=0.9964
337739,4,1,5,Alkane | Alkene | Amide | Arene | Enamine | Haloalkane | Imine,Alkane | Arene | Ether | Haloalkane,Alkene | Amide | Enamine | Imine,Ether,Alkene=0.0000 | Amide=0.0235 | Enamine=0.0000 | Imine=0.0000,Ether=0.3048
102004,3,2,5,Alkane | Alkene | Amide | Arene | Enamine,Alkane | Arene | Ether | Sulfide,Alkene | Amide | Enamine,Ether | Sulfide,Alkene=0.0000 | Amide=0.0000 | Enamine=0.0000,Ether=0.4786 | Sulfide=1.0000
300854,3,2,5,Alkane | Arene | Ether | Haloalkane | Nitrile,Aldehyde | Alkane | Haloalkane | Sulfide,Arene | Ether | Nitrile,Aldehyde | Sulfide,Arene=0.0078 | Ether=0.1644 | Nitrile=0.0146,Aldehyde=0.9307 | Sulfide=0.9450
475030,1,4,5,Alkane | Amine | Arene,Alkane | Alkene | Amide | Arene | Ether | Sulfide,Amine,Alkene | Amide | Ether | Sulfide,Amine=0.2716,Alkene=0.9903 | Amide=0.9919 | Ether=0.3281 | Sulfide=0.9571
314003,3,2,5,Alkane | Alkene | Amine | Arene | Enamine | Haloalkane | Ketone,Alkane | Amine | Arene | Ether | Haloalkane | Sulfide,Alkene | Enamine | Ketone,Ether | Sulfide,Alkene=0.0693 | Enamine=0.0022 | Ketone=0.0556,Ether=0.4440 | Sulfide=0.3549
113269,3,2,5,Alkane | Alkene | Amide | Amine | Carbamate | Enamine | Ether | Imide,Alkane | Amide | Amine | Carbamate | Ether | Haloalkane | Sulfide,Alkene | Enamine | Imide,Haloalkane | Sulfide,Alkene=0.0002 | Enamine=0.0076 | Imide=0.1476,Haloalkane=0.6609 | Sulfide=0.6930
569785,1,4,5,Alkane | Amine,Alkane | Amide | Arene | Ether | Haloalkane,Amine,Amide | Arene | Ether | Haloalkane,Amine=0.5378,Amide=0.9956 | Arene=0.3795 | Ether=0.3008 | Haloalkane=0.8088
409993,3,2,5,Alkane | Arene | Ester | Ether | Imine,Acyl halide | Alkane | Arene | Haloalkane,Ester | Ether | Imine,Acyl halide | Haloalkane,Ester=0.0456 | Ether=0.2028 | Imine=0.0212,Acyl halide=0.9974 | Haloalkane=0.6916
561417,3,2,5,Alkane | Amide | Amine | Arene | Sulfide | Thioamide,Alkane | Amide | Arene | Ether | Haloalkane,Amine | Sulfide | Thioamide,Ether | Haloalkane,Amine=0.1632 | Sulfide=0.0000 | Thioamide=0.0000,Ether=0.4793 | Haloalkane=0.9612
479823,1,4,5,Alcohol | Alkane | Ether,Alcohol | Alkane | Alkene | Alkyne | Arene | Haloalkane,Ether,Alkene | Alkyne | Arene | Haloalkane,Ether=0.2202,Alkene=0.8909 | Alkyne=0.9866 | Arene=0.8988 | Haloalkane=0.5280
650579,3,2,5,Alkane | Amine | Arene | Ether | Haloalkane | Nitrile | Sulfide | Thioamide,Alkane | Amide | Arene | Ester | Ether | Nitrile | Sulfide,Amine | Haloalkane | Thioamide,Amide | Ester,Amine=0.0232 | Haloalkane=0.2708 | Thioamide=0.0378,Amide=0.9634 | Ester=0.9905
492580,2,3,5,Alcohol | Alkane | Amine | Arene | Carboxylic acid | Hydrazone | Phenol,Alcohol | Alkane | Arene | Carboxylic acid | Ether | Haloalkane | Nitrile | Phenol,Amine | Hydrazone,Ether | Haloalkane | Nitrile,Amine=0.0050 | Hydrazone=0.0000,Ether=0.3853 | Haloalkane=0.4812 | Nitrile=0.8392
745642,3,2,5,Alkane | Amine | Arene | Ether | Sulfide,Alkane | Carbamate | Ether | Haloalkane,Amine | Arene | Sulfide,Carbamate | Haloalkane,Amine=0.3964 | Arene=0.0165 | Sulfide=0.0123,Carbamate=0.9988 | Haloalkane=0.6386
161296,2,3,5,Alcohol | Alkane | Amine | Arene | Haloalkane | Phenol,Alcohol | Alkane | Alkene | Amide | Arene | Ketone | Phenol,Amine | Haloalkane,Alkene | Amide | Ketone,Amine=0.0354 | Haloalkane=0.0479,Alkene=0.9667 | Amide=0.8127 | Ketone=0.6955
354910,5,0,5,Alkane | Amine | Arene | Ester | Ether | Haloalkane | Sulfide | Sulfonamide,Alkane | Amine | Ether,Arene | Ester | Haloalkane | Sulfide | Sulfonamide,,Arene=0.0314 | Ester=0.0821 | Haloalkane=0.2745 | Sulfide=0.0000 | Sulfonamide=0.5484,
212691,3,2,5,Alkane | Amide | Amine | Arene | Haloalkane | Nitrile,Alkane | Amine | Arene | Ester | Ether,Amide | Haloalkane | Nitrile,Ester | Ether,Amide=0.4331 | Haloalkane=0.3372 | Nitrile=0.0000,Ester=0.9080 | Ether=0.9349
740134,3,2,5,Alkane | Alkene | Amide | Amine | Enamine | Ester | Ether,Alkane | Amine | Arene | Ester | Ether | Sulfide,Alkene | Amide | Enamine,Arene | Sulfide,Alkene=0.0040 | Amide=0.0000 | Enamine=0.0389,Arene=0.2035 | Sulfide=0.5250
588609,2,3,5,Aldehyde | Alkane | Amide | Arene | Sulfide,Alkane | Alkene | Amide | Arene | Haloalkane | Imide,Aldehyde | Sulfide,Alkene | Haloalkane | Imide,Aldehyde=0.0001 | Sulfide=0.0024,Alkene=0.9535 | Haloalkane=0.6970 | Imide=0.9950
734004,5,0,5,Alcohol | Alkane | Alkene | Amide | Amine | Carboxylic acid | Enamine | Sulfide | Thioamide,Alcohol | Alkane | Amide | Carboxylic acid,Alkene | Amine | Enamine | Sulfide | Thioamide,,Alkene=0.0002 | Amine=0.0368 | Enamine=0.0059 | Sulfide=0.0001 | Thioamide=0.0000,
516695,3,2,5,Alkane | Alkene | Amide | Arene | Enamine | Ether | Sulfone,Alkane | Arene | Ether | Haloalkane | Sulfide | Sulfone,Alkene | Amide | Enamine,Haloalkane | Sulfide,Alkene=0.0000 | Amide=0.0046 | Enamine=0.0000,Haloalkane=0.5071 | Sulfide=0.9729
60770,3,2,5,Alkane | Amide | Amine | Arene | Ether | Haloalkane | Nitrile,Alkane | Arene | Ester | Ether | Nitrile | Sulfide,Amide | Amine | Haloalkane,Ester | Sulfide,Amide=0.0000 | Amine=0.0530 | Haloalkane=0.2760,Ester=1.0000 | Sulfide=0.4277
529458,2,3,5,Aldehyde | Alkane | Amine | Haloalkane,Alkane | Arene | Ether | Haloalkane | Ketone,Aldehyde | Amine,Arene | Ether | Ketone,Aldehyde=0.0000 | Amine=0.0571,Arene=0.3765 | Ether=0.3197 | Ketone=0.7651
211626,3,2,5,Alcohol | Alkane | Amine | Arene | Ketone | Phenol | Sulfonamide,Alcohol | Alkane | Arene | Ester | Ether | Phenol,Amine | Ketone | Sulfonamide,Ester | Ether,Amine=0.3098 | Ketone=0.0603 | Sulfonamide=0.0053,Ester=0.9969 | Ether=0.9746
312649,1,4,5,Amine,Alkane | Amide | Arene | Haloalkane,Amine,Alkane | Amide | Arene | Haloalkane,Amine=0.1364,Alkane=0.3764 | Amide=0.9520 | Arene=0.9971 | Haloalkane=0.9697
110921,3,2,5,Alcohol | Alkane | Arene | Carbamate | Ether | Phenol | Sulfonamide,Alcohol | Alkane | Arene | Ketone | Phenol | Sulfide,Carbamate | Ether | Sulfonamide,Ketone | Sulfide,Carbamate=0.0000 | Ether=0.2727 | Sulfonamide=0.0000,Ketone=0.9276 | Sulfide=0.9896
151489,3,2,5,Alkane | Amide | Arene | Carbamate | Ether | Haloalkane | Sulfide,Alkane | Amine | Arene | Ester | Ether | Haloalkane,Amide | Carbamate | Sulfide,Amine | Ester,Amide=0.0331 | Carbamate=0.0000 | Sulfide=0.0012,Amine=0.9637 | Ester=1.0000
690203,4,1,5,Alkane | Alkene | Amide | Arene | Carbamate | Ether | Imide | Sulfide,Alkane | Amide | Amine | Arene | Ether,Alkene | Carbamate | Imide | Sulfide,Amine,Alkene=0.0000 | Carbamate=0.0000 | Imide=0.0000 | Sulfide=0.0290,Amine=0.8117
623583,1,4,5,Alkane | Amide | Amine,Alkane | Amide | Arene | Haloalkane | Imide | Sulfide,Amine,Arene | Haloalkane | Imide | Sulfide,Amine=0.5308,Arene=0.8521 | Haloalkane=0.5377 | Imide=0.8959 | Sulfide=0.9761
615638,2,3,5,Aldehyde | Alkane | Amine | Arene | Haloalkane,Alkane | Amine | Ester | Ether | Haloalkane | Sulfone,Aldehyde | Arene,Ester | Ether | Sulfone,Aldehyde=0.0046 | Arene=0.1974,Ester=0.7776 | Ether=0.5143 | Sulfone=0.9641
367321,1,4,5,Alkane | Amide | Haloalkane,Alkane | Amide | Amine | Carbamate | Ether | Sulfide,Haloalkane,Amine | Carbamate | Ether | Sulfide,Haloalkane=0.2929,Amine=0.9999 | Carbamate=0.8506 | Ether=0.8226 | Sulfide=0.9964
104626,1,4,5,Alkane | Ether | Haloalkane | Ketone,Alkane | Amine | Arene | Ester | Ether | Haloalkane | Sulfide,Ketone,Amine | Arene | Ester | Sulfide,Ketone=0.0068,Amine=0.9664 | Arene=0.8364 | Ester=0.9808 | Sulfide=0.9997
288286,2,3,5,Alkane | Amide | Haloalkane,Alkane | Amine | Carbamate | Ether,Amide | Haloalkane,Amine | Carbamate | Ether,Amide=0.0115 | Haloalkane=0.0996,Amine=1.0000 | Carbamate=0.9998 | Ether=0.8695
59628,3,2,5,Alcohol | Alkane | Amide | Amine | Arene | Haloalkane | Ketone,Alcohol | Alkane | Arene | Ester | Ether | Haloalkane,Amide | Amine | Ketone,Ester | Ether,Amide=0.1865 | Amine=0.1680 | Ketone=0.0000,Ester=0.9967 | Ether=0.9975
538626,2,3,5,Alkane | Alkene | Amide | Arene | Ether | Haloalkane,Alkane | Amine | Arene | Ether | Haloalkane | Hydrazine | Sulfide,Alkene | Amide,Amine | Hydrazine | Sulfide,Alkene=0.7858 | Amide=0.5769,Amine=1.0000 | Hydrazine=0.8059 | Sulfide=0.5510
317683,3,2,5,Alcohol | Alkane | Alkene | Amide | Amine | Arene | Enol,Alcohol | Alkene | Amide | Arene | Haloalkane | Phenol,Alkane | Amine | Enol,Haloalkane | Phenol,Alkane=0.0219 | Amine=0.0123 | Enol=0.8318,Haloalkane=0.7349 | Phenol=0.9864
206518,5,0,5,Alkane | Alkene | Amide | Amine | Arene | Enamine | Haloalkane | Hydrazone | Thioamide,Alkane | Amide | Arene | Haloalkane,Alkene | Amine | Enamine | Hydrazone | Thioamide,,Alkene=0.0000 | Amine=0.0361 | Enamine=0.0000 | Hydrazone=0.0000 | Thioamide=0.0000,
690193,2,3,5,Alkane | Amine | Arene | Ether | Haloalkane | Sulfide,Alkane | Alkene | Amide | Amine | Arene | Enamine | Haloalkane,Ether | Sulfide,Alkene | Amide | Enamine,Ether=0.2356 | Sulfide=0.0001,Alkene=0.9968 | Amide=0.9680 | Enamine=0.6433
734558,4,1,5,Alcohol | Alkane | Amine | Arene | Ether | Haloalkane,Alkene | Arene | Haloalkane,Alcohol | Alkane | Amine | Ether,Alkene,Alcohol=0.2859 | Alkane=0.0217 | Amine=0.1823 | Ether=0.0909,Alkene=0.9716
459405,3,2,5,Alkane | Amine | Arene | Carbamate | Ester | Ether,Alkane | Amide | Carbamate | Ether | Sulfide,Amine | Arene | Ester,Amide | Sulfide,Amine=0.0041 | Arene=0.1339 | Ester=0.0367,Amide=0.9912 | Sulfide=0.8997
132215,4,1,5,Alcohol | Alkane | Amine | Arene | Haloalkane | Sulfide | Sulfonate,Alcohol | Alkane | Amine | Ether,Arene | Haloalkane | Sulfide | Sulfonate,Ether,Arene=0.0190 | Haloalkane=0.1361 | Sulfide=0.0528 | Sulfonate=0.0135,Ether=0.3543
514909,2,3,5,Alcohol | Alkane | Amine | Arene | Ether,Alcohol | Alkane | Amide | Arene | Haloalkane | Sulfide,Amine | Ether,Amide | Haloalkane | Sulfide,Amine=0.2111 | Ether=0.2504,Amide=0.9952 | Haloalkane=0.9081 | Sulfide=0.9824
184099,2,3,5,Alkane | Amine | Arene | Ester | Ether | Sulfone,Acyl halide | Alkane | Arene | Ether | Haloalkane | Ketone | Sulfone,Amine | Ester,Acyl halide | Haloalkane | Ketone,Amine=0.0268 | Ester=0.0831,Acyl halide=0.6835 | Haloalkane=0.7547 | Ketone=0.9930
2460,1,4,5,Alcohol | Alkane | Arene | Carboxylic acid | Ether | Sulfone,Alcohol | Alkane | Alkene | Amide | Amine | Arene | Carboxylic acid | Sulfide | Sulfone,Ether,Alkene | Amide | Amine | Sulfide,Ether=0.2923,Alkene=0.9205 | Amide=0.9826 | Amine=0.9986 | Sulfide=0.6593
534841,2,3,5,Acyl halide | Alkene | Arene | Haloalkane | Ketone,Acyl halide | Alkane | Arene | Ester | Ether | Haloalkane,Alkene | Ketone,Alkane | Ester | Ether,Alkene=0.7114 | Ketone=0.3478,Alkane=0.6297 | Ester=0.9977 | Ether=0.9951
668874,4,1,5,Alcohol | Alkane | Alkene | Arene | Carboxylic acid | Ether | Ketone | Phenol,Alcohol | Arene | Carboxylic acid | Haloalkane | Phenol,Alkane | Alkene | Ether | Ketone,Haloalkane,Alkane=0.0647 | Alkene=0.0000 | Ether=0.1364 | Ketone=0.0023,Haloalkane=0.8383
719284,4,1,5,Alkane | Amine | Ester | Ether | Haloalkane | Sulfonamide,Alkane | Amine | Sulfide,Ester | Ether | Haloalkane | Sulfonamide,Sulfide,Ester=0.0602 | Ether=0.2290 | Haloalkane=0.1427 | Sulfonamide=0.0014,Sulfide=1.0000
728600,3,2,5,Alcohol | Alkane | Amide | Arene | Phenol | Sulfide,Alcohol | Alkane | Arene | Ether | Haloalkane,Amide | Phenol | Sulfide,Ether | Haloalkane,Amide=0.0000 | Phenol=0.3002 | Sulfide=0.0043,Ether=0.4610 | Haloalkane=0.6079
